#FORMAT=WebAnno TSV 3.3
#T_SP=webanno.custom.Animacy|Animated
#T_SP=webanno.custom.CustomChunk|Chunk


#Text=Herr Kollege, es wird Ihnen ja nicht entgangen sein, dass ich wenige Tage vor dem Petersburger Gipfel ein ausführliches bilaterales Gespräch mit dem russischen Präsidenten in Sotschi geführt habe – zu allen anstehenden Fragen, im Übrigen in enger Abstimmung mit dem französischen Präsidenten. Wir haben sowohl zum Iran-Abkommen als auch zu den Fragen der Ukraine und zu den Fragen der Zölle eine sehr einheitliche Meinung – nicht nur mit Frankreich, sondern an dieser Stelle auch mit Japan. Uns liegt sehr an engen strategischen Beziehungen zu Japan. Deshalb gibt es hierbei ein hohes Maß an Gemeinsamkeit.
1-1	0-4	Herr	_	_	
1-2	5-12	Kollege	Animated	B	
1-3	12-13	,	_	_	
1-4	14-16	es	_	B	
1-5	17-21	wird	_	_	
1-6	22-27	Ihnen	_	B	
1-7	28-30	ja	_	_	
1-8	31-36	nicht	_	_	
1-9	37-46	entgangen	_	_	
1-10	47-51	sein	_	_	
1-11	51-52	,	_	_	
1-12	53-57	dass	_	_	
1-13	58-61	ich	Animated	B	
1-14	62-68	wenige	_	B	
1-15	69-73	Tage	_	I	
1-16	74-77	vor	_	_	
1-17	78-81	dem	_	B	
1-18	82-94	Petersburger	_	I	
1-19	95-101	Gipfel	_	I	
1-20	102-105	ein	_	B	
1-21	106-119	ausführliches	_	I	
1-22	120-131	bilaterales	_	I	
1-23	132-140	Gespräch	_	I	
1-24	141-144	mit	_	_	
1-25	145-148	dem	Animated[1]	B	
1-26	149-159	russischen	Animated[1]	I	
1-27	160-171	Präsidenten	Animated[1]	I	
1-28	172-174	in	_	_	
1-29	175-182	Sotschi	_	B	
1-30	183-190	geführt	_	_	
1-31	191-195	habe	_	_	
1-32	196-197	–	_	_	
1-33	198-200	zu	_	_	
1-34	201-206	allen	_	B	
1-35	207-218	anstehenden	_	I	
1-36	219-225	Fragen	_	I	
1-37	225-226	,	_	_	
1-38	227-229	im	_	_	
1-39	230-237	Übrigen	_	B	
1-40	238-240	in	_	_	
1-41	241-246	enger	_	B	
1-42	247-257	Abstimmung	_	I	
1-43	258-261	mit	_	_	
1-44	262-265	dem	Animated[2]	B	
1-45	266-279	französischen	Animated[2]	I	
1-46	280-291	Präsidenten	Animated[2]	I	
1-47	291-292	.	_	_	
1-48	293-296	Wir	Animated	B	
1-49	297-302	haben	_	_	
1-50	303-309	sowohl	_	_	
1-51	310-313	zum	_	_	
1-52	314-327	Iran-Abkommen	_	B	
1-53	328-331	als	_	_	
1-54	332-336	auch	_	_	
1-55	337-339	zu	_	_	
1-56	340-343	den	_	B	
1-57	344-350	Fragen	_	I	
1-58	351-354	der	Animated[3]	B	
1-59	355-362	Ukraine	Animated[3]	I	
1-60	363-366	und	_	_	
1-61	367-369	zu	_	_	
1-62	370-373	den	_	B	
1-63	374-380	Fragen	_	I	
1-64	381-384	der	Animated[4]	B	
1-65	385-390	Zölle	Animated[4]	I	
1-66	391-395	eine	_	B	
1-67	396-400	sehr	_	I	
1-68	401-413	einheitliche	_	I	
1-69	414-421	Meinung	_	I	
1-70	422-423	–	_	_	
1-71	424-429	nicht	_	_	
1-72	430-433	nur	_	_	
1-73	434-437	mit	_	_	
1-74	438-448	Frankreich	Animated	B	
1-75	448-449	,	_	_	
1-76	450-457	sondern	_	_	
1-77	458-460	an	_	_	
1-78	461-467	dieser	_	B	
1-79	468-474	Stelle	_	I	
1-80	475-479	auch	_	_	
1-81	480-483	mit	_	_	
1-82	484-489	Japan	Animated	B	
1-83	489-490	.	_	_	
1-84	491-494	Uns	_	B	
1-85	495-500	liegt	_	_	
1-86	501-505	sehr	_	_	
1-87	506-508	an	_	_	
1-88	509-514	engen	_	B	
1-89	515-528	strategischen	_	I	
1-90	529-540	Beziehungen	_	I	
1-91	541-543	zu	_	_	
1-92	544-549	Japan	Animated	B	
1-93	549-550	.	_	_	
1-94	551-558	Deshalb	_	_	
1-95	559-563	gibt	_	_	
1-96	564-566	es	_	_	
1-97	567-574	hierbei	_	_	
1-98	575-578	ein	_	B	
1-99	579-584	hohes	_	I	
1-100	585-588	Maß	_	I	
1-101	589-591	an	_	_	
1-102	592-605	Gemeinsamkeit	_	B	
1-103	605-606	.	_	_	

#Text=Ich bin für Gespräche mit Russland, allerdings auch mit Blick auf die Differenzen, die wir haben. Diese werden beim Wort genommen; aber Dialog ist immer wichtig. Deshalb habe ich dieses Gespräch geführt, und deshalb bereiten wir uns gerade mit Frankreich immer gemeinsam auf solche Begegnungen vor.
2-1	615-618	Ich	Animated	B	
2-2	619-622	bin	_	_	
2-3	623-626	für	_	_	
2-4	627-636	Gespräche	_	B	
2-5	637-640	mit	_	_	
2-6	641-649	Russland	Animated	B	
2-7	649-650	,	_	_	
2-8	651-661	allerdings	_	_	
2-9	662-666	auch	_	_	
2-10	667-670	mit	_	_	
2-11	671-676	Blick	_	B	
2-12	677-680	auf	_	_	
2-13	681-684	die	_	B	
2-14	685-696	Differenzen	_	I	
2-15	696-697	,	_	_	
2-16	698-701	die	_	B	
2-17	702-705	wir	Animated	B	
2-18	706-711	haben	_	_	
2-19	711-712	.	_	_	
2-20	713-718	Diese	_	B	
2-21	719-725	werden	_	_	
2-22	726-730	beim	_	_	
2-23	731-735	Wort	_	B	
2-24	736-744	genommen	_	_	
2-25	744-745	;	_	_	
2-26	746-750	aber	_	_	
2-27	751-757	Dialog	_	B	
2-28	758-761	ist	_	_	
2-29	762-767	immer	_	_	
2-30	768-775	wichtig	_	_	
2-31	775-776	.	_	_	
2-32	777-784	Deshalb	_	_	
2-33	785-789	habe	_	_	
2-34	790-793	ich	Animated	B	
2-35	794-800	dieses	_	B	
2-36	801-809	Gespräch	_	I	
2-37	810-817	geführt	_	_	
2-38	817-818	,	_	_	
2-39	819-822	und	_	_	
2-40	823-830	deshalb	_	_	
2-41	831-839	bereiten	_	_	
2-42	840-843	wir	Animated	B	
2-43	844-847	uns	_	B	
2-44	848-854	gerade	_	_	
2-45	855-858	mit	_	_	
2-46	859-869	Frankreich	Animated	B	
2-47	870-875	immer	_	_	
2-48	876-885	gemeinsam	_	_	
2-49	886-889	auf	_	_	
2-50	890-896	solche	_	B	
2-51	897-908	Begegnungen	_	I	
2-52	909-912	vor	_	_	
2-53	912-913	.	_	_	

#Text=Danke. – Die nächste Frage hat der Kollege Achim Post, SPD.
3-1	921-926	Danke	_	_	
3-2	926-927	.	_	_	
3-3	928-929	–	_	_	
3-4	930-933	Die	_	B	
3-5	934-941	nächste	_	I	
3-6	942-947	Frage	_	I	
3-7	948-951	hat	_	_	
3-8	952-955	der	Animated[5]	B	
3-9	956-963	Kollege	Animated[5]	I	
3-10	964-969	Achim	Animated[5]	I	
3-11	970-974	Post	Animated[5]	I	
3-12	974-975	,	_	_	
3-13	976-979	SPD	Animated	B	
3-14	979-980	.	_	_	
