#FORMAT=WebAnno TSV 3.3
#T_SP=webanno.custom.Animacy|Animated
#T_SP=webanno.custom.CustomChunk|Chunk


#Text=Sehr geehrter Herr Präsident! Liebe Kolleginnen und Kollegen! Ich möchte mit einem außergewöhnlichen Lob für den Abgeordneten Gehrke beginnen, weil das die erste Rede der AfD war, in der das Wort „Flüchtling“ nicht vorkam und in der der Flüchtling nicht für alles verantwortlich gemacht wurde.
1-1	0-4	Sehr	Animated[1]	B	
1-2	5-13	geehrter	Animated[1]	I	
1-3	14-18	Herr	Animated[1]	I	
1-4	19-28	Präsident	Animated[1]	I	
1-5	28-29	!	_	_	
1-6	30-35	Liebe	_	B	
1-7	36-47	Kolleginnen	_	_	
1-8	48-51	und	_	_	
1-9	52-60	Kollegen	Animated	B	
1-10	60-61	!	_	_	
1-11	62-65	Ich	Animated	B	
1-12	66-72	möchte	_	_	
1-13	73-76	mit	_	_	
1-14	77-82	einem	_	B	
1-15	83-100	außergewöhnlichen	_	I	
1-16	101-104	Lob	_	I	
1-17	105-108	für	_	_	
1-18	109-112	den	Animated[2]	B	
1-19	113-125	Abgeordneten	Animated[2]	I	
1-20	126-132	Gehrke	Animated[2]	I	
1-21	133-141	beginnen	_	_	
1-22	141-142	,	_	_	
1-23	143-147	weil	_	_	
1-24	148-151	das	_	B	
1-25	152-155	die	_	B	
1-26	156-161	erste	_	I	
1-27	162-166	Rede	_	I	
1-28	167-170	der	Animated[3]	B	
1-29	171-174	AfD	Animated[3]	I	
1-30	175-178	war	_	_	
1-31	178-179	,	_	_	
1-32	180-182	in	_	_	
1-33	183-186	der	_	B	
1-34	187-190	das	Animated[4]	B	
1-35	191-195	Wort	Animated[4]	I	
1-36	196-197	„	Animated[4]	I	
1-37	197-207	Flüchtling	Animated[4]	I	
1-38	207-208	“	_	_	
1-39	209-214	nicht	_	_	
1-40	215-221	vorkam	_	_	
1-41	222-225	und	_	_	
1-42	226-228	in	_	_	
1-43	229-232	der	_	B	
1-44	233-236	der	Animated[5]	B	
1-45	237-247	Flüchtling	Animated[5]	I	
1-46	248-253	nicht	_	_	
1-47	254-257	für	_	_	
1-48	258-263	alles	_	B	
1-49	264-278	verantwortlich	_	_	
1-50	279-286	gemacht	_	_	
1-51	287-292	wurde	_	_	
1-52	292-293	.	_	_	

#Text=Lieber Herr Theurer, es hat mich gepfupfert, dass Sie in Ihrer Rede Minister Spahn beim Thema Digitalisierung angehen. Ich bin seit 16 Jahren im Deutschen Bundestag und habe 4 Jahre FDP-Minister miterlebt. Ich kann mich an Diskussionen und Debatten mit Jens Spahn erinnern, in denen wir Herrn Rösler und Herrn Bahr bekniet haben, mehr beim Thema Digitalisierung zu machen. Einmal ging es um 50 Cent für einen elektronischen Entlassbrief. Selbst dazu war man nicht bereit.
2-1	301-307	Lieber	Animated[6]	B	
2-2	308-312	Herr	Animated[6]	I	
2-3	313-320	Theurer	Animated[6]	I	
2-4	320-321	,	_	_	
2-5	322-324	es	_	B	
2-6	325-328	hat	_	_	
2-7	329-333	mich	_	B	
2-8	334-344	gepfupfert	_	_	
2-9	344-345	,	_	_	
2-10	346-350	dass	_	_	
2-11	351-354	Sie	_	B	
2-12	355-357	in	_	_	
2-13	358-363	Ihrer	_	B	
2-14	364-368	Rede	_	I	
2-15	369-377	Minister	Animated[7]	B	
2-16	378-383	Spahn	Animated[7]	I	
2-17	384-388	beim	_	_	
2-18	389-394	Thema	_	B	
2-19	395-410	Digitalisierung	_	I	
2-20	411-418	angehen	_	_	
2-21	418-419	.	_	_	
2-22	420-423	Ich	Animated	B	
2-23	424-427	bin	_	_	
2-24	428-432	seit	_	_	
2-25	433-435	16	_	B	
2-26	436-442	Jahren	_	I	
2-27	443-445	im	_	_	
2-28	446-455	Deutschen	Animated[8]	B	
2-29	456-465	Bundestag	Animated[8]	I	
2-30	466-469	und	_	_	
2-31	470-474	habe	_	_	
2-32	475-476	4	Animated[9]	B	
2-33	477-482	Jahre	Animated[9]	I	
2-34	483-495	FDP-Minister	Animated[9]	I	
2-35	496-505	miterlebt	_	_	
2-36	505-506	.	_	_	
2-37	507-510	Ich	Animated	B	
2-38	511-515	kann	_	_	
2-39	516-520	mich	_	B	
2-40	521-523	an	_	_	
2-41	524-536	Diskussionen	_	B	
2-42	537-540	und	_	_	
2-43	541-549	Debatten	_	B	
2-44	550-553	mit	_	_	
2-45	554-558	Jens	Animated[10]	B	
2-46	559-564	Spahn	Animated[10]	I	
2-47	565-573	erinnern	_	_	
2-48	573-574	,	_	_	
2-49	575-577	in	_	_	
2-50	578-583	denen	_	B	
2-51	584-587	wir	Animated	B	
2-52	588-593	Herrn	_	_	
2-53	594-600	Rösler	Animated	B	
2-54	601-604	und	_	_	
2-55	605-610	Herrn	Animated[11]	B	
2-56	611-615	Bahr	Animated[11]	I	
2-57	616-623	bekniet	_	I	
2-58	624-629	haben	_	_	
2-59	629-630	,	_	_	
2-60	631-635	mehr	_	B	
2-61	636-640	beim	_	_	
2-62	641-646	Thema	_	B	
2-63	647-662	Digitalisierung	_	I	
2-64	663-665	zu	_	_	
2-65	666-672	machen	_	_	
2-66	672-673	.	_	_	
2-67	674-680	Einmal	_	_	
2-68	681-685	ging	_	_	
2-69	686-688	es	_	_	
2-70	689-691	um	_	_	
2-71	692-694	50	_	B	
2-72	695-699	Cent	_	I	
2-73	700-703	für	_	_	
2-74	704-709	einen	_	B	
2-75	710-724	elektronischen	_	I	
2-76	725-737	Entlassbrief	_	I	
2-77	737-738	.	_	_	
2-78	739-745	Selbst	_	_	
2-79	746-750	dazu	_	_	
2-80	751-754	war	_	_	
2-81	755-758	man	Animated	B	
2-82	759-764	nicht	_	_	
2-83	765-771	bereit	_	_	
2-84	771-772	.	_	_	

#Text=Deswegen ist es, glaube ich, nicht angebracht, dass Sie uns dafür verantwortlich machen. Sie hätten wunderbare Dinge auf den Weg bringen können.
3-1	782-790	Deswegen	_	_	
3-2	791-794	ist	_	_	
3-3	795-797	es	_	B	
3-4	797-798	,	_	_	
3-5	799-805	glaube	_	_	
3-6	806-809	ich	Animated	B	
3-7	809-810	,	_	_	
3-8	811-816	nicht	_	_	
3-9	817-827	angebracht	_	_	
3-10	827-828	,	_	_	
3-11	829-833	dass	_	_	
3-12	834-837	Sie	_	B	
3-13	838-841	uns	_	B	
3-14	842-847	dafür	_	_	
3-15	848-862	verantwortlich	_	_	
3-16	863-869	machen	_	_	
3-17	869-870	.	_	_	
3-18	871-874	Sie	_	B	
3-19	875-881	hätten	_	_	
3-20	882-892	wunderbare	_	B	
3-21	893-898	Dinge	_	I	
3-22	899-902	auf	_	_	
3-23	903-906	den	_	B	
3-24	907-910	Weg	_	I	
3-25	911-918	bringen	_	_	
3-26	919-925	können	_	_	
3-27	925-926	.	_	_	

#Text=Was von 4 Jahren FDP an der Spitze des Gesundheitsministeriums übrig bleibt, ist die Abschaffung der Praxisgebühr. Das ist der größte Sündenfall in 16 Jahren Gesundheitspolitik. Demgegenüber wäre Eigenverantwortung wichtig gewesen.
4-1	932-935	Was	_	B	
4-2	936-939	von	_	_	
4-3	940-941	4	Animated[12]	B	
4-4	942-948	Jahren	Animated[12]	I	
4-5	949-952	FDP	Animated[12]	I	
4-6	953-955	an	_	_	
4-7	956-959	der	_	B	
4-8	960-966	Spitze	_	I	
4-9	967-970	des	Animated[13]	B	
4-10	971-994	Gesundheitsministeriums	Animated[13]	I	
4-11	995-1000	übrig	_	_	
4-12	1001-1007	bleibt	_	_	
4-13	1007-1008	,	_	_	
4-14	1009-1012	ist	_	_	
4-15	1013-1016	die	_	B	
4-16	1017-1028	Abschaffung	_	I	
4-17	1029-1032	der	_	B	
4-18	1033-1045	Praxisgebühr	_	I	
4-19	1045-1046	.	_	_	
4-20	1047-1050	Das	_	B	
4-21	1051-1054	ist	_	_	
4-22	1055-1058	der	_	B	
4-23	1059-1065	größte	_	I	
4-24	1066-1076	Sündenfall	_	I	
4-25	1077-1079	in	_	_	
4-26	1080-1082	16	_	B	
4-27	1083-1089	Jahren	_	I	
4-28	1090-1108	Gesundheitspolitik	_	I	
4-29	1108-1109	.	_	_	
4-30	1110-1122	Demgegenüber	_	_	
4-31	1123-1127	wäre	_	_	
4-32	1128-1146	Eigenverantwortung	_	B	
4-33	1147-1154	wichtig	_	_	
4-34	1155-1162	gewesen	_	_	
4-35	1162-1163	.	_	_	

#Text=– Dazu habe ich andere Informationen.
5-1	1168-1169	–	_	_	
5-2	1170-1174	Dazu	_	_	
5-3	1175-1179	habe	_	_	
5-4	1180-1183	ich	Animated	B	
5-5	1184-1190	andere	_	B	
5-6	1191-1204	Informationen	_	I	
5-7	1204-1205	.	_	_	

#Text=Meine sehr verehrten Damen und Herren, wir reden heute über den Einzelplan Gesundheit mit einem Gesamtvolumen in Höhe von 15,2 Milliarden Euro. Lieber Herr Gehrke, Sie kritisieren, dass es nur eine Erhöhung von 41 Millionen Euro gab. Ich glaube, es ist ein ganz wichtiger Punkt, deutlich zu machen, dass das ein Zeichen von Stabilität ist. Wenn man die zurückliegenden Jahre betrachtet und sieht, wie schwierig es bei der Finanzierung der gesetzlichen Krankenversicherung war, dann ist es, glaube ich, gut, zu wissen, dass wir in diesen Bereich Kontinuität hineingebracht haben und dass wir den Steuerzuschuss in Höhe von 14,5 Milliarden Euro unverändert lassen.
6-1	1207-1212	Meine	Animated[14]	B	
6-2	1213-1217	sehr	Animated[14]	I	
6-3	1218-1227	verehrten	Animated[14]	I	
6-4	1228-1233	Damen	Animated[14]	I	
6-5	1234-1237	und	_	_	
6-6	1238-1244	Herren	Animated	B	
6-7	1244-1245	,	_	_	
6-8	1246-1249	wir	Animated	B	
6-9	1250-1255	reden	_	_	
6-10	1256-1261	heute	_	_	
6-11	1262-1266	über	_	_	
6-12	1267-1270	den	_	B	
6-13	1271-1281	Einzelplan	_	I	
6-14	1282-1292	Gesundheit	_	B	
6-15	1293-1296	mit	_	_	
6-16	1297-1302	einem	_	B	
6-17	1303-1316	Gesamtvolumen	_	I	
6-18	1317-1319	in	_	_	
6-19	1320-1324	Höhe	_	B	
6-20	1325-1328	von	_	_	
6-21	1329-1333	15,2	_	B	
6-22	1334-1344	Milliarden	_	I	
6-23	1345-1349	Euro	_	I	
6-24	1349-1350	.	_	_	
6-25	1351-1357	Lieber	Animated[15]	B	
6-26	1358-1362	Herr	Animated[15]	I	
6-27	1363-1369	Gehrke	Animated[15]	I	
6-28	1369-1370	,	_	_	
6-29	1371-1374	Sie	_	B	
6-30	1375-1386	kritisieren	_	_	
6-31	1386-1387	,	_	_	
6-32	1388-1392	dass	_	_	
6-33	1393-1395	es	_	_	
6-34	1396-1399	nur	_	B	
6-35	1400-1404	eine	_	I	
6-36	1405-1413	Erhöhung	_	I	
6-37	1414-1417	von	_	_	
6-38	1418-1420	41	_	B	
6-39	1421-1430	Millionen	_	I	
6-40	1431-1435	Euro	_	I	
6-41	1436-1439	gab	_	_	
6-42	1439-1440	.	_	_	
6-43	1441-1444	Ich	Animated	B	
6-44	1445-1451	glaube	_	_	
6-45	1451-1452	,	_	_	
6-46	1453-1455	es	_	B	
6-47	1456-1459	ist	_	_	
6-48	1460-1463	ein	_	B	
6-49	1464-1468	ganz	_	I	
6-50	1469-1478	wichtiger	_	I	
6-51	1479-1484	Punkt	_	I	
6-52	1484-1485	,	_	_	
6-53	1486-1494	deutlich	_	_	
6-54	1495-1497	zu	_	_	
6-55	1498-1504	machen	_	_	
6-56	1504-1505	,	_	_	
6-57	1506-1510	dass	_	_	
6-58	1511-1514	das	_	B	
6-59	1515-1518	ein	_	B	
6-60	1519-1526	Zeichen	_	I	
6-61	1527-1530	von	_	_	
6-62	1531-1541	Stabilität	_	B	
6-63	1542-1545	ist	_	_	
6-64	1545-1546	.	_	_	
6-65	1547-1551	Wenn	_	_	
6-66	1552-1555	man	Animated	B	
6-67	1556-1559	die	_	B	
6-68	1560-1575	zurückliegenden	_	I	
6-69	1576-1581	Jahre	_	I	
6-70	1582-1592	betrachtet	_	_	
6-71	1593-1596	und	_	_	
6-72	1597-1602	sieht	_	_	
6-73	1602-1603	,	_	_	
6-74	1604-1607	wie	_	_	
6-75	1608-1617	schwierig	_	_	
6-76	1618-1620	es	_	_	
6-77	1621-1624	bei	_	_	
6-78	1625-1628	der	_	B	
6-79	1629-1641	Finanzierung	_	I	
6-80	1642-1645	der	_	B	
6-81	1646-1658	gesetzlichen	_	I	
6-82	1659-1678	Krankenversicherung	_	I	
6-83	1679-1682	war	_	_	
6-84	1682-1683	,	_	_	
6-85	1684-1688	dann	_	_	
6-86	1689-1692	ist	_	_	
6-87	1693-1695	es	_	B	
6-88	1695-1696	,	_	_	
6-89	1697-1703	glaube	_	_	
6-90	1704-1707	ich	Animated	B	
6-91	1707-1708	,	_	_	
6-92	1709-1712	gut	_	_	
6-93	1712-1713	,	_	_	
6-94	1714-1716	zu	_	_	
6-95	1717-1723	wissen	_	_	
6-96	1723-1724	,	_	_	
6-97	1725-1729	dass	_	_	
6-98	1730-1733	wir	Animated	B	
6-99	1734-1736	in	_	_	
6-100	1737-1743	diesen	_	B	
6-101	1744-1751	Bereich	_	I	
6-102	1752-1763	Kontinuität	_	B	
6-103	1764-1778	hineingebracht	_	_	
6-104	1779-1784	haben	_	_	
6-105	1785-1788	und	_	_	
6-106	1789-1793	dass	_	_	
6-107	1794-1797	wir	Animated	B	
6-108	1798-1801	den	_	B	
6-109	1802-1816	Steuerzuschuss	_	I	
6-110	1817-1819	in	_	_	
6-111	1820-1824	Höhe	_	B	
6-112	1825-1828	von	_	_	
6-113	1829-1833	14,5	_	B	
6-114	1834-1844	Milliarden	_	I	
6-115	1845-1849	Euro	_	I	
6-116	1850-1861	unverändert	_	_	
6-117	1862-1868	lassen	_	_	
6-118	1868-1869	.	_	_	

#Text=Das ist in doppelter Hinsicht ein gutes Zeichen.
7-1	1886-1889	Das	_	B	
7-2	1890-1893	ist	_	_	
7-3	1894-1896	in	_	_	
7-4	1897-1906	doppelter	_	B	
7-5	1907-1915	Hinsicht	_	I	
7-6	1916-1919	ein	_	B	
7-7	1920-1925	gutes	_	I	
7-8	1926-1933	Zeichen	_	I	
7-9	1933-1934	.	_	_	

#Text=Herr Kollege, gestatten Sie eine Zwischenfrage?
8-1	1936-1940	Herr	_	_	
8-2	1941-1948	Kollege	Animated	B	
8-3	1948-1949	,	_	_	
8-4	1950-1959	gestatten	_	_	
8-5	1960-1963	Sie	_	B	
8-6	1964-1968	eine	_	B	
8-7	1969-1982	Zwischenfrage	_	I	
8-8	1982-1983	?	_	_	

#Text=Nein. – Zum einen ist es ein klares Bekenntnis dazu, dass versicherungsfremde Leistungen weiterhin als gesamtgesellschaftliche Aufgabe betrachtet werden, und zum anderen zeigt es das hohe Maß an Stabilität im System. Im Gesundheitsfonds haben wir Rücklagen in Höhe von 9 Milliarden Euro. Bei den gesetzlichen Krankenkassen haben wir Rücklagen in Höhe von 20 Milliarden Euro. Das versetzt uns in die Lage, uns um Leistungsverbesserungen kümmern zu können.
9-1	1986-1990	Nein	_	_	
9-2	1990-1991	.	_	_	
9-3	1992-1993	–	_	_	
9-4	1994-1997	Zum	_	_	
9-5	1998-2003	einen	_	B	
9-6	2004-2007	ist	_	_	
9-7	2008-2010	es	_	B	
9-8	2011-2014	ein	_	B	
9-9	2015-2021	klares	_	I	
9-10	2022-2032	Bekenntnis	_	I	
9-11	2033-2037	dazu	_	_	
9-12	2037-2038	,	_	_	
9-13	2039-2043	dass	_	_	
9-14	2044-2063	versicherungsfremde	_	B	
9-15	2064-2074	Leistungen	_	I	
9-16	2075-2084	weiterhin	_	_	
9-17	2085-2088	als	_	_	
9-18	2089-2112	gesamtgesellschaftliche	_	B	
9-19	2113-2120	Aufgabe	_	I	
9-20	2121-2131	betrachtet	_	_	
9-21	2132-2138	werden	_	_	
9-22	2138-2139	,	_	_	
9-23	2140-2143	und	_	_	
9-24	2144-2147	zum	_	_	
9-25	2148-2155	anderen	_	B	
9-26	2156-2161	zeigt	_	_	
9-27	2162-2164	es	_	_	
9-28	2165-2168	das	_	B	
9-29	2169-2173	hohe	_	I	
9-30	2174-2177	Maß	_	I	
9-31	2178-2180	an	_	_	
9-32	2181-2191	Stabilität	_	B	
9-33	2192-2194	im	_	_	
9-34	2195-2201	System	_	B	
9-35	2201-2202	.	_	_	
9-36	2203-2205	Im	_	_	
9-37	2206-2222	Gesundheitsfonds	_	B	
9-38	2223-2228	haben	_	_	
9-39	2229-2232	wir	Animated	B	
9-40	2233-2242	Rücklagen	_	B	
9-41	2243-2245	in	_	_	
9-42	2246-2250	Höhe	_	B	
9-43	2251-2254	von	_	_	
9-44	2255-2256	9	_	B	
9-45	2257-2267	Milliarden	_	I	
9-46	2268-2272	Euro	_	I	
9-47	2272-2273	.	_	_	
9-48	2274-2277	Bei	_	_	
9-49	2278-2281	den	Animated[16]	B	
9-50	2282-2294	gesetzlichen	Animated[16]	I	
9-51	2295-2308	Krankenkassen	Animated[16]	I	
9-52	2309-2314	haben	_	_	
9-53	2315-2318	wir	_	B	
9-54	2319-2328	Rücklagen	_	B	
9-55	2329-2331	in	_	_	
9-56	2332-2336	Höhe	_	B	
9-57	2337-2340	von	_	_	
9-58	2341-2343	20	_	B	
9-59	2344-2354	Milliarden	_	I	
9-60	2355-2359	Euro	_	I	
9-61	2359-2360	.	_	_	
9-62	2361-2364	Das	_	B	
9-63	2365-2373	versetzt	_	_	
9-64	2374-2377	uns	_	B	
9-65	2378-2380	in	_	_	
9-66	2381-2384	die	_	B	
9-67	2385-2389	Lage	_	I	
9-68	2389-2390	,	_	_	
9-69	2391-2394	uns	_	B	
9-70	2395-2397	um	_	_	
9-71	2398-2421	Leistungsverbesserungen	_	B	
9-72	2422-2429	kümmern	_	_	
9-73	2430-2432	zu	_	_	
9-74	2433-2439	können	_	_	
9-75	2439-2440	.	_	_	

#Text=In dieser Legislaturperiode sollten die Themen „Pflege“ und „Pflegeberufe“ im Mittelpunkt stehen. In der letzten Legislaturperiode haben wir den Akzent auf das Thema Leistungsverbesserung gelegt. In dieser Legislaturperiode müssen wir uns aber in erster Linie um die Pflegeberufe kümmern. Es war ein gutes und wichtiges Zeichen, dass Herr Westerfellhaus einen Aufschlag in dieser Diskussion gemacht hat. Ich glaube, es ist ein gutes Zeichen in dieser Legislaturperiode, lieber Jens Spahn, dass man Vorschläge machen kann, dass man diese Arbeit konstruktiv-kritisch begleitet. Dafür ein herzliches Dankeschön.
10-1	2449-2451	In	_	_	
10-2	2452-2458	dieser	_	B	
10-3	2459-2476	Legislaturperiode	_	I	
10-4	2477-2484	sollten	_	_	
10-5	2485-2488	die	_	B	
10-6	2489-2495	Themen	_	I	
10-7	2496-2497	„	_	I	
10-8	2497-2503	Pflege	_	I	
10-9	2503-2504	“	_	_	
10-10	2505-2508	und	_	_	
10-11	2509-2510	„	_	B	
10-12	2510-2522	Pflegeberufe	_	I	
10-13	2522-2523	“	_	_	
10-14	2524-2526	im	_	_	
10-15	2527-2538	Mittelpunkt	_	B	
10-16	2539-2545	stehen	_	_	
10-17	2545-2546	.	_	_	
10-18	2547-2549	In	_	_	
10-19	2550-2553	der	_	B	
10-20	2554-2561	letzten	_	I	
10-21	2562-2579	Legislaturperiode	_	I	
10-22	2580-2585	haben	_	_	
10-23	2586-2589	wir	Animated	B	
10-24	2590-2593	den	_	B	
10-25	2594-2600	Akzent	_	I	
10-26	2601-2604	auf	_	_	
10-27	2605-2608	das	_	B	
10-28	2609-2614	Thema	_	I	
10-29	2615-2636	Leistungsverbesserung	_	I	
10-30	2637-2643	gelegt	_	_	
10-31	2643-2644	.	_	_	
10-32	2645-2647	In	_	_	
10-33	2648-2654	dieser	_	B	
10-34	2655-2672	Legislaturperiode	_	I	
10-35	2673-2679	müssen	_	_	
10-36	2680-2683	wir	Animated	B	
10-37	2684-2687	uns	_	B	
10-38	2688-2692	aber	_	_	
10-39	2693-2695	in	_	_	
10-40	2696-2702	erster	_	B	
10-41	2703-2708	Linie	_	I	
10-42	2709-2711	um	_	_	
10-43	2712-2715	die	_	B	
10-44	2716-2728	Pflegeberufe	_	I	
10-45	2729-2736	kümmern	_	_	
10-46	2736-2737	.	_	_	
10-47	2738-2740	Es	_	B	
10-48	2741-2744	war	_	_	
10-49	2745-2748	ein	_	B	
10-50	2749-2754	gutes	_	I	
10-51	2755-2758	und	_	I	
10-52	2759-2768	wichtiges	_	I	
10-53	2769-2776	Zeichen	_	I	
10-54	2776-2777	,	_	_	
10-55	2778-2782	dass	_	_	
10-56	2783-2787	Herr	Animated[17]	B	
10-57	2788-2802	Westerfellhaus	Animated[17]	I	
10-58	2803-2808	einen	_	B	
10-59	2809-2818	Aufschlag	_	I	
10-60	2819-2821	in	_	_	
10-61	2822-2828	dieser	_	B	
10-62	2829-2839	Diskussion	_	I	
10-63	2840-2847	gemacht	_	_	
10-64	2848-2851	hat	_	_	
10-65	2851-2852	.	_	_	
10-66	2853-2856	Ich	Animated	B	
10-67	2857-2863	glaube	_	_	
10-68	2863-2864	,	_	_	
10-69	2865-2867	es	_	B	
10-70	2868-2871	ist	_	_	
10-71	2872-2875	ein	_	B	
10-72	2876-2881	gutes	_	I	
10-73	2882-2889	Zeichen	_	I	
10-74	2890-2892	in	_	_	
10-75	2893-2899	dieser	_	B	
10-76	2900-2917	Legislaturperiode	_	I	
10-77	2917-2918	,	_	_	
10-78	2919-2925	lieber	Animated[18]	B	
10-79	2926-2930	Jens	Animated[18]	I	
10-80	2931-2936	Spahn	Animated[18]	I	
10-81	2936-2937	,	_	_	
10-82	2938-2942	dass	_	_	
10-83	2943-2946	man	Animated	B	
10-84	2947-2957	Vorschläge	_	B	
10-85	2958-2964	machen	_	_	
10-86	2965-2969	kann	_	_	
10-87	2969-2970	,	_	_	
10-88	2971-2975	dass	_	_	
10-89	2976-2979	man	Animated	B	
10-90	2980-2985	diese	_	B	
10-91	2986-2992	Arbeit	_	I	
10-92	2993-3013	konstruktiv-kritisch	_	_	
10-93	3014-3023	begleitet	_	_	
10-94	3023-3024	.	_	_	
10-95	3025-3030	Dafür	_	B	
10-96	3031-3034	ein	_	I	
10-97	3035-3045	herzliches	_	I	
10-98	3046-3056	Dankeschön	_	I	
10-99	3056-3057	.	_	_	

#Text=In Bezug auf den Vorschlag von Herrn Westerfellhaus hat sich die Debatte an der Frage der Prämien entzündet. Ich gebe ganz offen zu, dass ich das nicht für ein kluges und gutes Instrument halte, weil es ein schlechtes Signal an diejenigen ist, die über Jahre in der Pflege arbeiten.
11-1	3073-3075	In	_	_	
11-2	3076-3081	Bezug	_	B	
11-3	3082-3085	auf	_	_	
11-4	3086-3089	den	_	B	
11-5	3090-3099	Vorschlag	_	I	
11-6	3100-3103	von	_	_	
11-7	3104-3109	Herrn	Animated[19]	B	
11-8	3110-3124	Westerfellhaus	Animated[19]	I	
11-9	3125-3128	hat	_	_	
11-10	3129-3133	sich	_	B	
11-11	3134-3137	die	_	B	
11-12	3138-3145	Debatte	_	I	
11-13	3146-3148	an	_	_	
11-14	3149-3152	der	_	B	
11-15	3153-3158	Frage	_	I	
11-16	3159-3162	der	_	B	
11-17	3163-3170	Prämien	_	I	
11-18	3171-3180	entzündet	_	_	
11-19	3180-3181	.	_	_	
11-20	3182-3185	Ich	Animated	B	
11-21	3186-3190	gebe	_	_	
11-22	3191-3195	ganz	_	_	
11-23	3196-3201	offen	_	_	
11-24	3202-3204	zu	_	_	
11-25	3204-3205	,	_	_	
11-26	3206-3210	dass	_	_	
11-27	3211-3214	ich	Animated	B	
11-28	3215-3218	das	_	B	
11-29	3219-3224	nicht	_	B	
11-30	3225-3228	für	_	I	
11-31	3229-3232	ein	_	I	
11-32	3233-3239	kluges	_	I	
11-33	3240-3243	und	_	I	
11-34	3244-3249	gutes	_	I	
11-35	3250-3260	Instrument	_	I	
11-36	3261-3266	halte	_	_	
11-37	3266-3267	,	_	_	
11-38	3268-3272	weil	_	_	
11-39	3273-3275	es	_	B	
11-40	3276-3279	ein	_	B	
11-41	3280-3290	schlechtes	_	I	
11-42	3291-3297	Signal	_	I	
11-43	3298-3300	an	_	_	
11-44	3301-3311	diejenigen	_	B	
11-45	3312-3315	ist	_	_	
11-46	3315-3316	,	_	_	
11-47	3317-3320	die	_	B	
11-48	3321-3325	über	_	_	
11-49	3326-3331	Jahre	_	B	
11-50	3332-3334	in	_	_	
11-51	3335-3338	der	_	B	
11-52	3339-3345	Pflege	_	I	
11-53	3346-3354	arbeiten	_	_	
11-54	3354-3355	.	_	_	

#Text=Aber es gibt einen zweiten Vorschlag, den ich superspannend und interessant finde. Dabei geht es um die Frage, ob diejenigen, die schon länger in der Pflege arbeiten, ihre Arbeitszeit reduzieren können – bei vollem Lohnausgleich. Das ist ein interessanter Gedanke. Ich glaube, es ist wichtig, dass wir das weiterverfolgen.
12-1	3361-3365	Aber	_	_	
12-2	3366-3368	es	_	_	
12-3	3369-3373	gibt	_	_	
12-4	3374-3379	einen	_	B	
12-5	3380-3387	zweiten	_	I	
12-6	3388-3397	Vorschlag	_	I	
12-7	3397-3398	,	_	_	
12-8	3399-3402	den	_	B	
12-9	3403-3406	ich	Animated	B	
12-10	3407-3420	superspannend	_	_	
12-11	3421-3424	und	_	_	
12-12	3425-3436	interessant	_	_	
12-13	3437-3442	finde	_	_	
12-14	3442-3443	.	_	_	
12-15	3444-3449	Dabei	_	_	
12-16	3450-3454	geht	_	_	
12-17	3455-3457	es	_	_	
12-18	3458-3460	um	_	_	
12-19	3461-3464	die	_	B	
12-20	3465-3470	Frage	_	I	
12-21	3470-3471	,	_	_	
12-22	3472-3474	ob	_	_	
12-23	3475-3485	diejenigen	_	B	
12-24	3485-3486	,	_	_	
12-25	3487-3490	die	_	B	
12-26	3491-3496	schon	_	_	
12-27	3497-3503	länger	_	_	
12-28	3504-3506	in	_	_	
12-29	3507-3510	der	_	B	
12-30	3511-3517	Pflege	_	I	
12-31	3518-3526	arbeiten	_	_	
12-32	3526-3527	,	_	_	
12-33	3528-3532	ihre	_	B	
12-34	3533-3544	Arbeitszeit	_	I	
12-35	3545-3555	reduzieren	_	_	
12-36	3556-3562	können	_	_	
12-37	3563-3564	–	_	_	
12-38	3565-3568	bei	_	_	
12-39	3569-3575	vollem	_	B	
12-40	3576-3589	Lohnausgleich	_	I	
12-41	3589-3590	.	_	_	
12-42	3591-3594	Das	_	B	
12-43	3595-3598	ist	_	_	
12-44	3599-3602	ein	_	B	
12-45	3603-3616	interessanter	_	I	
12-46	3617-3624	Gedanke	_	I	
12-47	3624-3625	.	_	_	
12-48	3626-3629	Ich	Animated	B	
12-49	3630-3636	glaube	_	_	
12-50	3636-3637	,	_	_	
12-51	3638-3640	es	_	B	
12-52	3641-3644	ist	_	_	
12-53	3645-3652	wichtig	_	_	
12-54	3652-3653	,	_	_	
12-55	3654-3658	dass	_	_	
12-56	3659-3662	wir	Animated	B	
12-57	3663-3666	das	_	B	
12-58	3667-3682	weiterverfolgen	_	_	
12-59	3682-3683	.	_	_	

#Text=Aber es sollte nicht nur darum gehen, Leistungen zu erweitern, sondern wir brauchen Strukturverbesserungen, wenn es um die Themen „Versorgung im ländlichen Raum“ und „Digitalisierung“ geht. Lieber Minister Spahn, dabei zeigen Sie den richtigen Weg auf. Auf der einen Seite sagen wir: „Wir halten an der E-Card fest“, was schwierig genug ist, auf der anderen Seite können wir das System aber vielleicht weiter öffnen und andere Möglichkeiten zulassen, um in dieser Legislaturperiode endlich beim Thema Digitalisierung voranzukommen.
13-1	3694-3698	Aber	_	_	
13-2	3699-3701	es	_	B	
13-3	3702-3708	sollte	_	_	
13-4	3709-3714	nicht	_	_	
13-5	3715-3718	nur	_	_	
13-6	3719-3724	darum	_	_	
13-7	3725-3730	gehen	_	_	
13-8	3730-3731	,	_	_	
13-9	3732-3742	Leistungen	_	B	
13-10	3743-3745	zu	_	_	
13-11	3746-3755	erweitern	_	_	
13-12	3755-3756	,	_	_	
13-13	3757-3764	sondern	_	_	
13-14	3765-3768	wir	Animated	B	
13-15	3769-3777	brauchen	_	_	
13-16	3778-3800	Strukturverbesserungen	_	B	
13-17	3800-3801	,	_	_	
13-18	3802-3806	wenn	_	_	
13-19	3807-3809	es	_	_	
13-20	3810-3812	um	_	_	
13-21	3813-3816	die	_	B	
13-22	3817-3823	Themen	_	I	
13-23	3824-3825	„	_	I	
13-24	3825-3835	Versorgung	_	I	
13-25	3836-3838	im	_	_	
13-26	3839-3849	ländlichen	_	B	
13-27	3850-3854	Raum	_	I	
13-28	3854-3855	“	_	_	
13-29	3856-3859	und	_	_	
13-30	3860-3861	„	_	B	
13-31	3861-3876	Digitalisierung	_	I	
13-32	3876-3877	“	_	_	
13-33	3878-3882	geht	_	_	
13-34	3882-3883	.	_	_	
13-35	3884-3890	Lieber	Animated[20]	B	
13-36	3891-3899	Minister	Animated[20]	I	
13-37	3900-3905	Spahn	Animated[20]	I	
13-38	3905-3906	,	_	_	
13-39	3907-3912	dabei	_	_	
13-40	3913-3919	zeigen	_	_	
13-41	3920-3923	Sie	_	B	
13-42	3924-3927	den	_	B	
13-43	3928-3937	richtigen	_	I	
13-44	3938-3941	Weg	_	I	
13-45	3942-3945	auf	_	_	
13-46	3945-3946	.	_	_	
13-47	3947-3950	Auf	_	_	
13-48	3951-3954	der	_	B	
13-49	3955-3960	einen	_	I	
13-50	3961-3966	Seite	_	I	
13-51	3967-3972	sagen	_	_	
13-52	3973-3976	wir	Animated	B	
13-53	3976-3977	:	_	_	
13-54	3978-3979	„	_	_	
13-55	3979-3982	Wir	Animated	B	
13-56	3983-3989	halten	_	_	
13-57	3990-3992	an	_	_	
13-58	3993-3996	der	_	B	
13-59	3997-4003	E-Card	_	I	
13-60	4004-4008	fest	_	_	
13-61	4008-4009	“	_	_	
13-62	4009-4010	,	_	_	
13-63	4011-4014	was	_	B	
13-64	4015-4024	schwierig	_	_	
13-65	4025-4030	genug	_	_	
13-66	4031-4034	ist	_	_	
13-67	4034-4035	,	_	_	
13-68	4036-4039	auf	_	_	
13-69	4040-4043	der	_	B	
13-70	4044-4051	anderen	_	I	
13-71	4052-4057	Seite	_	I	
13-72	4058-4064	können	_	_	
13-73	4065-4068	wir	_	B	
13-74	4069-4072	das	_	B	
13-75	4073-4079	System	_	I	
13-76	4080-4084	aber	_	_	
13-77	4085-4095	vielleicht	_	_	
13-78	4096-4102	weiter	_	_	
13-79	4103-4109	öffnen	_	_	
13-80	4110-4113	und	_	_	
13-81	4114-4120	andere	_	B	
13-82	4121-4134	Möglichkeiten	_	I	
13-83	4135-4143	zulassen	_	_	
13-84	4143-4144	,	_	_	
13-85	4145-4147	um	_	_	
13-86	4148-4150	in	_	_	
13-87	4151-4157	dieser	_	B	
13-88	4158-4175	Legislaturperiode	_	I	
13-89	4176-4183	endlich	_	_	
13-90	4184-4188	beim	_	_	
13-91	4189-4194	Thema	_	B	
13-92	4195-4210	Digitalisierung	_	I	
13-93	4211-4224	voranzukommen	_	_	
13-94	4224-4225	.	_	_	

#Text=Ich habe eine Bitte – es ist die Haushaltsberatung; wir sollten auch ansprechen, wie wir administrative Strukturen verbessern können –: Ich bitte Sie, sich im Laufe der Beratung dafür einzusetzen, dass das Bundesversicherungsamt mehr Personal bekommt. Wir brauchen Verbesserungen, zum Beispiel beim Morbi-RSA, auch bei der Prüfung und der Aufsicht. Deswegen bitte ich Sie, dafür zu sorgen, dass dem Bundesversicherungsamt mehr Personal zur Verfügung gestellt wird. Wir brauchen auch mehr Personal im BfArM. Mit dem Brexit kommen weitere Aufgaben auf das BfArM zu. Ich glaube, das sind zwei Punkte, auf die wir uns im Laufe der Haushaltsberatungen noch einmal fokussieren sollten. Ansonsten sind wir auf einem guten Weg.
14-1	4243-4246	Ich	Animated	B	
14-2	4247-4251	habe	_	_	
14-3	4252-4256	eine	_	B	
14-4	4257-4262	Bitte	_	I	
14-5	4263-4264	–	_	_	
14-6	4265-4267	es	_	B	
14-7	4268-4271	ist	_	_	
14-8	4272-4275	die	_	B	
14-9	4276-4293	Haushaltsberatung	_	I	
14-10	4293-4294	;	_	_	
14-11	4295-4298	wir	Animated	B	
14-12	4299-4306	sollten	_	_	
14-13	4307-4311	auch	_	_	
14-14	4312-4322	ansprechen	_	_	
14-15	4322-4323	,	_	_	
14-16	4324-4327	wie	_	_	
14-17	4328-4331	wir	Animated	B	
14-18	4332-4346	administrative	_	B	
14-19	4347-4357	Strukturen	_	I	
14-20	4358-4368	verbessern	_	_	
14-21	4369-4375	können	_	_	
14-22	4376-4377	–	_	_	
14-23	4377-4378	:	_	_	
14-24	4379-4382	Ich	Animated	B	
14-25	4383-4388	bitte	_	_	
14-26	4389-4392	Sie	_	B	
14-27	4392-4393	,	_	_	
14-28	4394-4398	sich	_	B	
14-29	4399-4401	im	_	_	
14-30	4402-4407	Laufe	_	B	
14-31	4408-4411	der	_	B	
14-32	4412-4420	Beratung	_	I	
14-33	4421-4426	dafür	_	_	
14-34	4427-4438	einzusetzen	_	_	
14-35	4438-4439	,	_	_	
14-36	4440-4444	dass	_	_	
14-37	4445-4448	das	Animated[21]	B	
14-38	4449-4471	Bundesversicherungsamt	Animated[21]	I	
14-39	4472-4476	mehr	Animated[22]	B	
14-40	4477-4485	Personal	Animated[22]	I	
14-41	4486-4493	bekommt	_	_	
14-42	4493-4494	.	_	_	
14-43	4495-4498	Wir	Animated	B	
14-44	4499-4507	brauchen	_	_	
14-45	4508-4522	Verbesserungen	_	B	
14-46	4522-4523	,	_	_	
14-47	4524-4527	zum	_	_	
14-48	4528-4536	Beispiel	_	B	
14-49	4537-4541	beim	_	_	
14-50	4542-4551	Morbi-RSA	_	B	
14-51	4551-4552	,	_	_	
14-52	4553-4557	auch	_	_	
14-53	4558-4561	bei	_	_	
14-54	4562-4565	der	_	B	
14-55	4566-4573	Prüfung	_	I	
14-56	4574-4577	und	_	_	
14-57	4578-4581	der	_	B	
14-58	4582-4590	Aufsicht	_	I	
14-59	4590-4591	.	_	_	
14-60	4592-4600	Deswegen	_	_	
14-61	4601-4606	bitte	_	_	
14-62	4607-4610	ich	Animated	B	
14-63	4611-4614	Sie	_	B	
14-64	4614-4615	,	_	_	
14-65	4616-4621	dafür	_	_	
14-66	4622-4624	zu	_	_	
14-67	4625-4631	sorgen	_	_	
14-68	4631-4632	,	_	_	
14-69	4633-4637	dass	_	_	
14-70	4638-4641	dem	Animated[23]	B	
14-71	4642-4664	Bundesversicherungsamt	Animated[23]	I	
14-72	4665-4669	mehr	Animated[24]	B	
14-73	4670-4678	Personal	Animated[24]	I	
14-74	4679-4682	zur	_	_	
14-75	4683-4692	Verfügung	_	B	
14-76	4693-4701	gestellt	_	_	
14-77	4702-4706	wird	_	_	
14-78	4706-4707	.	_	_	
14-79	4708-4711	Wir	Animated	B	
14-80	4712-4720	brauchen	_	_	
14-81	4721-4725	auch	_	_	
14-82	4726-4730	mehr	Animated[25]	B	
14-83	4731-4739	Personal	Animated[25]	I	
14-84	4740-4742	im	_	_	
14-85	4743-4749	BfArM.	Animated	B	
14-86	4750-4753	Mit	_	_	
14-87	4754-4757	dem	_	B	
14-88	4758-4764	Brexit	_	I	
14-89	4765-4771	kommen	_	_	
14-90	4772-4779	weitere	_	B	
14-91	4780-4788	Aufgaben	_	I	
14-92	4789-4792	auf	_	_	
14-93	4793-4796	das	Animated[26]	B	
14-94	4797-4802	BfArM	Animated[26]	I	
14-95	4803-4805	zu	_	_	
14-96	4805-4806	.	_	_	
14-97	4807-4810	Ich	Animated	B	
14-98	4811-4817	glaube	_	_	
14-99	4817-4818	,	_	_	
14-100	4819-4822	das	_	B	
14-101	4823-4827	sind	_	_	
14-102	4828-4832	zwei	_	B	
14-103	4833-4839	Punkte	_	I	
14-104	4839-4840	,	_	_	
14-105	4841-4844	auf	_	_	
14-106	4845-4848	die	_	B	
14-107	4849-4852	wir	Animated	B	
14-108	4853-4856	uns	_	B	
14-109	4857-4859	im	_	_	
14-110	4860-4865	Laufe	_	B	
14-111	4866-4869	der	_	B	
14-112	4870-4889	Haushaltsberatungen	_	I	
14-113	4890-4894	noch	_	_	
14-114	4895-4901	einmal	_	_	
14-115	4902-4913	fokussieren	_	_	
14-116	4914-4921	sollten	_	_	
14-117	4921-4922	.	_	_	
14-118	4923-4932	Ansonsten	_	_	
14-119	4933-4937	sind	_	_	
14-120	4938-4941	wir	Animated	B	
14-121	4942-4945	auf	_	_	
14-122	4946-4951	einem	_	B	
14-123	4952-4957	guten	_	I	
14-124	4958-4961	Weg	_	I	
14-125	4961-4962	.	_	_	

#Text=Herzlichen Dank für Ihre Aufmerksamkeit.
15-1	4980-4990	Herzlichen	_	B	
15-2	4991-4995	Dank	_	I	
15-3	4996-4999	für	_	_	
15-4	5000-5004	Ihre	_	B	
15-5	5005-5019	Aufmerksamkeit	_	I	
15-6	5019-5020	.	_	_	

#Text=Für die AfD-Fraktion hat das Wort die Kollegin Dr. Birgit Malsack-Winkemann.
16-1	5022-5025	Für	_	_	
16-2	5026-5029	die	Animated[27]	B	
16-3	5030-5042	AfD-Fraktion	Animated[27]	I	
16-4	5043-5046	hat	_	_	
16-5	5047-5050	das	_	B	
16-6	5051-5055	Wort	_	I	
16-7	5056-5059	die	Animated[28]	B	
16-8	5060-5068	Kollegin	Animated[28]	I	
16-9	5069-5072	Dr.	Animated[28]	I	
16-10	5073-5079	Birgit	Animated[29]	B	
16-11	5080-5097	Malsack-Winkemann	Animated[29]	I	
16-12	5097-5098	.	_	_	
