#FORMAT=WebAnno TSV 3.3
#T_SP=webanno.custom.Animacy|Animated
#T_SP=webanno.custom.CustomChunk|Chunk


#Text=Herr Präsident! Meine Damen und Herren! Ich glaube, es ist ein spannendes Thema, das die FDP für die Aktuelle Stunde ausgewählt hat. Wir alle kennen diese Probleme. Ich habe einen Wahlkreis, der sowohl sehr ländliche Teile umfasst als auch eher städtische Teile. Das Verrückte ist, dass man nicht nur irgendwo in den Bergen des Odenwaldes keinen Empfang hat; auch auf dem Weg zum Frankfurter Kreuz bricht manchmal die Verbindung ab. Das zeigt, dass das Problem der Versorgung, der Netzabdeckung eine sehr große Bandbreite hat.
1-1	0-4	Herr	Animated[1]	B	
1-2	5-14	Präsident	Animated[1]	I	
1-3	14-15	!	_	_	
1-4	16-21	Meine	Animated[2]	B	
1-5	22-27	Damen	Animated[2]	I	
1-6	28-31	und	_	_	
1-7	32-38	Herren	Animated	B	
1-8	38-39	!	_	_	
1-9	40-43	Ich	Animated	B	
1-10	44-50	glaube	_	_	
1-11	50-51	,	_	_	
1-12	52-54	es	_	B	
1-13	55-58	ist	_	_	
1-14	59-62	ein	_	B	
1-15	63-73	spannendes	_	I	
1-16	74-79	Thema	_	I	
1-17	79-80	,	_	_	
1-18	81-84	das	_	B	
1-19	85-88	die	Animated[3]	B	
1-20	89-92	FDP	Animated[3]	I	
1-21	93-96	für	_	_	
1-22	97-100	die	_	B	
1-23	101-109	Aktuelle	_	I	
1-24	110-116	Stunde	_	I	
1-25	117-127	ausgewählt	_	_	
1-26	128-131	hat	_	_	
1-27	131-132	.	_	_	
1-28	133-136	Wir	Animated	B	
1-29	137-141	alle	_	B	
1-30	142-148	kennen	_	_	
1-31	149-154	diese	_	B	
1-32	155-163	Probleme	_	I	
1-33	163-164	.	_	_	
1-34	165-168	Ich	Animated	B	
1-35	169-173	habe	_	_	
1-36	174-179	einen	_	B	
1-37	180-189	Wahlkreis	_	I	
1-38	189-190	,	_	_	
1-39	191-194	der	_	B	
1-40	195-201	sowohl	_	B	
1-41	202-206	sehr	_	I	
1-42	207-216	ländliche	_	I	
1-43	217-222	Teile	_	I	
1-44	223-230	umfasst	_	_	
1-45	231-234	als	_	_	
1-46	235-239	auch	_	B	
1-47	240-244	eher	_	I	
1-48	245-255	städtische	_	I	
1-49	256-261	Teile	_	I	
1-50	261-262	.	_	_	
1-51	263-266	Das	_	B	
1-52	267-276	Verrückte	_	I	
1-53	277-280	ist	_	_	
1-54	280-281	,	_	_	
1-55	282-286	dass	_	_	
1-56	287-290	man	Animated	B	
1-57	291-296	nicht	_	_	
1-58	297-300	nur	_	_	
1-59	301-309	irgendwo	_	_	
1-60	310-312	in	_	_	
1-61	313-316	den	_	B	
1-62	317-323	Bergen	_	I	
1-63	324-327	des	_	B	
1-64	328-338	Odenwaldes	_	I	
1-65	339-345	keinen	_	B	
1-66	346-353	Empfang	_	I	
1-67	354-357	hat	_	_	
1-68	357-358	;	_	_	
1-69	359-363	auch	_	_	
1-70	364-367	auf	_	_	
1-71	368-371	dem	_	B	
1-72	372-375	Weg	_	I	
1-73	376-379	zum	_	_	
1-74	380-391	Frankfurter	_	B	
1-75	392-397	Kreuz	_	I	
1-76	398-404	bricht	_	_	
1-77	405-413	manchmal	_	_	
1-78	414-417	die	_	B	
1-79	418-428	Verbindung	_	I	
1-80	429-431	ab	_	_	
1-81	431-432	.	_	_	
1-82	433-436	Das	_	B	
1-83	437-442	zeigt	_	_	
1-84	442-443	,	_	_	
1-85	444-448	dass	_	B	
1-86	449-452	das	_	I	
1-87	453-460	Problem	_	I	
1-88	461-464	der	_	B	
1-89	465-475	Versorgung	_	I	
1-90	475-476	,	_	_	
1-91	477-480	der	_	B	
1-92	481-494	Netzabdeckung	_	I	
1-93	495-499	eine	_	B	
1-94	500-504	sehr	_	I	
1-95	505-510	große	_	I	
1-96	511-521	Bandbreite	_	I	
1-97	522-525	hat	_	_	
1-98	525-526	.	_	_	

#Text=Über die Methode der angesprochenen Studie kann man mit Sicherheit lange diskutieren. Die Autoren der Studie wollten ja bisher nicht die Datengrundlage zur Verfügung stellen, weil man diese wahrscheinlich noch kommerziell verwenden will. Das ist aber auch nicht weiter tragisch. Denn ich denke, die Botschaft ist klar: Wir können mit der Mobilfunkabdeckung, so wie sie in Deutschland aktuell ist, nicht zufrieden sein. Deswegen ist es wichtig, dass wir uns anschauen – da kann ich dem Kollegen Jarzombek absolut zustimmen –, welche Konsequenzen wir daraus ziehen müssen, wenn wir jetzt zum Aufbau des 5G-Netzes, das heißt des nächsten Mobilfunkstandards, kommen. In Südkorea ist das Ganze bei den Olympischen Spielen schon einmal so ein bisschen getestet worden. Aber auch da ist es noch nicht flächendeckend eingeführt.
2-1	541-545	Über	_	_	
2-2	546-549	die	_	B	
2-3	550-557	Methode	_	I	
2-4	558-561	der	_	B	
2-5	562-576	angesprochenen	_	I	
2-6	577-583	Studie	_	I	
2-7	584-588	kann	_	_	
2-8	589-592	man	Animated	B	
2-9	593-596	mit	_	_	
2-10	597-607	Sicherheit	_	B	
2-11	608-613	lange	_	_	
2-12	614-625	diskutieren	_	_	
2-13	625-626	.	_	_	
2-14	627-630	Die	_	B	
2-15	631-638	Autoren	_	I	
2-16	639-642	der	_	B	
2-17	643-649	Studie	_	I	
2-18	650-657	wollten	_	_	
2-19	658-660	ja	_	_	
2-20	661-667	bisher	_	_	
2-21	668-673	nicht	_	_	
2-22	674-677	die	_	B	
2-23	678-692	Datengrundlage	_	I	
2-24	693-696	zur	_	_	
2-25	697-706	Verfügung	_	B	
2-26	707-714	stellen	_	_	
2-27	714-715	,	_	_	
2-28	716-720	weil	_	_	
2-29	721-724	man	Animated	B	
2-30	725-730	diese	_	_	
2-31	731-745	wahrscheinlich	_	_	
2-32	746-750	noch	_	_	
2-33	751-762	kommerziell	_	_	
2-34	763-772	verwenden	_	_	
2-35	773-777	will	_	_	
2-36	777-778	.	_	_	
2-37	779-782	Das	_	B	
2-38	783-786	ist	_	_	
2-39	787-791	aber	_	_	
2-40	792-796	auch	_	_	
2-41	797-802	nicht	_	_	
2-42	803-809	weiter	_	_	
2-43	810-818	tragisch	_	_	
2-44	818-819	.	_	_	
2-45	820-824	Denn	_	_	
2-46	825-828	ich	Animated	B	
2-47	829-834	denke	_	_	
2-48	834-835	,	_	_	
2-49	836-839	die	_	B	
2-50	840-849	Botschaft	_	I	
2-51	850-853	ist	_	_	
2-52	854-858	klar	_	_	
2-53	858-859	:	_	_	
2-54	860-863	Wir	Animated	B	
2-55	864-870	können	_	_	
2-56	871-874	mit	_	_	
2-57	875-878	der	_	B	
2-58	879-897	Mobilfunkabdeckung	_	I	
2-59	897-898	,	_	_	
2-60	899-901	so	_	_	
2-61	902-905	wie	_	_	
2-62	906-909	sie	_	B	
2-63	910-912	in	_	_	
2-64	913-924	Deutschland	_	B	
2-65	925-932	aktuell	_	_	
2-66	933-936	ist	_	_	
2-67	936-937	,	_	_	
2-68	938-943	nicht	_	_	
2-69	944-953	zufrieden	_	_	
2-70	954-958	sein	_	_	
2-71	958-959	.	_	_	
2-72	960-968	Deswegen	_	_	
2-73	969-972	ist	_	_	
2-74	973-975	es	_	B	
2-75	976-983	wichtig	_	_	
2-76	983-984	,	_	_	
2-77	985-989	dass	_	_	
2-78	990-993	wir	Animated	B	
2-79	994-997	uns	_	B	
2-80	998-1007	anschauen	_	_	
2-81	1008-1009	–	_	_	
2-82	1010-1012	da	_	_	
2-83	1013-1017	kann	_	_	
2-84	1018-1021	ich	Animated	B	
2-85	1022-1025	dem	Animated[4]	B	
2-86	1026-1034	Kollegen	Animated[4]	I	
2-87	1035-1044	Jarzombek	Animated[4]	I	
2-88	1045-1052	absolut	_	_	
2-89	1053-1062	zustimmen	_	_	
2-90	1063-1064	–	_	_	
2-91	1064-1065	,	_	_	
2-92	1066-1072	welche	_	B	
2-93	1073-1085	Konsequenzen	_	I	
2-94	1086-1089	wir	Animated	B	
2-95	1090-1096	daraus	_	_	
2-96	1097-1103	ziehen	_	_	
2-97	1104-1110	müssen	_	_	
2-98	1110-1111	,	_	_	
2-99	1112-1116	wenn	_	_	
2-100	1117-1120	wir	Animated	B	
2-101	1121-1126	jetzt	_	_	
2-102	1127-1130	zum	_	_	
2-103	1131-1137	Aufbau	_	B	
2-104	1138-1141	des	_	B	
2-105	1142-1151	5G-Netzes	_	I	
2-106	1151-1152	,	_	_	
2-107	1153-1156	das	_	B	
2-108	1157-1162	heißt	_	_	
2-109	1163-1166	des	_	B	
2-110	1167-1175	nächsten	_	I	
2-111	1176-1194	Mobilfunkstandards	_	I	
2-112	1194-1195	,	_	_	
2-113	1196-1202	kommen	_	_	
2-114	1202-1203	.	_	_	
2-115	1204-1206	In	_	_	
2-116	1207-1215	Südkorea	_	B	
2-117	1216-1219	ist	_	_	
2-118	1220-1223	das	_	B	
2-119	1224-1229	Ganze	_	I	
2-120	1230-1233	bei	_	_	
2-121	1234-1237	den	_	B	
2-122	1238-1249	Olympischen	_	I	
2-123	1250-1257	Spielen	_	I	
2-124	1258-1263	schon	_	_	
2-125	1264-1270	einmal	_	_	
2-126	1271-1273	so	_	_	
2-127	1274-1277	ein	_	B	
2-128	1278-1286	bisschen	_	I	
2-129	1287-1295	getestet	_	_	
2-130	1296-1302	worden	_	_	
2-131	1302-1303	.	_	_	
2-132	1304-1308	Aber	_	_	
2-133	1309-1313	auch	_	_	
2-134	1314-1316	da	_	_	
2-135	1317-1320	ist	_	_	
2-136	1321-1323	es	_	B	
2-137	1324-1328	noch	_	_	
2-138	1329-1334	nicht	_	_	
2-139	1335-1349	flächendeckend	_	_	
2-140	1350-1360	eingeführt	_	_	
2-141	1360-1361	.	_	_	

#Text=Wir hatten im Ausschuss Digitale Agenda gerade eine Delegation aus Südkorea zu Gast. Das war durchaus interessant. Es ist immer sehr einfach, von dieser Stelle aus zu erklären, dass in allen anderen Ländern alles viel besser läuft als bei uns. Wenn ich mich recht erinnere, haben die Mitglieder der Delegation auch viele Fragen gestellt. Auch dort läuft nicht alles perfekt. Was den 5G-Ausbau angeht, müssen wir sicherstellen, dass der Ausbau in der Fläche besser vorangeht, als es jetzt der Fall ist. Es gibt immer noch eine Vielzahl von Gründen, die da hineinspielen. Wir werden mit Sicherheit noch alle, wie wir hier sitzen, dieses Thema in unseren Wahlkreisen auf den Tisch bekommen. Beim 5G-Standard werden die Funkzellen kleiner. Das heißt, wir brauchen gerade im ländlichen Bereich mehr Masten, die auch sichtbar sind. Das erklärt zum Beispiel, wo an der einen oder anderen Stelle die Probleme herkommen. Wenn diese Masten nicht aufgebaut werden können oder wenn der Aufbau mit sehr großem Aufwand verbunden ist, dann ziehen die Anbieter gerne einmal schnell weiter und lassen Gebiete unterversorgt. Das ist eine der wichtigen Aufgaben, die wir angehen müssen.
3-1	1379-1382	Wir	Animated	B	
3-2	1383-1389	hatten	_	_	
3-3	1390-1392	im	_	_	
3-4	1393-1402	Ausschuss	Animated	B	
3-5	1403-1411	Digitale	Animated[5]	B	
3-6	1412-1418	Agenda	Animated[5]	I	
3-7	1419-1425	gerade	Animated[6]	B	
3-8	1426-1430	eine	Animated[6]	I	
3-9	1431-1441	Delegation	Animated[6]	I	
3-10	1442-1445	aus	_	_	
3-11	1446-1454	Südkorea	_	B	
3-12	1455-1457	zu	_	_	
3-13	1458-1462	Gast	_	B	
3-14	1462-1463	.	_	_	
3-15	1464-1467	Das	_	B	
3-16	1468-1471	war	_	_	
3-17	1472-1480	durchaus	_	_	
3-18	1481-1492	interessant	_	_	
3-19	1492-1493	.	_	_	
3-20	1494-1496	Es	_	B	
3-21	1497-1500	ist	_	_	
3-22	1501-1506	immer	_	_	
3-23	1507-1511	sehr	_	_	
3-24	1512-1519	einfach	_	_	
3-25	1519-1520	,	_	_	
3-26	1521-1524	von	_	_	
3-27	1525-1531	dieser	_	B	
3-28	1532-1538	Stelle	_	I	
3-29	1539-1542	aus	_	_	
3-30	1543-1545	zu	_	_	
3-31	1546-1554	erklären	_	_	
3-32	1554-1555	,	_	_	
3-33	1556-1560	dass	_	_	
3-34	1561-1563	in	_	_	
3-35	1564-1569	allen	_	B	
3-36	1570-1577	anderen	_	I	
3-37	1578-1585	Ländern	_	I	
3-38	1586-1591	alles	_	B	
3-39	1592-1596	viel	_	_	
3-40	1597-1603	besser	_	_	
3-41	1604-1609	läuft	_	_	
3-42	1610-1613	als	_	_	
3-43	1614-1617	bei	_	_	
3-44	1618-1621	uns	_	B	
3-45	1621-1622	.	_	_	
3-46	1623-1627	Wenn	_	_	
3-47	1628-1631	ich	Animated	B	
3-48	1632-1636	mich	_	B	
3-49	1637-1642	recht	_	B	
3-50	1643-1651	erinnere	_	_	
3-51	1651-1652	,	_	_	
3-52	1653-1658	haben	_	_	
3-53	1659-1662	die	Animated[7]	B	
3-54	1663-1673	Mitglieder	Animated[7]	I	
3-55	1674-1677	der	Animated[8]	B	
3-56	1678-1688	Delegation	Animated[8]	I	
3-57	1689-1693	auch	_	B	
3-58	1694-1699	viele	_	I	
3-59	1700-1706	Fragen	_	I	
3-60	1707-1715	gestellt	_	_	
3-61	1715-1716	.	_	_	
3-62	1717-1721	Auch	_	_	
3-63	1722-1726	dort	_	_	
3-64	1727-1732	läuft	_	_	
3-65	1733-1738	nicht	_	_	
3-66	1739-1744	alles	_	B	
3-67	1745-1752	perfekt	_	_	
3-68	1752-1753	.	_	_	
3-69	1754-1757	Was	_	B	
3-70	1758-1761	den	_	B	
3-71	1762-1771	5G-Ausbau	_	I	
3-72	1772-1778	angeht	_	_	
3-73	1778-1779	,	_	_	
3-74	1780-1786	müssen	_	_	
3-75	1787-1790	wir	Animated	B	
3-76	1791-1804	sicherstellen	_	_	
3-77	1804-1805	,	_	_	
3-78	1806-1810	dass	_	_	
3-79	1811-1814	der	_	B	
3-80	1815-1821	Ausbau	_	I	
3-81	1822-1824	in	_	_	
3-82	1825-1828	der	_	B	
3-83	1829-1835	Fläche	_	I	
3-84	1836-1842	besser	_	_	
3-85	1843-1852	vorangeht	_	_	
3-86	1852-1853	,	_	_	
3-87	1854-1857	als	_	_	
3-88	1858-1860	es	_	_	
3-89	1861-1866	jetzt	_	_	
3-90	1867-1870	der	_	B	
3-91	1871-1875	Fall	_	I	
3-92	1876-1879	ist	_	_	
3-93	1879-1880	.	_	_	
3-94	1881-1883	Es	_	_	
3-95	1884-1888	gibt	_	_	
3-96	1889-1894	immer	_	_	
3-97	1895-1899	noch	_	_	
3-98	1900-1904	eine	_	B	
3-99	1905-1913	Vielzahl	_	I	
3-100	1914-1917	von	_	_	
3-101	1918-1925	Gründen	_	B	
3-102	1925-1926	,	_	_	
3-103	1927-1930	die	_	B	
3-104	1931-1933	da	_	_	
3-105	1934-1947	hineinspielen	_	_	
3-106	1947-1948	.	_	_	
3-107	1949-1952	Wir	Animated	B	
3-108	1953-1959	werden	_	_	
3-109	1960-1963	mit	_	_	
3-110	1964-1974	Sicherheit	_	B	
3-111	1975-1979	noch	_	B	
3-112	1980-1984	alle	_	I	
3-113	1984-1985	,	_	_	
3-114	1986-1989	wie	_	_	
3-115	1990-1993	wir	Animated	B	
3-116	1994-1998	hier	_	_	
3-117	1999-2005	sitzen	_	_	
3-118	2005-2006	,	_	_	
3-119	2007-2013	dieses	_	B	
3-120	2014-2019	Thema	_	I	
3-121	2020-2022	in	_	_	
3-122	2023-2030	unseren	_	B	
3-123	2031-2042	Wahlkreisen	_	I	
3-124	2043-2046	auf	_	_	
3-125	2047-2050	den	_	B	
3-126	2051-2056	Tisch	_	I	
3-127	2057-2065	bekommen	_	_	
3-128	2065-2066	.	_	_	
3-129	2067-2071	Beim	_	_	
3-130	2072-2083	5G-Standard	_	B	
3-131	2084-2090	werden	_	_	
3-132	2091-2094	die	_	B	
3-133	2095-2105	Funkzellen	_	I	
3-134	2106-2113	kleiner	_	_	
3-135	2113-2114	.	_	_	
3-136	2115-2118	Das	_	B	
3-137	2119-2124	heißt	_	_	
3-138	2124-2125	,	_	_	
3-139	2126-2129	wir	Animated	B	
3-140	2130-2138	brauchen	_	_	
3-141	2139-2145	gerade	_	_	
3-142	2146-2148	im	_	_	
3-143	2149-2159	ländlichen	_	B	
3-144	2160-2167	Bereich	_	I	
3-145	2168-2172	mehr	_	B	
3-146	2173-2179	Masten	_	I	
3-147	2179-2180	,	_	_	
3-148	2181-2184	die	_	B	
3-149	2185-2189	auch	_	_	
3-150	2190-2198	sichtbar	_	_	
3-151	2199-2203	sind	_	_	
3-152	2203-2204	.	_	_	
3-153	2205-2208	Das	_	B	
3-154	2209-2216	erklärt	_	_	
3-155	2217-2220	zum	_	_	
3-156	2221-2229	Beispiel	_	B	
3-157	2229-2230	,	_	_	
3-158	2231-2233	wo	_	_	
3-159	2234-2236	an	_	_	
3-160	2237-2240	der	_	B	
3-161	2241-2246	einen	_	I	
3-162	2247-2251	oder	_	I	
3-163	2252-2259	anderen	_	I	
3-164	2260-2266	Stelle	_	I	
3-165	2267-2270	die	_	B	
3-166	2271-2279	Probleme	_	I	
3-167	2280-2289	herkommen	_	_	
3-168	2289-2290	.	_	_	
3-169	2291-2295	Wenn	_	_	
3-170	2296-2301	diese	_	B	
3-171	2302-2308	Masten	_	I	
3-172	2309-2314	nicht	_	_	
3-173	2315-2324	aufgebaut	_	_	
3-174	2325-2331	werden	_	_	
3-175	2332-2338	können	_	_	
3-176	2339-2343	oder	_	_	
3-177	2344-2348	wenn	_	_	
3-178	2349-2352	der	_	B	
3-179	2353-2359	Aufbau	_	I	
3-180	2360-2363	mit	_	_	
3-181	2364-2368	sehr	_	B	
3-182	2369-2375	großem	_	I	
3-183	2376-2383	Aufwand	_	I	
3-184	2384-2393	verbunden	_	_	
3-185	2394-2397	ist	_	_	
3-186	2397-2398	,	_	_	
3-187	2399-2403	dann	_	_	
3-188	2404-2410	ziehen	_	_	
3-189	2411-2414	die	Animated[9]	B	
3-190	2415-2423	Anbieter	Animated[9]	I	
3-191	2424-2429	gerne	_	_	
3-192	2430-2436	einmal	_	_	
3-193	2437-2444	schnell	_	_	
3-194	2445-2451	weiter	_	_	
3-195	2452-2455	und	_	_	
3-196	2456-2462	lassen	_	_	
3-197	2463-2470	Gebiete	_	B	
3-198	2471-2484	unterversorgt	_	_	
3-199	2484-2485	.	_	_	
3-200	2486-2489	Das	_	B	
3-201	2490-2493	ist	_	_	
3-202	2494-2498	eine	_	B	
3-203	2499-2502	der	_	B	
3-204	2503-2512	wichtigen	_	I	
3-205	2513-2521	Aufgaben	_	I	
3-206	2521-2522	,	_	_	
3-207	2523-2526	die	_	B	
3-208	2527-2530	wir	Animated	B	
3-209	2531-2538	angehen	_	_	
3-210	2539-2545	müssen	_	_	
3-211	2545-2546	.	_	_	

#Text=Das Thema Lizenzvergaben hat der Kollege Jarzombek angesprochen. Ja, als UMTS das nächste große Ding war, waren 50 Milliarden Euro eine gigantische Summe. Das wären sie heute auch noch. Aber – der Kollege hat es angesprochen – 4 oder 5 Milliarden Euro sind immer noch sehr viel Geld. Es ist auch klar, dass die Netzanbieter die Lizenzen am liebsten geschenkt haben wollen. Aber das kann am Ende nicht die Haltung unseres Hohen Hauses sein, meine Damen und Herren.
4-1	2574-2577	Das	_	B	
4-2	2578-2583	Thema	_	I	
4-3	2584-2598	Lizenzvergaben	_	_	
4-4	2599-2602	hat	_	_	
4-5	2603-2606	der	Animated[10]	B	
4-6	2607-2614	Kollege	Animated[10]	I	
4-7	2615-2624	Jarzombek	Animated[10]	I	
4-8	2625-2637	angesprochen	_	_	
4-9	2637-2638	.	_	_	
4-10	2639-2641	Ja	_	_	
4-11	2641-2642	,	_	_	
4-12	2643-2646	als	_	_	
4-13	2647-2651	UMTS	_	B	
4-14	2652-2655	das	_	B	
4-15	2656-2663	nächste	_	I	
4-16	2664-2669	große	_	I	
4-17	2670-2674	Ding	_	I	
4-18	2675-2678	war	_	_	
4-19	2678-2679	,	_	_	
4-20	2680-2685	waren	_	_	
4-21	2686-2688	50	_	B	
4-22	2689-2699	Milliarden	_	I	
4-23	2700-2704	Euro	_	I	
4-24	2705-2709	eine	_	B	
4-25	2710-2721	gigantische	_	I	
4-26	2722-2727	Summe	_	I	
4-27	2727-2728	.	_	_	
4-28	2729-2732	Das	_	B	
4-29	2733-2738	wären	_	_	
4-30	2739-2742	sie	_	B	
4-31	2743-2748	heute	_	_	
4-32	2749-2753	auch	_	_	
4-33	2754-2758	noch	_	_	
4-34	2758-2759	.	_	_	
4-35	2760-2764	Aber	_	_	
4-36	2765-2766	–	_	_	
4-37	2767-2770	der	Animated[11]	B	
4-38	2771-2778	Kollege	Animated[11]	I	
4-39	2779-2782	hat	_	_	
4-40	2783-2785	es	_	B	
4-41	2786-2798	angesprochen	_	_	
4-42	2799-2800	–	_	_	
4-43	2801-2802	4	_	B	
4-44	2803-2807	oder	_	I	
4-45	2808-2809	5	_	I	
4-46	2810-2820	Milliarden	_	I	
4-47	2821-2825	Euro	_	I	
4-48	2826-2830	sind	_	_	
4-49	2831-2836	immer	_	_	
4-50	2837-2841	noch	_	_	
4-51	2842-2846	sehr	_	B	
4-52	2847-2851	viel	_	I	
4-53	2852-2856	Geld	_	I	
4-54	2856-2857	.	_	_	
4-55	2858-2860	Es	_	B	
4-56	2861-2864	ist	_	_	
4-57	2865-2869	auch	_	_	
4-58	2870-2874	klar	_	_	
4-59	2874-2875	,	_	_	
4-60	2876-2880	dass	_	_	
4-61	2881-2884	die	Animated[12]	B	
4-62	2885-2897	Netzanbieter	Animated[12]	I	
4-63	2898-2901	die	_	B	
4-64	2902-2910	Lizenzen	_	I	
4-65	2911-2913	am	_	_	
4-66	2914-2922	liebsten	_	_	
4-67	2923-2932	geschenkt	_	_	
4-68	2933-2938	haben	_	_	
4-69	2939-2945	wollen	_	_	
4-70	2945-2946	.	_	_	
4-71	2947-2951	Aber	_	_	
4-72	2952-2955	das	_	B	
4-73	2956-2960	kann	_	_	
4-74	2961-2963	am	_	_	
4-75	2964-2968	Ende	_	B	
4-76	2969-2974	nicht	_	_	
4-77	2975-2978	die	_	B	
4-78	2979-2986	Haltung	_	I	
4-79	2987-2994	unseres	Animated[13]	B	
4-80	2995-3000	Hohen	Animated[13]	I	
4-81	3001-3007	Hauses	Animated[13]	I	
4-82	3008-3012	sein	_	_	
4-83	3012-3013	,	_	_	
4-84	3014-3019	meine	Animated[14]	B	
4-85	3020-3025	Damen	Animated[14]	I	
4-86	3026-3029	und	_	_	
4-87	3030-3036	Herren	Animated	B	
4-88	3036-3037	.	_	_	

#Text=Wir haben im Koalitionsvertrag dieses Thema explizit adressiert. Wir werden auch die neuen Lizenzen mit Ausbauauflagen kombinieren. Wir wollen bestehende Funklöcher schließen. Es muss um eine flächendeckende Versorgung für uns alle gehen. Das soll kein statistischer Wert sein. Mir helfen 98 Prozent statistischer Wert nichts, wenn bei mir ständig das Netz abbricht, weil die restlichen 2 Prozent im Bereich einer Bundesstraße oder Autobahn liegen oder ich im ICE sitze. Deswegen ist es wichtig, diese Felder mit aufzunehmen.
5-1	3048-3051	Wir	Animated	B	
5-2	3052-3057	haben	_	_	
5-3	3058-3060	im	_	_	
5-4	3061-3078	Koalitionsvertrag	_	B	
5-5	3079-3085	dieses	_	B	
5-6	3086-3091	Thema	_	I	
5-7	3092-3100	explizit	_	_	
5-8	3101-3111	adressiert	_	_	
5-9	3111-3112	.	_	_	
5-10	3113-3116	Wir	Animated	B	
5-11	3117-3123	werden	_	_	
5-12	3124-3128	auch	_	B	
5-13	3129-3132	die	_	I	
5-14	3133-3138	neuen	_	I	
5-15	3139-3147	Lizenzen	_	I	
5-16	3148-3151	mit	_	_	
5-17	3152-3166	Ausbauauflagen	_	B	
5-18	3167-3178	kombinieren	_	_	
5-19	3178-3179	.	_	_	
5-20	3180-3183	Wir	Animated	B	
5-21	3184-3190	wollen	_	_	
5-22	3191-3201	bestehende	_	B	
5-23	3202-3212	Funklöcher	_	I	
5-24	3213-3222	schließen	_	_	
5-25	3222-3223	.	_	_	
5-26	3224-3226	Es	_	B	
5-27	3227-3231	muss	_	_	
5-28	3232-3234	um	_	_	
5-29	3235-3239	eine	_	B	
5-30	3240-3255	flächendeckende	_	I	
5-31	3256-3266	Versorgung	_	I	
5-32	3267-3270	für	_	_	
5-33	3271-3274	uns	_	B	
5-34	3275-3279	alle	_	B	
5-35	3280-3285	gehen	_	_	
5-36	3285-3286	.	_	_	
5-37	3287-3290	Das	_	B	
5-38	3291-3295	soll	_	_	
5-39	3296-3300	kein	_	B	
5-40	3301-3314	statistischer	_	I	
5-41	3315-3319	Wert	_	I	
5-42	3320-3324	sein	_	_	
5-43	3324-3325	.	_	_	
5-44	3326-3329	Mir	_	B	
5-45	3330-3336	helfen	_	_	
5-46	3337-3339	98	_	B	
5-47	3340-3347	Prozent	_	I	
5-48	3348-3361	statistischer	_	B	
5-49	3362-3366	Wert	_	I	
5-50	3367-3373	nichts	_	B	
5-51	3373-3374	,	_	_	
5-52	3375-3379	wenn	_	_	
5-53	3380-3383	bei	_	_	
5-54	3384-3387	mir	_	B	
5-55	3388-3395	ständig	_	_	
5-56	3396-3399	das	_	B	
5-57	3400-3404	Netz	_	I	
5-58	3405-3413	abbricht	_	_	
5-59	3413-3414	,	_	_	
5-60	3415-3419	weil	_	_	
5-61	3420-3423	die	_	B	
5-62	3424-3434	restlichen	_	I	
5-63	3435-3436	2	_	I	
5-64	3437-3444	Prozent	_	I	
5-65	3445-3447	im	_	_	
5-66	3448-3455	Bereich	_	B	
5-67	3456-3461	einer	_	B	
5-68	3462-3474	Bundesstraße	_	I	
5-69	3475-3479	oder	_	_	
5-70	3480-3488	Autobahn	_	B	
5-71	3489-3495	liegen	_	_	
5-72	3496-3500	oder	_	_	
5-73	3501-3504	ich	Animated	B	
5-74	3505-3507	im	_	_	
5-75	3508-3511	ICE	_	B	
5-76	3512-3517	sitze	_	_	
5-77	3517-3518	.	_	_	
5-78	3519-3527	Deswegen	_	_	
5-79	3528-3531	ist	_	_	
5-80	3532-3534	es	_	B	
5-81	3535-3542	wichtig	_	_	
5-82	3542-3543	,	_	_	
5-83	3544-3549	diese	_	B	
5-84	3550-3556	Felder	_	I	
5-85	3557-3560	mit	_	_	
5-86	3561-3572	aufzunehmen	_	_	
5-87	3572-3573	.	_	_	

#Text=Der eine oder andere mag gelächelt haben, als er dies im Koalitionsvertrag gelesen hat. Aber ich finde es auch richtig, dass wir es ermöglichen, mit einer App weiße Flecken zu melden. Wir haben gestern im Ausschuss mit der Bundesnetzagentur darüber diskutiert. Mir ist es lieber, am Ende eine Datenlage zu haben, bei der ich nachvollziehen kann, woher sie kommt, als dass ich die Katze im Sack kaufe. Ich glaube, auch an dieser Stelle haben wir keinen Dissens. Ich habe vom Kollegen gerade nicht die großen Vorschläge gehört, was alles anders gemacht werden soll. Die Stoßrichtung ist klar, die Aufgabe ist klar. Packen wir es an, die einen möglicherweise in der Regierung, die anderen wahrscheinlich in der Opposition.
6-1	3584-3587	Der	_	_	
6-2	3588-3592	eine	_	_	
6-3	3593-3597	oder	_	_	
6-4	3598-3604	andere	_	B	
6-5	3605-3608	mag	_	_	
6-6	3609-3618	gelächelt	_	_	
6-7	3619-3624	haben	_	_	
6-8	3624-3625	,	_	_	
6-9	3626-3629	als	_	_	
6-10	3630-3632	er	_	B	
6-11	3633-3637	dies	_	B	
6-12	3638-3640	im	_	_	
6-13	3641-3658	Koalitionsvertrag	_	B	
6-14	3659-3666	gelesen	_	_	
6-15	3667-3670	hat	_	_	
6-16	3670-3671	.	_	_	
6-17	3672-3676	Aber	_	_	
6-18	3677-3680	ich	Animated	B	
6-19	3681-3686	finde	_	_	
6-20	3687-3689	es	_	B	
6-21	3690-3694	auch	_	_	
6-22	3695-3702	richtig	_	_	
6-23	3702-3703	,	_	_	
6-24	3704-3708	dass	_	_	
6-25	3709-3712	wir	Animated	B	
6-26	3713-3715	es	_	B	
6-27	3716-3727	ermöglichen	_	_	
6-28	3727-3728	,	_	_	
6-29	3729-3732	mit	_	_	
6-30	3733-3738	einer	_	B	
6-31	3739-3742	App	_	I	
6-32	3743-3748	weiße	_	B	
6-33	3749-3756	Flecken	_	I	
6-34	3757-3759	zu	_	_	
6-35	3760-3766	melden	_	_	
6-36	3766-3767	.	_	_	
6-37	3768-3771	Wir	Animated	B	
6-38	3772-3777	haben	_	_	
6-39	3778-3785	gestern	_	_	
6-40	3786-3788	im	_	_	
6-41	3789-3798	Ausschuss	_	B	
6-42	3799-3802	mit	_	_	
6-43	3803-3806	der	Animated[15]	B	
6-44	3807-3824	Bundesnetzagentur	Animated[15]	I	
6-45	3825-3832	darüber	_	_	
6-46	3833-3843	diskutiert	_	_	
6-47	3843-3844	.	_	_	
6-48	3845-3848	Mir	_	B	
6-49	3849-3852	ist	_	_	
6-50	3853-3855	es	_	B	
6-51	3856-3862	lieber	_	_	
6-52	3862-3863	,	_	_	
6-53	3864-3866	am	_	_	
6-54	3867-3871	Ende	_	B	
6-55	3872-3876	eine	_	B	
6-56	3877-3886	Datenlage	_	I	
6-57	3887-3889	zu	_	_	
6-58	3890-3895	haben	_	_	
6-59	3895-3896	,	_	_	
6-60	3897-3900	bei	_	_	
6-61	3901-3904	der	_	B	
6-62	3905-3908	ich	Animated	B	
6-63	3909-3923	nachvollziehen	_	_	
6-64	3924-3928	kann	_	_	
6-65	3928-3929	,	_	_	
6-66	3930-3935	woher	_	_	
6-67	3936-3939	sie	_	B	
6-68	3940-3945	kommt	_	_	
6-69	3945-3946	,	_	_	
6-70	3947-3950	als	_	_	
6-71	3951-3955	dass	_	_	
6-72	3956-3959	ich	Animated	B	
6-73	3960-3963	die	Animated[16]	B	
6-74	3964-3969	Katze	Animated[16]	I	
6-75	3970-3972	im	_	_	
6-76	3973-3977	Sack	_	B	
6-77	3978-3983	kaufe	_	_	
6-78	3983-3984	.	_	_	
6-79	3985-3988	Ich	Animated	B	
6-80	3989-3995	glaube	_	_	
6-81	3995-3996	,	_	_	
6-82	3997-4001	auch	_	_	
6-83	4002-4004	an	_	_	
6-84	4005-4011	dieser	_	B	
6-85	4012-4018	Stelle	_	I	
6-86	4019-4024	haben	_	_	
6-87	4025-4028	wir	Animated	B	
6-88	4029-4035	keinen	_	B	
6-89	4036-4043	Dissens	_	I	
6-90	4043-4044	.	_	_	
6-91	4045-4048	Ich	Animated	B	
6-92	4049-4053	habe	_	_	
6-93	4054-4057	vom	_	_	
6-94	4058-4066	Kollegen	Animated	B	
6-95	4067-4073	gerade	_	_	
6-96	4074-4079	nicht	_	_	
6-97	4080-4083	die	_	B	
6-98	4084-4090	großen	_	I	
6-99	4091-4101	Vorschläge	_	I	
6-100	4102-4108	gehört	_	_	
6-101	4108-4109	,	_	_	
6-102	4110-4113	was	_	B	
6-103	4114-4119	alles	_	B	
6-104	4120-4126	anders	_	_	
6-105	4127-4134	gemacht	_	_	
6-106	4135-4141	werden	_	_	
6-107	4142-4146	soll	_	_	
6-108	4146-4147	.	_	_	
6-109	4148-4151	Die	_	B	
6-110	4152-4164	Stoßrichtung	_	I	
6-111	4165-4168	ist	_	_	
6-112	4169-4173	klar	_	_	
6-113	4173-4174	,	_	_	
6-114	4175-4178	die	_	B	
6-115	4179-4186	Aufgabe	_	I	
6-116	4187-4190	ist	_	_	
6-117	4191-4195	klar	_	_	
6-118	4195-4196	.	_	_	
6-119	4197-4203	Packen	_	_	
6-120	4204-4207	wir	Animated	B	
6-121	4208-4210	es	_	B	
6-122	4211-4213	an	_	_	
6-123	4213-4214	,	_	_	
6-124	4215-4218	die	_	B	
6-125	4219-4224	einen	_	_	
6-126	4225-4239	möglicherweise	_	_	
6-127	4240-4242	in	_	_	
6-128	4243-4246	der	Animated[17]	B	
6-129	4247-4256	Regierung	Animated[17]	I	
6-130	4256-4257	,	_	_	
6-131	4258-4261	die	_	B	
6-132	4262-4269	anderen	_	_	
6-133	4270-4284	wahrscheinlich	_	_	
6-134	4285-4287	in	_	_	
6-135	4288-4291	der	Animated[18]	B	
6-136	4292-4302	Opposition	Animated[18]	I	
6-137	4302-4303	.	_	_	

#Text=Vielen Dank.
7-1	4324-4330	Vielen	_	_	
7-2	4331-4335	Dank	_	_	
7-3	4335-4336	.	_	_	

#Text=Zu seiner ersten Rede erteile ich dem Kollegen Matthias Büttner von der AfD-Fraktion das Wort.
8-1	4338-4340	Zu	_	_	
8-2	4341-4347	seiner	_	B	
8-3	4348-4354	ersten	_	I	
8-4	4355-4359	Rede	_	I	
8-5	4360-4367	erteile	_	_	
8-6	4368-4371	ich	Animated	B	
8-7	4372-4375	dem	Animated[19]	B	
8-8	4376-4384	Kollegen	Animated[19]	I	
8-9	4385-4393	Matthias	Animated[19]	I	
8-10	4394-4401	Büttner	Animated[19]	I	
8-11	4402-4405	von	_	_	
8-12	4406-4409	der	Animated[20]	B	
8-13	4410-4422	AfD-Fraktion	Animated[20]	I	
8-14	4423-4426	das	_	B	
8-15	4427-4431	Wort	_	I	
8-16	4431-4432	.	_	_	
