#FORMAT=WebAnno TSV 3.3
#T_SP=webanno.custom.Animacy|Animated
#T_SP=webanno.custom.CustomChunk|Chunk


#Text=Herzlichen Dank. – Guten Tag, Frau Ministerin! – Die Fragen, die gerade gestellt wurden, aber auch Ihre Antworten gehen vor allen Dingen in die Richtung, dass man schaut, was die Verbraucherinnen und Verbraucher tun können, um weniger Lebensmittel wegzuwerfen.
1-1	0-10	Herzlichen	_	B	
1-2	11-15	Dank	_	I	
1-3	15-16	.	_	_	
1-4	17-18	–	_	B	
1-5	19-24	Guten	_	I	
1-6	25-28	Tag	_	I	
1-7	28-29	,	_	_	
1-8	30-34	Frau	Animated[1]	B	
1-9	35-45	Ministerin	Animated[1]	I	
1-10	45-46	!	_	_	
1-11	47-48	–	_	B	
1-12	49-52	Die	_	I	
1-13	53-59	Fragen	_	I	
1-14	59-60	,	_	_	
1-15	61-64	die	_	B	
1-16	65-71	gerade	_	_	
1-17	72-80	gestellt	_	_	
1-18	81-87	wurden	_	_	
1-19	87-88	,	_	_	
1-20	89-93	aber	_	_	
1-21	94-98	auch	_	B	
1-22	99-103	Ihre	_	I	
1-23	104-113	Antworten	_	I	
1-24	114-119	gehen	_	_	
1-25	120-123	vor	_	_	
1-26	124-129	allen	_	B	
1-27	130-136	Dingen	_	I	
1-28	137-139	in	_	_	
1-29	140-143	die	_	B	
1-30	144-152	Richtung	_	I	
1-31	152-153	,	_	_	
1-32	154-158	dass	_	_	
1-33	159-162	man	Animated	B	
1-34	163-169	schaut	_	_	
1-35	169-170	,	_	_	
1-36	171-174	was	_	B	
1-37	175-178	die	Animated[2]	B	
1-38	179-195	Verbraucherinnen	Animated[2]	I	
1-39	196-199	und	_	_	
1-40	200-211	Verbraucher	Animated	B	
1-41	212-215	tun	_	_	
1-42	216-222	können	_	_	
1-43	222-223	,	_	_	
1-44	224-226	um	_	_	
1-45	227-234	weniger	_	B	
1-46	235-247	Lebensmittel	_	I	
1-47	248-259	wegzuwerfen	_	_	
1-48	259-260	.	_	_	

#Text=Ich möchte mal einen Blick auf den Einzelhandel werfen. Wir haben die Situation, dass viele Landwirtinnen und Landwirte, gerade die kleinen und mittleren bäuerlichen Betriebe, sehr stark unter dem extremen Preisdruck des Lebensmitteleinzelhandels leiden. Der Lebensmitteleinzelhandel preist das, was weggeworfen wird, mit ein. Das heißt, es gibt ein systematisches Problem. Werden Sie in Ihrer Erwägung zur Reduktionsstrategie dieses systematische Problem angehen und vor allen Dingen auf die Frage eingehen, wie es sein kann, dass auf der einen Seite die Preise immer mehr gedrückt werden und dass auf der anderen Seite der Lebensmitteleinzelhandel in großen Mengen wegwirft? Man könnte, wenn weniger eingekauft wird, den Erzeugern höhere Preise zahlen, sogar ohne dass es für die Verbraucherinnen und Verbraucher teurer würde.
2-1	270-273	Ich	Animated	B	
2-2	274-280	möchte	_	_	
2-3	281-284	mal	_	_	
2-4	285-290	einen	_	B	
2-5	291-296	Blick	_	I	
2-6	297-300	auf	_	_	
2-7	301-304	den	_	B	
2-8	305-317	Einzelhandel	_	I	
2-9	318-324	werfen	_	_	
2-10	324-325	.	_	_	
2-11	326-329	Wir	Animated	B	
2-12	330-335	haben	_	_	
2-13	336-339	die	_	B	
2-14	340-349	Situation	_	I	
2-15	349-350	,	_	_	
2-16	351-355	dass	_	_	
2-17	356-361	viele	Animated[3]	B	
2-18	362-375	Landwirtinnen	Animated[3]	I	
2-19	376-379	und	_	_	
2-20	380-389	Landwirte	Animated	B	
2-21	389-390	,	_	_	
2-22	391-397	gerade	Animated[4]	B	
2-23	398-401	die	Animated[4]	I	
2-24	402-409	kleinen	Animated[4]	I	
2-25	410-413	und	Animated[4]	I	
2-26	414-423	mittleren	Animated[4]	I	
2-27	424-435	bäuerlichen	Animated[4]	I	
2-28	436-444	Betriebe	Animated[4]	I	
2-29	444-445	,	_	_	
2-30	446-450	sehr	_	_	
2-31	451-456	stark	_	_	
2-32	457-462	unter	_	_	
2-33	463-466	dem	_	B	
2-34	467-475	extremen	_	I	
2-35	476-486	Preisdruck	_	I	
2-36	487-490	des	Animated[5]	B	
2-37	491-516	Lebensmitteleinzelhandels	Animated[5]	I	
2-38	517-523	leiden	_	_	
2-39	523-524	.	_	_	
2-40	525-528	Der	_	B	
2-41	529-553	Lebensmitteleinzelhandel	_	I	
2-42	554-560	preist	_	_	
2-43	561-564	das	_	B	
2-44	564-565	,	_	_	
2-45	566-569	was	_	B	
2-46	570-581	weggeworfen	_	_	
2-47	582-586	wird	_	_	
2-48	586-587	,	_	_	
2-49	588-591	mit	_	_	
2-50	592-595	ein	_	_	
2-51	595-596	.	_	_	
2-52	597-600	Das	_	B	
2-53	601-606	heißt	_	_	
2-54	606-607	,	_	_	
2-55	608-610	es	_	_	
2-56	611-615	gibt	_	_	
2-57	616-619	ein	_	B	
2-58	620-634	systematisches	_	I	
2-59	635-642	Problem	_	I	
2-60	642-643	.	_	_	
2-61	644-650	Werden	_	_	
2-62	651-654	Sie	_	B	
2-63	655-657	in	_	_	
2-64	658-663	Ihrer	_	B	
2-65	664-672	Erwägung	_	I	
2-66	673-676	zur	_	_	
2-67	677-696	Reduktionsstrategie	_	B	
2-68	697-703	dieses	_	B	
2-69	704-717	systematische	_	I	
2-70	718-725	Problem	_	I	
2-71	726-733	angehen	_	_	
2-72	734-737	und	_	_	
2-73	738-741	vor	_	_	
2-74	742-747	allen	_	B	
2-75	748-754	Dingen	_	I	
2-76	755-758	auf	_	_	
2-77	759-762	die	_	B	
2-78	763-768	Frage	_	I	
2-79	769-777	eingehen	_	_	
2-80	777-778	,	_	_	
2-81	779-782	wie	_	_	
2-82	783-785	es	_	B	
2-83	786-790	sein	_	_	
2-84	791-795	kann	_	_	
2-85	795-796	,	_	_	
2-86	797-801	dass	_	_	
2-87	802-805	auf	_	_	
2-88	806-809	der	_	B	
2-89	810-815	einen	_	I	
2-90	816-821	Seite	_	I	
2-91	822-825	die	_	B	
2-92	826-832	Preise	_	I	
2-93	833-838	immer	_	_	
2-94	839-843	mehr	_	_	
2-95	844-852	gedrückt	_	_	
2-96	853-859	werden	_	_	
2-97	860-863	und	_	_	
2-98	864-868	dass	_	_	
2-99	869-872	auf	_	_	
2-100	873-876	der	_	B	
2-101	877-884	anderen	_	I	
2-102	885-890	Seite	_	I	
2-103	891-894	der	Animated[6]	B	
2-104	895-919	Lebensmitteleinzelhandel	Animated[6]	I	
2-105	920-922	in	_	_	
2-106	923-929	großen	_	B	
2-107	930-936	Mengen	_	I	
2-108	937-945	wegwirft	_	_	
2-109	945-946	?	_	_	
2-110	947-950	Man	Animated	B	
2-111	951-957	könnte	_	_	
2-112	957-958	,	_	_	
2-113	959-963	wenn	_	_	
2-114	964-971	weniger	_	B	
2-115	972-982	eingekauft	_	_	
2-116	983-987	wird	_	_	
2-117	987-988	,	_	_	
2-118	989-992	den	Animated[7]	B	
2-119	993-1002	Erzeugern	Animated[7]	I	
2-120	1003-1009	höhere	_	B	
2-121	1010-1016	Preise	_	I	
2-122	1017-1023	zahlen	_	_	
2-123	1023-1024	,	_	_	
2-124	1025-1030	sogar	_	_	
2-125	1031-1035	ohne	_	_	
2-126	1036-1040	dass	_	_	
2-127	1041-1043	es	_	_	
2-128	1044-1047	für	_	_	
2-129	1048-1051	die	Animated[8]	B	
2-130	1052-1068	Verbraucherinnen	Animated[8]	I	
2-131	1069-1072	und	_	_	
2-132	1073-1084	Verbraucher	Animated	B	
2-133	1085-1091	teurer	_	_	
2-134	1092-1097	würde	_	_	
2-135	1097-1098	.	_	_	
