#FORMAT=WebAnno TSV 3.3
#T_SP=webanno.custom.Animacy|Animated
#T_SP=webanno.custom.CustomChunk|Chunk


#Text=Herr Präsident! Meine Damen und Herren! Jeden Tag werden in Deutschland drei antimuslimische Straftaten angezeigt. Jeden zweiten Tag gibt es einen Angriff auf eine Moschee oder einen muslimischen Repräsentanten.
1-1	0-4	Herr	Animated[1]	B	
1-2	5-14	Präsident	Animated[1]	I	
1-3	14-15	!	_	_	
1-4	16-21	Meine	Animated[2]	B	
1-5	22-27	Damen	Animated[2]	I	
1-6	28-31	und	_	_	
1-7	32-38	Herren	Animated	B	
1-8	38-39	!	_	_	
1-9	40-45	Jeden	_	B	
1-10	46-49	Tag	_	I	
1-11	50-56	werden	_	_	
1-12	57-59	in	_	_	
1-13	60-71	Deutschland	_	B	
1-14	72-76	drei	_	B	
1-15	77-92	antimuslimische	_	I	
1-16	93-103	Straftaten	_	I	
1-17	104-113	angezeigt	_	_	
1-18	113-114	.	_	_	
1-19	115-120	Jeden	_	B	
1-20	121-128	zweiten	_	I	
1-21	129-132	Tag	_	I	
1-22	133-137	gibt	_	_	
1-23	138-140	es	_	_	
1-24	141-146	einen	_	B	
1-25	147-154	Angriff	_	I	
1-26	155-158	auf	_	_	
1-27	159-163	eine	_	B	
1-28	164-171	Moschee	_	I	
1-29	172-176	oder	_	_	
1-30	177-182	einen	Animated[3]	B	
1-31	183-195	muslimischen	Animated[3]	I	
1-32	196-210	Repräsentanten	Animated[3]	I	
1-33	210-211	.	_	_	

#Text=Die Straftaten gegen Muslime und Musliminnen werden immer gewalttätiger. Das zeigt die Antwort der Bundesregierung auf die Große Anfrage der Linksfraktion. Diese Entwicklung ist alarmierend, und die Dunkelziffer ist laut Experten enorm.
2-1	216-219	Die	_	B	
2-2	220-230	Straftaten	_	I	
2-3	231-236	gegen	_	_	
2-4	237-244	Muslime	Animated	B	
2-5	245-248	und	_	_	
2-6	249-260	Musliminnen	Animated	B	
2-7	261-267	werden	_	_	
2-8	268-273	immer	_	_	
2-9	274-287	gewalttätiger	_	_	
2-10	287-288	.	_	_	
2-11	289-292	Das	_	B	
2-12	293-298	zeigt	_	_	
2-13	299-302	die	_	B	
2-14	303-310	Antwort	_	I	
2-15	311-314	der	Animated[4]	B	
2-16	315-330	Bundesregierung	Animated[4]	I	
2-17	331-334	auf	_	_	
2-18	335-338	die	_	B	
2-19	339-344	Große	_	I	
2-20	345-352	Anfrage	_	I	
2-21	353-356	der	Animated[5]	B	
2-22	357-370	Linksfraktion	Animated[5]	I	
2-23	370-371	.	_	_	
2-24	372-377	Diese	_	B	
2-25	378-389	Entwicklung	_	I	
2-26	390-393	ist	_	_	
2-27	394-405	alarmierend	_	_	
2-28	405-406	,	_	_	
2-29	407-410	und	_	_	
2-30	411-414	die	_	B	
2-31	415-427	Dunkelziffer	_	I	
2-32	428-431	ist	_	_	
2-33	432-436	laut	_	_	
2-34	437-445	Experten	Animated	B	
2-35	446-451	enorm	_	_	
2-36	451-452	.	_	_	

#Text=Hinter diesen Zahlen stehen Menschen: zum Beispiel die junge Frau aus Groß-Gerau, die letztes Jahr wegen ihres Kopftuches an einer Bushaltestelle rassistisch angegriffen wurde – und der niemand half –, oder der Wolfsburger Imam, der vor gerade einmal zwei Wochen Morddrohungen erhielt. Und dass sie auch vor Mord nicht zurückschrecken, zeigt der hinterhältige Mord an dem jungen Mann in einem Dönerimbiss in Halle, den der rechte Attentäter nach seinem Angriff auf die Synagoge erschoss.
3-1	457-463	Hinter	_	_	
3-2	464-470	diesen	_	B	
3-3	471-477	Zahlen	_	I	
3-4	478-484	stehen	_	_	
3-5	485-493	Menschen	Animated	B	
3-6	493-494	:	_	_	
3-7	495-498	zum	_	_	
3-8	499-507	Beispiel	_	B	
3-9	508-511	die	_	_	
3-10	512-517	junge	_	_	
3-11	518-522	Frau	_	_	
3-12	523-526	aus	_	_	
3-13	527-537	Groß-Gerau	_	B	
3-14	537-538	,	_	_	
3-15	539-542	die	_	B	
3-16	543-550	letztes	_	I	
3-17	551-555	Jahr	_	I	
3-18	556-561	wegen	_	_	
3-19	562-567	ihres	_	B	
3-20	568-578	Kopftuches	_	I	
3-21	579-581	an	_	_	
3-22	582-587	einer	_	B	
3-23	588-602	Bushaltestelle	_	I	
3-24	603-614	rassistisch	_	_	
3-25	615-626	angegriffen	_	_	
3-26	627-632	wurde	_	_	
3-27	633-634	–	_	_	
3-28	635-638	und	_	_	
3-29	639-642	der	Animated[6]	B	
3-30	643-650	niemand	Animated[6]	I	
3-31	651-655	half	_	_	
3-32	656-657	–	_	_	
3-33	657-658	,	_	_	
3-34	659-663	oder	_	_	
3-35	664-667	der	Animated[7]	B	
3-36	668-679	Wolfsburger	Animated[7]	I	
3-37	680-684	Imam	Animated[7]	I	
3-38	684-685	,	_	_	
3-39	686-689	der	_	B	
3-40	690-693	vor	_	_	
3-41	694-700	gerade	_	B	
3-42	701-707	einmal	_	I	
3-43	708-712	zwei	_	I	
3-44	713-719	Wochen	_	I	
3-45	720-733	Morddrohungen	_	B	
3-46	734-741	erhielt	_	_	
3-47	741-742	.	_	_	
3-48	743-746	Und	_	_	
3-49	747-751	dass	_	_	
3-50	752-755	sie	_	B	
3-51	756-760	auch	_	_	
3-52	761-764	vor	_	_	
3-53	765-769	Mord	_	B	
3-54	770-775	nicht	_	_	
3-55	776-791	zurückschrecken	_	_	
3-56	791-792	,	_	_	
3-57	793-798	zeigt	_	_	
3-58	799-802	der	_	B	
3-59	803-816	hinterhältige	_	I	
3-60	817-821	Mord	_	I	
3-61	822-824	an	_	_	
3-62	825-828	dem	Animated[8]	B	
3-63	829-835	jungen	Animated[8]	I	
3-64	836-840	Mann	Animated[8]	I	
3-65	841-843	in	_	_	
3-66	844-849	einem	_	B	
3-67	850-861	Dönerimbiss	_	I	
3-68	862-864	in	_	_	
3-69	865-870	Halle	_	B	
3-70	870-871	,	_	_	
3-71	872-875	den	_	B	
3-72	876-879	der	Animated[9]	B	
3-73	880-886	rechte	Animated[9]	I	
3-74	887-897	Attentäter	Animated[9]	I	
3-75	898-902	nach	_	_	
3-76	903-909	seinem	_	B	
3-77	910-917	Angriff	_	I	
3-78	918-921	auf	_	_	
3-79	922-925	die	_	B	
3-80	926-934	Synagoge	_	I	
3-81	935-943	erschoss	_	_	
3-82	943-944	.	_	_	

#Text=Hass gegen Muslime ist ein zentrales Motiv der rechten Terroristen. Angestachelt werden sie von den geistigen Brandstiftern der AfD. Wenn Frau Weidel hier von – Zitat – „Kopftuchmädchen“ und – Zitat – „Messermännern“ spricht, schürt sie den Hass gegen Muslime.
4-1	953-957	Hass	_	B	
4-2	958-963	gegen	_	_	
4-3	964-971	Muslime	Animated	B	
4-4	972-975	ist	_	_	
4-5	976-979	ein	_	B	
4-6	980-989	zentrales	_	I	
4-7	990-995	Motiv	_	I	
4-8	996-999	der	Animated[10]	B	
4-9	1000-1007	rechten	Animated[10]	I	
4-10	1008-1019	Terroristen	Animated[10]	I	
4-11	1019-1020	.	_	_	
4-12	1021-1033	Angestachelt	_	_	
4-13	1034-1040	werden	_	_	
4-14	1041-1044	sie	_	B	
4-15	1045-1048	von	_	_	
4-16	1049-1052	den	Animated[11]	B	
4-17	1053-1062	geistigen	Animated[11]	I	
4-18	1063-1076	Brandstiftern	Animated[11]	I	
4-19	1077-1080	der	Animated[12]	B	
4-20	1081-1085	AfD.	Animated[12]	I	
4-21	1086-1090	Wenn	_	_	
4-22	1091-1095	Frau	Animated[13]	B	
4-23	1096-1102	Weidel	Animated[13]	I	
4-24	1103-1107	hier	_	_	
4-25	1108-1111	von	_	_	
4-26	1112-1113	–	_	B	
4-27	1114-1119	Zitat	_	I	
4-28	1120-1121	–	_	_	
4-29	1122-1123	„	_	B	
4-30	1123-1138	Kopftuchmädchen	_	I	
4-31	1138-1139	“	_	_	
4-32	1140-1143	und	_	_	
4-33	1144-1145	–	_	_	
4-34	1146-1151	Zitat	_	_	
4-35	1152-1153	–	_	_	
4-36	1154-1155	„	_	B	
4-37	1155-1168	Messermännern	_	I	
4-38	1168-1169	“	_	_	
4-39	1170-1177	spricht	_	_	
4-40	1177-1178	,	_	_	
4-41	1179-1185	schürt	_	_	
4-42	1186-1189	sie	_	B	
4-43	1190-1193	den	_	B	
4-44	1194-1198	Hass	_	I	
4-45	1199-1204	gegen	_	_	
4-46	1205-1212	Muslime	Animated	B	
4-47	1212-1213	.	_	_	

#Text=Aber antimuslimische Einstellungen werden leider auch von staatlicher Seite gestützt. Immer wieder nähren Polizei und Verfassungsschutz Vorurteile, zuletzt bei den stigmatisierenden Razzien von Dutzenden schwerbewaffneter Polizisten in Berliner Moscheen wegen angeblich falscher Beantragung von Coronahilfen. Hier wurden ganze Gemeinden unter Generalverdacht gestellt, wie mir der in Religionsgemeinschaften und Zivilgesellschaft hochgeschätzte Imam der Dar-As-Salam-Moschee, Taha Sabri, bestätigte. Eine befreundete Pastorin sagte mir, sie könne sich nicht vorstellen, dass Dutzende Polizisten wegen des Verdachts auf falsch beantragte Coronahilfen eine Kirche stürmen würden.
5-1	1221-1225	Aber	_	_	
5-2	1226-1241	antimuslimische	_	B	
5-3	1242-1255	Einstellungen	_	I	
5-4	1256-1262	werden	_	_	
5-5	1263-1269	leider	_	_	
5-6	1270-1274	auch	_	_	
5-7	1275-1278	von	_	_	
5-8	1279-1290	staatlicher	_	B	
5-9	1291-1296	Seite	_	I	
5-10	1297-1305	gestützt	_	_	
5-11	1305-1306	.	_	_	
5-12	1307-1312	Immer	_	_	
5-13	1313-1319	wieder	_	_	
5-14	1320-1326	nähren	_	_	
5-15	1327-1334	Polizei	Animated	B	
5-16	1335-1338	und	_	_	
5-17	1339-1356	Verfassungsschutz	Animated	B	
5-18	1357-1367	Vorurteile	_	B	
5-19	1367-1368	,	_	_	
5-20	1369-1376	zuletzt	_	_	
5-21	1377-1380	bei	_	_	
5-22	1381-1384	den	_	B	
5-23	1385-1402	stigmatisierenden	_	I	
5-24	1403-1410	Razzien	_	I	
5-25	1411-1414	von	_	_	
5-26	1415-1424	Dutzenden	_	B	
5-27	1425-1442	schwerbewaffneter	Animated[14]	B	
5-28	1443-1453	Polizisten	Animated[14]	I	
5-29	1454-1456	in	_	_	
5-30	1457-1465	Berliner	_	B	
5-31	1466-1474	Moscheen	_	I	
5-32	1475-1480	wegen	_	_	
5-33	1481-1490	angeblich	_	B	
5-34	1491-1499	falscher	_	I	
5-35	1500-1511	Beantragung	_	I	
5-36	1512-1515	von	_	_	
5-37	1516-1528	Coronahilfen	_	B	
5-38	1528-1529	.	_	_	
5-39	1530-1534	Hier	_	_	
5-40	1535-1541	wurden	_	_	
5-41	1542-1547	ganze	Animated[15]	B	
5-42	1548-1557	Gemeinden	Animated[15]	I	
5-43	1558-1563	unter	_	_	
5-44	1564-1579	Generalverdacht	_	B	
5-45	1580-1588	gestellt	_	_	
5-46	1588-1589	,	_	_	
5-47	1590-1593	wie	_	_	
5-48	1594-1597	mir	_	B	
5-49	1598-1601	der	_	_	
5-50	1602-1604	in	_	_	
5-51	1605-1628	Religionsgemeinschaften	Animated	B	
5-52	1629-1632	und	_	_	
5-53	1633-1650	Zivilgesellschaft	Animated	B	
5-54	1651-1665	hochgeschätzte	_	_	
5-55	1666-1670	Imam	_	_	
5-56	1671-1674	der	_	B	
5-57	1675-1695	Dar-As-Salam-Moschee	_	I	
5-58	1695-1696	,	_	_	
5-59	1697-1701	Taha	Animated[16]	B	
5-60	1702-1707	Sabri	Animated[16]	I	
5-61	1707-1708	,	_	_	
5-62	1709-1719	bestätigte	_	_	
5-63	1719-1720	.	_	_	
5-64	1721-1725	Eine	Animated[17]	B	
5-65	1726-1737	befreundete	Animated[17]	I	
5-66	1738-1746	Pastorin	Animated[17]	I	
5-67	1747-1752	sagte	_	_	
5-68	1753-1756	mir	_	B	
5-69	1756-1757	,	_	_	
5-70	1758-1761	sie	_	B	
5-71	1762-1767	könne	_	_	
5-72	1768-1772	sich	_	B	
5-73	1773-1778	nicht	_	_	
5-74	1779-1789	vorstellen	_	_	
5-75	1789-1790	,	_	_	
5-76	1791-1795	dass	_	_	
5-77	1796-1804	Dutzende	Animated[18]	B	
5-78	1805-1815	Polizisten	Animated[18]	I	
5-79	1816-1821	wegen	_	_	
5-80	1822-1825	des	_	B	
5-81	1826-1835	Verdachts	_	I	
5-82	1836-1839	auf	_	_	
5-83	1840-1846	falsch	_	B	
5-84	1847-1857	beantragte	_	I	
5-85	1858-1870	Coronahilfen	_	I	
5-86	1871-1875	eine	_	B	
5-87	1876-1882	Kirche	_	I	
5-88	1883-1890	stürmen	_	_	
5-89	1891-1897	würden	_	_	
5-90	1897-1898	.	_	_	

#Text=Hinzu kommt die Diskriminierung im Alltag. Wer einen türkischen oder arabischen Namen trägt, hat Schwierigkeiten, eine Wohnung oder Arbeit zu finden. Besonders häufig trifft es Frauen, die Kopftuch tragen. Ein Beispiel: Eine bosnische Muslimin wird für ihre Probearbeit in einer Münchner Bäckerei gelobt, dann aber nicht eingestellt, da sie als – Zitat – „kopftuchtragende Türkin“ einen ungebildeten Eindruck hinterlasse.
6-1	1909-1914	Hinzu	_	_	
6-2	1915-1920	kommt	_	_	
6-3	1921-1924	die	_	B	
6-4	1925-1940	Diskriminierung	_	I	
6-5	1941-1943	im	_	_	
6-6	1944-1950	Alltag	_	B	
6-7	1950-1951	.	_	_	
6-8	1952-1955	Wer	_	B	
6-9	1956-1961	einen	_	B	
6-10	1962-1972	türkischen	_	I	
6-11	1973-1977	oder	_	I	
6-12	1978-1988	arabischen	_	I	
6-13	1989-1994	Namen	_	I	
6-14	1995-2000	trägt	_	_	
6-15	2000-2001	,	_	_	
6-16	2002-2005	hat	_	_	
6-17	2006-2021	Schwierigkeiten	_	B	
6-18	2021-2022	,	_	_	
6-19	2023-2027	eine	_	B	
6-20	2028-2035	Wohnung	_	I	
6-21	2036-2040	oder	_	_	
6-22	2041-2047	Arbeit	_	B	
6-23	2048-2050	zu	_	_	
6-24	2051-2057	finden	_	_	
6-25	2057-2058	.	_	_	
6-26	2059-2068	Besonders	_	_	
6-27	2069-2075	häufig	_	_	
6-28	2076-2082	trifft	_	_	
6-29	2083-2085	es	_	B	
6-30	2086-2092	Frauen	Animated	B	
6-31	2092-2093	,	_	_	
6-32	2094-2097	die	_	B	
6-33	2098-2106	Kopftuch	_	B	
6-34	2107-2113	tragen	_	_	
6-35	2113-2114	.	_	_	
6-36	2115-2118	Ein	_	B	
6-37	2119-2127	Beispiel	_	I	
6-38	2127-2128	:	_	_	
6-39	2129-2133	Eine	Animated[19]	B	
6-40	2134-2143	bosnische	Animated[19]	I	
6-41	2144-2152	Muslimin	Animated[19]	I	
6-42	2153-2157	wird	_	_	
6-43	2158-2161	für	_	_	
6-44	2162-2166	ihre	_	B	
6-45	2167-2178	Probearbeit	_	I	
6-46	2179-2181	in	_	_	
6-47	2182-2187	einer	_	B	
6-48	2188-2196	Münchner	_	I	
6-49	2197-2205	Bäckerei	_	I	
6-50	2206-2212	gelobt	_	_	
6-51	2212-2213	,	_	_	
6-52	2214-2218	dann	_	_	
6-53	2219-2223	aber	_	_	
6-54	2224-2229	nicht	_	_	
6-55	2230-2241	eingestellt	_	_	
6-56	2241-2242	,	_	_	
6-57	2243-2245	da	_	_	
6-58	2246-2249	sie	_	B	
6-59	2250-2253	als	_	_	
6-60	2254-2255	–	_	B	
6-61	2256-2261	Zitat	_	I	
6-62	2262-2263	–	_	_	
6-63	2264-2265	„	_	_	
6-64	2265-2281	kopftuchtragende	_	_	
6-65	2282-2288	Türkin	_	_	
6-66	2288-2289	“	_	_	
6-67	2290-2295	einen	_	B	
6-68	2296-2308	ungebildeten	_	I	
6-69	2309-2317	Eindruck	_	I	
6-70	2318-2329	hinterlasse	_	_	
6-71	2329-2330	.	_	_	

#Text=Wir sagen ganz klar: Niemand darf wegen seiner Religion benachteiligt werden!
7-1	2343-2346	Wir	Animated	B	
7-2	2347-2352	sagen	_	_	
7-3	2353-2357	ganz	_	_	
7-4	2358-2362	klar	_	_	
7-5	2362-2363	:	_	_	
7-6	2364-2371	Niemand	Animated	B	
7-7	2372-2376	darf	_	_	
7-8	2377-2382	wegen	_	_	
7-9	2383-2389	seiner	_	B	
7-10	2390-2398	Religion	_	I	
7-11	2399-2412	benachteiligt	_	_	
7-12	2413-2419	werden	_	_	
7-13	2419-2420	!	_	_	

#Text=Jede Form der staatlichen Diskriminierung muss beendet werden. Das betrifft anlasslose Polizeikontrollen ebenso wie Diskriminierung in staatlichen Institutionen. Die Linke fordert eine Reform des Antidiskriminierungsrechts. Und: Die Betroffenen brauchen mehr Beratungsstellen, an die sie sich wenden können.
8-1	2423-2427	Jede	_	B	
8-2	2428-2432	Form	_	I	
8-3	2433-2436	der	_	B	
8-4	2437-2448	staatlichen	_	I	
8-5	2449-2464	Diskriminierung	_	I	
8-6	2465-2469	muss	_	_	
8-7	2470-2477	beendet	_	_	
8-8	2478-2484	werden	_	_	
8-9	2484-2485	.	_	_	
8-10	2486-2489	Das	_	B	
8-11	2490-2498	betrifft	_	_	
8-12	2499-2509	anlasslose	_	B	
8-13	2510-2527	Polizeikontrollen	_	I	
8-14	2528-2534	ebenso	_	_	
8-15	2535-2538	wie	_	_	
8-16	2539-2554	Diskriminierung	_	_	
8-17	2555-2557	in	_	_	
8-18	2558-2569	staatlichen	Animated[20]	B	
8-19	2570-2583	Institutionen	Animated[20]	I	
8-20	2583-2584	.	_	_	
8-21	2585-2588	Die	Animated[21]	B	
8-22	2589-2594	Linke	Animated[21]	I	
8-23	2595-2602	fordert	_	_	
8-24	2603-2607	eine	_	B	
8-25	2608-2614	Reform	_	I	
8-26	2615-2618	des	_	B	
8-27	2619-2645	Antidiskriminierungsrechts	_	I	
8-28	2645-2646	.	_	_	
8-29	2647-2650	Und	_	_	
8-30	2650-2651	:	_	_	
8-31	2652-2655	Die	Animated[22]	B	
8-32	2656-2667	Betroffenen	Animated[22]	I	
8-33	2668-2676	brauchen	_	_	
8-34	2677-2681	mehr	_	B	
8-35	2682-2698	Beratungsstellen	_	I	
8-36	2698-2699	,	_	_	
8-37	2700-2702	an	_	_	
8-38	2703-2706	die	_	B	
8-39	2707-2710	sie	_	B	
8-40	2711-2715	sich	_	B	
8-41	2716-2722	wenden	_	_	
8-42	2723-2729	können	_	_	
8-43	2729-2730	.	_	_	

#Text=Muslimische Religionsgemeinschaften sind gegenüber anderen in ihren Rechten und Aufgaben benachteiligt. Wir fordern die Bundesregierung auf, gemeinsam mit den Ländern darauf hinzuwirken, Vereinbarungen zur Anerkennung von muslimischen Religionsgemeinschaften voranzubringen.
9-1	2737-2748	Muslimische	Animated[23]	B	
9-2	2749-2772	Religionsgemeinschaften	Animated[23]	I	
9-3	2773-2777	sind	_	_	
9-4	2778-2787	gegenüber	_	_	
9-5	2788-2795	anderen	_	B	
9-6	2796-2798	in	_	_	
9-7	2799-2804	ihren	_	B	
9-8	2805-2812	Rechten	_	I	
9-9	2813-2816	und	_	_	
9-10	2817-2825	Aufgaben	_	B	
9-11	2826-2839	benachteiligt	_	_	
9-12	2839-2840	.	_	_	
9-13	2841-2844	Wir	Animated	B	
9-14	2845-2852	fordern	_	_	
9-15	2853-2856	die	Animated[24]	B	
9-16	2857-2872	Bundesregierung	Animated[24]	I	
9-17	2873-2876	auf	_	_	
9-18	2876-2877	,	_	_	
9-19	2878-2887	gemeinsam	_	_	
9-20	2888-2891	mit	_	_	
9-21	2892-2895	den	Animated[25]	B	
9-22	2896-2903	Ländern	Animated[25]	I	
9-23	2904-2910	darauf	_	_	
9-24	2911-2922	hinzuwirken	_	_	
9-25	2922-2923	,	_	_	
9-26	2924-2938	Vereinbarungen	_	B	
9-27	2939-2942	zur	_	_	
9-28	2943-2954	Anerkennung	_	B	
9-29	2955-2958	von	_	_	
9-30	2959-2971	muslimischen	Animated[26]	B	
9-31	2972-2995	Religionsgemeinschaften	Animated[26]	I	
9-32	2996-3010	voranzubringen	_	_	
9-33	3010-3011	.	_	_	

#Text=Das Innenministerium hat nach dem Anschlag von Hanau, bei dem ein rechter Terrorist neun Menschen in zwei Shishabars ermordete, den Unabhängigen Expertenkreis Muslimfeindlichkeit einberufen. Das begrüßen wir. Um ihn zu stärken, fordert Die Linke, dass seine Handlungsempfehlungen nicht nur der Bundesregierung, sondern auch dem Bundestag vorgelegt werden.
10-1	3016-3019	Das	Animated[27]	B	
10-2	3020-3036	Innenministerium	Animated[27]	I	
10-3	3037-3040	hat	_	_	
10-4	3041-3045	nach	_	_	
10-5	3046-3049	dem	_	B	
10-6	3050-3058	Anschlag	_	I	
10-7	3059-3062	von	_	_	
10-8	3063-3068	Hanau	_	B	
10-9	3068-3069	,	_	_	
10-10	3070-3073	bei	_	_	
10-11	3074-3077	dem	_	B	
10-12	3078-3081	ein	Animated[28]	B	
10-13	3082-3089	rechter	Animated[28]	I	
10-14	3090-3099	Terrorist	Animated[28]	I	
10-15	3100-3104	neun	Animated[29]	B	
10-16	3105-3113	Menschen	Animated[29]	I	
10-17	3114-3116	in	_	_	
10-18	3117-3121	zwei	_	B	
10-19	3122-3132	Shishabars	_	I	
10-20	3133-3142	ermordete	_	_	
10-21	3142-3143	,	_	_	
10-22	3144-3147	den	_	B	
10-23	3148-3160	Unabhängigen	_	I	
10-24	3161-3174	Expertenkreis	_	I	
10-25	3175-3194	Muslimfeindlichkeit	_	I	
10-26	3195-3205	einberufen	_	_	
10-27	3205-3206	.	_	_	
10-28	3207-3210	Das	_	B	
10-29	3211-3219	begrüßen	_	_	
10-30	3220-3223	wir	Animated	B	
10-31	3223-3224	.	_	_	
10-32	3225-3227	Um	_	_	
10-33	3228-3231	ihn	_	B	
10-34	3232-3234	zu	_	_	
10-35	3235-3242	stärken	_	_	
10-36	3242-3243	,	_	_	
10-37	3244-3251	fordert	_	_	
10-38	3252-3255	Die	Animated[30]	B	
10-39	3256-3261	Linke	Animated[30]	I	
10-40	3261-3262	,	_	_	
10-41	3263-3267	dass	_	_	
10-42	3268-3273	seine	_	B	
10-43	3274-3295	Handlungsempfehlungen	_	I	
10-44	3296-3301	nicht	_	B	
10-45	3302-3305	nur	_	I	
10-46	3306-3309	der	Animated[31]	I	
10-47	3310-3325	Bundesregierung	Animated[31]	I	
10-48	3325-3326	,	_	_	
10-49	3327-3334	sondern	_	_	
10-50	3335-3339	auch	Animated[32]	B	
10-51	3340-3343	dem	Animated[32]	I	
10-52	3344-3353	Bundestag	Animated[32]	I	
10-53	3354-3363	vorgelegt	_	_	
10-54	3364-3370	werden	_	_	
10-55	3370-3371	.	_	_	

#Text=Meine Damen und Herren, ich komme zum Schluss. – Der Bundestag muss genauso wie die Zivilgesellschaft antimuslimischen Rassismus bekämpfen. Dazu braucht es auch eine gemeinsame Positionierung der demokratischen Fraktionen.
11-1	3380-3385	Meine	Animated[33]	B	
11-2	3386-3391	Damen	Animated[33]	I	
11-3	3392-3395	und	_	_	
11-4	3396-3402	Herren	Animated	B	
11-5	3402-3403	,	_	_	
11-6	3404-3407	ich	Animated	B	
11-7	3408-3413	komme	_	_	
11-8	3414-3417	zum	_	_	
11-9	3418-3425	Schluss	_	B	
11-10	3425-3426	.	_	_	
11-11	3427-3428	–	_	_	
11-12	3429-3432	Der	Animated[34]	B	
11-13	3433-3442	Bundestag	Animated[34]	I	
11-14	3443-3447	muss	_	_	
11-15	3448-3455	genauso	_	_	
11-16	3456-3459	wie	_	_	
11-17	3460-3463	die	_	_	
11-18	3464-3481	Zivilgesellschaft	_	_	
11-19	3482-3498	antimuslimischen	_	B	
11-20	3499-3508	Rassismus	_	I	
11-21	3509-3518	bekämpfen	_	_	
11-22	3518-3519	.	_	_	
11-23	3520-3524	Dazu	_	_	
11-24	3525-3532	braucht	_	_	
11-25	3533-3535	es	_	B	
11-26	3536-3540	auch	_	B	
11-27	3541-3545	eine	_	I	
11-28	3546-3556	gemeinsame	_	I	
11-29	3557-3571	Positionierung	_	I	
11-30	3572-3575	der	Animated[35]	B	
11-31	3576-3590	demokratischen	Animated[35]	I	
11-32	3591-3601	Fraktionen	Animated[35]	I	
11-33	3601-3602	.	_	_	

#Text=Dies wäre nicht nur ein wichtiges Signal an die Musliminnen und Muslime in diesem Land, sondern auch ein Zeichen der Solidarität gegen jede Form von Rassismus und Ausgrenzung.
12-1	3607-3611	Dies	_	B	
12-2	3612-3616	wäre	_	_	
12-3	3617-3622	nicht	_	B	
12-4	3623-3626	nur	_	I	
12-5	3627-3630	ein	_	I	
12-6	3631-3640	wichtiges	_	I	
12-7	3641-3647	Signal	_	I	
12-8	3648-3650	an	_	_	
12-9	3651-3654	die	Animated[36]	B	
12-10	3655-3666	Musliminnen	Animated[36]	I	
12-11	3667-3670	und	_	_	
12-12	3671-3678	Muslime	Animated	B	
12-13	3679-3681	in	_	_	
12-14	3682-3688	diesem	_	B	
12-15	3689-3693	Land	_	I	
12-16	3693-3694	,	_	_	
12-17	3695-3702	sondern	_	_	
12-18	3703-3707	auch	_	B	
12-19	3708-3711	ein	_	I	
12-20	3712-3719	Zeichen	_	I	
12-21	3720-3723	der	_	B	
12-22	3724-3735	Solidarität	_	I	
12-23	3736-3741	gegen	_	_	
12-24	3742-3746	jede	_	B	
12-25	3747-3751	Form	_	I	
12-26	3752-3755	von	_	_	
12-27	3756-3765	Rassismus	_	B	
12-28	3766-3769	und	_	_	
12-29	3770-3781	Ausgrenzung	_	B	
12-30	3781-3782	.	_	_	

#Text=Vielen Dank, Frau Kollegin Buchholz. – Nächster Redner ist der Kollege Christoph de Vries, CDU/CSU-Fraktion.
13-1	3785-3791	Vielen	_	_	
13-2	3792-3796	Dank	_	_	
13-3	3796-3797	,	_	_	
13-4	3798-3802	Frau	Animated[37]	B	
13-5	3803-3811	Kollegin	Animated[37]	I	
13-6	3812-3820	Buchholz	Animated[37]	I	
13-7	3820-3821	.	_	_	
13-8	3822-3823	–	_	_	
13-9	3824-3832	Nächster	Animated[38]	B	
13-10	3833-3839	Redner	Animated[38]	I	
13-11	3840-3843	ist	_	_	
13-12	3844-3847	der	Animated[39]	B	
13-13	3848-3855	Kollege	Animated[39]	I	
13-14	3856-3865	Christoph	Animated[39]	I	
13-15	3866-3868	de	Animated[39]	I	
13-16	3869-3874	Vries	Animated[39]	I	
13-17	3874-3875	,	Animated[39]	I	
13-18	3876-3879	CDU	Animated[39]	I	
13-19	3879-3880	/	Animated[39]	I	
13-20	3880-3892	CSU-Fraktion	Animated[39]	I	
13-21	3892-3893	.	_	_	
