#FORMAT=WebAnno TSV 3.3
#T_SP=webanno.custom.Animacy|Animated
#T_SP=webanno.custom.CustomChunk|Chunk


#Text=Sie haben gerade gesagt, der Erhaltungszustand der Population sei noch nicht erreicht. Das Problem ist ja, dass man so tut, als sei das eine eigene Population; aber es gibt Zigtausende Wölfe in Europa, in angrenzenden Gebieten usw. usf. Man versucht jetzt, daraus eine eigene Population zu machen. Sei’s drum.
1-1	0-3	Sie	_	B	
1-2	4-9	haben	_	_	
1-3	10-16	gerade	_	_	
1-4	17-23	gesagt	_	_	
1-5	23-24	,	_	_	
1-6	25-28	der	_	B	
1-7	29-46	Erhaltungszustand	_	I	
1-8	47-50	der	Animated[1]	B	
1-9	51-61	Population	Animated[1]	I	
1-10	62-65	sei	_	_	
1-11	66-70	noch	_	_	
1-12	71-76	nicht	_	_	
1-13	77-85	erreicht	_	_	
1-14	85-86	.	_	_	
1-15	87-90	Das	_	B	
1-16	91-98	Problem	_	I	
1-17	99-102	ist	_	_	
1-18	103-105	ja	_	_	
1-19	105-106	,	_	_	
1-20	107-111	dass	_	_	
1-21	112-115	man	Animated	B	
1-22	116-118	so	_	_	
1-23	119-122	tut	_	_	
1-24	122-123	,	_	_	
1-25	124-127	als	_	_	
1-26	128-131	sei	_	_	
1-27	132-135	das	_	B	
1-28	136-140	eine	Animated[2]	B	
1-29	141-147	eigene	Animated[2]	I	
1-30	148-158	Population	Animated[2]	I	
1-31	158-159	;	_	_	
1-32	160-164	aber	_	_	
1-33	165-167	es	_	_	
1-34	168-172	gibt	_	_	
1-35	173-184	Zigtausende	Animated[3]	B	
1-36	185-190	Wölfe	Animated[3]	I	
1-37	191-193	in	_	_	
1-38	194-200	Europa	_	B	
1-39	200-201	,	_	_	
1-40	202-204	in	_	_	
1-41	205-217	angrenzenden	_	B	
1-42	218-226	Gebieten	_	I	
1-43	227-231	usw.	_	_	
1-44	232-236	usf.	_	_	
1-45	237-240	Man	Animated	B	
1-46	241-249	versucht	_	_	
1-47	250-255	jetzt	_	_	
1-48	255-256	,	_	_	
1-49	257-263	daraus	_	_	
1-50	264-268	eine	Animated[4]	B	
1-51	269-275	eigene	Animated[4]	I	
1-52	276-286	Population	Animated[4]	I	
1-53	287-289	zu	_	_	
1-54	290-296	machen	_	_	
1-55	296-297	.	_	_	
1-56	298-301	Sei	_	_	
1-57	301-303	’s	_	B	
1-58	304-308	drum	_	_	
1-59	308-309	.	_	_	

#Text=Welchen Zahlenwert würden Sie denn jetzt angeben, ab dem der Erhaltungszustand erreicht ist?
2-1	320-327	Welchen	_	B	
2-2	328-338	Zahlenwert	_	I	
2-3	339-345	würden	_	_	
2-4	346-349	Sie	_	B	
2-5	350-354	denn	_	_	
2-6	355-360	jetzt	_	_	
2-7	361-368	angeben	_	_	
2-8	368-369	,	_	_	
2-9	370-372	ab	_	_	
2-10	373-376	dem	_	B	
2-11	377-380	der	_	B	
2-12	381-398	Erhaltungszustand	_	I	
2-13	399-407	erreicht	_	_	
2-14	408-411	ist	_	_	
2-15	411-412	?	_	_	

#Text=Frau Bundesminister.
3-1	415-419	Frau	Animated[5]	B	
3-2	420-434	Bundesminister	Animated[5]	I	
3-3	434-435	.	_	_	
