#FORMAT=WebAnno TSV 3.3
#T_SP=webanno.custom.Animacy|Animated
#T_SP=webanno.custom.CustomChunk|Chunk


#Text=Frau Präsidentin! Liebe Kolleginnen und Kollegen! Die Infektionszahlen steigen dramatisch. Es gibt leider immer mehr Tote. Das Pflegepersonal ist an der Belastungsgrenze. – Das können wir nicht hinnehmen! Wir schaffen schärfere Maßnahmen mit diesem Gesetz, liebe Kolleginnen und Kollegen.
1-1	0-4	Frau	Animated[1]	B	
1-2	5-16	Präsidentin	Animated[1]	I	
1-3	16-17	!	_	_	
1-4	18-23	Liebe	_	B	
1-5	24-35	Kolleginnen	_	_	
1-6	36-39	und	_	_	
1-7	40-48	Kollegen	Animated	B	
1-8	48-49	!	_	_	
1-9	50-53	Die	_	B	
1-10	54-70	Infektionszahlen	_	I	
1-11	71-78	steigen	_	_	
1-12	79-89	dramatisch	_	_	
1-13	89-90	.	_	_	
1-14	91-93	Es	_	_	
1-15	94-98	gibt	_	_	
1-16	99-105	leider	_	_	
1-17	106-111	immer	_	B	
1-18	112-116	mehr	_	I	
1-19	117-121	Tote	_	I	
1-20	121-122	.	_	_	
1-21	123-126	Das	Animated[2]	B	
1-22	127-141	Pflegepersonal	Animated[2]	I	
1-23	142-145	ist	_	_	
1-24	146-148	an	_	_	
1-25	149-152	der	_	B	
1-26	153-169	Belastungsgrenze	_	I	
1-27	169-170	.	_	_	
1-28	171-172	–	_	_	
1-29	173-176	Das	_	B	
1-30	177-183	können	_	_	
1-31	184-187	wir	Animated	B	
1-32	188-193	nicht	_	_	
1-33	194-203	hinnehmen	_	_	
1-34	203-204	!	_	_	
1-35	205-208	Wir	Animated	B	
1-36	209-217	schaffen	_	_	
1-37	218-227	schärfere	_	B	
1-38	228-237	Maßnahmen	_	I	
1-39	238-241	mit	_	_	
1-40	242-248	diesem	_	B	
1-41	249-255	Gesetz	_	I	
1-42	255-256	,	_	_	
1-43	257-262	liebe	Animated[3]	B	
1-44	263-274	Kolleginnen	Animated[3]	I	
1-45	275-278	und	_	_	
1-46	279-287	Kollegen	Animated	B	
1-47	287-288	.	_	_	

#Text=Herr Kollege Bartsch, ich fand Ihre Rede sehr dünn. Herrn Ramelow überzeugt sie offensichtlich nicht; er hat im Bundesrat nämlich allem zugestimmt, und er wird auch morgen unserem Gesetz zustimmen. Insofern sind Sie unglaubwürdig, wenn Sie nicht mal Ihre eigenen Leute mit Ihren Argumenten überzeugen können.
2-1	297-301	Herr	Animated[4]	B	
2-2	302-309	Kollege	Animated[4]	I	
2-3	310-317	Bartsch	Animated[4]	I	
2-4	317-318	,	_	_	
2-5	319-322	ich	Animated	B	
2-6	323-327	fand	_	_	
2-7	328-332	Ihre	_	B	
2-8	333-337	Rede	_	I	
2-9	338-342	sehr	_	_	
2-10	343-347	dünn	_	_	
2-11	347-348	.	_	_	
2-12	349-354	Herrn	Animated[5]	B	
2-13	355-362	Ramelow	Animated[5]	I	
2-14	363-372	überzeugt	_	_	
2-15	373-376	sie	_	B	
2-16	377-391	offensichtlich	_	_	
2-17	392-397	nicht	_	_	
2-18	397-398	;	_	_	
2-19	399-401	er	_	B	
2-20	402-405	hat	_	_	
2-21	406-408	im	_	_	
2-22	409-418	Bundesrat	Animated	B	
2-23	419-426	nämlich	_	_	
2-24	427-432	allem	_	B	
2-25	433-443	zugestimmt	_	_	
2-26	443-444	,	_	_	
2-27	445-448	und	_	_	
2-28	449-451	er	_	B	
2-29	452-456	wird	_	_	
2-30	457-461	auch	_	_	
2-31	462-468	morgen	_	_	
2-32	469-476	unserem	_	B	
2-33	477-483	Gesetz	_	I	
2-34	484-493	zustimmen	_	_	
2-35	493-494	.	_	_	
2-36	495-503	Insofern	_	_	
2-37	504-508	sind	_	_	
2-38	509-512	Sie	_	B	
2-39	513-526	unglaubwürdig	_	_	
2-40	526-527	,	_	_	
2-41	528-532	wenn	_	_	
2-42	533-536	Sie	_	B	
2-43	537-542	nicht	_	_	
2-44	543-546	mal	_	_	
2-45	547-551	Ihre	Animated[6]	B	
2-46	552-559	eigenen	Animated[6]	I	
2-47	560-565	Leute	Animated[6]	I	
2-48	566-569	mit	_	_	
2-49	570-575	Ihren	_	B	
2-50	576-586	Argumenten	_	I	
2-51	587-597	überzeugen	_	_	
2-52	598-604	können	_	_	
2-53	604-605	.	_	_	

#Text=Richtig ist: Wir lassen die Rechtsfigur der epidemischen Lage auslaufen, weil wir dieses schwierige Rechtskonstrukt nicht mehr haben wollen. Wir wollen nicht mehr diese weitreichenden Befugnisse für die Bundesregierung, und wir wollen auch nicht Maßnahmen, die von vielen Gerichten gekippt wurden.
3-1	613-620	Richtig	_	_	
3-2	621-624	ist	_	_	
3-3	624-625	:	_	_	
3-4	626-629	Wir	Animated	B	
3-5	630-636	lassen	_	_	
3-6	637-640	die	_	B	
3-7	641-652	Rechtsfigur	_	I	
3-8	653-656	der	_	B	
3-9	657-669	epidemischen	_	I	
3-10	670-674	Lage	_	I	
3-11	675-684	auslaufen	_	_	
3-12	684-685	,	_	_	
3-13	686-690	weil	_	_	
3-14	691-694	wir	Animated	B	
3-15	695-701	dieses	_	B	
3-16	702-712	schwierige	_	I	
3-17	713-728	Rechtskonstrukt	_	I	
3-18	729-734	nicht	_	_	
3-19	735-739	mehr	_	_	
3-20	740-745	haben	_	_	
3-21	746-752	wollen	_	_	
3-22	752-753	.	_	_	
3-23	754-757	Wir	Animated	B	
3-24	758-764	wollen	_	_	
3-25	765-770	nicht	_	_	
3-26	771-775	mehr	_	_	
3-27	776-781	diese	_	B	
3-28	782-796	weitreichenden	_	I	
3-29	797-807	Befugnisse	_	I	
3-30	808-811	für	_	_	
3-31	812-815	die	Animated[7]	B	
3-32	816-831	Bundesregierung	Animated[7]	I	
3-33	831-832	,	_	_	
3-34	833-836	und	_	_	
3-35	837-840	wir	Animated	B	
3-36	841-847	wollen	_	_	
3-37	848-852	auch	_	_	
3-38	853-858	nicht	_	_	
3-39	859-868	Maßnahmen	_	B	
3-40	868-869	,	_	_	
3-41	870-873	die	_	B	
3-42	874-877	von	_	_	
3-43	878-884	vielen	Animated[8]	B	
3-44	885-894	Gerichten	Animated[8]	I	
3-45	895-902	gekippt	_	_	
3-46	903-909	wurden	_	_	
3-47	909-910	.	_	_	

#Text=Wir wollen keine Ausgangssperren mehr, wir wollen keine pauschalen Grundrechtsreingriffe wie Schulschließungen. Deswegen lassen wir dieses Rechtskonstrukt auslaufen. Zu Recht sagen Ministerpräsidenten aus der Union wie Herr Günther, aber wie vor Kurzem auch noch Herr Spahn und wie viele andere Kolleginnen und Kollegen aus der Union, dass wir diese Rechtsfigur nicht mehr brauchen. Deswegen beschließen wir heute das Ende dieser epidemischen Lage, liebe Kolleginnen und Kollegen.
4-1	917-920	Wir	Animated	B	
4-2	921-927	wollen	_	_	
4-3	928-933	keine	_	B	
4-4	934-949	Ausgangssperren	_	I	
4-5	950-954	mehr	_	_	
4-6	954-955	,	_	_	
4-7	956-959	wir	Animated	B	
4-8	960-966	wollen	_	_	
4-9	967-972	keine	_	B	
4-10	973-983	pauschalen	_	I	
4-11	984-1005	Grundrechtsreingriffe	_	I	
4-12	1006-1009	wie	_	_	
4-13	1010-1027	Schulschließungen	_	_	
4-14	1027-1028	.	_	_	
4-15	1029-1037	Deswegen	_	_	
4-16	1038-1044	lassen	_	_	
4-17	1045-1048	wir	Animated	B	
4-18	1049-1055	dieses	_	B	
4-19	1056-1071	Rechtskonstrukt	_	I	
4-20	1072-1081	auslaufen	_	_	
4-21	1081-1082	.	_	_	
4-22	1083-1085	Zu	_	_	
4-23	1086-1091	Recht	_	B	
4-24	1092-1097	sagen	_	_	
4-25	1098-1117	Ministerpräsidenten	Animated	B	
4-26	1118-1121	aus	_	_	
4-27	1122-1125	der	Animated[9]	B	
4-28	1126-1131	Union	Animated[9]	I	
4-29	1132-1135	wie	_	_	
4-30	1136-1140	Herr	_	_	
4-31	1141-1148	Günther	Animated	B	
4-32	1148-1149	,	_	_	
4-33	1150-1154	aber	_	_	
4-34	1155-1158	wie	Animated[10]	B	
4-35	1159-1162	vor	Animated[10]	I	
4-36	1163-1169	Kurzem	Animated[10]	I	
4-37	1170-1174	auch	Animated[10]	I	
4-38	1175-1179	noch	Animated[10]	I	
4-39	1180-1184	Herr	Animated[10]	I	
4-40	1185-1190	Spahn	Animated[10]	I	
4-41	1191-1194	und	_	_	
4-42	1195-1198	wie	Animated[11]	B	
4-43	1199-1204	viele	Animated[11]	I	
4-44	1205-1211	andere	Animated[11]	I	
4-45	1212-1223	Kolleginnen	Animated[11]	I	
4-46	1224-1227	und	_	_	
4-47	1228-1236	Kollegen	Animated	B	
4-48	1237-1240	aus	_	_	
4-49	1241-1244	der	Animated[12]	B	
4-50	1245-1250	Union	Animated[12]	I	
4-51	1250-1251	,	_	_	
4-52	1252-1256	dass	_	_	
4-53	1257-1260	wir	Animated	B	
4-54	1261-1266	diese	Animated[13]	B	
4-55	1267-1278	Rechtsfigur	Animated[13]	I	
4-56	1279-1284	nicht	_	_	
4-57	1285-1289	mehr	_	_	
4-58	1290-1298	brauchen	_	_	
4-59	1298-1299	.	_	_	
4-60	1300-1308	Deswegen	_	_	
4-61	1309-1320	beschließen	_	_	
4-62	1321-1324	wir	Animated	B	
4-63	1325-1330	heute	_	_	
4-64	1331-1334	das	_	B	
4-65	1335-1339	Ende	_	I	
4-66	1340-1346	dieser	_	B	
4-67	1347-1359	epidemischen	_	I	
4-68	1360-1364	Lage	_	I	
4-69	1364-1365	,	_	_	
4-70	1366-1371	liebe	Animated[14]	B	
4-71	1372-1383	Kolleginnen	Animated[14]	I	
4-72	1384-1387	und	_	_	
4-73	1388-1396	Kollegen	Animated	B	
4-74	1396-1397	.	_	_	

#Text=Falsch ist der Vorwurf, dass wir nicht handeln würden, dass wir den Instrumentenkasten beschneiden würden. Das Gegenteil ist der Fall: Wir schaffen eine 3-G-Pflicht für den Arbeitsplatz – das ist eine weitreichende Maßnahme, weil jetzt jeder, der ungeimpft ist und sich nicht testen lässt, Lohneinbußen riskiert –, und wir schaffen die gleiche Regelung auch für Busse und Bahnen. Jeder, der jetzt ungeimpft Bahn fährt und keinen Testnachweis dabeihat, wird aus der Bahn geworfen, und dem droht auch noch ein saftiges Bußgeld. – Das sind massive Maßnahmen, die wir heute hier einführen wollen, liebe Kolleginnen und Kollegen.
5-1	1406-1412	Falsch	_	_	
5-2	1413-1416	ist	_	_	
5-3	1417-1420	der	_	B	
5-4	1421-1428	Vorwurf	_	I	
5-5	1428-1429	,	_	_	
5-6	1430-1434	dass	_	_	
5-7	1435-1438	wir	Animated	B	
5-8	1439-1444	nicht	_	_	
5-9	1445-1452	handeln	_	_	
5-10	1453-1459	würden	_	_	
5-11	1459-1460	,	_	_	
5-12	1461-1465	dass	_	_	
5-13	1466-1469	wir	Animated	B	
5-14	1470-1473	den	_	B	
5-15	1474-1492	Instrumentenkasten	_	I	
5-16	1493-1504	beschneiden	_	_	
5-17	1505-1511	würden	_	_	
5-18	1511-1512	.	_	_	
5-19	1513-1516	Das	_	B	
5-20	1517-1526	Gegenteil	_	I	
5-21	1527-1530	ist	_	_	
5-22	1531-1534	der	_	B	
5-23	1535-1539	Fall	_	I	
5-24	1539-1540	:	_	_	
5-25	1541-1544	Wir	Animated	B	
5-26	1545-1553	schaffen	_	_	
5-27	1554-1558	eine	_	B	
5-28	1559-1570	3-G-Pflicht	_	I	
5-29	1571-1574	für	_	_	
5-30	1575-1578	den	_	B	
5-31	1579-1591	Arbeitsplatz	_	I	
5-32	1592-1593	–	_	_	
5-33	1594-1597	das	_	B	
5-34	1598-1601	ist	_	_	
5-35	1602-1606	eine	_	B	
5-36	1607-1620	weitreichende	_	I	
5-37	1621-1629	Maßnahme	_	I	
5-38	1629-1630	,	_	_	
5-39	1631-1635	weil	_	_	
5-40	1636-1641	jetzt	_	_	
5-41	1642-1647	jeder	_	B	
5-42	1647-1648	,	_	_	
5-43	1649-1652	der	_	B	
5-44	1653-1662	ungeimpft	_	_	
5-45	1663-1666	ist	_	_	
5-46	1667-1670	und	_	_	
5-47	1671-1675	sich	_	B	
5-48	1676-1681	nicht	_	_	
5-49	1682-1688	testen	_	_	
5-50	1689-1694	lässt	_	_	
5-51	1694-1695	,	_	_	
5-52	1696-1708	Lohneinbußen	_	B	
5-53	1709-1717	riskiert	_	_	
5-54	1718-1719	–	_	_	
5-55	1719-1720	,	_	_	
5-56	1721-1724	und	_	_	
5-57	1725-1728	wir	Animated	B	
5-58	1729-1737	schaffen	_	_	
5-59	1738-1741	die	_	B	
5-60	1742-1749	gleiche	_	I	
5-61	1750-1758	Regelung	_	I	
5-62	1759-1763	auch	_	_	
5-63	1764-1767	für	_	_	
5-64	1768-1773	Busse	_	B	
5-65	1774-1777	und	_	_	
5-66	1778-1784	Bahnen	_	B	
5-67	1784-1785	.	_	_	
5-68	1786-1791	Jeder	_	B	
5-69	1791-1792	,	_	_	
5-70	1793-1796	der	_	B	
5-71	1797-1802	jetzt	_	B	
5-72	1803-1812	ungeimpft	_	I	
5-73	1813-1817	Bahn	_	I	
5-74	1818-1823	fährt	_	_	
5-75	1824-1827	und	_	_	
5-76	1828-1834	keinen	_	B	
5-77	1835-1847	Testnachweis	_	I	
5-78	1848-1856	dabeihat	_	_	
5-79	1856-1857	,	_	_	
5-80	1858-1862	wird	_	_	
5-81	1863-1866	aus	_	_	
5-82	1867-1870	der	_	B	
5-83	1871-1875	Bahn	_	I	
5-84	1876-1884	geworfen	_	_	
5-85	1884-1885	,	_	_	
5-86	1886-1889	und	_	_	
5-87	1890-1893	dem	_	B	
5-88	1894-1899	droht	_	_	
5-89	1900-1904	auch	_	_	
5-90	1905-1909	noch	_	_	
5-91	1910-1913	ein	_	B	
5-92	1914-1922	saftiges	_	I	
5-93	1923-1930	Bußgeld	_	I	
5-94	1930-1931	.	_	_	
5-95	1932-1933	–	_	_	
5-96	1934-1937	Das	_	B	
5-97	1938-1942	sind	_	_	
5-98	1943-1950	massive	_	B	
5-99	1951-1960	Maßnahmen	_	I	
5-100	1960-1961	,	_	_	
5-101	1962-1965	die	_	B	
5-102	1966-1969	wir	Animated	B	
5-103	1970-1975	heute	_	_	
5-104	1976-1980	hier	_	_	
5-105	1981-1990	einführen	_	_	
5-106	1991-1997	wollen	_	_	
5-107	1997-1998	,	_	_	
5-108	1999-2004	liebe	Animated[15]	B	
5-109	2005-2016	Kolleginnen	Animated[15]	I	
5-110	2017-2020	und	_	_	
5-111	2021-2029	Kollegen	Animated	B	
5-112	2029-2030	.	_	_	

#Text=Und auch den Bundesländern geben wir weitreichende Handlungsmöglichkeiten: Sie können Abstandsgebote regeln, Kontaktbeschränkungen für Ungeimpfte, Maskenpflicht, 2‑G- oder 2‑G-Plus-Regelungen beschließen. Sie können Veranstaltungen auf Personenzahlen beschränken, und sie können Einrichtungen Auflagen machen. – Kurzum: Mit diesem Gesetz können die Bundesländer scharfe und harte Maßnahmen zum Schutz unserer Bevölkerung beschließen, liebe Kolleginnen und Kollegen.
6-1	2047-2050	Und	_	_	
6-2	2051-2055	auch	Animated[16]	B	
6-3	2056-2059	den	Animated[16]	I	
6-4	2060-2073	Bundesländern	Animated[16]	I	
6-5	2074-2079	geben	_	_	
6-6	2080-2083	wir	_	B	
6-7	2084-2097	weitreichende	_	B	
6-8	2098-2120	Handlungsmöglichkeiten	_	I	
6-9	2120-2121	:	_	_	
6-10	2122-2125	Sie	_	B	
6-11	2126-2132	können	_	_	
6-12	2133-2147	Abstandsgebote	_	B	
6-13	2148-2154	regeln	_	_	
6-14	2154-2155	,	_	_	
6-15	2156-2177	Kontaktbeschränkungen	_	B	
6-16	2178-2181	für	_	_	
6-17	2182-2192	Ungeimpfte	Animated	B	
6-18	2192-2193	,	_	_	
6-19	2194-2207	Maskenpflicht	_	B	
6-20	2207-2208	,	_	_	
6-21	2209-2213	2‑G-	_	B	
6-22	2214-2218	oder	_	_	
6-23	2219-2238	2‑G-Plus-Regelungen	_	_	
6-24	2239-2250	beschließen	_	_	
6-25	2250-2251	.	_	_	
6-26	2252-2255	Sie	_	B	
6-27	2256-2262	können	_	_	
6-28	2263-2278	Veranstaltungen	_	B	
6-29	2279-2282	auf	_	_	
6-30	2283-2297	Personenzahlen	_	B	
6-31	2298-2309	beschränken	_	_	
6-32	2309-2310	,	_	_	
6-33	2311-2314	und	_	_	
6-34	2315-2318	sie	_	B	
6-35	2319-2325	können	_	_	
6-36	2326-2339	Einrichtungen	_	B	
6-37	2340-2348	Auflagen	_	B	
6-38	2349-2355	machen	_	_	
6-39	2355-2356	.	_	_	
6-40	2357-2358	–	_	_	
6-41	2359-2365	Kurzum	_	_	
6-42	2365-2366	:	_	_	
6-43	2367-2370	Mit	_	_	
6-44	2371-2377	diesem	_	B	
6-45	2378-2384	Gesetz	_	I	
6-46	2385-2391	können	_	_	
6-47	2392-2395	die	Animated[17]	B	
6-48	2396-2408	Bundesländer	Animated[17]	I	
6-49	2409-2416	scharfe	_	B	
6-50	2417-2420	und	_	I	
6-51	2421-2426	harte	_	I	
6-52	2427-2436	Maßnahmen	_	I	
6-53	2437-2440	zum	_	_	
6-54	2441-2447	Schutz	_	B	
6-55	2448-2455	unserer	Animated[18]	B	
6-56	2456-2467	Bevölkerung	Animated[18]	I	
6-57	2468-2479	beschließen	_	_	
6-58	2479-2480	,	_	_	
6-59	2481-2486	liebe	Animated[19]	B	
6-60	2487-2498	Kolleginnen	Animated[19]	I	
6-61	2499-2502	und	_	_	
6-62	2503-2511	Kollegen	Animated	B	
6-63	2511-2512	.	_	_	

#Text=Herr Fechner, erlauben Sie eine Zwischenfrage aus der AfD-Fraktion von Herrn Kleinwächter?
7-1	2523-2527	Herr	_	_	
7-2	2528-2535	Fechner	Animated	B	
7-3	2535-2536	,	_	_	
7-4	2537-2545	erlauben	_	_	
7-5	2546-2549	Sie	_	B	
7-6	2550-2554	eine	_	B	
7-7	2555-2568	Zwischenfrage	_	I	
7-8	2569-2572	aus	_	_	
7-9	2573-2576	der	Animated[20]	B	
7-10	2577-2589	AfD-Fraktion	Animated[20]	I	
7-11	2590-2593	von	_	_	
7-12	2594-2599	Herrn	Animated[21]	B	
7-13	2600-2612	Kleinwächter	Animated[21]	I	
7-14	2612-2613	?	_	_	

#Text=Nein, die Debatte hat wieder ein hohes Niveau; das will ich nicht belasten.
8-1	2616-2620	Nein	_	_	
8-2	2620-2621	,	_	_	
8-3	2622-2625	die	_	B	
8-4	2626-2633	Debatte	_	I	
8-5	2634-2637	hat	_	_	
8-6	2638-2644	wieder	_	_	
8-7	2645-2648	ein	_	B	
8-8	2649-2654	hohes	_	I	
8-9	2655-2661	Niveau	_	I	
8-10	2661-2662	;	_	_	
8-11	2663-2666	das	_	B	
8-12	2667-2671	will	_	_	
8-13	2672-2675	ich	Animated	B	
8-14	2676-2681	nicht	_	_	
8-15	2682-2690	belasten	_	_	
8-16	2690-2691	.	_	_	

#Text=An all die Unionspolitiker, die jetzt kritisieren, es würde zu wenig geschehen: Die ganzen Maßnahmen hätten Sie schon machen können. Sie hätten schon mit der heutigen Rechtslage 2‑G-Regelungen schaffen können. Aber gerade in Sachsen und in Bayern haben wir führungsschwache Ministerpräsidenten, die sich lieber hinter dem Bund verstecken,
9-1	2695-2697	An	_	_	
9-2	2698-2701	all	Animated[22]	B	
9-3	2702-2705	die	Animated[22]	I	
9-4	2706-2721	Unionspolitiker	Animated[22]	I	
9-5	2721-2722	,	_	_	
9-6	2723-2726	die	_	B	
9-7	2727-2732	jetzt	_	_	
9-8	2733-2744	kritisieren	_	_	
9-9	2744-2745	,	_	_	
9-10	2746-2748	es	_	B	
9-11	2749-2754	würde	_	_	
9-12	2755-2757	zu	_	B	
9-13	2758-2763	wenig	_	I	
9-14	2764-2773	geschehen	_	_	
9-15	2773-2774	:	_	_	
9-16	2775-2778	Die	_	B	
9-17	2779-2785	ganzen	_	I	
9-18	2786-2795	Maßnahmen	_	I	
9-19	2796-2802	hätten	_	_	
9-20	2803-2806	Sie	_	B	
9-21	2807-2812	schon	_	_	
9-22	2813-2819	machen	_	_	
9-23	2820-2826	können	_	_	
9-24	2826-2827	.	_	_	
9-25	2828-2831	Sie	_	B	
9-26	2832-2838	hätten	_	_	
9-27	2839-2844	schon	_	_	
9-28	2845-2848	mit	_	_	
9-29	2849-2852	der	_	B	
9-30	2853-2861	heutigen	_	I	
9-31	2862-2872	Rechtslage	_	I	
9-32	2873-2887	2‑G-Regelungen	_	B	
9-33	2888-2896	schaffen	_	_	
9-34	2897-2903	können	_	_	
9-35	2903-2904	.	_	_	
9-36	2905-2909	Aber	_	_	
9-37	2910-2916	gerade	_	_	
9-38	2917-2919	in	_	_	
9-39	2920-2927	Sachsen	_	B	
9-40	2928-2931	und	_	_	
9-41	2932-2934	in	_	_	
9-42	2935-2941	Bayern	_	B	
9-43	2942-2947	haben	_	_	
9-44	2948-2951	wir	Animated	B	
9-45	2952-2968	führungsschwache	Animated[23]	B	
9-46	2969-2988	Ministerpräsidenten	Animated[23]	I	
9-47	2988-2989	,	_	_	
9-48	2990-2993	die	_	B	
9-49	2994-2998	sich	_	B	
9-50	2999-3005	lieber	_	_	
9-51	3006-3012	hinter	_	_	
9-52	3013-3016	dem	Animated[24]	B	
9-53	3017-3021	Bund	Animated[24]	I	
9-54	3022-3032	verstecken	_	_	
9-55	3032-3033	,	_	_	

#Text=als selbstbewusst die wichtigen Maßnahmen zu treffen, die für die Bevölkerung erforderlich sind, liebe Kolleginnen und Kollegen.
10-1	3041-3044	als	_	_	
10-2	3045-3058	selbstbewusst	_	_	
10-3	3059-3062	die	_	B	
10-4	3063-3072	wichtigen	_	I	
10-5	3073-3082	Maßnahmen	_	I	
10-6	3083-3085	zu	_	_	
10-7	3086-3093	treffen	_	_	
10-8	3093-3094	,	_	_	
10-9	3095-3098	die	_	B	
10-10	3099-3102	für	_	_	
10-11	3103-3106	die	Animated[25]	B	
10-12	3107-3118	Bevölkerung	Animated[25]	I	
10-13	3119-3131	erforderlich	_	_	
10-14	3132-3136	sind	_	_	
10-15	3136-3137	,	_	_	
10-16	3138-3143	liebe	Animated[26]	B	
10-17	3144-3155	Kolleginnen	Animated[26]	I	
10-18	3156-3159	und	_	_	
10-19	3160-3168	Kollegen	Animated	B	
10-20	3168-3169	.	_	_	

#Text=Was wollen Sie denn, was nicht heute schon nach der aktuell gültigen Rechtslage möglich wäre? Wo liegen wir denn wirklich noch auseinander? Das allermeiste, das auch Sie fordern, steht in unserem Gesetz. Wo liegen wir noch auseinander?
11-1	3173-3176	Was	_	B	
11-2	3177-3183	wollen	_	_	
11-3	3184-3187	Sie	_	B	
11-4	3188-3192	denn	_	_	
11-5	3192-3193	,	_	_	
11-6	3194-3197	was	_	B	
11-7	3198-3203	nicht	_	_	
11-8	3204-3209	heute	_	_	
11-9	3210-3215	schon	_	_	
11-10	3216-3220	nach	_	_	
11-11	3221-3224	der	_	B	
11-12	3225-3232	aktuell	_	I	
11-13	3233-3241	gültigen	_	I	
11-14	3242-3252	Rechtslage	_	I	
11-15	3253-3260	möglich	_	_	
11-16	3261-3265	wäre	_	_	
11-17	3265-3266	?	_	_	
11-18	3267-3269	Wo	_	_	
11-19	3270-3276	liegen	_	_	
11-20	3277-3280	wir	Animated	B	
11-21	3281-3285	denn	_	_	
11-22	3286-3294	wirklich	_	_	
11-23	3295-3299	noch	_	_	
11-24	3300-3311	auseinander	_	_	
11-25	3311-3312	?	_	_	
11-26	3313-3316	Das	_	_	
11-27	3317-3328	allermeiste	_	_	
11-28	3328-3329	,	_	_	
11-29	3330-3333	das	_	B	
11-30	3334-3338	auch	_	B	
11-31	3339-3342	Sie	_	I	
11-32	3343-3350	fordern	_	_	
11-33	3350-3351	,	_	_	
11-34	3352-3357	steht	_	_	
11-35	3358-3360	in	_	_	
11-36	3361-3368	unserem	_	B	
11-37	3369-3375	Gesetz	_	I	
11-38	3375-3376	.	_	_	
11-39	3377-3379	Wo	_	_	
11-40	3380-3386	liegen	_	_	
11-41	3387-3390	wir	Animated	B	
11-42	3391-3395	noch	_	_	
11-43	3396-3407	auseinander	_	_	
11-44	3407-3408	?	_	_	

#Text=Sie wollen flächendeckend Schulen schließen, obwohl unsere Kinder doch so erheblich gelitten haben. Sie wollen flächendeckend Betriebe schließen können, obwohl das massive negative Auswirkungen hatte. Sie wollen weiter Ausgangssperren, obwohl Gerichte das gekippt haben. Und – ganz bemerkenswert, finde ich, für eine christliche Partei – Sie wollen es ermöglichen, Gottesdienste in der Adventszeit und in der Weihnachtszeit zu verbieten. Wohlgemerkt: Gottesdienste sollen nicht mit 2‑G-Regelungen zugelassen werden können, sondern Sie wollen die Möglichkeit, sie zu verbieten.
12-1	3416-3419	Sie	_	B	
12-2	3420-3426	wollen	_	_	
12-3	3427-3441	flächendeckend	_	_	
12-4	3442-3449	Schulen	Animated	B	
12-5	3450-3459	schließen	_	_	
12-6	3459-3460	,	_	_	
12-7	3461-3467	obwohl	_	_	
12-8	3468-3474	unsere	Animated[27]	B	
12-9	3475-3481	Kinder	Animated[27]	I	
12-10	3482-3486	doch	_	_	
12-11	3487-3489	so	_	_	
12-12	3490-3499	erheblich	_	_	
12-13	3500-3508	gelitten	_	_	
12-14	3509-3514	haben	_	_	
12-15	3514-3515	.	_	_	
12-16	3516-3519	Sie	_	B	
12-17	3520-3526	wollen	_	_	
12-18	3527-3541	flächendeckend	_	_	
12-19	3542-3550	Betriebe	Animated	B	
12-20	3551-3560	schließen	_	_	
12-21	3561-3567	können	_	_	
12-22	3567-3568	,	_	_	
12-23	3569-3575	obwohl	_	_	
12-24	3576-3579	das	_	B	
12-25	3580-3587	massive	_	I	
12-26	3588-3596	negative	_	I	
12-27	3597-3609	Auswirkungen	_	I	
12-28	3610-3615	hatte	_	_	
12-29	3615-3616	.	_	_	
12-30	3617-3620	Sie	_	B	
12-31	3621-3627	wollen	_	_	
12-32	3628-3634	weiter	_	_	
12-33	3635-3650	Ausgangssperren	_	B	
12-34	3650-3651	,	_	_	
12-35	3652-3658	obwohl	_	_	
12-36	3659-3667	Gerichte	Animated	B	
12-37	3668-3671	das	_	B	
12-38	3672-3679	gekippt	_	_	
12-39	3680-3685	haben	_	_	
12-40	3685-3686	.	_	_	
12-41	3687-3690	Und	_	_	
12-42	3691-3692	–	_	_	
12-43	3693-3697	ganz	_	_	
12-44	3698-3711	bemerkenswert	_	_	
12-45	3711-3712	,	_	_	
12-46	3713-3718	finde	_	_	
12-47	3719-3722	ich	Animated	B	
12-48	3722-3723	,	_	_	
12-49	3724-3727	für	_	_	
12-50	3728-3732	eine	Animated[28]	B	
12-51	3733-3744	christliche	Animated[28]	I	
12-52	3745-3751	Partei	Animated[28]	I	
12-53	3752-3753	–	_	_	
12-54	3754-3757	Sie	_	B	
12-55	3758-3764	wollen	_	_	
12-56	3765-3767	es	_	B	
12-57	3768-3779	ermöglichen	_	_	
12-58	3779-3780	,	_	_	
12-59	3781-3794	Gottesdienste	_	B	
12-60	3795-3797	in	_	_	
12-61	3798-3801	der	_	B	
12-62	3802-3813	Adventszeit	_	I	
12-63	3814-3817	und	_	_	
12-64	3818-3820	in	_	_	
12-65	3821-3824	der	_	B	
12-66	3825-3839	Weihnachtszeit	_	I	
12-67	3840-3842	zu	_	_	
12-68	3843-3852	verbieten	_	_	
12-69	3852-3853	.	_	_	
12-70	3854-3865	Wohlgemerkt	_	_	
12-71	3865-3866	:	_	_	
12-72	3867-3880	Gottesdienste	_	B	
12-73	3881-3887	sollen	_	_	
12-74	3888-3893	nicht	_	_	
12-75	3894-3897	mit	_	_	
12-76	3898-3912	2‑G-Regelungen	_	B	
12-77	3913-3923	zugelassen	_	_	
12-78	3924-3930	werden	_	_	
12-79	3931-3937	können	_	_	
12-80	3937-3938	,	_	_	
12-81	3939-3946	sondern	_	_	
12-82	3947-3950	Sie	_	B	
12-83	3951-3957	wollen	_	_	
12-84	3958-3961	die	_	B	
12-85	3962-3973	Möglichkeit	_	I	
12-86	3973-3974	,	_	_	
12-87	3975-3978	sie	_	B	
12-88	3979-3981	zu	_	_	
12-89	3982-3991	verbieten	_	_	
12-90	3991-3992	.	_	_	

#Text=Das machen wir auf keinen Fall mit.
13-1	4007-4010	Das	_	B	
13-2	4011-4017	machen	_	_	
13-3	4018-4021	wir	Animated	B	
13-4	4022-4025	auf	_	_	
13-5	4026-4032	keinen	_	B	
13-6	4033-4037	Fall	_	I	
13-7	4038-4041	mit	_	_	
13-8	4041-4042	.	_	_	

#Text=Denn wir müssen bei allen Schutzmaßnahmen darauf achten, dass die Schutzmaßnahmen nicht mehr negative Auswirkungen haben, als dass sie nutzen. Deswegen ist es richtig, dass wir flächendeckende Schulschließungen und Betriebsschließungen untersagen, dass es keine Ausgangssperren mehr geben wird und dass an Weihnachten und in der Adventszeit Gottesdienste mit Hygienekonzepten stattfinden können, liebe Kolleginnen und Kollegen.
14-1	4044-4048	Denn	_	_	
14-2	4049-4052	wir	Animated	B	
14-3	4053-4059	müssen	_	_	
14-4	4060-4063	bei	_	_	
14-5	4064-4069	allen	_	B	
14-6	4070-4085	Schutzmaßnahmen	_	I	
14-7	4086-4092	darauf	_	_	
14-8	4093-4099	achten	_	_	
14-9	4099-4100	,	_	_	
14-10	4101-4105	dass	_	_	
14-11	4106-4109	die	_	B	
14-12	4110-4125	Schutzmaßnahmen	_	I	
14-13	4126-4131	nicht	_	_	
14-14	4132-4136	mehr	_	_	
14-15	4137-4145	negative	_	B	
14-16	4146-4158	Auswirkungen	_	I	
14-17	4159-4164	haben	_	_	
14-18	4164-4165	,	_	_	
14-19	4166-4169	als	_	_	
14-20	4170-4174	dass	_	_	
14-21	4175-4178	sie	_	B	
14-22	4179-4185	nutzen	_	_	
14-23	4185-4186	.	_	_	
14-24	4187-4195	Deswegen	_	_	
14-25	4196-4199	ist	_	_	
14-26	4200-4202	es	_	B	
14-27	4203-4210	richtig	_	_	
14-28	4210-4211	,	_	_	
14-29	4212-4216	dass	_	_	
14-30	4217-4220	wir	_	B	
14-31	4221-4236	flächendeckende	_	B	
14-32	4237-4254	Schulschließungen	_	I	
14-33	4255-4258	und	_	_	
14-34	4259-4279	Betriebsschließungen	_	B	
14-35	4280-4290	untersagen	_	_	
14-36	4290-4291	,	_	_	
14-37	4292-4296	dass	_	_	
14-38	4297-4299	es	_	_	
14-39	4300-4305	keine	_	B	
14-40	4306-4321	Ausgangssperren	_	I	
14-41	4322-4326	mehr	_	_	
14-42	4327-4332	geben	_	_	
14-43	4333-4337	wird	_	_	
14-44	4338-4341	und	_	_	
14-45	4342-4346	dass	_	_	
14-46	4347-4349	an	_	_	
14-47	4350-4361	Weihnachten	_	B	
14-48	4362-4365	und	_	_	
14-49	4366-4368	in	_	_	
14-50	4369-4372	der	_	B	
14-51	4373-4384	Adventszeit	_	I	
14-52	4385-4398	Gottesdienste	_	B	
14-53	4399-4402	mit	_	_	
14-54	4403-4419	Hygienekonzepten	_	B	
14-55	4420-4431	stattfinden	_	_	
14-56	4432-4438	können	_	_	
14-57	4438-4439	,	_	_	
14-58	4440-4445	liebe	Animated[29]	B	
14-59	4446-4457	Kolleginnen	Animated[29]	I	
14-60	4458-4461	und	_	_	
14-61	4462-4470	Kollegen	Animated	B	
14-62	4470-4471	.	_	_	

#Text=Leider mussten wir in der Vergangenheit immer wieder erleben, dass Test- und Impfnachweise gefälscht werden. Weil es ein hohes Risiko darstellt, wenn sich ein Ungeimpfter – möglicherweise Infizierter, also nicht Getesteter – in Gesellschaft mit anderen Bürgern begibt, Veranstaltungen besucht, werden wir jetzt jeden Fall von Fälschungen von Impfausweisen oder Testnachweisen unter Strafe stellen. Auch das ist eine ganz wichtige Maßnahme.
15-1	4479-4485	Leider	_	_	
15-2	4486-4493	mussten	_	_	
15-3	4494-4497	wir	Animated	B	
15-4	4498-4500	in	_	_	
15-5	4501-4504	der	_	B	
15-6	4505-4518	Vergangenheit	_	I	
15-7	4519-4524	immer	_	_	
15-8	4525-4531	wieder	_	_	
15-9	4532-4539	erleben	_	_	
15-10	4539-4540	,	_	_	
15-11	4541-4545	dass	_	_	
15-12	4546-4551	Test-	_	B	
15-13	4552-4555	und	_	I	
15-14	4556-4569	Impfnachweise	_	I	
15-15	4570-4579	gefälscht	_	_	
15-16	4580-4586	werden	_	_	
15-17	4586-4587	.	_	_	
15-18	4588-4592	Weil	_	_	
15-19	4593-4595	es	_	B	
15-20	4596-4599	ein	_	B	
15-21	4600-4605	hohes	_	I	
15-22	4606-4612	Risiko	_	I	
15-23	4613-4622	darstellt	_	_	
15-24	4622-4623	,	_	_	
15-25	4624-4628	wenn	_	_	
15-26	4629-4633	sich	_	B	
15-27	4634-4637	ein	Animated[30]	B	
15-28	4638-4649	Ungeimpfter	Animated[30]	I	
15-29	4650-4651	–	_	_	
15-30	4652-4666	möglicherweise	Animated[31]	B	
15-31	4667-4678	Infizierter	Animated[31]	I	
15-32	4678-4679	,	_	_	
15-33	4680-4684	also	Animated[32]	B	
15-34	4685-4690	nicht	Animated[32]	I	
15-35	4691-4701	Getesteter	Animated[32]	I	
15-36	4702-4703	–	_	_	
15-37	4704-4706	in	_	_	
15-38	4707-4719	Gesellschaft	Animated	B	
15-39	4720-4723	mit	_	_	
15-40	4724-4731	anderen	Animated[33]	B	
15-41	4732-4739	Bürgern	Animated[33]	I	
15-42	4740-4746	begibt	_	_	
15-43	4746-4747	,	_	_	
15-44	4748-4763	Veranstaltungen	_	B	
15-45	4764-4771	besucht	_	_	
15-46	4771-4772	,	_	_	
15-47	4773-4779	werden	_	_	
15-48	4780-4783	wir	Animated	B	
15-49	4784-4789	jetzt	_	_	
15-50	4790-4795	jeden	_	B	
15-51	4796-4800	Fall	_	I	
15-52	4801-4804	von	_	_	
15-53	4805-4816	Fälschungen	_	B	
15-54	4817-4820	von	_	_	
15-55	4821-4834	Impfausweisen	_	B	
15-56	4835-4839	oder	_	_	
15-57	4840-4854	Testnachweisen	_	B	
15-58	4855-4860	unter	_	_	
15-59	4861-4867	Strafe	_	B	
15-60	4868-4875	stellen	_	_	
15-61	4875-4876	.	_	_	
15-62	4877-4881	Auch	_	B	
15-63	4882-4885	das	_	I	
15-64	4886-4889	ist	_	_	
15-65	4890-4894	eine	_	B	
15-66	4895-4899	ganz	_	I	
15-67	4900-4908	wichtige	_	I	
15-68	4909-4917	Maßnahme	_	I	
15-69	4917-4918	.	_	_	

#Text=Zum Schluss; letzter Satz. Ich fand es immer gut, dass sich auch die Union bemüht hat, für diese wichtigen Maßnahmen zum Schutz der Bevölkerung einen breiten Konsens hier im Parlament herzustellen. Diesen drohen Sie heute zu verlassen. Ich kann nur appellieren: Stimmen Sie im Bundesrat, stimmen Sie hier im Bundestag diesen wichtigen Verschärfungen zum Schutz der Bevölkerung zu! Es geht hier um Tausende Menschenleben, liebe Kolleginnen und Kollegen.
16-1	4927-4930	Zum	_	_	
16-2	4931-4938	Schluss	_	B	
16-3	4938-4939	;	_	_	
16-4	4940-4947	letzter	_	B	
16-5	4948-4952	Satz	_	I	
16-6	4952-4953	.	_	_	
16-7	4954-4957	Ich	Animated	B	
16-8	4958-4962	fand	_	_	
16-9	4963-4965	es	_	B	
16-10	4966-4971	immer	_	_	
16-11	4972-4975	gut	_	_	
16-12	4975-4976	,	_	_	
16-13	4977-4981	dass	_	_	
16-14	4982-4986	sich	_	B	
16-15	4987-4991	auch	Animated[34]	B	
16-16	4992-4995	die	Animated[34]	I	
16-17	4996-5001	Union	Animated[34]	I	
16-18	5002-5008	bemüht	_	_	
16-19	5009-5012	hat	_	_	
16-20	5012-5013	,	_	_	
16-21	5014-5017	für	_	_	
16-22	5018-5023	diese	_	B	
16-23	5024-5033	wichtigen	_	I	
16-24	5034-5043	Maßnahmen	_	I	
16-25	5044-5047	zum	_	_	
16-26	5048-5054	Schutz	_	B	
16-27	5055-5058	der	Animated[35]	B	
16-28	5059-5070	Bevölkerung	Animated[35]	I	
16-29	5071-5076	einen	_	B	
16-30	5077-5084	breiten	_	I	
16-31	5085-5092	Konsens	_	I	
16-32	5093-5097	hier	_	_	
16-33	5098-5100	im	_	_	
16-34	5101-5110	Parlament	Animated	B	
16-35	5111-5123	herzustellen	_	_	
16-36	5123-5124	.	_	_	
16-37	5125-5131	Diesen	_	B	
16-38	5132-5138	drohen	_	_	
16-39	5139-5142	Sie	_	B	
16-40	5143-5148	heute	_	_	
16-41	5149-5151	zu	_	_	
16-42	5152-5161	verlassen	_	_	
16-43	5161-5162	.	_	_	
16-44	5163-5166	Ich	Animated	B	
16-45	5167-5171	kann	_	_	
16-46	5172-5175	nur	_	_	
16-47	5176-5187	appellieren	_	_	
16-48	5187-5188	:	_	_	
16-49	5189-5196	Stimmen	_	B	
16-50	5197-5200	Sie	_	B	
16-51	5201-5203	im	_	_	
16-52	5204-5213	Bundesrat	Animated	B	
16-53	5213-5214	,	_	_	
16-54	5215-5222	stimmen	_	_	
16-55	5223-5226	Sie	_	B	
16-56	5227-5231	hier	_	_	
16-57	5232-5234	im	_	_	
16-58	5235-5244	Bundestag	Animated	B	
16-59	5245-5251	diesen	_	B	
16-60	5252-5261	wichtigen	_	I	
16-61	5262-5276	Verschärfungen	_	I	
16-62	5277-5280	zum	_	_	
16-63	5281-5287	Schutz	_	B	
16-64	5288-5291	der	Animated[36]	B	
16-65	5292-5303	Bevölkerung	Animated[36]	I	
16-66	5304-5306	zu	_	_	
16-67	5306-5307	!	_	_	
16-68	5308-5310	Es	_	_	
16-69	5311-5315	geht	_	_	
16-70	5316-5320	hier	_	_	
16-71	5321-5323	um	_	_	
16-72	5324-5332	Tausende	_	B	
16-73	5333-5346	Menschenleben	_	I	
16-74	5346-5347	,	_	_	
16-75	5348-5353	liebe	Animated[37]	B	
16-76	5354-5365	Kolleginnen	Animated[37]	I	
16-77	5366-5369	und	_	_	
16-78	5370-5378	Kollegen	Animated	B	
16-79	5378-5379	.	_	_	

#Text=Bevor ich den nächsten Redner aufrufe, hat das Wort zu einer Kurzintervention aus der AfD-Fraktion Herr Kleinwächter.
17-1	5391-5396	Bevor	_	_	
17-2	5397-5400	ich	_	B	
17-3	5401-5404	den	Animated[38]	B	
17-4	5405-5413	nächsten	Animated[38]	I	
17-5	5414-5420	Redner	Animated[38]	I	
17-6	5421-5428	aufrufe	_	_	
17-7	5428-5429	,	_	_	
17-8	5430-5433	hat	_	_	
17-9	5434-5437	das	_	B	
17-10	5438-5442	Wort	_	I	
17-11	5443-5445	zu	_	_	
17-12	5446-5451	einer	_	B	
17-13	5452-5468	Kurzintervention	_	I	
17-14	5469-5472	aus	_	_	
17-15	5473-5476	der	Animated[39]	B	
17-16	5477-5489	AfD-Fraktion	Animated[39]	I	
17-17	5490-5494	Herr	Animated[39]	I	
17-18	5495-5507	Kleinwächter	Animated	B	
17-19	5507-5508	.	_	_	
