#FORMAT=WebAnno TSV 3.3
#T_SP=webanno.custom.Animacy|Animated
#T_SP=webanno.custom.CustomChunk|Chunk


#Text=Frau Präsidentin! Werte Kolleginnen und Kollegen! Werte Gäste des Hohen Hauses! Ich werde zu dem Antrag der FDP Stellung nehmen, mein Kollege Jörg Schneider später dann zu dem Antrag der Linken.
1-1	0-4	Frau	Animated[1]	B	
1-2	5-16	Präsidentin	Animated[1]	I	
1-3	16-17	!	_	_	
1-4	18-23	Werte	_	B	
1-5	24-35	Kolleginnen	_	_	
1-6	36-39	und	_	_	
1-7	40-48	Kollegen	Animated	B	
1-8	48-49	!	_	_	
1-9	50-55	Werte	_	B	
1-10	56-61	Gäste	_	_	
1-11	62-65	des	Animated[2]	B	
1-12	66-71	Hohen	Animated[2]	I	
1-13	72-78	Hauses	Animated[2]	I	
1-14	78-79	!	_	_	
1-15	80-83	Ich	Animated	B	
1-16	84-89	werde	_	_	
1-17	90-92	zu	_	_	
1-18	93-96	dem	_	B	
1-19	97-103	Antrag	_	I	
1-20	104-107	der	Animated[3]	B	
1-21	108-111	FDP	Animated[3]	I	
1-22	112-120	Stellung	_	B	
1-23	121-127	nehmen	_	_	
1-24	127-128	,	_	_	
1-25	129-133	mein	Animated[4]	B	
1-26	134-141	Kollege	Animated[4]	I	
1-27	142-146	Jörg	Animated[4]	I	
1-28	147-156	Schneider	Animated[4]	I	
1-29	157-163	später	_	_	
1-30	164-168	dann	_	_	
1-31	169-171	zu	_	_	
1-32	172-175	dem	_	B	
1-33	176-182	Antrag	_	I	
1-34	183-186	der	Animated[5]	B	
1-35	187-193	Linken	Animated[5]	I	
1-36	193-194	.	_	_	

#Text=Die Grundsicherung für Arbeitsuchende oder Hartz IV ist in Deutschland für alle, die damit zu tun haben und betroffen sind, problematisch: für die 6 Millionen Leistungsbezieher, die dafür nur am Rande des Existenzminimums leben können, für 95 000 Mitarbeiter in den Jobcentern und Arbeitsagenturen und für die Sozialgerichte, bei denen sich bis Ende letzten Jahres 173 000 Klagen angesammelt haben, davon allein 30 000 Klagen gegen Bescheide, die die Kosten für Unterkunft und Heizung betreffen, aber letztlich – lassen Sie uns das nicht vergessen – natürlich auch für die Steuerzahler, die das alles bezahlen müssen.
2-1	200-203	Die	_	B	
2-2	204-218	Grundsicherung	_	I	
2-3	219-222	für	_	_	
2-4	223-237	Arbeitsuchende	Animated	B	
2-5	238-242	oder	_	_	
2-6	243-248	Hartz	_	B	
2-7	249-251	IV	_	_	
2-8	252-255	ist	_	_	
2-9	256-258	in	_	_	
2-10	259-270	Deutschland	_	B	
2-11	271-274	für	_	_	
2-12	275-279	alle	_	B	
2-13	279-280	,	_	_	
2-14	281-284	die	_	B	
2-15	285-290	damit	_	_	
2-16	291-293	zu	_	_	
2-17	294-297	tun	_	_	
2-18	298-303	haben	_	_	
2-19	304-307	und	_	_	
2-20	308-317	betroffen	_	_	
2-21	318-322	sind	_	_	
2-22	322-323	,	_	_	
2-23	324-337	problematisch	_	_	
2-24	337-338	:	_	_	
2-25	339-342	für	_	_	
2-26	343-346	die	Animated[6]	B	
2-27	347-348	6	Animated[6]	I	
2-28	349-358	Millionen	Animated[6]	I	
2-29	359-376	Leistungsbezieher	Animated[6]	I	
2-30	376-377	,	_	_	
2-31	378-381	die	_	B	
2-32	382-387	dafür	_	_	
2-33	388-391	nur	_	_	
2-34	392-394	am	_	_	
2-35	395-400	Rande	_	B	
2-36	401-404	des	_	B	
2-37	405-421	Existenzminimums	_	I	
2-38	422-427	leben	_	_	
2-39	428-434	können	_	_	
2-40	434-435	,	_	_	
2-41	436-439	für	_	_	
2-42	440-442	95	Animated[7]	B	
2-43	443-446	000	Animated[7]	I	
2-44	447-458	Mitarbeiter	Animated[7]	I	
2-45	459-461	in	_	_	
2-46	462-465	den	Animated[8]	B	
2-47	466-476	Jobcentern	Animated[8]	I	
2-48	477-480	und	_	_	
2-49	481-497	Arbeitsagenturen	Animated	B	
2-50	498-501	und	_	_	
2-51	502-505	für	_	_	
2-52	506-509	die	Animated[9]	B	
2-53	510-524	Sozialgerichte	Animated[9]	I	
2-54	524-525	,	_	_	
2-55	526-529	bei	_	_	
2-56	530-535	denen	_	B	
2-57	536-540	sich	_	B	
2-58	541-544	bis	_	_	
2-59	545-549	Ende	_	B	
2-60	550-557	letzten	_	B	
2-61	558-564	Jahres	_	I	
2-62	565-568	173	_	B	
2-63	569-572	000	_	I	
2-64	573-579	Klagen	_	I	
2-65	580-591	angesammelt	_	_	
2-66	592-597	haben	_	_	
2-67	597-598	,	_	_	
2-68	599-604	davon	_	B	
2-69	605-611	allein	_	I	
2-70	612-614	30	_	I	
2-71	615-618	000	_	I	
2-72	619-625	Klagen	_	I	
2-73	626-631	gegen	_	_	
2-74	632-641	Bescheide	_	B	
2-75	641-642	,	_	_	
2-76	643-646	die	_	B	
2-77	647-650	die	_	B	
2-78	651-657	Kosten	_	I	
2-79	658-661	für	_	_	
2-80	662-672	Unterkunft	_	B	
2-81	673-676	und	_	_	
2-82	677-684	Heizung	_	B	
2-83	685-694	betreffen	_	_	
2-84	694-695	,	_	_	
2-85	696-700	aber	_	_	
2-86	701-710	letztlich	_	_	
2-87	711-712	–	_	_	
2-88	713-719	lassen	_	_	
2-89	720-723	Sie	_	B	
2-90	724-727	uns	_	B	
2-91	728-731	das	_	B	
2-92	732-737	nicht	_	_	
2-93	738-747	vergessen	_	_	
2-94	748-749	–	_	_	
2-95	750-759	natürlich	_	_	
2-96	760-764	auch	_	_	
2-97	765-768	für	_	_	
2-98	769-772	die	Animated[10]	B	
2-99	773-785	Steuerzahler	Animated[10]	I	
2-100	785-786	,	_	_	
2-101	787-790	die	_	B	
2-102	791-794	das	_	_	
2-103	795-800	alles	_	B	
2-104	801-809	bezahlen	_	_	
2-105	810-816	müssen	_	_	
2-106	816-817	.	_	_	

#Text=Die Übernahme der Kosten für Unterkunft und Heizung ist unabhängig von der Regelleistung. Laut § 22 SGB II werden diese in der tatsächlichen Höhe übernommen, aber nur, wenn sie angemessen sind. Allerdings gibt es in den Jobcentern teilweise Probleme bei der Berechnung der Angemessenheitsgrenzen im Hinblick auf die Rechtssicherheit. In § 22 SGB II ist nicht klar geregelt, wie Angemessenheitsgrenzen zu berechnen sind. Dazu kommt, dass die Berechnung hochkomplex ist. Das kostet nicht nur die Mitarbeiter in den Jobcentern einen Teil ihrer Arbeitszeit, den sie besser verwenden könnten, um die Betroffenen zu beraten, sondern produziert auch, wie eingangs erwähnt, eine Flut von Klagen. Wenn wir daran etwas ändern können, sollten wir das tun.
3-1	829-832	Die	_	B	
3-2	833-842	Übernahme	_	I	
3-3	843-846	der	_	B	
3-4	847-853	Kosten	_	I	
3-5	854-857	für	_	_	
3-6	858-868	Unterkunft	_	B	
3-7	869-872	und	_	_	
3-8	873-880	Heizung	_	B	
3-9	881-884	ist	_	_	
3-10	885-895	unabhängig	_	_	
3-11	896-899	von	_	_	
3-12	900-903	der	_	B	
3-13	904-917	Regelleistung	_	I	
3-14	917-918	.	_	_	
3-15	919-923	Laut	_	_	
3-16	924-925	§	_	B	
3-17	926-928	22	_	I	
3-18	929-932	SGB	_	I	
3-19	933-935	II	_	_	
3-20	936-942	werden	_	_	
3-21	943-948	diese	_	B	
3-22	949-951	in	_	_	
3-23	952-955	der	_	B	
3-24	956-969	tatsächlichen	_	I	
3-25	970-974	Höhe	_	I	
3-26	975-985	übernommen	_	_	
3-27	985-986	,	_	_	
3-28	987-991	aber	_	_	
3-29	992-995	nur	_	_	
3-30	995-996	,	_	_	
3-31	997-1001	wenn	_	_	
3-32	1002-1005	sie	_	B	
3-33	1006-1016	angemessen	_	_	
3-34	1017-1021	sind	_	_	
3-35	1021-1022	.	_	_	
3-36	1023-1033	Allerdings	_	_	
3-37	1034-1038	gibt	_	_	
3-38	1039-1041	es	_	_	
3-39	1042-1044	in	_	_	
3-40	1045-1048	den	Animated[11]	B	
3-41	1049-1059	Jobcentern	Animated[11]	I	
3-42	1060-1069	teilweise	_	_	
3-43	1070-1078	Probleme	_	B	
3-44	1079-1082	bei	_	_	
3-45	1083-1086	der	_	B	
3-46	1087-1097	Berechnung	_	I	
3-47	1098-1101	der	_	B	
3-48	1102-1124	Angemessenheitsgrenzen	_	I	
3-49	1125-1127	im	_	_	
3-50	1128-1136	Hinblick	_	B	
3-51	1137-1140	auf	_	_	
3-52	1141-1144	die	_	B	
3-53	1145-1161	Rechtssicherheit	_	I	
3-54	1161-1162	.	_	_	
3-55	1163-1165	In	_	_	
3-56	1166-1167	§	_	B	
3-57	1168-1170	22	_	I	
3-58	1171-1174	SGB	_	I	
3-59	1175-1177	II	_	_	
3-60	1178-1181	ist	_	_	
3-61	1182-1187	nicht	_	_	
3-62	1188-1192	klar	_	_	
3-63	1193-1201	geregelt	_	_	
3-64	1201-1202	,	_	_	
3-65	1203-1206	wie	_	_	
3-66	1207-1229	Angemessenheitsgrenzen	_	B	
3-67	1230-1232	zu	_	_	
3-68	1233-1242	berechnen	_	_	
3-69	1243-1247	sind	_	_	
3-70	1247-1248	.	_	_	
3-71	1249-1253	Dazu	_	_	
3-72	1254-1259	kommt	_	_	
3-73	1259-1260	,	_	_	
3-74	1261-1265	dass	_	_	
3-75	1266-1269	die	_	B	
3-76	1270-1280	Berechnung	_	I	
3-77	1281-1292	hochkomplex	_	_	
3-78	1293-1296	ist	_	_	
3-79	1296-1297	.	_	_	
3-80	1298-1301	Das	_	B	
3-81	1302-1308	kostet	_	_	
3-82	1309-1314	nicht	Animated[12]	B	
3-83	1315-1318	nur	Animated[12]	I	
3-84	1319-1322	die	Animated[12]	I	
3-85	1323-1334	Mitarbeiter	Animated[12]	I	
3-86	1335-1337	in	_	_	
3-87	1338-1341	den	Animated[13]	B	
3-88	1342-1352	Jobcentern	Animated[13]	I	
3-89	1353-1358	einen	_	B	
3-90	1359-1363	Teil	_	I	
3-91	1364-1369	ihrer	_	B	
3-92	1370-1381	Arbeitszeit	_	I	
3-93	1381-1382	,	_	_	
3-94	1383-1386	den	_	B	
3-95	1387-1390	sie	_	B	
3-96	1391-1397	besser	_	_	
3-97	1398-1407	verwenden	_	_	
3-98	1408-1415	könnten	_	_	
3-99	1415-1416	,	_	_	
3-100	1417-1419	um	_	_	
3-101	1420-1423	die	Animated[14]	B	
3-102	1424-1435	Betroffenen	Animated[14]	I	
3-103	1436-1438	zu	_	_	
3-104	1439-1446	beraten	_	_	
3-105	1446-1447	,	_	_	
3-106	1448-1455	sondern	_	_	
3-107	1456-1466	produziert	_	_	
3-108	1467-1471	auch	_	_	
3-109	1471-1472	,	_	_	
3-110	1473-1476	wie	_	_	
3-111	1477-1485	eingangs	_	_	
3-112	1486-1493	erwähnt	_	_	
3-113	1493-1494	,	_	_	
3-114	1495-1499	eine	_	B	
3-115	1500-1504	Flut	_	I	
3-116	1505-1508	von	_	_	
3-117	1509-1515	Klagen	_	B	
3-118	1515-1516	.	_	_	
3-119	1517-1521	Wenn	_	_	
3-120	1522-1525	wir	Animated	B	
3-121	1526-1531	daran	_	_	
3-122	1532-1537	etwas	_	B	
3-123	1538-1544	ändern	_	_	
3-124	1545-1551	können	_	_	
3-125	1551-1552	,	_	_	
3-126	1553-1560	sollten	_	_	
3-127	1561-1564	wir	Animated	B	
3-128	1565-1568	das	_	B	
3-129	1569-1572	tun	_	_	
3-130	1572-1573	.	_	_	

#Text=Schauen wir uns daher den Antrag der FDP etwas genauer an. Die FDP will mehr Rechtssicherheit herstellen. Sie will die bestehende Gesetzeslage konkretisieren und vereinfachen, um Kommunen und Jobcenter, aber auch Sozialgerichte zu entlasten.
4-1	1591-1598	Schauen	_	_	
4-2	1599-1602	wir	Animated	B	
4-3	1603-1606	uns	_	B	
4-4	1607-1612	daher	_	_	
4-5	1613-1616	den	_	B	
4-6	1617-1623	Antrag	_	I	
4-7	1624-1627	der	Animated[15]	B	
4-8	1628-1631	FDP	Animated[15]	I	
4-9	1632-1637	etwas	_	_	
4-10	1638-1645	genauer	_	_	
4-11	1646-1648	an	_	_	
4-12	1648-1649	.	_	_	
4-13	1650-1653	Die	Animated[16]	B	
4-14	1654-1657	FDP	Animated[16]	I	
4-15	1658-1662	will	_	_	
4-16	1663-1667	mehr	_	B	
4-17	1668-1684	Rechtssicherheit	_	I	
4-18	1685-1695	herstellen	_	_	
4-19	1695-1696	.	_	_	
4-20	1697-1700	Sie	_	B	
4-21	1701-1705	will	_	_	
4-22	1706-1709	die	_	B	
4-23	1710-1720	bestehende	_	I	
4-24	1721-1733	Gesetzeslage	_	I	
4-25	1734-1748	konkretisieren	_	_	
4-26	1749-1752	und	_	_	
4-27	1753-1765	vereinfachen	_	_	
4-28	1765-1766	,	_	_	
4-29	1767-1769	um	_	_	
4-30	1770-1778	Kommunen	Animated	B	
4-31	1779-1782	und	_	_	
4-32	1783-1792	Jobcenter	Animated	B	
4-33	1792-1793	,	_	_	
4-34	1794-1798	aber	_	_	
4-35	1799-1803	auch	Animated[17]	B	
4-36	1804-1818	Sozialgerichte	Animated[17]	I	
4-37	1819-1821	zu	_	_	
4-38	1822-1831	entlasten	_	_	
4-39	1831-1832	.	_	_	

#Text=Wie soll das funktionieren? Bundesländern und Kommunen soll es einfacher gemacht werden, Pauschalierungen für Unterkunft und Heizung einzuführen und zu handhaben. Damit soll der Aufwand für Prüfungen der tatsächlichen Lebensverhältnisse und der Angemessenheit der Kosten reduziert werden. Das Berechnungsverfahren zur Ermittlung von Pauschalbeträgen und Kostenobergrenzen soll konkret vorgegeben werden, und zwar so, dass es einfach zu handhaben ist und die Berechnungen vor Gericht Bestand haben. Schließlich sollen die so ermittelten Kosten für Unterkunft und Heizung kostendeckend sein und auch besonderen Einzelfällen gerecht werden.
5-1	1838-1841	Wie	_	_	
5-2	1842-1846	soll	_	_	
5-3	1847-1850	das	_	B	
5-4	1851-1864	funktionieren	_	_	
5-5	1864-1865	?	_	_	
5-6	1866-1879	Bundesländern	Animated	B	
5-7	1880-1883	und	_	_	
5-8	1884-1892	Kommunen	Animated	B	
5-9	1893-1897	soll	_	_	
5-10	1898-1900	es	_	_	
5-11	1901-1910	einfacher	_	_	
5-12	1911-1918	gemacht	_	_	
5-13	1919-1925	werden	_	_	
5-14	1925-1926	,	_	_	
5-15	1927-1943	Pauschalierungen	_	B	
5-16	1944-1947	für	_	_	
5-17	1948-1958	Unterkunft	_	B	
5-18	1959-1962	und	_	_	
5-19	1963-1970	Heizung	_	B	
5-20	1971-1982	einzuführen	_	_	
5-21	1983-1986	und	_	_	
5-22	1987-1989	zu	_	_	
5-23	1990-1999	handhaben	_	_	
5-24	1999-2000	.	_	_	
5-25	2001-2006	Damit	_	_	
5-26	2007-2011	soll	_	_	
5-27	2012-2015	der	_	B	
5-28	2016-2023	Aufwand	_	I	
5-29	2024-2027	für	_	_	
5-30	2028-2037	Prüfungen	_	B	
5-31	2038-2041	der	_	B	
5-32	2042-2055	tatsächlichen	_	I	
5-33	2056-2074	Lebensverhältnisse	_	I	
5-34	2075-2078	und	_	_	
5-35	2079-2082	der	_	B	
5-36	2083-2097	Angemessenheit	_	I	
5-37	2098-2101	der	_	B	
5-38	2102-2108	Kosten	_	I	
5-39	2109-2118	reduziert	_	_	
5-40	2119-2125	werden	_	_	
5-41	2125-2126	.	_	_	
5-42	2127-2130	Das	_	B	
5-43	2131-2151	Berechnungsverfahren	_	I	
5-44	2152-2155	zur	_	_	
5-45	2156-2166	Ermittlung	_	B	
5-46	2167-2170	von	_	_	
5-47	2171-2187	Pauschalbeträgen	_	B	
5-48	2188-2191	und	_	_	
5-49	2192-2209	Kostenobergrenzen	_	B	
5-50	2210-2214	soll	_	_	
5-51	2215-2222	konkret	_	_	
5-52	2223-2233	vorgegeben	_	_	
5-53	2234-2240	werden	_	_	
5-54	2240-2241	,	_	_	
5-55	2242-2245	und	_	_	
5-56	2246-2250	zwar	_	_	
5-57	2251-2253	so	_	_	
5-58	2253-2254	,	_	_	
5-59	2255-2259	dass	_	_	
5-60	2260-2262	es	_	B	
5-61	2263-2270	einfach	_	_	
5-62	2271-2273	zu	_	_	
5-63	2274-2283	handhaben	_	_	
5-64	2284-2287	ist	_	_	
5-65	2288-2291	und	_	_	
5-66	2292-2295	die	_	B	
5-67	2296-2308	Berechnungen	_	I	
5-68	2309-2312	vor	_	_	
5-69	2313-2320	Gericht	Animated	B	
5-70	2321-2328	Bestand	_	B	
5-71	2329-2334	haben	_	_	
5-72	2334-2335	.	_	_	
5-73	2336-2347	Schließlich	_	_	
5-74	2348-2354	sollen	_	_	
5-75	2355-2358	die	_	B	
5-76	2359-2361	so	_	I	
5-77	2362-2373	ermittelten	_	I	
5-78	2374-2380	Kosten	_	I	
5-79	2381-2384	für	_	_	
5-80	2385-2395	Unterkunft	_	B	
5-81	2396-2399	und	_	_	
5-82	2400-2407	Heizung	_	B	
5-83	2408-2421	kostendeckend	_	_	
5-84	2422-2426	sein	_	_	
5-85	2427-2430	und	_	_	
5-86	2431-2435	auch	_	B	
5-87	2436-2446	besonderen	_	I	
5-88	2447-2459	Einzelfällen	_	I	
5-89	2460-2467	gerecht	_	_	
5-90	2468-2474	werden	_	_	
5-91	2474-2475	.	_	_	

#Text=Das hört sich erst einmal sehr gut an. Die Frage ist allerdings, ob die FDP in dieser Sache jetzt bereits ein Patentrezept gefunden hat und uns im Ausschuss verrät, wie sie das konkret umsetzen will. Es ist sicher eine Herausforderung, Pauschalierungen so zu gestalten, dass sie auch besonderen Einzelfällen gerecht werden. Bei den Kosten für die Unterkunft mag das einfacher sein als bei den Kosten für die Heizung. Denn sie sind von der Art der Heizung und von der Wärmedämmung der Räume abhängig.
6-1	2484-2487	Das	_	B	
6-2	2488-2492	hört	_	_	
6-3	2493-2497	sich	_	B	
6-4	2498-2502	erst	_	_	
6-5	2503-2509	einmal	_	_	
6-6	2510-2514	sehr	_	_	
6-7	2515-2518	gut	_	_	
6-8	2519-2521	an	_	_	
6-9	2521-2522	.	_	_	
6-10	2523-2526	Die	_	B	
6-11	2527-2532	Frage	_	I	
6-12	2533-2536	ist	_	_	
6-13	2537-2547	allerdings	_	_	
6-14	2547-2548	,	_	_	
6-15	2549-2551	ob	_	_	
6-16	2552-2555	die	Animated[18]	B	
6-17	2556-2559	FDP	Animated[18]	I	
6-18	2560-2562	in	_	_	
6-19	2563-2569	dieser	_	B	
6-20	2570-2575	Sache	_	I	
6-21	2576-2581	jetzt	_	_	
6-22	2582-2589	bereits	_	_	
6-23	2590-2593	ein	_	B	
6-24	2594-2606	Patentrezept	_	I	
6-25	2607-2615	gefunden	_	_	
6-26	2616-2619	hat	_	_	
6-27	2620-2623	und	_	_	
6-28	2624-2627	uns	_	B	
6-29	2628-2630	im	_	_	
6-30	2631-2640	Ausschuss	_	B	
6-31	2641-2647	verrät	_	_	
6-32	2647-2648	,	_	_	
6-33	2649-2652	wie	_	_	
6-34	2653-2656	sie	_	B	
6-35	2657-2660	das	_	B	
6-36	2661-2668	konkret	_	_	
6-37	2669-2677	umsetzen	_	_	
6-38	2678-2682	will	_	_	
6-39	2682-2683	.	_	_	
6-40	2684-2686	Es	_	B	
6-41	2687-2690	ist	_	_	
6-42	2691-2697	sicher	_	_	
6-43	2698-2702	eine	_	B	
6-44	2703-2718	Herausforderung	_	I	
6-45	2718-2719	,	_	_	
6-46	2720-2736	Pauschalierungen	_	B	
6-47	2737-2739	so	_	_	
6-48	2740-2742	zu	_	_	
6-49	2743-2752	gestalten	_	_	
6-50	2752-2753	,	_	_	
6-51	2754-2758	dass	_	_	
6-52	2759-2762	sie	_	B	
6-53	2763-2767	auch	_	B	
6-54	2768-2778	besonderen	_	I	
6-55	2779-2791	Einzelfällen	_	I	
6-56	2792-2799	gerecht	_	_	
6-57	2800-2806	werden	_	_	
6-58	2806-2807	.	_	_	
6-59	2808-2811	Bei	_	_	
6-60	2812-2815	den	_	B	
6-61	2816-2822	Kosten	_	I	
6-62	2823-2826	für	_	_	
6-63	2827-2830	die	_	B	
6-64	2831-2841	Unterkunft	_	I	
6-65	2842-2845	mag	_	_	
6-66	2846-2849	das	_	B	
6-67	2850-2859	einfacher	_	_	
6-68	2860-2864	sein	_	_	
6-69	2865-2868	als	_	_	
6-70	2869-2872	bei	_	_	
6-71	2873-2876	den	_	B	
6-72	2877-2883	Kosten	_	I	
6-73	2884-2887	für	_	_	
6-74	2888-2891	die	_	B	
6-75	2892-2899	Heizung	_	I	
6-76	2899-2900	.	_	_	
6-77	2901-2905	Denn	_	_	
6-78	2906-2909	sie	_	B	
6-79	2910-2914	sind	_	_	
6-80	2915-2918	von	_	_	
6-81	2919-2922	der	_	B	
6-82	2923-2926	Art	_	I	
6-83	2927-2930	der	_	B	
6-84	2931-2938	Heizung	_	I	
6-85	2939-2942	und	_	_	
6-86	2943-2946	von	_	_	
6-87	2947-2950	der	_	B	
6-88	2951-2963	Wärmedämmung	_	I	
6-89	2964-2967	der	_	B	
6-90	2968-2973	Räume	_	I	
6-91	2974-2982	abhängig	_	_	
6-92	2982-2983	.	_	_	

#Text=Wenn man von Vergleichsräumen für die Berechnung der Pauschalbeträge und Kostengrenzen spricht, muss man berücksichtigen, dass sich der Wohnungsmarkt dynamisch entwickelt. Die Beträge müssen daher auch regelmäßig dynamisch angepasst werden.
7-1	2993-2997	Wenn	_	_	
7-2	2998-3001	man	Animated	B	
7-3	3002-3005	von	_	_	
7-4	3006-3022	Vergleichsräumen	_	B	
7-5	3023-3026	für	_	_	
7-6	3027-3030	die	_	B	
7-7	3031-3041	Berechnung	_	I	
7-8	3042-3045	der	_	B	
7-9	3046-3061	Pauschalbeträge	_	I	
7-10	3062-3065	und	_	_	
7-11	3066-3079	Kostengrenzen	_	B	
7-12	3080-3087	spricht	_	_	
7-13	3087-3088	,	_	_	
7-14	3089-3093	muss	_	_	
7-15	3094-3097	man	Animated	B	
7-16	3098-3113	berücksichtigen	_	_	
7-17	3113-3114	,	_	_	
7-18	3115-3119	dass	_	_	
7-19	3120-3124	sich	_	B	
7-20	3125-3128	der	_	B	
7-21	3129-3142	Wohnungsmarkt	_	I	
7-22	3143-3152	dynamisch	_	_	
7-23	3153-3163	entwickelt	_	_	
7-24	3163-3164	.	_	_	
7-25	3165-3168	Die	_	B	
7-26	3169-3176	Beträge	_	I	
7-27	3177-3183	müssen	_	_	
7-28	3184-3189	daher	_	_	
7-29	3190-3194	auch	_	_	
7-30	3195-3205	regelmäßig	_	_	
7-31	3206-3215	dynamisch	_	_	
7-32	3216-3225	angepasst	_	_	
7-33	3226-3232	werden	_	_	
7-34	3232-3233	.	_	_	

#Text=Wir sind gerne bereit, mit Ihnen gemeinsam an einer Lösung zu arbeiten. Daher stimmt die AfD der Überweisung des Antrags der FDP in den Ausschuss zu.
8-1	3238-3241	Wir	Animated	B	
8-2	3242-3246	sind	_	_	
8-3	3247-3252	gerne	_	_	
8-4	3253-3259	bereit	_	_	
8-5	3259-3260	,	_	_	
8-6	3261-3264	mit	_	_	
8-7	3265-3270	Ihnen	_	B	
8-8	3271-3280	gemeinsam	_	_	
8-9	3281-3283	an	_	_	
8-10	3284-3289	einer	_	B	
8-11	3290-3296	Lösung	_	I	
8-12	3297-3299	zu	_	_	
8-13	3300-3308	arbeiten	_	_	
8-14	3308-3309	.	_	_	
8-15	3310-3315	Daher	_	_	
8-16	3316-3322	stimmt	_	_	
8-17	3323-3326	die	Animated[19]	B	
8-18	3327-3330	AfD	Animated[19]	I	
8-19	3331-3334	der	_	B	
8-20	3335-3346	Überweisung	_	I	
8-21	3347-3350	des	_	B	
8-22	3351-3358	Antrags	_	I	
8-23	3359-3362	der	Animated[20]	B	
8-24	3363-3366	FDP	Animated[20]	I	
8-25	3367-3369	in	_	_	
8-26	3370-3373	den	Animated[21]	B	
8-27	3374-3383	Ausschuss	Animated[21]	I	
8-28	3384-3386	zu	_	_	
8-29	3386-3387	.	_	_	

#Text=Vielen Dank.
9-1	3391-3397	Vielen	_	_	
9-2	3398-3402	Dank	_	_	
9-3	3402-3403	.	_	_	

#Text=Das Wort hat die Kollegin Dagmar Schmidt für die SPD-Fraktion.
10-1	3405-3408	Das	_	B	
10-2	3409-3413	Wort	_	I	
10-3	3414-3417	hat	_	_	
10-4	3418-3421	die	Animated[22]	B	
10-5	3422-3430	Kollegin	Animated[22]	I	
10-6	3431-3437	Dagmar	Animated[22]	I	
10-7	3438-3445	Schmidt	Animated[22]	I	
10-8	3446-3449	für	_	_	
10-9	3450-3453	die	Animated[23]	B	
10-10	3454-3466	SPD-Fraktion	Animated[23]	I	
10-11	3466-3467	.	_	_	
