#FORMAT=WebAnno TSV 3.3
#T_SP=webanno.custom.Animacy|Animated
#T_SP=webanno.custom.CustomChunk|Chunk


#Text=Sehr geehrter Herr Präsident! Meine sehr verehrten Kolleginnen und Kollegen! Guten Morgen erst einmal! Worum geht es hier so spät in der Nacht? Es geht einerseits um das verständliche Schutzinteresse von Geschäftsgeheimnissen, welche einen elementaren Bestandteil für unsere deutsche Wirtschaft und für den ­fairen Wettbewerb miteinander darstellen. Es ist Aufgabe des Rechtsstaates, die unbefugte Weitergabe von schützenswerten Informationen dann auch zu sanktionieren.
1-1	0-4	Sehr	Animated[1]	B	
1-2	5-13	geehrter	Animated[1]	I	
1-3	14-18	Herr	Animated[1]	I	
1-4	19-28	Präsident	Animated[1]	I	
1-5	28-29	!	_	_	
1-6	30-35	Meine	Animated[2]	B	
1-7	36-40	sehr	Animated[2]	I	
1-8	41-50	verehrten	Animated[2]	I	
1-9	51-62	Kolleginnen	Animated[2]	I	
1-10	63-66	und	_	_	
1-11	67-75	Kollegen	Animated	B	
1-12	75-76	!	_	_	
1-13	77-82	Guten	_	B	
1-14	83-89	Morgen	_	I	
1-15	90-94	erst	_	_	
1-16	95-101	einmal	_	_	
1-17	101-102	!	_	_	
1-18	103-108	Worum	_	_	
1-19	109-113	geht	_	_	
1-20	114-116	es	_	_	
1-21	117-121	hier	_	_	
1-22	122-124	so	_	_	
1-23	125-129	spät	_	_	
1-24	130-132	in	_	_	
1-25	133-136	der	_	B	
1-26	137-142	Nacht	_	I	
1-27	142-143	?	_	_	
1-28	144-146	Es	_	_	
1-29	147-151	geht	_	_	
1-30	152-162	einerseits	_	_	
1-31	163-165	um	_	_	
1-32	166-169	das	_	B	
1-33	170-183	verständliche	_	I	
1-34	184-199	Schutzinteresse	_	I	
1-35	200-203	von	_	_	
1-36	204-225	Geschäftsgeheimnissen	_	B	
1-37	225-226	,	_	_	
1-38	227-233	welche	_	B	
1-39	234-239	einen	_	B	
1-40	240-251	elementaren	_	I	
1-41	252-263	Bestandteil	_	I	
1-42	264-267	für	_	_	
1-43	268-274	unsere	_	B	
1-44	275-283	deutsche	_	I	
1-45	284-294	Wirtschaft	_	I	
1-46	295-298	und	_	_	
1-47	299-302	für	_	_	
1-48	303-306	den	_	B	
1-49	307-314	­fairen	_	I	
1-50	315-325	Wettbewerb	_	I	
1-51	326-337	miteinander	_	_	
1-52	338-348	darstellen	_	_	
1-53	348-349	.	_	_	
1-54	350-352	Es	_	B	
1-55	353-356	ist	_	_	
1-56	357-364	Aufgabe	_	B	
1-57	365-368	des	Animated[3]	B	
1-58	369-382	Rechtsstaates	Animated[3]	I	
1-59	382-383	,	_	_	
1-60	384-387	die	_	B	
1-61	388-397	unbefugte	_	I	
1-62	398-408	Weitergabe	_	I	
1-63	409-412	von	_	_	
1-64	413-428	schützenswerten	_	B	
1-65	429-442	Informationen	_	I	
1-66	443-447	dann	_	_	
1-67	448-452	auch	_	_	
1-68	453-455	zu	_	_	
1-69	456-469	sanktionieren	_	_	
1-70	469-470	.	_	_	

#Text=Es geht aber andererseits auch um die Pressefreiheit und insbesondere um den Informantenschutz, welche auch ein elementarer Bestandteil einer unabhängigen Berichterstattung sind. Kollidieren diese beiden staatlichen Aufgaben, dann ist es unsere Aufgabe als Gesetzgeber, da für einen angemessenen Ausgleich zu sorgen. Und direkt vorweg – das zeigen auch die Stellungnahmen der großen Akteure zu dem Bereich –: Das ist der Bundesregierung nicht gelungen.
2-1	479-481	Es	_	_	
2-2	482-486	geht	_	_	
2-3	487-491	aber	_	_	
2-4	492-504	andererseits	_	_	
2-5	505-509	auch	_	_	
2-6	510-512	um	_	_	
2-7	513-516	die	_	B	
2-8	517-531	Pressefreiheit	_	I	
2-9	532-535	und	_	_	
2-10	536-548	insbesondere	_	_	
2-11	549-551	um	_	_	
2-12	552-555	den	_	B	
2-13	556-573	Informantenschutz	_	I	
2-14	573-574	,	_	_	
2-15	575-581	welche	_	B	
2-16	582-586	auch	_	B	
2-17	587-590	ein	_	I	
2-18	591-602	elementarer	_	I	
2-19	603-614	Bestandteil	_	I	
2-20	615-620	einer	_	B	
2-21	621-633	unabhängigen	_	I	
2-22	634-651	Berichterstattung	_	I	
2-23	652-656	sind	_	_	
2-24	656-657	.	_	_	
2-25	658-669	Kollidieren	_	_	
2-26	670-675	diese	_	B	
2-27	676-682	beiden	_	I	
2-28	683-694	staatlichen	_	I	
2-29	695-703	Aufgaben	_	I	
2-30	703-704	,	_	_	
2-31	705-709	dann	_	_	
2-32	710-713	ist	_	_	
2-33	714-716	es	_	B	
2-34	717-723	unsere	_	B	
2-35	724-731	Aufgabe	_	I	
2-36	732-735	als	_	_	
2-37	736-747	Gesetzgeber	Animated	B	
2-38	747-748	,	_	_	
2-39	749-751	da	_	_	
2-40	752-755	für	_	_	
2-41	756-761	einen	_	B	
2-42	762-774	angemessenen	_	I	
2-43	775-784	Ausgleich	_	I	
2-44	785-787	zu	_	_	
2-45	788-794	sorgen	_	_	
2-46	794-795	.	_	_	
2-47	796-799	Und	_	_	
2-48	800-806	direkt	_	_	
2-49	807-813	vorweg	_	_	
2-50	814-815	–	_	_	
2-51	816-819	das	_	B	
2-52	820-826	zeigen	_	_	
2-53	827-831	auch	_	B	
2-54	832-835	die	_	I	
2-55	836-850	Stellungnahmen	_	I	
2-56	851-854	der	Animated[4]	B	
2-57	855-861	großen	Animated[4]	I	
2-58	862-869	Akteure	Animated[4]	I	
2-59	870-872	zu	_	_	
2-60	873-876	dem	_	B	
2-61	877-884	Bereich	_	I	
2-62	885-886	–	_	_	
2-63	886-887	:	_	_	
2-64	888-891	Das	_	B	
2-65	892-895	ist	_	_	
2-66	896-899	der	Animated[5]	B	
2-67	900-915	Bundesregierung	Animated[5]	I	
2-68	916-921	nicht	_	_	
2-69	922-930	gelungen	_	_	
2-70	930-931	.	_	_	

#Text=Sie schaffen größtenteils gute Regelungen zum Schutz der Geschäftsgeheimnisse, aber Sie gefährden doch sehr den Schutz von Informanten.
3-1	939-942	Sie	_	B	
3-2	943-951	schaffen	_	_	
3-3	952-964	größtenteils	_	_	
3-4	965-969	gute	_	B	
3-5	970-980	Regelungen	_	I	
3-6	981-984	zum	_	_	
3-7	985-991	Schutz	_	B	
3-8	992-995	der	_	B	
3-9	996-1016	Geschäftsgeheimnisse	_	I	
3-10	1016-1017	,	_	_	
3-11	1018-1022	aber	_	_	
3-12	1023-1026	Sie	_	B	
3-13	1027-1036	gefährden	_	_	
3-14	1037-1041	doch	_	_	
3-15	1042-1046	sehr	_	_	
3-16	1047-1050	den	_	B	
3-17	1051-1057	Schutz	_	I	
3-18	1058-1061	von	_	_	
3-19	1062-1073	Informanten	Animated	B	
3-20	1073-1074	.	_	_	

#Text=Wir Freien Demokraten sind besorgt, dass Ihr Gesetz in seiner jetzigen Fassung zu einem Ungleichgewicht zulasten der freien Presse führt. Das können wir nicht akzeptieren.
4-1	1077-1080	Wir	Animated	B	
4-2	1081-1087	Freien	_	_	
4-3	1088-1098	Demokraten	_	_	
4-4	1099-1103	sind	_	_	
4-5	1104-1111	besorgt	_	_	
4-6	1111-1112	,	_	_	
4-7	1113-1117	dass	_	_	
4-8	1118-1121	Ihr	_	B	
4-9	1122-1128	Gesetz	_	I	
4-10	1129-1131	in	_	_	
4-11	1132-1138	seiner	_	B	
4-12	1139-1147	jetzigen	_	I	
4-13	1148-1155	Fassung	_	I	
4-14	1156-1158	zu	_	_	
4-15	1159-1164	einem	_	B	
4-16	1165-1180	Ungleichgewicht	_	I	
4-17	1181-1189	zulasten	_	_	
4-18	1190-1193	der	_	B	
4-19	1194-1200	freien	_	I	
4-20	1201-1207	Presse	_	I	
4-21	1208-1213	führt	_	_	
4-22	1213-1214	.	_	_	
4-23	1215-1218	Das	_	B	
4-24	1219-1225	können	_	_	
4-25	1226-1229	wir	Animated	B	
4-26	1230-1235	nicht	_	_	
4-27	1236-1247	akzeptieren	_	_	
4-28	1247-1248	.	_	_	

#Text=Im Gegensatz zum materiellen Eigentum ist doch ganz klar, dass der Schutz von Geschäftsgeheimnissen deutlich schwieriger zu ermöglichen ist. Nicht geringer ist jedoch seine Bedeutung für unsere deutschen Unternehmen und vor allem für die kleinen und mittelständischen Unternehmen.
5-1	1252-1254	Im	_	_	
5-2	1255-1264	Gegensatz	_	B	
5-3	1265-1268	zum	_	_	
5-4	1269-1280	materiellen	_	B	
5-5	1281-1289	Eigentum	_	I	
5-6	1290-1293	ist	_	_	
5-7	1294-1298	doch	_	_	
5-8	1299-1303	ganz	_	_	
5-9	1304-1308	klar	_	_	
5-10	1308-1309	,	_	_	
5-11	1310-1314	dass	_	_	
5-12	1315-1318	der	_	B	
5-13	1319-1325	Schutz	_	I	
5-14	1326-1329	von	_	_	
5-15	1330-1351	Geschäftsgeheimnissen	_	B	
5-16	1352-1360	deutlich	_	_	
5-17	1361-1372	schwieriger	_	_	
5-18	1373-1375	zu	_	_	
5-19	1376-1387	ermöglichen	_	_	
5-20	1388-1391	ist	_	_	
5-21	1391-1392	.	_	_	
5-22	1393-1398	Nicht	_	_	
5-23	1399-1407	geringer	_	_	
5-24	1408-1411	ist	_	_	
5-25	1412-1418	jedoch	_	_	
5-26	1419-1424	seine	_	B	
5-27	1425-1434	Bedeutung	_	I	
5-28	1435-1438	für	_	_	
5-29	1439-1445	unsere	Animated[6]	B	
5-30	1446-1455	deutschen	Animated[6]	I	
5-31	1456-1467	Unternehmen	Animated[6]	I	
5-32	1468-1471	und	_	_	
5-33	1472-1475	vor	_	_	
5-34	1476-1481	allem	_	B	
5-35	1482-1485	für	_	_	
5-36	1486-1489	die	Animated[7]	B	
5-37	1490-1497	kleinen	Animated[7]	I	
5-38	1498-1501	und	Animated[7]	I	
5-39	1502-1519	mittelständischen	Animated[7]	I	
5-40	1520-1531	Unternehmen	Animated[7]	I	
5-41	1531-1532	.	_	_	

#Text=Für mich stellt sich dann vorrangig die Frage: Was soll denn konkret ein Geschäftsgeheimnis sein? Ihr Gesetzentwurf liefert dazu leider keine ausreichenden und präzisen Antworten. Die Folge ist dann, dass der Inhaber von Informationen nahezu willkürlich entscheiden kann, was ein Geschäftsgeheimnis ist. In Kombination mit den Auskunftsansprüchen – die wurden gerade schon teilweise angesprochen – öffnen wir damit die Büchse der Pandora und behindern die Arbeit aller investigativen Journalisten.
6-1	1536-1539	Für	_	_	
6-2	1540-1544	mich	_	B	
6-3	1545-1551	stellt	_	_	
6-4	1552-1556	sich	_	B	
6-5	1557-1561	dann	_	_	
6-6	1562-1571	vorrangig	_	_	
6-7	1572-1575	die	_	B	
6-8	1576-1581	Frage	_	I	
6-9	1581-1582	:	_	_	
6-10	1583-1586	Was	_	B	
6-11	1587-1591	soll	_	_	
6-12	1592-1596	denn	_	_	
6-13	1597-1604	konkret	_	_	
6-14	1605-1608	ein	_	B	
6-15	1609-1627	Geschäftsgeheimnis	_	I	
6-16	1628-1632	sein	_	_	
6-17	1632-1633	?	_	_	
6-18	1634-1637	Ihr	_	B	
6-19	1638-1651	Gesetzentwurf	_	I	
6-20	1652-1659	liefert	_	_	
6-21	1660-1664	dazu	_	_	
6-22	1665-1671	leider	_	_	
6-23	1672-1677	keine	_	B	
6-24	1678-1691	ausreichenden	_	I	
6-25	1692-1695	und	_	I	
6-26	1696-1704	präzisen	_	I	
6-27	1705-1714	Antworten	_	I	
6-28	1714-1715	.	_	_	
6-29	1716-1719	Die	_	B	
6-30	1720-1725	Folge	_	I	
6-31	1726-1729	ist	_	_	
6-32	1730-1734	dann	_	_	
6-33	1734-1735	,	_	_	
6-34	1736-1740	dass	_	_	
6-35	1741-1744	der	Animated[8]	B	
6-36	1745-1752	Inhaber	Animated[8]	I	
6-37	1753-1756	von	_	_	
6-38	1757-1770	Informationen	_	B	
6-39	1771-1777	nahezu	_	_	
6-40	1778-1789	willkürlich	_	_	
6-41	1790-1801	entscheiden	_	_	
6-42	1802-1806	kann	_	_	
6-43	1806-1807	,	_	_	
6-44	1808-1811	was	_	B	
6-45	1812-1815	ein	_	B	
6-46	1816-1834	Geschäftsgeheimnis	_	I	
6-47	1835-1838	ist	_	_	
6-48	1838-1839	.	_	_	
6-49	1840-1842	In	_	_	
6-50	1843-1854	Kombination	_	B	
6-51	1855-1858	mit	_	_	
6-52	1859-1862	den	_	B	
6-53	1863-1882	Auskunftsansprüchen	_	I	
6-54	1883-1884	–	_	_	
6-55	1885-1888	die	_	B	
6-56	1889-1895	wurden	_	_	
6-57	1896-1902	gerade	_	_	
6-58	1903-1908	schon	_	_	
6-59	1909-1918	teilweise	_	_	
6-60	1919-1931	angesprochen	_	_	
6-61	1932-1933	–	_	_	
6-62	1934-1940	öffnen	_	_	
6-63	1941-1944	wir	Animated	B	
6-64	1945-1950	damit	_	_	
6-65	1951-1954	die	_	B	
6-66	1955-1961	Büchse	_	I	
6-67	1962-1965	der	_	B	
6-68	1966-1973	Pandora	_	I	
6-69	1974-1977	und	_	_	
6-70	1978-1987	behindern	_	_	
6-71	1988-1991	die	_	B	
6-72	1992-1998	Arbeit	_	I	
6-73	1999-2004	aller	Animated[9]	B	
6-74	2005-2019	investigativen	Animated[9]	I	
6-75	2020-2032	Journalisten	Animated[9]	I	
6-76	2032-2033	.	_	_	

#Text=Machen wir uns konkret ans Eingemachte. Es geht um § 8 Absatz 1 des Gesetzentwurfs: Der Inhaber des Geschäftsgeheimnisses kann vom Rechtsverletzer – das können in diesem Fall die Journalisten sein – konkret die Person, von der er das Geschäftsgeheimnis erlangt hat, benannt bekommen. Das geht auch für uns auf gar keinen Fall. Jedem Pressevertreter tritt hierbei der Angstschweiß auf die Stirn, und der Informantenschutz, so wie wir ihn kennen, wird damit komplett ausgehöhlt.
7-1	2041-2047	Machen	_	_	
7-2	2048-2051	wir	Animated	B	
7-3	2052-2055	uns	_	B	
7-4	2056-2063	konkret	_	_	
7-5	2064-2067	ans	_	_	
7-6	2068-2079	Eingemachte	_	B	
7-7	2079-2080	.	_	_	
7-8	2081-2083	Es	_	_	
7-9	2084-2088	geht	_	_	
7-10	2089-2091	um	_	_	
7-11	2092-2093	§	_	B	
7-12	2094-2095	8	_	I	
7-13	2096-2102	Absatz	_	I	
7-14	2103-2104	1	_	_	
7-15	2105-2108	des	_	B	
7-16	2109-2123	Gesetzentwurfs	_	I	
7-17	2123-2124	:	_	_	
7-18	2125-2128	Der	Animated[10]	B	
7-19	2129-2136	Inhaber	Animated[10]	I	
7-20	2137-2140	des	_	B	
7-21	2141-2162	Geschäftsgeheimnisses	_	I	
7-22	2163-2167	kann	_	_	
7-23	2168-2171	vom	_	_	
7-24	2172-2187	Rechtsverletzer	_	B	
7-25	2188-2189	–	_	_	
7-26	2190-2193	das	_	B	
7-27	2194-2200	können	_	_	
7-28	2201-2203	in	_	_	
7-29	2204-2210	diesem	_	B	
7-30	2211-2215	Fall	_	I	
7-31	2216-2219	die	Animated[11]	B	
7-32	2220-2232	Journalisten	Animated[11]	I	
7-33	2233-2237	sein	_	_	
7-34	2238-2239	–	_	_	
7-35	2240-2247	konkret	_	_	
7-36	2248-2251	die	_	_	
7-37	2252-2258	Person	_	_	
7-38	2258-2259	,	_	_	
7-39	2260-2263	von	_	_	
7-40	2264-2267	der	_	B	
7-41	2268-2270	er	_	B	
7-42	2271-2274	das	_	B	
7-43	2275-2293	Geschäftsgeheimnis	_	I	
7-44	2294-2301	erlangt	_	_	
7-45	2302-2305	hat	_	_	
7-46	2305-2306	,	_	_	
7-47	2307-2314	benannt	_	_	
7-48	2315-2323	bekommen	_	_	
7-49	2323-2324	.	_	_	
7-50	2325-2328	Das	_	B	
7-51	2329-2333	geht	_	_	
7-52	2334-2338	auch	_	_	
7-53	2339-2342	für	_	_	
7-54	2343-2346	uns	_	B	
7-55	2347-2350	auf	_	_	
7-56	2351-2354	gar	_	B	
7-57	2355-2361	keinen	_	I	
7-58	2362-2366	Fall	_	I	
7-59	2366-2367	.	_	_	
7-60	2368-2373	Jedem	Animated[12]	B	
7-61	2374-2389	Pressevertreter	Animated[12]	I	
7-62	2390-2395	tritt	_	_	
7-63	2396-2403	hierbei	_	_	
7-64	2404-2407	der	_	B	
7-65	2408-2420	Angstschweiß	_	I	
7-66	2421-2424	auf	_	_	
7-67	2425-2428	die	_	B	
7-68	2429-2434	Stirn	_	I	
7-69	2434-2435	,	_	_	
7-70	2436-2439	und	_	_	
7-71	2440-2443	der	_	B	
7-72	2444-2461	Informantenschutz	_	I	
7-73	2461-2462	,	_	_	
7-74	2463-2465	so	_	_	
7-75	2466-2469	wie	_	_	
7-76	2470-2473	wir	Animated	B	
7-77	2474-2477	ihn	_	B	
7-78	2478-2484	kennen	_	_	
7-79	2484-2485	,	_	_	
7-80	2486-2490	wird	_	_	
7-81	2491-2496	damit	_	_	
7-82	2497-2505	komplett	_	_	
7-83	2506-2516	ausgehöhlt	_	_	
7-84	2516-2517	.	_	_	

#Text=Dabei ist dieser ein Bestandteil der Pressefreiheit, meine Damen und Herren, und die gilt es zu bewahren.
8-1	2528-2533	Dabei	_	_	
8-2	2534-2537	ist	_	_	
8-3	2538-2544	dieser	_	B	
8-4	2545-2548	ein	_	B	
8-5	2549-2560	Bestandteil	_	I	
8-6	2561-2564	der	_	B	
8-7	2565-2579	Pressefreiheit	_	I	
8-8	2579-2580	,	_	_	
8-9	2581-2586	meine	Animated[13]	B	
8-10	2587-2592	Damen	Animated[13]	I	
8-11	2593-2596	und	_	_	
8-12	2597-2603	Herren	Animated	B	
8-13	2603-2604	,	_	_	
8-14	2605-2608	und	_	_	
8-15	2609-2612	die	_	B	
8-16	2613-2617	gilt	_	_	
8-17	2618-2620	es	_	B	
8-18	2621-2623	zu	_	_	
8-19	2624-2632	bewahren	_	_	
8-20	2632-2633	.	_	_	

#Text=Wir müssen die Begriffsbestimmung des Geschäftsgeheimnisses konkretisieren und den Informantenschutz sicher gewährleisten. Ihre Definition des Geschäftsgeheimnisses in § 2 des Gesetzentwurfs muss von einer Oder- in eine Und-Definition verschärft werden. Außerdem muss hier das berechtigte Interesse des Inhabers an Geheimhaltung erweitert werden. Diese Idee findet sich übrigens auch schon im Erwägungsgrund 14 der Richtlinie wieder.
9-1	2637-2640	Wir	Animated	B	
9-2	2641-2647	müssen	_	_	
9-3	2648-2651	die	_	B	
9-4	2652-2670	Begriffsbestimmung	_	I	
9-5	2671-2674	des	_	B	
9-6	2675-2696	Geschäftsgeheimnisses	_	I	
9-7	2697-2711	konkretisieren	_	_	
9-8	2712-2715	und	_	_	
9-9	2716-2719	den	_	B	
9-10	2720-2737	Informantenschutz	_	I	
9-11	2738-2744	sicher	_	_	
9-12	2745-2758	gewährleisten	_	_	
9-13	2758-2759	.	_	_	
9-14	2760-2764	Ihre	_	B	
9-15	2765-2775	Definition	_	I	
9-16	2776-2779	des	_	B	
9-17	2780-2801	Geschäftsgeheimnisses	_	I	
9-18	2802-2804	in	_	_	
9-19	2805-2806	§	_	B	
9-20	2807-2808	2	_	_	
9-21	2809-2812	des	_	B	
9-22	2813-2827	Gesetzentwurfs	_	I	
9-23	2828-2832	muss	_	_	
9-24	2833-2836	von	_	_	
9-25	2837-2842	einer	_	_	
9-26	2843-2848	Oder-	_	_	
9-27	2849-2851	in	_	_	
9-28	2852-2856	eine	_	B	
9-29	2857-2871	Und-Definition	_	I	
9-30	2872-2882	verschärft	_	_	
9-31	2883-2889	werden	_	_	
9-32	2889-2890	.	_	_	
9-33	2891-2899	Außerdem	_	_	
9-34	2900-2904	muss	_	_	
9-35	2905-2909	hier	_	_	
9-36	2910-2913	das	_	B	
9-37	2914-2925	berechtigte	_	I	
9-38	2926-2935	Interesse	_	I	
9-39	2936-2939	des	Animated[14]	B	
9-40	2940-2948	Inhabers	Animated[14]	I	
9-41	2949-2951	an	_	_	
9-42	2952-2965	Geheimhaltung	_	B	
9-43	2966-2975	erweitert	_	_	
9-44	2976-2982	werden	_	_	
9-45	2982-2983	.	_	_	
9-46	2984-2989	Diese	_	B	
9-47	2990-2994	Idee	_	I	
9-48	2995-3001	findet	_	_	
9-49	3002-3006	sich	_	B	
9-50	3007-3015	übrigens	_	_	
9-51	3016-3020	auch	_	_	
9-52	3021-3026	schon	_	_	
9-53	3027-3029	im	_	_	
9-54	3030-3044	Erwägungsgrund	_	B	
9-55	3045-3047	14	_	_	
9-56	3048-3051	der	_	B	
9-57	3052-3062	Richtlinie	_	I	
9-58	3063-3069	wieder	_	_	
9-59	3069-3070	.	_	_	

#Text=§ 8 Absatz 1 Nummer 4 des Gesetzentwurfs muss ebenfalls angepasst werden. Auch bei den Rechtfertigungsgründen nach § 5 besteht noch Änderungsbedarf.
10-1	3075-3076	§	_	B	
10-2	3077-3078	8	_	I	
10-3	3079-3085	Absatz	_	I	
10-4	3086-3087	1	_	_	
10-5	3088-3094	Nummer	_	B	
10-6	3095-3096	4	_	_	
10-7	3097-3100	des	_	B	
10-8	3101-3115	Gesetzentwurfs	_	I	
10-9	3116-3120	muss	_	_	
10-10	3121-3130	ebenfalls	_	_	
10-11	3131-3140	angepasst	_	_	
10-12	3141-3147	werden	_	_	
10-13	3147-3148	.	_	_	
10-14	3149-3153	Auch	_	_	
10-15	3154-3157	bei	_	_	
10-16	3158-3161	den	_	B	
10-17	3162-3184	Rechtfertigungsgründen	_	I	
10-18	3185-3189	nach	_	_	
10-19	3190-3191	§	_	B	
10-20	3192-3193	5	_	_	
10-21	3194-3201	besteht	_	_	
10-22	3202-3206	noch	_	_	
10-23	3207-3222	Änderungsbedarf	_	B	
10-24	3222-3223	.	_	_	

#Text=Dieses Thema ist uns allen wichtig. Spielen wir also nicht Unternehmen gegen die Presse aus. Der Schutz der Geschäftsgeheimnisse ist von zentraler Bedeutung für unsere Wirtschaft. Aber er darf sicherlich auch nicht ausschließlich zulasten der Pressefreiheit bestehen.
11-1	3226-3232	Dieses	_	B	
11-2	3233-3238	Thema	_	I	
11-3	3239-3242	ist	_	_	
11-4	3243-3246	uns	_	B	
11-5	3247-3252	allen	_	B	
11-6	3253-3260	wichtig	_	_	
11-7	3260-3261	.	_	_	
11-8	3262-3269	Spielen	_	_	
11-9	3270-3273	wir	Animated	B	
11-10	3274-3278	also	_	_	
11-11	3279-3284	nicht	_	_	
11-12	3285-3296	Unternehmen	Animated	B	
11-13	3297-3302	gegen	_	_	
11-14	3303-3306	die	Animated[15]	B	
11-15	3307-3313	Presse	Animated[15]	I	
11-16	3314-3317	aus	_	_	
11-17	3317-3318	.	_	_	
11-18	3319-3322	Der	_	B	
11-19	3323-3329	Schutz	_	I	
11-20	3330-3333	der	_	B	
11-21	3334-3354	Geschäftsgeheimnisse	_	I	
11-22	3355-3358	ist	_	_	
11-23	3359-3362	von	_	_	
11-24	3363-3372	zentraler	_	B	
11-25	3373-3382	Bedeutung	_	I	
11-26	3383-3386	für	_	_	
11-27	3387-3393	unsere	_	B	
11-28	3394-3404	Wirtschaft	_	I	
11-29	3404-3405	.	_	_	
11-30	3406-3410	Aber	_	_	
11-31	3411-3413	er	_	B	
11-32	3414-3418	darf	_	_	
11-33	3419-3429	sicherlich	_	_	
11-34	3430-3434	auch	_	_	
11-35	3435-3440	nicht	_	_	
11-36	3441-3455	ausschließlich	_	_	
11-37	3456-3464	zulasten	_	_	
11-38	3465-3468	der	_	B	
11-39	3469-3483	Pressefreiheit	_	I	
11-40	3484-3492	bestehen	_	_	
11-41	3492-3493	.	_	_	

#Text=Vielen Dank.
12-1	3498-3504	Vielen	_	_	
12-2	3505-3509	Dank	_	_	
12-3	3509-3510	.	_	_	

#Text=Okay. – Nächster Redner ist Niema Movassat für die Fraktion Die Linke.
13-1	3512-3516	Okay	_	B	
13-2	3516-3517	.	_	_	
13-3	3518-3519	–	_	_	
13-4	3520-3528	Nächster	Animated[16]	B	
13-5	3529-3535	Redner	Animated[16]	I	
13-6	3536-3539	ist	_	_	
13-7	3540-3545	Niema	Animated[17]	B	
13-8	3546-3554	Movassat	Animated[17]	I	
13-9	3555-3558	für	_	_	
13-10	3559-3562	die	Animated[18]	B	
13-11	3563-3571	Fraktion	Animated[18]	I	
13-12	3572-3575	Die	Animated[19]	B	
13-13	3576-3581	Linke	Animated[19]	I	
13-14	3581-3582	.	_	_	
