#FORMAT=WebAnno TSV 3.3
#T_SP=webanno.custom.Animacy|Animated
#T_SP=webanno.custom.CustomChunk|Chunk


#Text=Sehr geehrter Herr Präsident! Meine Damen und Herren! Wir haben es jetzt mehrfach gehört: Demnächst ist das Internet Governance Forum, das IGF, bei uns in Berlin zu Gast. Das ist positiv. Es freut mich vor allem, weil es eben auch auf das Engagement von Kolleginnen und Kollegen aus diesem Haus zurückgeht, dass das IGF in Deutschland tagt und dass wir als Deutsche damit ein klares Bekenntnis abgeben, dass für uns ein freies Internet die Maßgabe und der Maßstab ist.
1-1	0-4	Sehr	Animated[1]	B	
1-2	5-13	geehrter	Animated[1]	I	
1-3	14-18	Herr	Animated[1]	I	
1-4	19-28	Präsident	Animated[1]	I	
1-5	28-29	!	_	_	
1-6	30-35	Meine	Animated[2]	B	
1-7	36-41	Damen	Animated[2]	I	
1-8	42-45	und	_	_	
1-9	46-52	Herren	Animated	B	
1-10	52-53	!	_	_	
1-11	54-57	Wir	Animated	B	
1-12	58-63	haben	_	_	
1-13	64-66	es	_	B	
1-14	67-72	jetzt	_	_	
1-15	73-81	mehrfach	_	_	
1-16	82-88	gehört	_	_	
1-17	88-89	:	_	_	
1-18	90-99	Demnächst	_	_	
1-19	100-103	ist	_	_	
1-20	104-107	das	Animated[3]	B	
1-21	108-116	Internet	Animated[3]	I	
1-22	117-127	Governance	Animated[3]	I	
1-23	128-133	Forum	Animated[3]	I	
1-24	133-134	,	_	_	
1-25	135-138	das	Animated[4]	B	
1-26	139-142	IGF	Animated[4]	I	
1-27	142-143	,	_	_	
1-28	144-147	bei	_	_	
1-29	148-151	uns	_	B	
1-30	152-154	in	_	_	
1-31	155-161	Berlin	_	B	
1-32	162-164	zu	_	_	
1-33	165-169	Gast	_	B	
1-34	169-170	.	_	_	
1-35	171-174	Das	_	B	
1-36	175-178	ist	_	_	
1-37	179-186	positiv	_	_	
1-38	186-187	.	_	_	
1-39	188-190	Es	_	B	
1-40	191-196	freut	_	_	
1-41	197-201	mich	_	B	
1-42	202-205	vor	_	_	
1-43	206-211	allem	_	B	
1-44	211-212	,	_	_	
1-45	213-217	weil	_	_	
1-46	218-220	es	_	_	
1-47	221-225	eben	_	_	
1-48	226-230	auch	_	_	
1-49	231-234	auf	_	_	
1-50	235-238	das	_	B	
1-51	239-249	Engagement	_	I	
1-52	250-253	von	_	_	
1-53	254-265	Kolleginnen	Animated	B	
1-54	266-269	und	_	_	
1-55	270-278	Kollegen	Animated	B	
1-56	279-282	aus	_	_	
1-57	283-289	diesem	Animated[5]	B	
1-58	290-294	Haus	Animated[5]	I	
1-59	295-305	zurückgeht	_	_	
1-60	305-306	,	_	_	
1-61	307-311	dass	_	_	
1-62	312-315	das	Animated[6]	B	
1-63	316-319	IGF	Animated[6]	I	
1-64	320-322	in	_	_	
1-65	323-334	Deutschland	_	B	
1-66	335-339	tagt	_	_	
1-67	340-343	und	_	_	
1-68	344-348	dass	_	_	
1-69	349-352	wir	Animated	B	
1-70	353-356	als	_	_	
1-71	357-365	Deutsche	Animated	B	
1-72	366-371	damit	_	_	
1-73	372-375	ein	_	B	
1-74	376-382	klares	_	I	
1-75	383-393	Bekenntnis	_	I	
1-76	394-401	abgeben	_	_	
1-77	401-402	,	_	_	
1-78	403-407	dass	_	_	
1-79	408-411	für	_	_	
1-80	412-415	uns	_	B	
1-81	416-419	ein	_	B	
1-82	420-426	freies	_	I	
1-83	427-435	Internet	_	I	
1-84	436-439	die	_	B	
1-85	440-447	Maßgabe	_	I	
1-86	448-451	und	_	_	
1-87	452-455	der	_	B	
1-88	456-463	Maßstab	_	I	
1-89	464-467	ist	_	_	
1-90	467-468	.	_	_	

#Text=Es ist wichtig, dass das IGF in einem Multi-Stakeholder-Ansatz abgehalten wird, das heißt, dass sowohl Politik wie Zivilgesellschaft wie auch Wirtschaft dort miteinander darüber diskutieren, wie die Governance, also die Art und Weise der Regelbildung im Internet, aussehen und sich verändern muss.
2-1	480-482	Es	_	B	
2-2	483-486	ist	_	_	
2-3	487-494	wichtig	_	_	
2-4	494-495	,	_	_	
2-5	496-500	dass	_	_	
2-6	501-504	das	Animated[7]	B	
2-7	505-508	IGF	Animated[7]	I	
2-8	509-511	in	_	_	
2-9	512-517	einem	_	B	
2-10	518-542	Multi-Stakeholder-Ansatz	_	I	
2-11	543-553	abgehalten	_	_	
2-12	554-558	wird	_	_	
2-13	558-559	,	_	_	
2-14	560-563	das	_	B	
2-15	564-569	heißt	_	_	
2-16	569-570	,	_	_	
2-17	571-575	dass	_	_	
2-18	576-582	sowohl	_	B	
2-19	583-590	Politik	_	I	
2-20	591-594	wie	_	_	
2-21	595-612	Zivilgesellschaft	_	_	
2-22	613-616	wie	_	_	
2-23	617-621	auch	Animated[8]	B	
2-24	622-632	Wirtschaft	Animated[8]	I	
2-25	633-637	dort	_	_	
2-26	638-649	miteinander	_	_	
2-27	650-657	darüber	_	_	
2-28	658-669	diskutieren	_	_	
2-29	669-670	,	_	_	
2-30	671-674	wie	_	_	
2-31	675-678	die	_	B	
2-32	679-689	Governance	_	I	
2-33	689-690	,	_	_	
2-34	691-695	also	_	B	
2-35	696-699	die	_	I	
2-36	700-703	Art	_	I	
2-37	704-707	und	_	_	
2-38	708-713	Weise	_	B	
2-39	714-717	der	_	B	
2-40	718-730	Regelbildung	_	I	
2-41	731-733	im	_	_	
2-42	734-742	Internet	_	B	
2-43	742-743	,	_	_	
2-44	744-752	aussehen	_	_	
2-45	753-756	und	_	_	
2-46	757-761	sich	_	B	
2-47	762-771	verändern	_	_	
2-48	772-776	muss	_	_	
2-49	776-777	.	_	_	

#Text=Meine Damen und Herren, das Internet ist eigentlich mit eines der großen Freiheitsversprechen der letzten Jahrzehnte. Das zeigt auch, welches Potenzial im Internet steckt. Wir haben an verschiedenen Stellen gesehen, wie es Revolutionen, Freiheitskämpfe ermöglicht hat. Gleichzeitig sehen wir aber eben auch, welche Risiken eine Technologie wie das Internet bereithalten kann, wenn nämlich genau diese Grundidee der Freiheit gefährdet ist.
3-1	785-790	Meine	Animated[9]	B	
3-2	791-796	Damen	Animated[9]	I	
3-3	797-800	und	_	_	
3-4	801-807	Herren	Animated	B	
3-5	807-808	,	_	_	
3-6	809-812	das	_	B	
3-7	813-821	Internet	_	I	
3-8	822-825	ist	_	_	
3-9	826-836	eigentlich	_	_	
3-10	837-840	mit	_	_	
3-11	841-846	eines	_	B	
3-12	847-850	der	_	B	
3-13	851-857	großen	_	I	
3-14	858-878	Freiheitsversprechen	_	I	
3-15	879-882	der	_	B	
3-16	883-890	letzten	_	I	
3-17	891-901	Jahrzehnte	_	I	
3-18	901-902	.	_	_	
3-19	903-906	Das	_	B	
3-20	907-912	zeigt	_	_	
3-21	913-917	auch	_	_	
3-22	917-918	,	_	_	
3-23	919-926	welches	_	B	
3-24	927-936	Potenzial	_	I	
3-25	937-939	im	_	_	
3-26	940-948	Internet	_	B	
3-27	949-955	steckt	_	_	
3-28	955-956	.	_	_	
3-29	957-960	Wir	Animated	B	
3-30	961-966	haben	_	_	
3-31	967-969	an	_	_	
3-32	970-983	verschiedenen	_	B	
3-33	984-991	Stellen	_	I	
3-34	992-999	gesehen	_	_	
3-35	999-1000	,	_	_	
3-36	1001-1004	wie	_	_	
3-37	1005-1007	es	_	B	
3-38	1008-1020	Revolutionen	_	B	
3-39	1020-1021	,	_	_	
3-40	1022-1037	Freiheitskämpfe	_	B	
3-41	1038-1048	ermöglicht	_	_	
3-42	1049-1052	hat	_	_	
3-43	1052-1053	.	_	_	
3-44	1054-1066	Gleichzeitig	_	_	
3-45	1067-1072	sehen	_	_	
3-46	1073-1076	wir	Animated	B	
3-47	1077-1081	aber	_	_	
3-48	1082-1086	eben	_	_	
3-49	1087-1091	auch	_	_	
3-50	1091-1092	,	_	_	
3-51	1093-1099	welche	_	B	
3-52	1100-1107	Risiken	_	I	
3-53	1108-1112	eine	_	B	
3-54	1113-1124	Technologie	_	I	
3-55	1125-1128	wie	_	_	
3-56	1129-1132	das	_	_	
3-57	1133-1141	Internet	_	_	
3-58	1142-1154	bereithalten	_	_	
3-59	1155-1159	kann	_	_	
3-60	1159-1160	,	_	_	
3-61	1161-1165	wenn	_	_	
3-62	1166-1173	nämlich	_	_	
3-63	1174-1179	genau	_	B	
3-64	1180-1185	diese	_	I	
3-65	1186-1195	Grundidee	_	I	
3-66	1196-1199	der	_	B	
3-67	1200-1208	Freiheit	_	I	
3-68	1209-1218	gefährdet	_	_	
3-69	1219-1222	ist	_	_	
3-70	1222-1223	.	_	_	

#Text=Meine Damen und Herren, wir haben in den letzten Monaten erleben müssen – das Beispiel Russland ist genannt worden –, wie Staaten die Freiheit des Internets eingrenzen, um für sich politisch Meinungen, Kommunikation zu kontrollieren. Wir haben im Sommer bei den Oppositionsprotesten einen entsprechenden Vorgeschmack darauf bekommen, wie plötzlich genau in den Bereichen, wo die Proteste stattgefunden haben, keine Kommunikation mehr möglich war. Das zeigt, welche repressiven Möglichkeiten auch im Internet stecken. Deswegen ist es richtig und wichtig, zu sagen: Für uns steht das freie Internet ganz oben, und das, meine Damen und Herren, muss so bleiben.
4-1	1234-1239	Meine	Animated[10]	B	
4-2	1240-1245	Damen	Animated[10]	I	
4-3	1246-1249	und	_	_	
4-4	1250-1256	Herren	Animated	B	
4-5	1256-1257	,	_	_	
4-6	1258-1261	wir	Animated	B	
4-7	1262-1267	haben	_	_	
4-8	1268-1270	in	_	_	
4-9	1271-1274	den	_	B	
4-10	1275-1282	letzten	_	I	
4-11	1283-1290	Monaten	_	I	
4-12	1291-1298	erleben	_	_	
4-13	1299-1305	müssen	_	_	
4-14	1306-1307	–	_	_	
4-15	1308-1311	das	Animated[11]	B	
4-16	1312-1320	Beispiel	Animated[11]	I	
4-17	1321-1329	Russland	Animated[11]	I	
4-18	1330-1333	ist	_	_	
4-19	1334-1341	genannt	_	_	
4-20	1342-1348	worden	_	_	
4-21	1349-1350	–	_	_	
4-22	1350-1351	,	_	_	
4-23	1352-1355	wie	_	_	
4-24	1356-1363	Staaten	Animated	B	
4-25	1364-1367	die	_	B	
4-26	1368-1376	Freiheit	_	I	
4-27	1377-1380	des	_	B	
4-28	1381-1390	Internets	_	I	
4-29	1391-1401	eingrenzen	_	_	
4-30	1401-1402	,	_	_	
4-31	1403-1405	um	_	_	
4-32	1406-1409	für	_	_	
4-33	1410-1414	sich	_	B	
4-34	1415-1424	politisch	_	_	
4-35	1425-1434	Meinungen	_	B	
4-36	1434-1435	,	_	_	
4-37	1436-1449	Kommunikation	_	B	
4-38	1450-1452	zu	_	_	
4-39	1453-1466	kontrollieren	_	_	
4-40	1466-1467	.	_	_	
4-41	1468-1471	Wir	Animated	B	
4-42	1472-1477	haben	_	_	
4-43	1478-1480	im	_	_	
4-44	1481-1487	Sommer	_	B	
4-45	1488-1491	bei	_	_	
4-46	1492-1495	den	_	B	
4-47	1496-1516	Oppositionsprotesten	_	I	
4-48	1517-1522	einen	_	B	
4-49	1523-1537	entsprechenden	_	I	
4-50	1538-1550	Vorgeschmack	_	I	
4-51	1551-1557	darauf	_	_	
4-52	1558-1566	bekommen	_	_	
4-53	1566-1567	,	_	_	
4-54	1568-1571	wie	_	_	
4-55	1572-1581	plötzlich	_	_	
4-56	1582-1587	genau	_	_	
4-57	1588-1590	in	_	_	
4-58	1591-1594	den	_	B	
4-59	1595-1604	Bereichen	_	I	
4-60	1604-1605	,	_	_	
4-61	1606-1608	wo	_	_	
4-62	1609-1612	die	_	B	
4-63	1613-1621	Proteste	_	I	
4-64	1622-1635	stattgefunden	_	_	
4-65	1636-1641	haben	_	_	
4-66	1641-1642	,	_	_	
4-67	1643-1648	keine	_	B	
4-68	1649-1662	Kommunikation	_	I	
4-69	1663-1667	mehr	_	_	
4-70	1668-1675	möglich	_	_	
4-71	1676-1679	war	_	_	
4-72	1679-1680	.	_	_	
4-73	1681-1684	Das	_	B	
4-74	1685-1690	zeigt	_	_	
4-75	1690-1691	,	_	_	
4-76	1692-1698	welche	_	B	
4-77	1699-1710	repressiven	_	I	
4-78	1711-1724	Möglichkeiten	_	I	
4-79	1725-1729	auch	_	_	
4-80	1730-1732	im	_	_	
4-81	1733-1741	Internet	_	B	
4-82	1742-1749	stecken	_	_	
4-83	1749-1750	.	_	_	
4-84	1751-1759	Deswegen	_	_	
4-85	1760-1763	ist	_	_	
4-86	1764-1766	es	_	B	
4-87	1767-1774	richtig	_	_	
4-88	1775-1778	und	_	_	
4-89	1779-1786	wichtig	_	_	
4-90	1786-1787	,	_	_	
4-91	1788-1790	zu	_	_	
4-92	1791-1796	sagen	_	_	
4-93	1796-1797	:	_	_	
4-94	1798-1801	Für	_	_	
4-95	1802-1805	uns	_	B	
4-96	1806-1811	steht	_	_	
4-97	1812-1815	das	_	B	
4-98	1816-1821	freie	_	I	
4-99	1822-1830	Internet	_	I	
4-100	1831-1835	ganz	_	_	
4-101	1836-1840	oben	_	_	
4-102	1840-1841	,	_	_	
4-103	1842-1845	und	_	_	
4-104	1846-1849	das	_	B	
4-105	1849-1850	,	_	_	
4-106	1851-1856	meine	Animated[12]	B	
4-107	1857-1862	Damen	Animated[12]	I	
4-108	1863-1866	und	_	_	
4-109	1867-1873	Herren	Animated	B	
4-110	1873-1874	,	_	_	
4-111	1875-1879	muss	_	_	
4-112	1880-1882	so	_	_	
4-113	1883-1890	bleiben	_	_	
4-114	1890-1891	.	_	_	

#Text=Wir erleben aber auch, dass die Freiheit der Einzelnen teilweise bedroht ist im Internet: durch Hass, durch Hetze, man muss sagen: insbesondere von rechts. Frau Cotar, da wundert es mich dann auch nicht, dass Sie insbesondere das NetzDG hier kritisieren – ist doch genau eine Funktion des NetzDGs, Hass und Hetze aus dem Internet herauszubekommen.
5-1	1909-1912	Wir	Animated	B	
5-2	1913-1920	erleben	_	_	
5-3	1921-1925	aber	_	_	
5-4	1926-1930	auch	_	_	
5-5	1930-1931	,	_	_	
5-6	1932-1936	dass	_	_	
5-7	1937-1940	die	_	B	
5-8	1941-1949	Freiheit	_	I	
5-9	1950-1953	der	Animated[13]	B	
5-10	1954-1963	Einzelnen	Animated[13]	I	
5-11	1964-1973	teilweise	_	_	
5-12	1974-1981	bedroht	_	_	
5-13	1982-1985	ist	_	_	
5-14	1986-1988	im	_	_	
5-15	1989-1997	Internet	_	B	
5-16	1997-1998	:	_	_	
5-17	1999-2004	durch	_	_	
5-18	2005-2009	Hass	_	B	
5-19	2009-2010	,	_	_	
5-20	2011-2016	durch	_	_	
5-21	2017-2022	Hetze	_	B	
5-22	2022-2023	,	_	_	
5-23	2024-2027	man	Animated	B	
5-24	2028-2032	muss	_	_	
5-25	2033-2038	sagen	_	_	
5-26	2038-2039	:	_	_	
5-27	2040-2052	insbesondere	_	_	
5-28	2053-2056	von	_	_	
5-29	2057-2063	rechts	_	_	
5-30	2063-2064	.	_	_	
5-31	2065-2069	Frau	_	_	
5-32	2070-2075	Cotar	Animated	B	
5-33	2075-2076	,	_	_	
5-34	2077-2079	da	_	_	
5-35	2080-2087	wundert	_	_	
5-36	2088-2090	es	_	B	
5-37	2091-2095	mich	_	B	
5-38	2096-2100	dann	_	_	
5-39	2101-2105	auch	_	_	
5-40	2106-2111	nicht	_	_	
5-41	2111-2112	,	_	_	
5-42	2113-2117	dass	_	_	
5-43	2118-2121	Sie	_	B	
5-44	2122-2134	insbesondere	_	B	
5-45	2135-2138	das	_	I	
5-46	2139-2145	NetzDG	_	I	
5-47	2146-2150	hier	_	_	
5-48	2151-2162	kritisieren	_	_	
5-49	2163-2164	–	_	_	
5-50	2165-2168	ist	_	_	
5-51	2169-2173	doch	_	_	
5-52	2174-2179	genau	_	B	
5-53	2180-2184	eine	_	I	
5-54	2185-2193	Funktion	_	I	
5-55	2194-2197	des	_	B	
5-56	2198-2205	NetzDGs	_	I	
5-57	2205-2206	,	_	_	
5-58	2207-2211	Hass	_	B	
5-59	2212-2215	und	_	_	
5-60	2216-2221	Hetze	_	B	
5-61	2222-2225	aus	_	_	
5-62	2226-2229	dem	_	B	
5-63	2230-2238	Internet	_	I	
5-64	2239-2255	herauszubekommen	_	_	
5-65	2255-2256	.	_	_	

#Text=Da das einer der Kommunikationswege ist, die Sie nutzen, ist wirklich nicht überraschend, dass Sie hier mit Ihrer Kritik ansetzen.
6-1	2267-2269	Da	_	_	
6-2	2270-2273	das	_	B	
6-3	2274-2279	einer	_	B	
6-4	2280-2283	der	_	B	
6-5	2284-2302	Kommunikationswege	_	I	
6-6	2303-2306	ist	_	_	
6-7	2306-2307	,	_	_	
6-8	2308-2311	die	_	B	
6-9	2312-2315	Sie	_	B	
6-10	2316-2322	nutzen	_	_	
6-11	2322-2323	,	_	_	
6-12	2324-2327	ist	_	_	
6-13	2328-2336	wirklich	_	_	
6-14	2337-2342	nicht	_	_	
6-15	2343-2355	überraschend	_	_	
6-16	2355-2356	,	_	_	
6-17	2357-2361	dass	_	_	
6-18	2362-2365	Sie	_	B	
6-19	2366-2370	hier	_	_	
6-20	2371-2374	mit	_	_	
6-21	2375-2380	Ihrer	_	B	
6-22	2381-2387	Kritik	_	I	
6-23	2388-2396	ansetzen	_	_	
6-24	2396-2397	.	_	_	

#Text=Ich sage Ihnen: Sie werden damit bei uns keinen Erfolg haben, und das, meine Damen und Herren, ist auch gut so.
7-1	2402-2405	Ich	Animated	B	
7-2	2406-2410	sage	_	_	
7-3	2411-2416	Ihnen	_	B	
7-4	2416-2417	:	_	_	
7-5	2418-2421	Sie	_	B	
7-6	2422-2428	werden	_	_	
7-7	2429-2434	damit	_	_	
7-8	2435-2438	bei	_	_	
7-9	2439-2442	uns	_	B	
7-10	2443-2449	keinen	_	B	
7-11	2450-2456	Erfolg	_	I	
7-12	2457-2462	haben	_	_	
7-13	2462-2463	,	_	_	
7-14	2464-2467	und	_	_	
7-15	2468-2471	das	_	B	
7-16	2471-2472	,	_	_	
7-17	2473-2478	meine	Animated[14]	B	
7-18	2479-2484	Damen	Animated[14]	I	
7-19	2485-2488	und	_	_	
7-20	2489-2495	Herren	Animated	B	
7-21	2495-2496	,	_	_	
7-22	2497-2500	ist	_	_	
7-23	2501-2505	auch	_	_	
7-24	2506-2509	gut	_	_	
7-25	2510-2512	so	_	_	
7-26	2512-2513	.	_	_	

#Text=Wozu Hass und Hetze im Internet führen können, das haben wir vor einigen Tagen auch in Niedersachsen erlebt, in einer, finde ich doch, wirklich perversen Art und Weise. Mike Finke, bis vor Kurzem Vorsitzender des Landeselternrates in Niedersachsen, also jemand, der wirklich ganz klassisch ehrenamtlich aktiv ist, um sich für die Bedürfnisse von anderen ehrenamtlich zu engagieren, ist vor einigen Tagen zurückgetreten, weil auch er als Vorsitzender des Landeselternrates tagtäglich mit Hass und Hetze im Internet konfrontiert wurde. Das, meine Damen und Herren, ist doch wirklich die absolute Perversion: wenn diejenigen, die sich für die Gesellschaft einsetzen, am Ende die Opfer von solchen Angriffen werden.
8-1	2519-2523	Wozu	_	_	
8-2	2524-2528	Hass	_	B	
8-3	2529-2532	und	_	_	
8-4	2533-2538	Hetze	_	B	
8-5	2539-2541	im	_	_	
8-6	2542-2550	Internet	_	B	
8-7	2551-2557	führen	_	_	
8-8	2558-2564	können	_	_	
8-9	2564-2565	,	_	_	
8-10	2566-2569	das	_	_	
8-11	2570-2575	haben	_	_	
8-12	2576-2579	wir	Animated	B	
8-13	2580-2583	vor	_	_	
8-14	2584-2591	einigen	_	B	
8-15	2592-2597	Tagen	_	I	
8-16	2598-2602	auch	_	_	
8-17	2603-2605	in	_	_	
8-18	2606-2619	Niedersachsen	_	B	
8-19	2620-2626	erlebt	_	_	
8-20	2626-2627	,	_	_	
8-21	2628-2630	in	_	_	
8-22	2631-2636	einer	_	_	
8-23	2636-2637	,	_	_	
8-24	2638-2643	finde	_	_	
8-25	2644-2647	ich	Animated	B	
8-26	2648-2652	doch	_	_	
8-27	2652-2653	,	_	_	
8-28	2654-2662	wirklich	_	B	
8-29	2663-2672	perversen	_	I	
8-30	2673-2676	Art	_	I	
8-31	2677-2680	und	_	_	
8-32	2681-2686	Weise	_	B	
8-33	2686-2687	.	_	_	
8-34	2688-2692	Mike	Animated[15]	B	
8-35	2693-2698	Finke	Animated[15]	I	
8-36	2698-2699	,	_	_	
8-37	2700-2703	bis	_	_	
8-38	2704-2707	vor	_	_	
8-39	2708-2714	Kurzem	_	_	
8-40	2715-2727	Vorsitzender	Animated	B	
8-41	2728-2731	des	Animated[16]	B	
8-42	2732-2749	Landeselternrates	Animated[16]	I	
8-43	2750-2752	in	_	_	
8-44	2753-2766	Niedersachsen	_	B	
8-45	2766-2767	,	_	_	
8-46	2768-2772	also	_	B	
8-47	2773-2779	jemand	Animated	I	
8-48	2779-2780	,	_	_	
8-49	2781-2784	der	_	B	
8-50	2785-2793	wirklich	_	_	
8-51	2794-2798	ganz	_	_	
8-52	2799-2808	klassisch	_	_	
8-53	2809-2821	ehrenamtlich	_	_	
8-54	2822-2827	aktiv	_	_	
8-55	2828-2831	ist	_	_	
8-56	2831-2832	,	_	_	
8-57	2833-2835	um	_	_	
8-58	2836-2840	sich	_	B	
8-59	2841-2844	für	_	_	
8-60	2845-2848	die	_	B	
8-61	2849-2860	Bedürfnisse	_	I	
8-62	2861-2864	von	_	_	
8-63	2865-2872	anderen	_	B	
8-64	2873-2885	ehrenamtlich	_	_	
8-65	2886-2888	zu	_	_	
8-66	2889-2899	engagieren	_	_	
8-67	2899-2900	,	_	_	
8-68	2901-2904	ist	_	_	
8-69	2905-2908	vor	_	_	
8-70	2909-2916	einigen	_	B	
8-71	2917-2922	Tagen	_	I	
8-72	2923-2937	zurückgetreten	_	_	
8-73	2937-2938	,	_	_	
8-74	2939-2943	weil	_	_	
8-75	2944-2948	auch	_	_	
8-76	2949-2951	er	_	B	
8-77	2952-2955	als	_	_	
8-78	2956-2968	Vorsitzender	Animated	B	
8-79	2969-2972	des	Animated[17]	B	
8-80	2973-2990	Landeselternrates	Animated[17]	I	
8-81	2991-3001	tagtäglich	_	_	
8-82	3002-3005	mit	_	_	
8-83	3006-3010	Hass	_	B	
8-84	3011-3014	und	_	_	
8-85	3015-3020	Hetze	_	B	
8-86	3021-3023	im	_	_	
8-87	3024-3032	Internet	_	B	
8-88	3033-3045	konfrontiert	_	_	
8-89	3046-3051	wurde	_	_	
8-90	3051-3052	.	_	_	
8-91	3053-3056	Das	_	B	
8-92	3056-3057	,	_	_	
8-93	3058-3063	meine	Animated[18]	B	
8-94	3064-3069	Damen	Animated[18]	I	
8-95	3070-3073	und	_	_	
8-96	3074-3080	Herren	Animated	B	
8-97	3080-3081	,	_	_	
8-98	3082-3085	ist	_	_	
8-99	3086-3090	doch	_	_	
8-100	3091-3099	wirklich	_	_	
8-101	3100-3103	die	_	B	
8-102	3104-3112	absolute	_	I	
8-103	3113-3123	Perversion	_	I	
8-104	3123-3124	:	_	_	
8-105	3125-3129	wenn	_	_	
8-106	3130-3140	diejenigen	_	B	
8-107	3140-3141	,	_	_	
8-108	3142-3145	die	_	B	
8-109	3146-3150	sich	_	B	
8-110	3151-3154	für	_	_	
8-111	3155-3158	die	Animated[19]	B	
8-112	3159-3171	Gesellschaft	Animated[19]	I	
8-113	3172-3181	einsetzen	_	_	
8-114	3181-3182	,	_	_	
8-115	3183-3185	am	_	_	
8-116	3186-3190	Ende	_	B	
8-117	3191-3194	die	Animated[20]	B	
8-118	3195-3200	Opfer	Animated[20]	I	
8-119	3201-3204	von	_	_	
8-120	3205-3212	solchen	_	B	
8-121	3213-3222	Angriffen	_	I	
8-122	3223-3229	werden	_	_	
8-123	3229-3230	.	_	_	

#Text=Das darf nicht akzeptiert werden, meine Damen und Herren.
9-1	3249-3252	Das	_	B	
9-2	3253-3257	darf	_	_	
9-3	3258-3263	nicht	_	_	
9-4	3264-3274	akzeptiert	_	_	
9-5	3275-3281	werden	_	_	
9-6	3281-3282	,	_	_	
9-7	3283-3288	meine	Animated[21]	B	
9-8	3289-3294	Damen	Animated[21]	I	
9-9	3295-3298	und	_	_	
9-10	3299-3305	Herren	Animated	B	
9-11	3305-3306	.	_	_	

#Text=Und wir haben es – das ist eben deutlich geworden – natürlich auch mit neuen Herausforderungen zu tun, nämlich der Frage, wie wir eigentlich auch bei uns in Deutschland, in Europa und weltweit mit der Frage eines neuen, modernen Datenrechts umgehen. Das, meine Damen und Herren, wird auch eine der Aufgaben von uns sein: ein modernes Datenrecht für uns in Deutschland und Europa zu gestalten.
10-1	3309-3312	Und	_	_	
10-2	3313-3316	wir	Animated	B	
10-3	3317-3322	haben	_	_	
10-4	3323-3325	es	_	B	
10-5	3326-3327	–	_	_	
10-6	3328-3331	das	_	B	
10-7	3332-3335	ist	_	_	
10-8	3336-3340	eben	_	_	
10-9	3341-3349	deutlich	_	_	
10-10	3350-3358	geworden	_	_	
10-11	3359-3360	–	_	_	
10-12	3361-3370	natürlich	_	_	
10-13	3371-3375	auch	_	_	
10-14	3376-3379	mit	_	_	
10-15	3380-3385	neuen	_	B	
10-16	3386-3403	Herausforderungen	_	I	
10-17	3404-3406	zu	_	_	
10-18	3407-3410	tun	_	_	
10-19	3410-3411	,	_	_	
10-20	3412-3419	nämlich	_	B	
10-21	3420-3423	der	_	I	
10-22	3424-3429	Frage	_	I	
10-23	3429-3430	,	_	_	
10-24	3431-3434	wie	_	_	
10-25	3435-3438	wir	Animated	B	
10-26	3439-3449	eigentlich	_	_	
10-27	3450-3454	auch	_	_	
10-28	3455-3458	bei	_	_	
10-29	3459-3462	uns	_	B	
10-30	3463-3465	in	_	_	
10-31	3466-3477	Deutschland	_	B	
10-32	3477-3478	,	_	_	
10-33	3479-3481	in	_	_	
10-34	3482-3488	Europa	_	B	
10-35	3489-3492	und	_	_	
10-36	3493-3501	weltweit	_	_	
10-37	3502-3505	mit	_	_	
10-38	3506-3509	der	_	B	
10-39	3510-3515	Frage	_	I	
10-40	3516-3521	eines	_	B	
10-41	3522-3527	neuen	_	I	
10-42	3527-3528	,	_	I	
10-43	3529-3537	modernen	_	I	
10-44	3538-3549	Datenrechts	_	I	
10-45	3550-3557	umgehen	_	_	
10-46	3557-3558	.	_	_	
10-47	3559-3562	Das	_	B	
10-48	3562-3563	,	_	_	
10-49	3564-3569	meine	Animated[22]	B	
10-50	3570-3575	Damen	Animated[22]	I	
10-51	3576-3579	und	_	_	
10-52	3580-3586	Herren	Animated	B	
10-53	3586-3587	,	_	_	
10-54	3588-3592	wird	_	_	
10-55	3593-3597	auch	_	B	
10-56	3598-3602	eine	_	I	
10-57	3603-3606	der	_	B	
10-58	3607-3615	Aufgaben	_	I	
10-59	3616-3619	von	_	_	
10-60	3620-3623	uns	_	B	
10-61	3624-3628	sein	_	_	
10-62	3628-3629	:	_	_	
10-63	3630-3633	ein	_	B	
10-64	3634-3642	modernes	_	I	
10-65	3643-3653	Datenrecht	_	I	
10-66	3654-3657	für	_	_	
10-67	3658-3661	uns	_	B	
10-68	3662-3664	in	_	_	
10-69	3665-3676	Deutschland	_	B	
10-70	3677-3680	und	_	_	
10-71	3681-3687	Europa	_	B	
10-72	3688-3690	zu	_	_	
10-73	3691-3700	gestalten	_	_	
10-74	3700-3701	.	_	_	

#Text=Also: Es geht für uns um ein freies Internet ohne Zensur, das die Freiheit aller Menschen sichert und fördert. Das, meine Damen und Herren, ist unser gemeinsames Ziel.
11-1	3711-3715	Also	_	_	
11-2	3715-3716	:	_	_	
11-3	3717-3719	Es	_	_	
11-4	3720-3724	geht	_	_	
11-5	3725-3728	für	_	_	
11-6	3729-3732	uns	_	B	
11-7	3733-3735	um	_	_	
11-8	3736-3739	ein	_	B	
11-9	3740-3746	freies	_	I	
11-10	3747-3755	Internet	_	I	
11-11	3756-3760	ohne	_	_	
11-12	3761-3767	Zensur	_	B	
11-13	3767-3768	,	_	_	
11-14	3769-3772	das	_	B	
11-15	3773-3776	die	_	B	
11-16	3777-3785	Freiheit	_	I	
11-17	3786-3791	aller	Animated[23]	B	
11-18	3792-3800	Menschen	Animated[23]	I	
11-19	3801-3808	sichert	_	_	
11-20	3809-3812	und	_	_	
11-21	3813-3820	fördert	_	_	
11-22	3820-3821	.	_	_	
11-23	3822-3825	Das	_	B	
11-24	3825-3826	,	_	_	
11-25	3827-3832	meine	Animated[24]	B	
11-26	3833-3838	Damen	Animated[24]	I	
11-27	3839-3842	und	_	_	
11-28	3843-3849	Herren	Animated	B	
11-29	3849-3850	,	_	_	
11-30	3851-3854	ist	_	_	
11-31	3855-3860	unser	_	B	
11-32	3861-3872	gemeinsames	_	I	
11-33	3873-3877	Ziel	_	I	
11-34	3877-3878	.	_	_	

#Text=Vielen Dank.
12-1	3885-3891	Vielen	_	_	
12-2	3892-3896	Dank	_	_	
12-3	3896-3897	.	_	_	
