#FORMAT=WebAnno TSV 3.3
#T_SP=webanno.custom.Animacy|Animated
#T_SP=webanno.custom.CustomChunk|Chunk


#Text=Frau Präsidentin! Meine Damen und Herren! Ja, das Gesetz enthält einige nachvollziehbare und auch sinnvolle Regelungen. Die Umbenennung des Bundesamtes für kerntechnische Entsorgungssicherheit ist notwendig, um Verwechselungen zu vermeiden. Auch die Anpassungen an das Europarecht in den Artikeln 1 und 17 sind stimmig.
1-1	0-4	Frau	Animated[1]	B	
1-2	5-16	Präsidentin	Animated[1]	I	
1-3	16-17	!	_	_	
1-4	18-23	Meine	Animated[2]	B	
1-5	24-29	Damen	Animated[2]	I	
1-6	30-33	und	_	_	
1-7	34-40	Herren	Animated	B	
1-8	40-41	!	_	_	
1-9	42-44	Ja	_	_	
1-10	44-45	,	_	_	
1-11	46-49	das	_	B	
1-12	50-56	Gesetz	_	I	
1-13	57-64	enthält	_	_	
1-14	65-71	einige	_	_	
1-15	72-88	nachvollziehbare	_	_	
1-16	89-92	und	_	_	
1-17	93-97	auch	_	_	
1-18	98-107	sinnvolle	_	_	
1-19	108-118	Regelungen	_	B	
1-20	118-119	.	_	_	
1-21	120-123	Die	_	B	
1-22	124-135	Umbenennung	_	I	
1-23	136-139	des	Animated[3]	B	
1-24	140-151	Bundesamtes	Animated[3]	I	
1-25	152-155	für	_	_	
1-26	156-170	kerntechnische	_	B	
1-27	171-192	Entsorgungssicherheit	_	I	
1-28	193-196	ist	_	_	
1-29	197-206	notwendig	_	_	
1-30	206-207	,	_	_	
1-31	208-210	um	_	_	
1-32	211-226	Verwechselungen	_	B	
1-33	227-229	zu	_	_	
1-34	230-239	vermeiden	_	_	
1-35	239-240	.	_	_	
1-36	241-245	Auch	_	B	
1-37	246-249	die	_	I	
1-38	250-261	Anpassungen	_	I	
1-39	262-264	an	_	_	
1-40	265-268	das	_	B	
1-41	269-280	Europarecht	_	I	
1-42	281-283	in	_	_	
1-43	284-287	den	_	B	
1-44	288-296	Artikeln	_	I	
1-45	297-298	1	_	_	
1-46	299-302	und	_	_	
1-47	303-305	17	_	_	
1-48	306-310	sind	_	_	
1-49	311-318	stimmig	_	_	
1-50	318-319	.	_	_	

#Text=Darüber hinaus wirft dieser Gesetzentwurf aber einige Fragen auf:
2-1	327-334	Darüber	_	_	
2-2	335-341	hinaus	_	_	
2-3	342-347	wirft	_	_	
2-4	348-354	dieser	_	B	
2-5	355-368	Gesetzentwurf	_	I	
2-6	369-373	aber	_	_	
2-7	374-380	einige	_	B	
2-8	381-387	Fragen	_	I	
2-9	388-391	auf	_	_	
2-10	391-392	:	_	_	

#Text=Kosten, Beiträge und Umlagen für die Entsorgung radioaktiver Abfälle können nun auch durch einen öffentlich-rechtlichen Vertrag erhoben werden. Die Atomfinanzkommission hatte in der vergangenen Wahlperiode diesen Kompromiss gefunden, weil die Gefahr bestand, dass die AKW-Betreiber sich komplett aus der Kostenverantwortung stehlen. Der damalige Kompromiss umfasste auch, dass es auf Grundlage unabhängiger Untersuchungen eine Ausweitung der Regelung auf andere Abfallbesitzer geben könne. Untersuchungsergebnisse hätten dafür bis Ende Dezember 2017 vorliegen müssen. Die gibt es aber bis heute nicht. Dennoch eröffnet die geplante Neuregelung genau diese Hintertür – ohne Handlungsbedarf und ohne neue Erkenntnisse. Das lehnen wir ab.
3-1	394-400	Kosten	_	B	
3-2	400-401	,	_	_	
3-3	402-410	Beiträge	_	B	
3-4	411-414	und	_	_	
3-5	415-422	Umlagen	_	B	
3-6	423-426	für	_	_	
3-7	427-430	die	_	B	
3-8	431-441	Entsorgung	_	I	
3-9	442-454	radioaktiver	_	B	
3-10	455-462	Abfälle	_	I	
3-11	463-469	können	_	_	
3-12	470-473	nun	_	_	
3-13	474-478	auch	_	_	
3-14	479-484	durch	_	_	
3-15	485-490	einen	_	B	
3-16	491-513	öffentlich-rechtlichen	_	I	
3-17	514-521	Vertrag	_	I	
3-18	522-529	erhoben	_	_	
3-19	530-536	werden	_	_	
3-20	536-537	.	_	_	
3-21	538-541	Die	Animated[4]	B	
3-22	542-562	Atomfinanzkommission	Animated[4]	I	
3-23	563-568	hatte	_	_	
3-24	569-571	in	_	_	
3-25	572-575	der	_	B	
3-26	576-587	vergangenen	_	I	
3-27	588-599	Wahlperiode	_	I	
3-28	600-606	diesen	_	B	
3-29	607-617	Kompromiss	_	I	
3-30	618-626	gefunden	_	_	
3-31	626-627	,	_	_	
3-32	628-632	weil	_	_	
3-33	633-636	die	_	B	
3-34	637-643	Gefahr	_	I	
3-35	644-651	bestand	_	_	
3-36	651-652	,	_	_	
3-37	653-657	dass	_	_	
3-38	658-661	die	Animated[5]	B	
3-39	662-675	AKW-Betreiber	Animated[5]	I	
3-40	676-680	sich	_	B	
3-41	681-689	komplett	_	_	
3-42	690-693	aus	_	_	
3-43	694-697	der	_	B	
3-44	698-717	Kostenverantwortung	_	I	
3-45	718-725	stehlen	_	_	
3-46	725-726	.	_	_	
3-47	727-730	Der	_	B	
3-48	731-739	damalige	_	I	
3-49	740-750	Kompromiss	_	I	
3-50	751-759	umfasste	_	_	
3-51	760-764	auch	_	_	
3-52	764-765	,	_	_	
3-53	766-770	dass	_	_	
3-54	771-773	es	_	_	
3-55	774-777	auf	_	_	
3-56	778-787	Grundlage	_	B	
3-57	788-800	unabhängiger	_	B	
3-58	801-815	Untersuchungen	_	I	
3-59	816-820	eine	_	B	
3-60	821-831	Ausweitung	_	I	
3-61	832-835	der	_	B	
3-62	836-844	Regelung	_	I	
3-63	845-848	auf	_	_	
3-64	849-855	andere	Animated[6]	B	
3-65	856-870	Abfallbesitzer	Animated[6]	I	
3-66	871-876	geben	_	_	
3-67	877-882	könne	_	_	
3-68	882-883	.	_	_	
3-69	884-907	Untersuchungsergebnisse	_	B	
3-70	908-914	hätten	_	_	
3-71	915-920	dafür	_	_	
3-72	921-924	bis	_	_	
3-73	925-929	Ende	_	B	
3-74	930-938	Dezember	_	I	
3-75	939-943	2017	_	_	
3-76	944-953	vorliegen	_	_	
3-77	954-960	müssen	_	_	
3-78	960-961	.	_	_	
3-79	962-965	Die	_	B	
3-80	966-970	gibt	_	_	
3-81	971-973	es	_	_	
3-82	974-978	aber	_	_	
3-83	979-982	bis	_	_	
3-84	983-988	heute	_	_	
3-85	989-994	nicht	_	_	
3-86	994-995	.	_	_	
3-87	996-1003	Dennoch	_	_	
3-88	1004-1012	eröffnet	_	_	
3-89	1013-1016	die	_	B	
3-90	1017-1025	geplante	_	I	
3-91	1026-1037	Neuregelung	_	I	
3-92	1038-1043	genau	_	B	
3-93	1044-1049	diese	_	I	
3-94	1050-1059	Hintertür	_	I	
3-95	1060-1061	–	_	_	
3-96	1062-1066	ohne	_	_	
3-97	1067-1082	Handlungsbedarf	_	B	
3-98	1083-1086	und	_	_	
3-99	1087-1091	ohne	_	_	
3-100	1092-1096	neue	_	B	
3-101	1097-1109	Erkenntnisse	_	I	
3-102	1109-1110	.	_	_	
3-103	1111-1114	Das	_	B	
3-104	1115-1121	lehnen	_	_	
3-105	1122-1125	wir	Animated	B	
3-106	1126-1128	ab	_	_	
3-107	1128-1129	.	_	_	

#Text=Mit Blick auf das Umweltauditgesetz und das Chemikaliengesetz ist vor allen Dingen interessant, was nicht in dem Gesetzentwurf steht. Um Umweltmanagementsysteme wie EMAS stärker zu fördern, braucht es nicht nur ein paar europarechtliche Anpassungen, sondern klare politische Anreize und Hilfestellungen für Unternehmen. Hier muss zwingend mehr passieren. Die Bundesregierung ist weit davon entfernt, ihr eigenes Ziel aus der Nachhaltigkeitsstrategie zu erreichen. Bis 2030 sollen insgesamt 5 000 Organisationsstandorte für EMAS ausgewiesen sein. Derzeit ist dieses Ziel nicht mal zur Hälfte erreicht.
4-1	1141-1144	Mit	_	_	
4-2	1145-1150	Blick	_	B	
4-3	1151-1154	auf	_	_	
4-4	1155-1158	das	_	B	
4-5	1159-1176	Umweltauditgesetz	_	I	
4-6	1177-1180	und	_	_	
4-7	1181-1184	das	_	B	
4-8	1185-1202	Chemikaliengesetz	_	I	
4-9	1203-1206	ist	_	_	
4-10	1207-1210	vor	_	_	
4-11	1211-1216	allen	_	B	
4-12	1217-1223	Dingen	_	I	
4-13	1224-1235	interessant	_	_	
4-14	1235-1236	,	_	_	
4-15	1237-1240	was	_	B	
4-16	1241-1246	nicht	_	_	
4-17	1247-1249	in	_	_	
4-18	1250-1253	dem	_	B	
4-19	1254-1267	Gesetzentwurf	_	I	
4-20	1268-1273	steht	_	_	
4-21	1273-1274	.	_	_	
4-22	1275-1277	Um	_	_	
4-23	1278-1301	Umweltmanagementsysteme	_	B	
4-24	1302-1305	wie	_	_	
4-25	1306-1310	EMAS	_	_	
4-26	1311-1318	stärker	_	_	
4-27	1319-1321	zu	_	_	
4-28	1322-1329	fördern	_	_	
4-29	1329-1330	,	_	_	
4-30	1331-1338	braucht	_	_	
4-31	1339-1341	es	_	_	
4-32	1342-1347	nicht	_	B	
4-33	1348-1351	nur	_	I	
4-34	1352-1355	ein	_	I	
4-35	1356-1360	paar	_	I	
4-36	1361-1377	europarechtliche	_	I	
4-37	1378-1389	Anpassungen	_	I	
4-38	1389-1390	,	_	_	
4-39	1391-1398	sondern	_	_	
4-40	1399-1404	klare	_	B	
4-41	1405-1415	politische	_	I	
4-42	1416-1423	Anreize	_	I	
4-43	1424-1427	und	_	_	
4-44	1428-1443	Hilfestellungen	_	B	
4-45	1444-1447	für	_	_	
4-46	1448-1459	Unternehmen	Animated	B	
4-47	1459-1460	.	_	_	
4-48	1461-1465	Hier	_	_	
4-49	1466-1470	muss	_	_	
4-50	1471-1479	zwingend	_	_	
4-51	1480-1484	mehr	_	_	
4-52	1485-1494	passieren	_	_	
4-53	1494-1495	.	_	_	
4-54	1496-1499	Die	Animated[7]	B	
4-55	1500-1515	Bundesregierung	Animated[7]	I	
4-56	1516-1519	ist	_	_	
4-57	1520-1524	weit	_	_	
4-58	1525-1530	davon	_	_	
4-59	1531-1539	entfernt	_	_	
4-60	1539-1540	,	_	_	
4-61	1541-1544	ihr	_	B	
4-62	1545-1552	eigenes	_	I	
4-63	1553-1557	Ziel	_	I	
4-64	1558-1561	aus	_	_	
4-65	1562-1565	der	_	B	
4-66	1566-1590	Nachhaltigkeitsstrategie	_	I	
4-67	1591-1593	zu	_	_	
4-68	1594-1603	erreichen	_	_	
4-69	1603-1604	.	_	_	
4-70	1605-1608	Bis	_	_	
4-71	1609-1613	2030	_	_	
4-72	1614-1620	sollen	_	_	
4-73	1621-1630	insgesamt	_	B	
4-74	1631-1632	5	_	I	
4-75	1633-1636	000	_	I	
4-76	1637-1659	Organisationsstandorte	_	I	
4-77	1660-1663	für	_	_	
4-78	1664-1668	EMAS	_	B	
4-79	1669-1680	ausgewiesen	_	_	
4-80	1681-1685	sein	_	_	
4-81	1685-1686	.	_	_	
4-82	1687-1694	Derzeit	_	_	
4-83	1695-1698	ist	_	_	
4-84	1699-1705	dieses	_	B	
4-85	1706-1710	Ziel	_	I	
4-86	1711-1716	nicht	_	_	
4-87	1717-1720	mal	_	_	
4-88	1721-1724	zur	_	_	
4-89	1725-1731	Hälfte	_	B	
4-90	1732-1740	erreicht	_	_	
4-91	1740-1741	.	_	_	

#Text=Auch beim Chemikaliengesetz arbeiten Sie minimalistisch. Der Bundesrat hat in seiner Stellungnahme auf den illegalen Handel mit Fluorkohlenwasserstoffen hingewiesen. Der Bundesrat schlägt vor, Mitteilungspflichten und Bußgeldvorschriften einzuführen, um den Vollzug zu stärken und den illegalen Handel einzudämmen. Es ist nicht nachvollziehbar, dass die Bundesregierung diese Änderung ablehnt.
5-1	1752-1756	Auch	_	_	
5-2	1757-1761	beim	_	_	
5-3	1762-1779	Chemikaliengesetz	_	B	
5-4	1780-1788	arbeiten	_	_	
5-5	1789-1792	Sie	_	B	
5-6	1793-1807	minimalistisch	_	_	
5-7	1807-1808	.	_	_	
5-8	1809-1812	Der	Animated[8]	B	
5-9	1813-1822	Bundesrat	Animated[8]	I	
5-10	1823-1826	hat	_	_	
5-11	1827-1829	in	_	_	
5-12	1830-1836	seiner	_	B	
5-13	1837-1850	Stellungnahme	_	I	
5-14	1851-1854	auf	_	_	
5-15	1855-1858	den	_	B	
5-16	1859-1868	illegalen	_	I	
5-17	1869-1875	Handel	_	I	
5-18	1876-1879	mit	_	_	
5-19	1880-1904	Fluorkohlenwasserstoffen	_	B	
5-20	1905-1916	hingewiesen	_	_	
5-21	1916-1917	.	_	_	
5-22	1918-1921	Der	Animated[9]	B	
5-23	1922-1931	Bundesrat	Animated[9]	I	
5-24	1932-1939	schlägt	_	_	
5-25	1940-1943	vor	_	_	
5-26	1943-1944	,	_	_	
5-27	1945-1965	Mitteilungspflichten	_	B	
5-28	1966-1969	und	_	_	
5-29	1970-1989	Bußgeldvorschriften	_	B	
5-30	1990-2001	einzuführen	_	_	
5-31	2001-2002	,	_	_	
5-32	2003-2005	um	_	_	
5-33	2006-2009	den	_	B	
5-34	2010-2017	Vollzug	_	I	
5-35	2018-2020	zu	_	_	
5-36	2021-2028	stärken	_	_	
5-37	2029-2032	und	_	_	
5-38	2033-2036	den	_	B	
5-39	2037-2046	illegalen	_	I	
5-40	2047-2053	Handel	_	I	
5-41	2054-2065	einzudämmen	_	_	
5-42	2065-2066	.	_	_	
5-43	2067-2069	Es	_	B	
5-44	2070-2073	ist	_	_	
5-45	2074-2079	nicht	_	_	
5-46	2080-2095	nachvollziehbar	_	_	
5-47	2095-2096	,	_	_	
5-48	2097-2101	dass	_	_	
5-49	2102-2105	die	Animated[10]	B	
5-50	2106-2121	Bundesregierung	Animated[10]	I	
5-51	2122-2127	diese	_	B	
5-52	2128-2136	Änderung	_	I	
5-53	2137-2144	ablehnt	_	_	
5-54	2144-2145	.	_	_	

#Text=Eine Notifizierung wäre nämlich nicht nötig gewesen. Die EU-Kommission hat selber wiederholt darauf hingewiesen, dass nationale Regelungen notwendig seien. Mit einer fadenscheinigen Begründung verhindern Sie, dass die Vollzugsbehörden der Länder konsequent gegen den illegalen Handel mit Fluorkohlenwasserstoffen vorgehen können.
6-1	2153-2157	Eine	_	B	
6-2	2158-2171	Notifizierung	_	I	
6-3	2172-2176	wäre	_	_	
6-4	2177-2184	nämlich	_	_	
6-5	2185-2190	nicht	_	_	
6-6	2191-2196	nötig	_	_	
6-7	2197-2204	gewesen	_	_	
6-8	2204-2205	.	_	_	
6-9	2206-2209	Die	Animated[11]	B	
6-10	2210-2223	EU-Kommission	Animated[11]	I	
6-11	2224-2227	hat	_	_	
6-12	2228-2234	selber	_	_	
6-13	2235-2245	wiederholt	_	_	
6-14	2246-2252	darauf	_	_	
6-15	2253-2264	hingewiesen	_	_	
6-16	2264-2265	,	_	_	
6-17	2266-2270	dass	_	_	
6-18	2271-2280	nationale	_	B	
6-19	2281-2291	Regelungen	_	I	
6-20	2292-2301	notwendig	_	_	
6-21	2302-2307	seien	_	_	
6-22	2307-2308	.	_	_	
6-23	2309-2312	Mit	_	_	
6-24	2313-2318	einer	_	B	
6-25	2319-2334	fadenscheinigen	_	I	
6-26	2335-2345	Begründung	_	I	
6-27	2346-2356	verhindern	_	_	
6-28	2357-2360	Sie	_	B	
6-29	2360-2361	,	_	_	
6-30	2362-2366	dass	_	_	
6-31	2367-2370	die	_	B	
6-32	2371-2387	Vollzugsbehörden	_	I	
6-33	2388-2391	der	_	B	
6-34	2392-2398	Länder	_	I	
6-35	2399-2409	konsequent	_	_	
6-36	2410-2415	gegen	_	_	
6-37	2416-2419	den	_	B	
6-38	2420-2429	illegalen	_	I	
6-39	2430-2436	Handel	_	I	
6-40	2437-2440	mit	_	_	
6-41	2441-2465	Fluorkohlenwasserstoffen	_	B	
6-42	2466-2474	vorgehen	_	_	
6-43	2475-2481	können	_	_	
6-44	2481-2482	.	_	_	

#Text=Und Sie bremsen damit auch den Klimaschutz aus! Daten der EU zeigen, dass 2018 Fluorkohlenwasserstoffe im Umfang von mindestens 16 Millionen Tonnen CO
7-1	2488-2491	Und	_	_	
7-2	2492-2495	Sie	_	B	
7-3	2496-2503	bremsen	_	_	
7-4	2504-2509	damit	_	_	
7-5	2510-2514	auch	_	B	
7-6	2515-2518	den	_	I	
7-7	2519-2530	Klimaschutz	_	I	
7-8	2531-2534	aus	_	_	
7-9	2534-2535	!	_	_	
7-10	2536-2541	Daten	_	B	
7-11	2542-2545	der	Animated[12]	B	
7-12	2546-2548	EU	Animated[12]	I	
7-13	2549-2555	zeigen	_	_	
7-14	2555-2556	,	_	_	
7-15	2557-2561	dass	_	_	
7-16	2562-2566	2018	_	_	
7-17	2567-2590	Fluorkohlenwasserstoffe	_	_	
7-18	2591-2593	im	_	_	
7-19	2594-2600	Umfang	_	B	
7-20	2601-2604	von	_	_	
7-21	2605-2615	mindestens	_	B	
7-22	2616-2618	16	_	I	
7-23	2619-2628	Millionen	_	I	
7-24	2629-2635	Tonnen	_	I	
7-25	2636-2638	CO	_	I	

#Text=Den Gesetzentwurf lehnen wir ab.
8-1	2641-2644	Den	_	B	
8-2	2645-2658	Gesetzentwurf	_	I	
8-3	2659-2665	lehnen	_	_	
8-4	2666-2669	wir	Animated	B	
8-5	2670-2672	ab	_	_	
8-6	2672-2673	.	_	_	

#Text=Ich schließe die Aussprache.
9-1	2675-2678	Ich	Animated	B	
9-2	2679-2687	schließe	_	_	
9-3	2688-2691	die	_	B	
9-4	2692-2702	Aussprache	_	I	
9-5	2702-2703	.	_	_	
