#FORMAT=WebAnno TSV 3.3
#T_SP=webanno.custom.Animacy|Animated
#T_SP=webanno.custom.CustomChunk|Chunk


#Text=Vielen Dank, Herr Präsident. – Herr Bundesgesundheitsminister, mit den von Ihnen geforderten Schnelltests werden die Inzidenzen in die Höhe schnellen. Das bedeutet, dass die willkürlich festgelegten Inzidenzschwellen, um Lockerungen zuzulassen, faktisch nie erreicht werden. Müssen die Inzidenzen nicht wieder aus dem Infektionsschutzgesetz gestrichen werden, wenn man so umfangreich testen will?
1-1	0-6	Vielen	_	_	
1-2	7-11	Dank	_	_	
1-3	11-12	,	_	_	
1-4	13-17	Herr	Animated[1]	B	
1-5	18-27	Präsident	Animated[1]	I	
1-6	27-28	.	_	_	
1-7	29-30	–	_	_	
1-8	31-35	Herr	_	_	
1-9	36-61	Bundesgesundheitsminister	Animated	B	
1-10	61-62	,	_	_	
1-11	63-66	mit	_	_	
1-12	67-70	den	_	_	
1-13	71-74	von	_	_	
1-14	75-80	Ihnen	_	B	
1-15	81-92	geforderten	_	_	
1-16	93-105	Schnelltests	_	_	
1-17	106-112	werden	_	_	
1-18	113-116	die	_	B	
1-19	117-127	Inzidenzen	_	I	
1-20	128-130	in	_	_	
1-21	131-134	die	_	B	
1-22	135-139	Höhe	_	I	
1-23	140-149	schnellen	_	_	
1-24	149-150	.	_	_	
1-25	151-154	Das	_	B	
1-26	155-163	bedeutet	_	_	
1-27	163-164	,	_	_	
1-28	165-169	dass	_	_	
1-29	170-173	die	_	B	
1-30	174-185	willkürlich	_	I	
1-31	186-198	festgelegten	_	I	
1-32	199-216	Inzidenzschwellen	_	I	
1-33	216-217	,	_	_	
1-34	218-220	um	_	_	
1-35	221-232	Lockerungen	_	B	
1-36	233-243	zuzulassen	_	_	
1-37	243-244	,	_	_	
1-38	245-253	faktisch	_	_	
1-39	254-257	nie	_	_	
1-40	258-266	erreicht	_	_	
1-41	267-273	werden	_	_	
1-42	273-274	.	_	_	
1-43	275-281	Müssen	_	_	
1-44	282-285	die	_	B	
1-45	286-296	Inzidenzen	_	I	
1-46	297-302	nicht	_	_	
1-47	303-309	wieder	_	_	
1-48	310-313	aus	_	_	
1-49	314-317	dem	_	B	
1-50	318-340	Infektionsschutzgesetz	_	I	
1-51	341-351	gestrichen	_	_	
1-52	352-358	werden	_	_	
1-53	358-359	,	_	_	
1-54	360-364	wenn	_	_	
1-55	365-368	man	Animated	B	
1-56	369-371	so	_	_	
1-57	372-383	umfangreich	_	_	
1-58	384-390	testen	_	_	
1-59	391-395	will	_	_	
1-60	395-396	?	_	_	
