#FORMAT=WebAnno TSV 3.3
#T_SP=webanno.custom.Animacy|Animated
#T_SP=webanno.custom.CustomChunk|Chunk


#Text=Sehr geehrte Frau Präsidentin! Liebe Kolleginnen und Kollegen! Meine sehr verehrten Damen und Herren! CDU und CSU haben immer deutlich gemacht, dass es bei der digitalen Transformation um zwei große Aufgaben geht: Es geht um den Umgang mit Daten, und es geht um den Transport von Daten. – Beides ist entscheidend für die Akzeptanz bei den Bürgerinnen und Bürgern und natürlich auch für die Stärkung der Wirtschaft.
1-1	0-4	Sehr	Animated[1]	B	
1-2	5-12	geehrte	Animated[1]	I	
1-3	13-17	Frau	Animated[1]	I	
1-4	18-29	Präsidentin	Animated[1]	I	
1-5	29-30	!	_	_	
1-6	31-36	Liebe	_	B	
1-7	37-48	Kolleginnen	_	_	
1-8	49-52	und	_	_	
1-9	53-61	Kollegen	Animated	B	
1-10	61-62	!	_	_	
1-11	63-68	Meine	Animated[2]	B	
1-12	69-73	sehr	Animated[2]	I	
1-13	74-83	verehrten	Animated[2]	I	
1-14	84-89	Damen	Animated[2]	I	
1-15	90-93	und	_	_	
1-16	94-100	Herren	Animated	B	
1-17	100-101	!	_	_	
1-18	102-105	CDU	Animated	B	
1-19	106-109	und	_	_	
1-20	110-113	CSU	Animated	B	
1-21	114-119	haben	_	_	
1-22	120-125	immer	_	_	
1-23	126-134	deutlich	_	_	
1-24	135-142	gemacht	_	_	
1-25	142-143	,	_	_	
1-26	144-148	dass	_	_	
1-27	149-151	es	_	_	
1-28	152-155	bei	_	_	
1-29	156-159	der	_	B	
1-30	160-169	digitalen	_	I	
1-31	170-184	Transformation	_	I	
1-32	185-187	um	_	_	
1-33	188-192	zwei	_	B	
1-34	193-198	große	_	I	
1-35	199-207	Aufgaben	_	I	
1-36	208-212	geht	_	_	
1-37	212-213	:	_	_	
1-38	214-216	Es	_	_	
1-39	217-221	geht	_	_	
1-40	222-224	um	_	_	
1-41	225-228	den	_	B	
1-42	229-235	Umgang	_	I	
1-43	236-239	mit	_	_	
1-44	240-245	Daten	_	B	
1-45	245-246	,	_	_	
1-46	247-250	und	_	_	
1-47	251-253	es	_	_	
1-48	254-258	geht	_	_	
1-49	259-261	um	_	_	
1-50	262-265	den	_	B	
1-51	266-275	Transport	_	I	
1-52	276-279	von	_	_	
1-53	280-285	Daten	_	B	
1-54	285-286	.	_	_	
1-55	287-288	–	_	_	
1-56	289-295	Beides	_	B	
1-57	296-299	ist	_	_	
1-58	300-312	entscheidend	_	_	
1-59	313-316	für	_	_	
1-60	317-320	die	_	B	
1-61	321-330	Akzeptanz	_	I	
1-62	331-334	bei	_	_	
1-63	335-338	den	Animated[3]	B	
1-64	339-350	Bürgerinnen	Animated[3]	I	
1-65	351-354	und	_	_	
1-66	355-362	Bürgern	Animated	B	
1-67	363-366	und	_	_	
1-68	367-376	natürlich	_	_	
1-69	377-381	auch	_	_	
1-70	382-385	für	_	_	
1-71	386-389	die	_	B	
1-72	390-398	Stärkung	_	I	
1-73	399-402	der	Animated[4]	B	
1-74	403-413	Wirtschaft	Animated[4]	I	
1-75	413-414	.	_	_	

#Text=Die Bundesregierung hat in dieser Woche mit der Digitalstrategie die Grundlage gelegt, wie der Umgang mit Daten künftig erfolgen soll. Wir wollen die Datenstrategie zu einer Innovationsstrategie machen. Dafür brauchen wir vor allem eins: mehr Tempo – mehr Tempo beim Transport von Daten, aber auch mehr Tempo beim Ausbau der Netze.
2-1	423-426	Die	Animated[5]	B	
2-2	427-442	Bundesregierung	Animated[5]	I	
2-3	443-446	hat	_	_	
2-4	447-449	in	_	_	
2-5	450-456	dieser	_	B	
2-6	457-462	Woche	_	I	
2-7	463-466	mit	_	_	
2-8	467-470	der	_	B	
2-9	471-487	Digitalstrategie	_	I	
2-10	488-491	die	_	B	
2-11	492-501	Grundlage	_	I	
2-12	502-508	gelegt	_	_	
2-13	508-509	,	_	_	
2-14	510-513	wie	_	_	
2-15	514-517	der	_	B	
2-16	518-524	Umgang	_	I	
2-17	525-528	mit	_	_	
2-18	529-534	Daten	_	B	
2-19	535-542	künftig	_	_	
2-20	543-551	erfolgen	_	_	
2-21	552-556	soll	_	_	
2-22	556-557	.	_	_	
2-23	558-561	Wir	Animated	B	
2-24	562-568	wollen	_	_	
2-25	569-572	die	_	B	
2-26	573-587	Datenstrategie	_	I	
2-27	588-590	zu	_	_	
2-28	591-596	einer	_	B	
2-29	597-617	Innovationsstrategie	_	I	
2-30	618-624	machen	_	_	
2-31	624-625	.	_	_	
2-32	626-631	Dafür	_	_	
2-33	632-640	brauchen	_	_	
2-34	641-644	wir	Animated	B	
2-35	645-648	vor	_	_	
2-36	649-654	allem	_	B	
2-37	655-659	eins	_	_	
2-38	659-660	:	_	_	
2-39	661-665	mehr	_	B	
2-40	666-671	Tempo	_	I	
2-41	672-673	–	_	_	
2-42	674-678	mehr	_	B	
2-43	679-684	Tempo	_	I	
2-44	685-689	beim	_	_	
2-45	690-699	Transport	_	B	
2-46	700-703	von	_	_	
2-47	704-709	Daten	_	B	
2-48	709-710	,	_	_	
2-49	711-715	aber	_	_	
2-50	716-720	auch	_	B	
2-51	721-725	mehr	_	I	
2-52	726-731	Tempo	_	I	
2-53	732-736	beim	_	_	
2-54	737-743	Ausbau	_	B	
2-55	744-747	der	_	B	
2-56	748-753	Netze	_	I	
2-57	753-754	.	_	_	

#Text=Ich sage Ihnen dazu auch ganz selbstkritisch: Wie der Ausbau von Glasfaser und 5 G bisher vorangekommen ist, entspricht nicht meiner Vorstellung von einem Land, das Weltmeister bei digitalen Innovationen sein will.
3-1	761-764	Ich	Animated	B	
3-2	765-769	sage	_	_	
3-3	770-775	Ihnen	_	B	
3-4	776-780	dazu	_	_	
3-5	781-785	auch	_	_	
3-6	786-790	ganz	_	_	
3-7	791-805	selbstkritisch	_	_	
3-8	805-806	:	_	_	
3-9	807-810	Wie	_	_	
3-10	811-814	der	_	B	
3-11	815-821	Ausbau	_	I	
3-12	822-825	von	_	_	
3-13	826-835	Glasfaser	_	B	
3-14	836-839	und	_	_	
3-15	840-841	5	_	B	
3-16	842-843	G	_	I	
3-17	844-850	bisher	_	_	
3-18	851-864	vorangekommen	_	_	
3-19	865-868	ist	_	_	
3-20	868-869	,	_	_	
3-21	870-880	entspricht	_	_	
3-22	881-886	nicht	_	_	
3-23	887-893	meiner	_	B	
3-24	894-905	Vorstellung	_	I	
3-25	906-909	von	_	_	
3-26	910-915	einem	_	B	
3-27	916-920	Land	_	I	
3-28	920-921	,	_	_	
3-29	922-925	das	_	B	
3-30	926-937	Weltmeister	_	_	
3-31	938-941	bei	_	_	
3-32	942-951	digitalen	_	B	
3-33	952-964	Innovationen	_	I	
3-34	965-969	sein	_	_	
3-35	970-974	will	_	_	
3-36	974-975	.	_	_	

#Text=Damit das künftig schneller geht, modernisieren wir das Telekommunikationsgesetz, sprich: das TKG.
4-1	980-985	Damit	_	_	
4-2	986-989	das	_	B	
4-3	990-997	künftig	_	_	
4-4	998-1007	schneller	_	_	
4-5	1008-1012	geht	_	_	
4-6	1012-1013	,	_	_	
4-7	1014-1027	modernisieren	_	_	
4-8	1028-1031	wir	Animated	B	
4-9	1032-1035	das	_	B	
4-10	1036-1060	Telekommunikationsgesetz	_	I	
4-11	1060-1061	,	_	_	
4-12	1062-1068	sprich	_	_	
4-13	1068-1069	:	_	_	
4-14	1070-1073	das	_	B	
4-15	1074-1077	TKG	_	I	
4-16	1077-1078	.	_	_	

#Text=Für mich entscheidend ist, dass wir diese Zweiklassengesellschaft beim Netzausbau beenden. Wenn wir wollen, dass unsere ländlichen Räume für Menschen und Wirtschaft attraktiv bleiben und dass sich der Zuzug in die Städte verlangsamt, dann heißt das in der Konsequenz: 5 G an jeder Milchkanne.
5-1	1083-1086	Für	_	_	
5-2	1087-1091	mich	_	B	
5-3	1092-1104	entscheidend	_	_	
5-4	1105-1108	ist	_	_	
5-5	1108-1109	,	_	_	
5-6	1110-1114	dass	_	_	
5-7	1115-1118	wir	_	B	
5-8	1119-1124	diese	Animated[6]	B	
5-9	1125-1148	Zweiklassengesellschaft	Animated[6]	I	
5-10	1149-1153	beim	_	_	
5-11	1154-1164	Netzausbau	_	B	
5-12	1165-1172	beenden	_	_	
5-13	1172-1173	.	_	_	
5-14	1174-1178	Wenn	_	_	
5-15	1179-1182	wir	Animated	B	
5-16	1183-1189	wollen	_	_	
5-17	1189-1190	,	_	_	
5-18	1191-1195	dass	_	_	
5-19	1196-1202	unsere	_	B	
5-20	1203-1213	ländlichen	_	I	
5-21	1214-1219	Räume	_	I	
5-22	1220-1223	für	_	_	
5-23	1224-1232	Menschen	Animated	B	
5-24	1233-1236	und	_	_	
5-25	1237-1247	Wirtschaft	Animated	B	
5-26	1248-1257	attraktiv	_	_	
5-27	1258-1265	bleiben	_	_	
5-28	1266-1269	und	_	_	
5-29	1270-1274	dass	_	_	
5-30	1275-1279	sich	_	B	
5-31	1280-1283	der	_	B	
5-32	1284-1289	Zuzug	_	I	
5-33	1290-1292	in	_	_	
5-34	1293-1296	die	_	B	
5-35	1297-1303	Städte	_	I	
5-36	1304-1315	verlangsamt	_	_	
5-37	1315-1316	,	_	_	
5-38	1317-1321	dann	_	_	
5-39	1322-1327	heißt	_	_	
5-40	1328-1331	das	_	B	
5-41	1332-1334	in	_	_	
5-42	1335-1338	der	_	B	
5-43	1339-1349	Konsequenz	_	I	
5-44	1349-1350	:	_	_	
5-45	1351-1352	5	_	B	
5-46	1353-1354	G	_	I	
5-47	1355-1357	an	_	_	
5-48	1358-1363	jeder	_	B	
5-49	1364-1374	Milchkanne	_	I	
5-50	1374-1375	.	_	_	

#Text=Im TKG machen wir das an fünf Punkten deutlich.
6-1	1382-1384	Im	_	_	
6-2	1385-1388	TKG	_	B	
6-3	1389-1395	machen	_	_	
6-4	1396-1399	wir	Animated	B	
6-5	1400-1403	das	_	B	
6-6	1404-1406	an	_	_	
6-7	1407-1411	fünf	_	B	
6-8	1412-1419	Punkten	_	I	
6-9	1420-1428	deutlich	_	_	
6-10	1428-1429	.	_	_	

#Text=Erstens. Wir stärken den Wettbewerb unter den Anbietern, indem das TKG eins zu eins dem europäischen Rechtsrahmen entspricht.
7-1	1431-1438	Erstens	_	_	
7-2	1438-1439	.	_	_	
7-3	1440-1443	Wir	Animated	B	
7-4	1444-1451	stärken	_	_	
7-5	1452-1455	den	_	B	
7-6	1456-1466	Wettbewerb	_	I	
7-7	1467-1472	unter	_	_	
7-8	1473-1476	den	Animated[7]	B	
7-9	1477-1486	Anbietern	Animated[7]	I	
7-10	1486-1487	,	_	_	
7-11	1488-1493	indem	_	_	
7-12	1494-1497	das	_	B	
7-13	1498-1501	TKG	_	I	
7-14	1502-1506	eins	_	_	
7-15	1507-1509	zu	_	_	
7-16	1510-1514	eins	_	_	
7-17	1515-1518	dem	_	B	
7-18	1519-1531	europäischen	_	I	
7-19	1532-1544	Rechtsrahmen	_	I	
7-20	1545-1555	entspricht	_	_	
7-21	1555-1556	.	_	_	

#Text=Zweitens. Wir schaffen Rechts- und Planungssicherheit für alle Akteure; denn wir vereinfachen die Genehmigungsverfahren und reformieren die Frequenzverwaltung.
8-1	1560-1568	Zweitens	_	_	
8-2	1568-1569	.	_	_	
8-3	1570-1573	Wir	Animated	B	
8-4	1574-1582	schaffen	_	_	
8-5	1583-1590	Rechts-	_	B	
8-6	1591-1594	und	_	I	
8-7	1595-1613	Planungssicherheit	_	I	
8-8	1614-1617	für	_	_	
8-9	1618-1622	alle	Animated[8]	B	
8-10	1623-1630	Akteure	Animated[8]	I	
8-11	1630-1631	;	_	_	
8-12	1632-1636	denn	_	_	
8-13	1637-1640	wir	Animated	B	
8-14	1641-1653	vereinfachen	_	_	
8-15	1654-1657	die	_	B	
8-16	1658-1679	Genehmigungsverfahren	_	I	
8-17	1680-1683	und	_	_	
8-18	1684-1695	reformieren	_	_	
8-19	1696-1699	die	_	B	
8-20	1700-1718	Frequenzverwaltung	_	I	
8-21	1718-1719	.	_	_	

#Text=Drittens. Wir schließen die Funklöcher, indem wir auf dem Land den Netzausbau um das lokale Roaming ergänzen. Ich bin Minister Scheuer dankbar, dass er das heute hier entsprechend vorgeschlagen hat. Wir werden noch genau schauen, wie wir das Ganze aufsetzen.
9-1	1723-1731	Drittens	_	_	
9-2	1731-1732	.	_	_	
9-3	1733-1736	Wir	Animated	B	
9-4	1737-1746	schließen	_	_	
9-5	1747-1750	die	_	B	
9-6	1751-1761	Funklöcher	_	I	
9-7	1761-1762	,	_	_	
9-8	1763-1768	indem	_	_	
9-9	1769-1772	wir	Animated	B	
9-10	1773-1776	auf	_	_	
9-11	1777-1780	dem	_	B	
9-12	1781-1785	Land	_	I	
9-13	1786-1789	den	_	B	
9-14	1790-1800	Netzausbau	_	I	
9-15	1801-1803	um	_	_	
9-16	1804-1807	das	_	B	
9-17	1808-1814	lokale	_	I	
9-18	1815-1822	Roaming	_	I	
9-19	1823-1831	ergänzen	_	_	
9-20	1831-1832	.	_	_	
9-21	1833-1836	Ich	Animated	B	
9-22	1837-1840	bin	_	_	
9-23	1841-1849	Minister	Animated[9]	B	
9-24	1850-1857	Scheuer	Animated[9]	I	
9-25	1858-1865	dankbar	_	_	
9-26	1865-1866	,	_	_	
9-27	1867-1871	dass	_	_	
9-28	1872-1874	er	_	B	
9-29	1875-1878	das	_	B	
9-30	1879-1884	heute	_	_	
9-31	1885-1889	hier	_	_	
9-32	1890-1902	entsprechend	_	_	
9-33	1903-1916	vorgeschlagen	_	_	
9-34	1917-1920	hat	_	_	
9-35	1920-1921	.	_	_	
9-36	1922-1925	Wir	Animated	B	
9-37	1926-1932	werden	_	_	
9-38	1933-1937	noch	_	_	
9-39	1938-1943	genau	_	_	
9-40	1944-1951	schauen	_	_	
9-41	1951-1952	,	_	_	
9-42	1953-1956	wie	_	_	
9-43	1957-1960	wir	Animated	B	
9-44	1961-1964	das	_	B	
9-45	1965-1970	Ganze	_	I	
9-46	1971-1980	aufsetzen	_	_	
9-47	1980-1981	.	_	_	

#Text=Viertens. Wir beschleunigen die Verlegung von Glasfaser durch eine neue Technologie: Das sogenannte Trenching wird eingeführt. Das heißt nichts anderes, als dass auch oberirdische Verkabelung möglich ist. Das spart Zeit und Geld und beschleunigt den Glasfaserausbau. Ich denke hier an einen Bauernhof in meinem Wahlkreis Diepholz–Nienburg: Da gibt es Landwirte, die KWK- und Biogasanlagen haben. Die brauchen zu dieser Steuerung nicht nur LTE, sondern natürlich sehr wohl auch 5 G.
10-1	1989-1997	Viertens	_	_	
10-2	1997-1998	.	_	_	
10-3	1999-2002	Wir	Animated	B	
10-4	2003-2016	beschleunigen	_	_	
10-5	2017-2020	die	_	B	
10-6	2021-2030	Verlegung	_	I	
10-7	2031-2034	von	_	_	
10-8	2035-2044	Glasfaser	_	B	
10-9	2045-2050	durch	_	_	
10-10	2051-2055	eine	_	B	
10-11	2056-2060	neue	_	I	
10-12	2061-2072	Technologie	_	I	
10-13	2072-2073	:	_	_	
10-14	2074-2077	Das	_	B	
10-15	2078-2088	sogenannte	_	I	
10-16	2089-2098	Trenching	_	I	
10-17	2099-2103	wird	_	_	
10-18	2104-2114	eingeführt	_	_	
10-19	2114-2115	.	_	_	
10-20	2116-2119	Das	_	B	
10-21	2120-2125	heißt	_	_	
10-22	2126-2132	nichts	_	B	
10-23	2133-2140	anderes	_	I	
10-24	2140-2141	,	_	_	
10-25	2142-2145	als	_	_	
10-26	2146-2150	dass	_	_	
10-27	2151-2155	auch	_	B	
10-28	2156-2168	oberirdische	_	I	
10-29	2169-2180	Verkabelung	_	I	
10-30	2181-2188	möglich	_	_	
10-31	2189-2192	ist	_	_	
10-32	2192-2193	.	_	_	
10-33	2194-2197	Das	_	B	
10-34	2198-2203	spart	_	_	
10-35	2204-2208	Zeit	_	B	
10-36	2209-2212	und	_	_	
10-37	2213-2217	Geld	_	B	
10-38	2218-2221	und	_	_	
10-39	2222-2234	beschleunigt	_	_	
10-40	2235-2238	den	_	B	
10-41	2239-2254	Glasfaserausbau	_	I	
10-42	2254-2255	.	_	_	
10-43	2256-2259	Ich	Animated	B	
10-44	2260-2265	denke	_	_	
10-45	2266-2270	hier	_	_	
10-46	2271-2273	an	_	_	
10-47	2274-2279	einen	_	B	
10-48	2280-2289	Bauernhof	_	I	
10-49	2290-2292	in	_	_	
10-50	2293-2299	meinem	Animated[10]	B	
10-51	2300-2309	Wahlkreis	Animated[10]	I	
10-52	2310-2327	Diepholz–Nienburg	_	I	
10-53	2327-2328	:	_	_	
10-54	2329-2331	Da	_	_	
10-55	2332-2336	gibt	_	_	
10-56	2337-2339	es	_	_	
10-57	2340-2349	Landwirte	Animated	B	
10-58	2349-2350	,	_	_	
10-59	2351-2354	die	_	B	
10-60	2355-2359	KWK-	_	B	
10-61	2360-2363	und	_	I	
10-62	2364-2377	Biogasanlagen	_	I	
10-63	2378-2383	haben	_	_	
10-64	2383-2384	.	_	_	
10-65	2385-2388	Die	_	B	
10-66	2389-2397	brauchen	_	_	
10-67	2398-2400	zu	_	_	
10-68	2401-2407	dieser	_	B	
10-69	2408-2417	Steuerung	_	I	
10-70	2418-2423	nicht	_	B	
10-71	2424-2427	nur	_	I	
10-72	2428-2431	LTE	_	I	
10-73	2431-2432	,	_	_	
10-74	2433-2440	sondern	_	_	
10-75	2441-2450	natürlich	_	B	
10-76	2451-2455	sehr	_	I	
10-77	2456-2460	wohl	_	I	
10-78	2461-2465	auch	_	I	
10-79	2466-2467	5	_	I	
10-80	2468-2470	G.	_	I	

#Text=Fünftens. Wir als CDU haben nicht nur die ländlichen Räume im Blick, sondern wir sind auch Großstadtpartei. Deswegen schaffen wir mit diesem neuen TKG das Nebenkostenprivileg ab.
11-1	2481-2489	Fünftens	_	_	
11-2	2489-2490	.	_	_	
11-3	2491-2494	Wir	Animated	B	
11-4	2495-2498	als	_	_	
11-5	2499-2502	CDU	Animated	B	
11-6	2503-2508	haben	_	_	
11-7	2509-2514	nicht	_	B	
11-8	2515-2518	nur	_	I	
11-9	2519-2522	die	_	I	
11-10	2523-2533	ländlichen	_	I	
11-11	2534-2539	Räume	_	I	
11-12	2540-2542	im	_	_	
11-13	2543-2548	Blick	_	B	
11-14	2548-2549	,	_	_	
11-15	2550-2557	sondern	_	_	
11-16	2558-2561	wir	Animated	B	
11-17	2562-2566	sind	_	_	
11-18	2567-2571	auch	Animated[11]	B	
11-19	2572-2587	Großstadtpartei	Animated[11]	I	
11-20	2587-2588	.	_	_	
11-21	2589-2597	Deswegen	_	_	
11-22	2598-2606	schaffen	_	_	
11-23	2607-2610	wir	Animated	B	
11-24	2611-2614	mit	_	_	
11-25	2615-2621	diesem	_	B	
11-26	2622-2627	neuen	_	I	
11-27	2628-2631	TKG	_	I	
11-28	2632-2635	das	_	B	
11-29	2636-2655	Nebenkostenprivileg	_	I	
11-30	2656-2658	ab	_	_	
11-31	2658-2659	.	_	_	

#Text=12 Millionen Mieter, die noch am Kupferkabel hängen, Herr Houben, können künftig selbst wählen, wie schnell sie im Internet unterwegs sind. Ganz wichtig muss sein: Der TK-Anschluss darf nicht mehr vom Vermieter auf die Nebenkosten umgelegt werden.
12-1	2664-2666	12	_	B	
12-2	2667-2676	Millionen	_	I	
12-3	2677-2683	Mieter	_	I	
12-4	2683-2684	,	_	I	
12-5	2685-2688	die	_	I	
12-6	2689-2693	noch	_	I	
12-7	2694-2696	am	_	I	
12-8	2697-2708	Kupferkabel	_	I	
12-9	2709-2715	hängen	_	I	
12-10	2715-2716	,	_	I	
12-11	2717-2721	Herr	_	I	
12-12	2722-2728	Houben	Animated	B	
12-13	2728-2729	,	_	_	
12-14	2730-2736	können	_	_	
12-15	2737-2744	künftig	_	_	
12-16	2745-2751	selbst	_	_	
12-17	2752-2758	wählen	_	_	
12-18	2758-2759	,	_	_	
12-19	2760-2763	wie	_	_	
12-20	2764-2771	schnell	_	_	
12-21	2772-2775	sie	_	B	
12-22	2776-2778	im	_	_	
12-23	2779-2787	Internet	_	B	
12-24	2788-2797	unterwegs	_	_	
12-25	2798-2802	sind	_	_	
12-26	2802-2803	.	_	_	
12-27	2804-2808	Ganz	_	_	
12-28	2809-2816	wichtig	_	_	
12-29	2817-2821	muss	_	_	
12-30	2822-2826	sein	_	_	
12-31	2826-2827	:	_	_	
12-32	2828-2831	Der	_	B	
12-33	2832-2844	TK-Anschluss	_	I	
12-34	2845-2849	darf	_	_	
12-35	2850-2855	nicht	_	_	
12-36	2856-2860	mehr	_	_	
12-37	2861-2864	vom	_	_	
12-38	2865-2874	Vermieter	Animated	B	
12-39	2875-2878	auf	_	_	
12-40	2879-2882	die	_	B	
12-41	2883-2894	Nebenkosten	_	I	
12-42	2895-2903	umgelegt	_	_	
12-43	2904-2910	werden	_	_	
12-44	2910-2911	.	_	_	

#Text=All das zeigt: Die Bundesregierung und die CDU/CSU, wir reden nicht nur über Digitalisierung, wir gestalten sie aus.
13-1	2919-2922	All	_	B	
13-2	2923-2926	das	_	I	
13-3	2927-2932	zeigt	_	_	
13-4	2932-2933	:	_	_	
13-5	2934-2937	Die	Animated[12]	B	
13-6	2938-2953	Bundesregierung	Animated[12]	I	
13-7	2954-2957	und	_	_	
13-8	2958-2961	die	Animated[13]	B	
13-9	2962-2969	CDU/CSU	Animated[13]	I	
13-10	2969-2970	,	_	_	
13-11	2971-2974	wir	Animated	B	
13-12	2975-2980	reden	_	_	
13-13	2981-2986	nicht	_	_	
13-14	2987-2990	nur	_	_	
13-15	2991-2995	über	_	_	
13-16	2996-3011	Digitalisierung	_	B	
13-17	3011-3012	,	_	_	
13-18	3013-3016	wir	Animated	B	
13-19	3017-3026	gestalten	_	_	
13-20	3027-3030	sie	_	B	
13-21	3031-3034	aus	_	_	
13-22	3034-3035	.	_	_	

#Text=Liebe Kolleginnen und Kollegen, nun zum Antrag der FDP, Herr Houben.
14-1	3040-3045	Liebe	_	B	
14-2	3046-3057	Kolleginnen	Animated	B	
14-3	3058-3061	und	_	_	
14-4	3062-3070	Kollegen	Animated	B	
14-5	3070-3071	,	_	_	
14-6	3072-3075	nun	_	_	
14-7	3076-3079	zum	_	_	
14-8	3080-3086	Antrag	_	B	
14-9	3087-3090	der	Animated[14]	B	
14-10	3091-3094	FDP	Animated[14]	I	
14-11	3094-3095	,	_	_	
14-12	3096-3100	Herr	Animated[15]	B	
14-13	3101-3107	Houben	Animated[15]	I	
14-14	3107-3108	.	_	_	

#Text=Entschuldigung, lieber Abgeordneter, erlauben Sie eine Zwischenrede des Kollegen Houben?
15-1	3112-3126	Entschuldigung	_	B	
15-2	3126-3127	,	_	_	
15-3	3128-3134	lieber	Animated[16]	B	
15-4	3135-3147	Abgeordneter	Animated[16]	I	
15-5	3147-3148	,	_	_	
15-6	3149-3157	erlauben	_	_	
15-7	3158-3161	Sie	_	B	
15-8	3162-3166	eine	_	B	
15-9	3167-3179	Zwischenrede	_	I	
15-10	3180-3183	des	Animated[17]	B	
15-11	3184-3192	Kollegen	Animated[17]	I	
15-12	3193-3199	Houben	Animated[17]	I	
15-13	3199-3200	?	_	_	

#Text=Ja, aber doch sehr gerne.
16-1	3204-3206	Ja	_	_	
16-2	3206-3207	,	_	_	
16-3	3208-3212	aber	_	_	
16-4	3213-3217	doch	_	_	
16-5	3218-3222	sehr	_	_	
16-6	3223-3228	gerne	_	_	
16-7	3228-3229	.	_	_	

#Text=Bitte sehr.
17-1	3232-3237	Bitte	_	_	
17-2	3238-3242	sehr	_	_	
17-3	3242-3243	.	_	_	

#Text=Herzlichen Dank, Herr Kollege Knoerig, dass ich die Frage unterbringen kann. – Ihr Kollege Joachim Pfeiffer hat am 14. Oktober 2020 gegenüber dem RedaktionsNetzwerk Deutschland gesagt:
18-1	3245-3255	Herzlichen	_	B	
18-2	3256-3260	Dank	_	I	
18-3	3260-3261	,	_	_	
18-4	3262-3266	Herr	Animated[18]	B	
18-5	3267-3274	Kollege	Animated[18]	I	
18-6	3275-3282	Knoerig	_	_	
18-7	3282-3283	,	_	_	
18-8	3284-3288	dass	_	_	
18-9	3289-3292	ich	_	B	
18-10	3293-3296	die	_	B	
18-11	3297-3302	Frage	_	I	
18-12	3303-3315	unterbringen	_	_	
18-13	3316-3320	kann	_	_	
18-14	3320-3321	.	_	_	
18-15	3322-3323	–	_	_	
18-16	3324-3327	Ihr	Animated[19]	B	
18-17	3328-3335	Kollege	Animated[19]	I	
18-18	3336-3343	Joachim	Animated[19]	I	
18-19	3344-3352	Pfeiffer	Animated[19]	I	
18-20	3353-3356	hat	_	_	
18-21	3357-3359	am	_	_	
18-22	3360-3363	14.	_	B	
18-23	3364-3371	Oktober	_	I	
18-24	3372-3376	2020	_	_	
18-25	3377-3386	gegenüber	_	_	
18-26	3387-3390	dem	Animated[20]	B	
18-27	3391-3409	RedaktionsNetzwerk	Animated[20]	I	
18-28	3410-3421	Deutschland	Animated[20]	I	
18-29	3422-3428	gesagt	_	_	
18-30	3428-3429	:	_	_	

#Text=Mir ist es besonders wichtig, den Glasfaserausbau bis zum Endkunden zu beschleunigen. Daher wäre aus meiner Sicht auch eine Modifikation des Nebenkostenprivilegs denkbar, der zu einem solchen Ergebnis führt.
19-1	3434-3437	Mir	_	B	
19-2	3438-3441	ist	_	_	
19-3	3442-3444	es	_	B	
19-4	3445-3454	besonders	_	_	
19-5	3455-3462	wichtig	_	_	
19-6	3462-3463	,	_	_	
19-7	3464-3467	den	_	B	
19-8	3468-3483	Glasfaserausbau	_	I	
19-9	3484-3487	bis	_	_	
19-10	3488-3491	zum	_	_	
19-11	3492-3501	Endkunden	Animated	B	
19-12	3502-3504	zu	_	_	
19-13	3505-3518	beschleunigen	_	_	
19-14	3518-3519	.	_	_	
19-15	3520-3525	Daher	_	_	
19-16	3526-3530	wäre	_	_	
19-17	3531-3534	aus	_	_	
19-18	3535-3541	meiner	_	B	
19-19	3542-3547	Sicht	_	I	
19-20	3548-3552	auch	_	B	
19-21	3553-3557	eine	_	I	
19-22	3558-3570	Modifikation	_	I	
19-23	3571-3574	des	_	B	
19-24	3575-3595	Nebenkostenprivilegs	_	I	
19-25	3596-3603	denkbar	_	_	
19-26	3603-3604	,	_	_	
19-27	3605-3608	der	_	B	
19-28	3609-3611	zu	_	_	
19-29	3612-3617	einem	_	B	
19-30	3618-3625	solchen	_	I	
19-31	3626-3634	Ergebnis	_	I	
19-32	3635-3640	führt	_	_	
19-33	3640-3641	.	_	_	

#Text=Wie kann ich das mit den jetzt von Ihnen vorgetragenen Argumenten zusammenbringen?
20-1	3646-3649	Wie	_	_	
20-2	3650-3654	kann	_	_	
20-3	3655-3658	ich	Animated	B	
20-4	3659-3662	das	_	B	
20-5	3663-3666	mit	_	_	
20-6	3667-3670	den	_	_	
20-7	3671-3676	jetzt	_	_	
20-8	3677-3680	von	_	_	
20-9	3681-3686	Ihnen	_	B	
20-10	3687-3700	vorgetragenen	_	_	
20-11	3701-3711	Argumenten	_	_	
20-12	3712-3727	zusammenbringen	_	_	
20-13	3727-3728	?	_	_	

#Text=Werter Herr Kollege Houben, Sie haben ja auch angesprochen, dass Sie Gutscheine ins Feld führen möchten; 12 Millionen Gutscheine für Mieter. – Ich will nur daran erinnern, Herr Houben, wie das 2009 war. Ihr Wirtschaftsminister war federführend für den Breitbandausbau zuständig. Kollege Mattfeldt und ich, wir haben über den Haushalt 10 Milliarden Euro jährlich eingefordert, damit Netze auch durch die öffentliche Hand gefördert werden. Wir haben bis 2013 Absagen bekommen.
21-1	3730-3736	Werter	_	_	
21-2	3737-3741	Herr	Animated[21]	B	
21-3	3742-3749	Kollege	Animated[21]	I	
21-4	3750-3756	Houben	Animated[21]	I	
21-5	3756-3757	,	_	_	
21-6	3758-3761	Sie	_	B	
21-7	3762-3767	haben	_	_	
21-8	3768-3770	ja	_	_	
21-9	3771-3775	auch	_	_	
21-10	3776-3788	angesprochen	_	_	
21-11	3788-3789	,	_	_	
21-12	3790-3794	dass	_	_	
21-13	3795-3798	Sie	_	B	
21-14	3799-3809	Gutscheine	_	B	
21-15	3810-3813	ins	_	_	
21-16	3814-3818	Feld	_	B	
21-17	3819-3825	führen	_	_	
21-18	3826-3833	möchten	_	_	
21-19	3833-3834	;	_	_	
21-20	3835-3837	12	_	B	
21-21	3838-3847	Millionen	_	I	
21-22	3848-3858	Gutscheine	_	I	
21-23	3859-3862	für	_	_	
21-24	3863-3869	Mieter	Animated	B	
21-25	3869-3870	.	_	_	
21-26	3871-3872	–	_	_	
21-27	3873-3876	Ich	Animated	B	
21-28	3877-3881	will	_	_	
21-29	3882-3885	nur	_	_	
21-30	3886-3891	daran	_	_	
21-31	3892-3900	erinnern	_	_	
21-32	3900-3901	,	_	_	
21-33	3902-3906	Herr	_	_	
21-34	3907-3913	Houben	Animated	B	
21-35	3913-3914	,	_	_	
21-36	3915-3918	wie	_	_	
21-37	3919-3922	das	_	B	
21-38	3923-3927	2009	_	_	
21-39	3928-3931	war	_	_	
21-40	3931-3932	.	_	_	
21-41	3933-3936	Ihr	Animated[22]	B	
21-42	3937-3956	Wirtschaftsminister	Animated[22]	I	
21-43	3957-3960	war	_	_	
21-44	3961-3973	federführend	_	_	
21-45	3974-3977	für	_	_	
21-46	3978-3981	den	_	B	
21-47	3982-3997	Breitbandausbau	_	I	
21-48	3998-4007	zuständig	_	_	
21-49	4007-4008	.	_	_	
21-50	4009-4016	Kollege	Animated[23]	B	
21-51	4017-4026	Mattfeldt	Animated[23]	I	
21-52	4027-4030	und	_	_	
21-53	4031-4034	ich	Animated	B	
21-54	4034-4035	,	_	_	
21-55	4036-4039	wir	Animated	B	
21-56	4040-4045	haben	_	_	
21-57	4046-4050	über	_	_	
21-58	4051-4054	den	Animated[24]	B	
21-59	4055-4063	Haushalt	Animated[24]	I	
21-60	4064-4066	10	_	B	
21-61	4067-4077	Milliarden	_	I	
21-62	4078-4082	Euro	_	I	
21-63	4083-4091	jährlich	_	_	
21-64	4092-4104	eingefordert	_	_	
21-65	4104-4105	,	_	_	
21-66	4106-4111	damit	_	_	
21-67	4112-4117	Netze	_	B	
21-68	4118-4122	auch	_	_	
21-69	4123-4128	durch	_	_	
21-70	4129-4132	die	Animated[25]	B	
21-71	4133-4144	öffentliche	Animated[25]	I	
21-72	4145-4149	Hand	Animated[25]	I	
21-73	4150-4159	gefördert	_	_	
21-74	4160-4166	werden	_	_	
21-75	4166-4167	.	_	_	
21-76	4168-4171	Wir	Animated	B	
21-77	4172-4177	haben	_	_	
21-78	4178-4181	bis	_	_	
21-79	4182-4186	2013	_	_	
21-80	4187-4194	Absagen	_	B	
21-81	4195-4203	bekommen	_	_	
21-82	4203-4204	.	_	_	

#Text=Mit Minister Scheuer, Herr Houben, haben wir es endlich geschafft, Verfahren zu entwickeln. Mittlerweile wird in zehn Jahren im Wert von bis zu 80 Milliarden Euro bundesweit ausgebaut.
22-1	4217-4220	Mit	_	_	
22-2	4221-4229	Minister	Animated[26]	B	
22-3	4230-4237	Scheuer	Animated[26]	I	
22-4	4237-4238	,	_	_	
22-5	4239-4243	Herr	Animated[27]	B	
22-6	4244-4250	Houben	Animated[27]	I	
22-7	4250-4251	,	_	_	
22-8	4252-4257	haben	_	_	
22-9	4258-4261	wir	Animated	B	
22-10	4262-4264	es	_	B	
22-11	4265-4272	endlich	_	_	
22-12	4273-4282	geschafft	_	_	
22-13	4282-4283	,	_	_	
22-14	4284-4293	Verfahren	_	B	
22-15	4294-4296	zu	_	_	
22-16	4297-4307	entwickeln	_	_	
22-17	4307-4308	.	_	_	
22-18	4309-4321	Mittlerweile	_	_	
22-19	4322-4326	wird	_	_	
22-20	4327-4329	in	_	_	
22-21	4330-4334	zehn	_	B	
22-22	4335-4341	Jahren	_	I	
22-23	4342-4344	im	_	_	
22-24	4345-4349	Wert	_	B	
22-25	4350-4353	von	_	_	
22-26	4354-4357	bis	_	B	
22-27	4358-4360	zu	_	I	
22-28	4361-4363	80	_	I	
22-29	4364-4374	Milliarden	_	I	
22-30	4375-4379	Euro	_	I	
22-31	4380-4390	bundesweit	_	_	
22-32	4391-4400	ausgebaut	_	_	
22-33	4400-4401	.	_	_	

#Text=Wir haben mittlerweile 128 kommunale Gesellschaften gegründet. Wir haben auch das Lückenschlussmodell, um den Breitbandanschluss entsprechend hochbitratig anzubieten. Ich sage Ihnen: Wenn wir diese vier Jahre von 2009 bis 2013 unter Federführung des Ministeriums Ihres damaligen Wirtschaftsministers genutzt hätten, dann wären wir viele Jahre weiter. Leider war das erst ab 2013 möglich.
23-1	4407-4410	Wir	Animated	B	
23-2	4411-4416	haben	_	_	
23-3	4417-4429	mittlerweile	_	_	
23-4	4430-4433	128	Animated[28]	B	
23-5	4434-4443	kommunale	Animated[28]	I	
23-6	4444-4458	Gesellschaften	Animated[28]	I	
23-7	4459-4468	gegründet	_	_	
23-8	4468-4469	.	_	_	
23-9	4470-4473	Wir	Animated	B	
23-10	4474-4479	haben	_	_	
23-11	4480-4484	auch	_	B	
23-12	4485-4488	das	_	I	
23-13	4489-4508	Lückenschlussmodell	_	I	
23-14	4508-4509	,	_	_	
23-15	4510-4512	um	_	_	
23-16	4513-4516	den	_	B	
23-17	4517-4535	Breitbandanschluss	_	I	
23-18	4536-4548	entsprechend	_	_	
23-19	4549-4561	hochbitratig	_	_	
23-20	4562-4572	anzubieten	_	_	
23-21	4572-4573	.	_	_	
23-22	4574-4577	Ich	Animated	B	
23-23	4578-4582	sage	_	_	
23-24	4583-4588	Ihnen	_	B	
23-25	4588-4589	:	_	_	
23-26	4590-4594	Wenn	_	_	
23-27	4595-4598	wir	Animated	B	
23-28	4599-4604	diese	_	B	
23-29	4605-4609	vier	_	I	
23-30	4610-4615	Jahre	_	I	
23-31	4616-4619	von	_	_	
23-32	4620-4624	2009	_	_	
23-33	4625-4628	bis	_	_	
23-34	4629-4633	2013	_	_	
23-35	4634-4639	unter	_	_	
23-36	4640-4652	Federführung	_	B	
23-37	4653-4656	des	Animated[29]	B	
23-38	4657-4669	Ministeriums	Animated[29]	I	
23-39	4670-4675	Ihres	Animated[30]	B	
23-40	4676-4685	damaligen	Animated[30]	I	
23-41	4686-4706	Wirtschaftsministers	Animated[30]	I	
23-42	4707-4714	genutzt	_	_	
23-43	4715-4721	hätten	_	_	
23-44	4721-4722	,	_	_	
23-45	4723-4727	dann	_	_	
23-46	4728-4733	wären	_	_	
23-47	4734-4737	wir	Animated	B	
23-48	4738-4743	viele	_	B	
23-49	4744-4749	Jahre	_	I	
23-50	4750-4756	weiter	_	_	
23-51	4756-4757	.	_	_	
23-52	4758-4764	Leider	_	_	
23-53	4765-4768	war	_	_	
23-54	4769-4772	das	_	B	
23-55	4773-4777	erst	_	_	
23-56	4778-4780	ab	_	_	
23-57	4781-4785	2013	_	_	
23-58	4786-4793	möglich	_	_	
23-59	4793-4794	.	_	_	

#Text=Sie stellen sich in diesem Hohen Haus immer wieder hin – das ist ja auch richtig – und sprechen über die sogenannte Spitze des Fortschritts. Dieses Ziel ist ja auch aller Ehren wert, gar keine Frage. Aber mit dem Antrag, den Sie heute vorgelegt haben, bleiben Sie weit hinter Ihrem Ziel zurück. Was Sie uns hier vorschlagen, ist nichts anderes als eine Verzögerung beim Wechsel von Kupfer zu Glasfaser. Sie wollen letztlich nur die Wohnungswirtschaft schützen und das Nebenkostenprivileg retten.
24-1	4802-4805	Sie	_	B	
24-2	4806-4813	stellen	_	_	
24-3	4814-4818	sich	_	B	
24-4	4819-4821	in	_	_	
24-5	4822-4828	diesem	Animated[31]	B	
24-6	4829-4834	Hohen	Animated[31]	I	
24-7	4835-4839	Haus	Animated[31]	I	
24-8	4840-4845	immer	_	_	
24-9	4846-4852	wieder	_	_	
24-10	4853-4856	hin	_	_	
24-11	4857-4858	–	_	_	
24-12	4859-4862	das	_	B	
24-13	4863-4866	ist	_	_	
24-14	4867-4869	ja	_	_	
24-15	4870-4874	auch	_	_	
24-16	4875-4882	richtig	_	_	
24-17	4883-4884	–	_	_	
24-18	4885-4888	und	_	_	
24-19	4889-4897	sprechen	_	_	
24-20	4898-4902	über	_	_	
24-21	4903-4906	die	_	B	
24-22	4907-4917	sogenannte	_	I	
24-23	4918-4924	Spitze	_	I	
24-24	4925-4928	des	_	B	
24-25	4929-4941	Fortschritts	_	I	
24-26	4941-4942	.	_	_	
24-27	4943-4949	Dieses	_	B	
24-28	4950-4954	Ziel	_	I	
24-29	4955-4958	ist	_	_	
24-30	4959-4961	ja	_	_	
24-31	4962-4966	auch	_	B	
24-32	4967-4972	aller	_	I	
24-33	4973-4978	Ehren	_	I	
24-34	4979-4983	wert	_	_	
24-35	4983-4984	,	_	_	
24-36	4985-4988	gar	_	B	
24-37	4989-4994	keine	_	I	
24-38	4995-5000	Frage	_	I	
24-39	5000-5001	.	_	_	
24-40	5002-5006	Aber	_	_	
24-41	5007-5010	mit	_	_	
24-42	5011-5014	dem	_	B	
24-43	5015-5021	Antrag	_	I	
24-44	5021-5022	,	_	_	
24-45	5023-5026	den	_	B	
24-46	5027-5030	Sie	_	B	
24-47	5031-5036	heute	_	_	
24-48	5037-5046	vorgelegt	_	_	
24-49	5047-5052	haben	_	_	
24-50	5052-5053	,	_	_	
24-51	5054-5061	bleiben	_	_	
24-52	5062-5065	Sie	_	B	
24-53	5066-5070	weit	_	_	
24-54	5071-5077	hinter	_	_	
24-55	5078-5083	Ihrem	_	B	
24-56	5084-5088	Ziel	_	I	
24-57	5089-5095	zurück	_	_	
24-58	5095-5096	.	_	_	
24-59	5097-5100	Was	_	B	
24-60	5101-5104	Sie	_	B	
24-61	5105-5108	uns	_	B	
24-62	5109-5113	hier	_	_	
24-63	5114-5125	vorschlagen	_	_	
24-64	5125-5126	,	_	_	
24-65	5127-5130	ist	_	_	
24-66	5131-5137	nichts	_	B	
24-67	5138-5145	anderes	_	I	
24-68	5146-5149	als	_	_	
24-69	5150-5154	eine	_	_	
24-70	5155-5166	Verzögerung	_	_	
24-71	5167-5171	beim	_	_	
24-72	5172-5179	Wechsel	_	B	
24-73	5180-5183	von	_	_	
24-74	5184-5190	Kupfer	_	B	
24-75	5191-5193	zu	_	_	
24-76	5194-5203	Glasfaser	_	B	
24-77	5203-5204	.	_	_	
24-78	5205-5208	Sie	_	B	
24-79	5209-5215	wollen	_	_	
24-80	5216-5225	letztlich	_	_	
24-81	5226-5229	nur	_	B	
24-82	5230-5233	die	_	I	
24-83	5234-5252	Wohnungswirtschaft	_	I	
24-84	5253-5261	schützen	_	_	
24-85	5262-5265	und	_	_	
24-86	5266-5269	das	_	B	
24-87	5270-5289	Nebenkostenprivileg	_	I	
24-88	5290-5296	retten	_	_	
24-89	5296-5297	.	_	_	

#Text=Ich erinnere noch mal an Ihre Gutscheinlösung für 12 Millionen Mieter: Das ist doch im Grunde überhaupt gar keine Lösung. Sie benachteiligen damit die Mieterinnen und Mieter. Das ist kein Fortschritt; das ist schlichtweg ein Rückschritt.
25-1	5307-5310	Ich	Animated	B	
25-2	5311-5319	erinnere	_	_	
25-3	5320-5324	noch	_	_	
25-4	5325-5328	mal	_	_	
25-5	5329-5331	an	_	_	
25-6	5332-5336	Ihre	_	B	
25-7	5337-5352	Gutscheinlösung	_	I	
25-8	5353-5356	für	_	_	
25-9	5357-5359	12	Animated[32]	B	
25-10	5360-5369	Millionen	Animated[32]	I	
25-11	5370-5376	Mieter	Animated[32]	I	
25-12	5376-5377	:	_	_	
25-13	5378-5381	Das	_	B	
25-14	5382-5385	ist	_	_	
25-15	5386-5390	doch	_	_	
25-16	5391-5393	im	_	_	
25-17	5394-5400	Grunde	_	B	
25-18	5401-5410	überhaupt	_	_	
25-19	5411-5414	gar	_	B	
25-20	5415-5420	keine	_	I	
25-21	5421-5427	Lösung	_	I	
25-22	5427-5428	.	_	_	
25-23	5429-5432	Sie	_	B	
25-24	5433-5447	benachteiligen	_	_	
25-25	5448-5453	damit	_	_	
25-26	5454-5457	die	Animated[33]	B	
25-27	5458-5469	Mieterinnen	Animated[33]	I	
25-28	5470-5473	und	_	_	
25-29	5474-5480	Mieter	Animated	B	
25-30	5480-5481	.	_	_	
25-31	5482-5485	Das	_	B	
25-32	5486-5489	ist	_	_	
25-33	5490-5494	kein	_	B	
25-34	5495-5506	Fortschritt	_	I	
25-35	5506-5507	;	_	_	
25-36	5508-5511	das	_	B	
25-37	5512-5515	ist	_	_	
25-38	5516-5527	schlichtweg	_	_	
25-39	5528-5531	ein	_	B	
25-40	5532-5543	Rückschritt	_	I	
25-41	5543-5544	.	_	_	

#Text=Meine Damen und Herren, zu dem Antrag der Grünen. Liebe Kollegen der Fraktion Bündnis 90/Die Grünen, Sie sind anders herangegangen. Sie schreiben – ich zitiere –:
26-1	5550-5555	Meine	Animated[34]	B	
26-2	5556-5561	Damen	Animated[34]	I	
26-3	5562-5565	und	_	_	
26-4	5566-5572	Herren	Animated	B	
26-5	5572-5573	,	_	_	
26-6	5574-5576	zu	_	_	
26-7	5577-5580	dem	_	B	
26-8	5581-5587	Antrag	_	I	
26-9	5588-5591	der	Animated[35]	B	
26-10	5592-5598	Grünen	Animated[35]	I	
26-11	5598-5599	.	_	_	
26-12	5600-5605	Liebe	_	B	
26-13	5606-5614	Kollegen	_	_	
26-14	5615-5618	der	Animated[36]	B	
26-15	5619-5627	Fraktion	Animated[36]	I	
26-16	5628-5635	Bündnis	Animated[36]	I	
26-17	5636-5638	90	_	_	
26-18	5638-5639	/	_	_	
26-19	5639-5642	Die	Animated[37]	B	
26-20	5643-5649	Grünen	Animated[37]	I	
26-21	5649-5650	,	_	_	
26-22	5651-5654	Sie	_	B	
26-23	5655-5659	sind	_	_	
26-24	5660-5666	anders	_	_	
26-25	5667-5680	herangegangen	_	_	
26-26	5680-5681	.	_	_	
26-27	5682-5685	Sie	_	B	
26-28	5686-5695	schreiben	_	_	
26-29	5696-5697	–	_	_	
26-30	5698-5701	ich	Animated	B	
26-31	5702-5709	zitiere	_	_	
26-32	5710-5711	–	_	_	
26-33	5711-5712	:	_	_	

#Text=Es sollte zunächst für einen flächendeckenden Ausbau des LTE-Netzes gesorgt werden, bevor dem 5G-Ausbau Priorität eingeräumt wird.
27-1	5720-5722	Es	_	B	
27-2	5723-5729	sollte	_	_	
27-3	5730-5738	zunächst	_	_	
27-4	5739-5742	für	_	_	
27-5	5743-5748	einen	_	B	
27-6	5749-5765	flächendeckenden	_	I	
27-7	5766-5772	Ausbau	_	I	
27-8	5773-5776	des	_	B	
27-9	5777-5787	LTE-Netzes	_	I	
27-10	5788-5795	gesorgt	_	_	
27-11	5796-5802	werden	_	_	
27-12	5802-5803	,	_	_	
27-13	5804-5809	bevor	_	_	
27-14	5810-5813	dem	_	B	
27-15	5814-5823	5G-Ausbau	_	I	
27-16	5824-5833	Priorität	_	B	
27-17	5834-5844	eingeräumt	_	_	
27-18	5845-5849	wird	_	_	
27-19	5849-5850	.	_	_	

#Text=Das ist meiner Ansicht nach der falsche Ansatz; denn die Zweiklassenversorgung würde hier im Grunde genommen nur fortgesetzt, und der Druck auf den Ausbau von 5 G würde weiter sinken. Beides wollen wir nicht. Klar, Sie sagen natürlich: Besser LTE als ein Funkloch. – Doch wenn es um die 5-G-Netze geht, etwa für Schweineställe und Biogasanlagen auf Außenhöfen, dann ist einem mit LTE schlichtweg nicht geholfen.
28-1	5853-5856	Das	_	B	
28-2	5857-5860	ist	_	_	
28-3	5861-5867	meiner	_	B	
28-4	5868-5875	Ansicht	_	I	
28-5	5876-5880	nach	_	_	
28-6	5881-5884	der	_	B	
28-7	5885-5892	falsche	_	I	
28-8	5893-5899	Ansatz	_	I	
28-9	5899-5900	;	_	_	
28-10	5901-5905	denn	_	_	
28-11	5906-5909	die	_	B	
28-12	5910-5931	Zweiklassenversorgung	_	I	
28-13	5932-5937	würde	_	_	
28-14	5938-5942	hier	_	_	
28-15	5943-5945	im	_	_	
28-16	5946-5952	Grunde	_	B	
28-17	5953-5961	genommen	_	_	
28-18	5962-5965	nur	_	_	
28-19	5966-5977	fortgesetzt	_	_	
28-20	5977-5978	,	_	_	
28-21	5979-5982	und	_	_	
28-22	5983-5986	der	_	B	
28-23	5987-5992	Druck	_	I	
28-24	5993-5996	auf	_	_	
28-25	5997-6000	den	_	B	
28-26	6001-6007	Ausbau	_	I	
28-27	6008-6011	von	_	_	
28-28	6012-6013	5	_	B	
28-29	6014-6015	G	_	I	
28-30	6016-6021	würde	_	_	
28-31	6022-6028	weiter	_	_	
28-32	6029-6035	sinken	_	_	
28-33	6035-6036	.	_	_	
28-34	6037-6043	Beides	_	B	
28-35	6044-6050	wollen	_	_	
28-36	6051-6054	wir	Animated	B	
28-37	6055-6060	nicht	_	_	
28-38	6060-6061	.	_	_	
28-39	6062-6066	Klar	_	_	
28-40	6066-6067	,	_	_	
28-41	6068-6071	Sie	_	B	
28-42	6072-6077	sagen	_	_	
28-43	6078-6087	natürlich	_	_	
28-44	6087-6088	:	_	_	
28-45	6089-6095	Besser	_	_	
28-46	6096-6099	LTE	_	B	
28-47	6100-6103	als	_	_	
28-48	6104-6107	ein	_	B	
28-49	6108-6116	Funkloch	_	I	
28-50	6116-6117	.	_	_	
28-51	6118-6119	–	_	_	
28-52	6120-6124	Doch	_	_	
28-53	6125-6129	wenn	_	_	
28-54	6130-6132	es	_	_	
28-55	6133-6135	um	_	_	
28-56	6136-6139	die	_	B	
28-57	6140-6149	5-G-Netze	_	I	
28-58	6150-6154	geht	_	_	
28-59	6154-6155	,	_	_	
28-60	6156-6160	etwa	_	_	
28-61	6161-6164	für	_	_	
28-62	6165-6179	Schweineställe	_	B	
28-63	6180-6183	und	_	_	
28-64	6184-6197	Biogasanlagen	_	B	
28-65	6198-6201	auf	_	_	
28-66	6202-6212	Außenhöfen	_	B	
28-67	6212-6213	,	_	_	
28-68	6214-6218	dann	_	_	
28-69	6219-6222	ist	_	_	
28-70	6223-6228	einem	_	_	
28-71	6229-6232	mit	_	_	
28-72	6233-6236	LTE	_	B	
28-73	6237-6248	schlichtweg	_	_	
28-74	6249-6254	nicht	_	_	
28-75	6255-6263	geholfen	_	_	
28-76	6263-6264	.	_	_	

#Text=Wenn wir in Deutschland bei der Digitalisierung schneller sein wollen, können wir uns diesen Zwischenschritt über LTE nicht leisten – weder technologisch noch finanziell. Deswegen seien Sie an der Stelle etwas ambitionierter! Ich weiß, das ist teuer. Sie selbst haben ja auch Vorschläge zur Finanzierung aufgeführt. Darauf kann ich jetzt leider aus Zeitgründen nicht mehr eingehen; aber darüber sollten wir reden.
29-1	6275-6279	Wenn	_	_	
29-2	6280-6283	wir	Animated	B	
29-3	6284-6286	in	_	_	
29-4	6287-6298	Deutschland	_	B	
29-5	6299-6302	bei	_	_	
29-6	6303-6306	der	_	B	
29-7	6307-6322	Digitalisierung	_	I	
29-8	6323-6332	schneller	_	_	
29-9	6333-6337	sein	_	_	
29-10	6338-6344	wollen	_	_	
29-11	6344-6345	,	_	_	
29-12	6346-6352	können	_	_	
29-13	6353-6356	wir	Animated	B	
29-14	6357-6360	uns	_	B	
29-15	6361-6367	diesen	_	B	
29-16	6368-6383	Zwischenschritt	_	I	
29-17	6384-6388	über	_	_	
29-18	6389-6392	LTE	_	B	
29-19	6393-6398	nicht	_	_	
29-20	6399-6406	leisten	_	_	
29-21	6407-6408	–	_	_	
29-22	6409-6414	weder	_	_	
29-23	6415-6428	technologisch	_	_	
29-24	6429-6433	noch	_	_	
29-25	6434-6444	finanziell	_	_	
29-26	6444-6445	.	_	_	
29-27	6446-6454	Deswegen	_	_	
29-28	6455-6460	seien	_	_	
29-29	6461-6464	Sie	_	B	
29-30	6465-6467	an	_	_	
29-31	6468-6471	der	_	B	
29-32	6472-6478	Stelle	_	I	
29-33	6479-6484	etwas	_	_	
29-34	6485-6499	ambitionierter	_	_	
29-35	6499-6500	!	_	_	
29-36	6501-6504	Ich	Animated	B	
29-37	6505-6509	weiß	_	_	
29-38	6509-6510	,	_	_	
29-39	6511-6514	das	_	B	
29-40	6515-6518	ist	_	_	
29-41	6519-6524	teuer	_	_	
29-42	6524-6525	.	_	_	
29-43	6526-6529	Sie	_	B	
29-44	6530-6536	selbst	_	_	
29-45	6537-6542	haben	_	_	
29-46	6543-6545	ja	_	_	
29-47	6546-6550	auch	_	B	
29-48	6551-6561	Vorschläge	_	I	
29-49	6562-6565	zur	_	_	
29-50	6566-6578	Finanzierung	_	B	
29-51	6579-6589	aufgeführt	_	_	
29-52	6589-6590	.	_	_	
29-53	6591-6597	Darauf	_	_	
29-54	6598-6602	kann	_	_	
29-55	6603-6606	ich	Animated	B	
29-56	6607-6612	jetzt	_	_	
29-57	6613-6619	leider	_	_	
29-58	6620-6623	aus	_	_	
29-59	6624-6635	Zeitgründen	_	B	
29-60	6636-6641	nicht	_	_	
29-61	6642-6646	mehr	_	_	
29-62	6647-6655	eingehen	_	_	
29-63	6655-6656	;	_	_	
29-64	6657-6661	aber	_	_	
29-65	6662-6669	darüber	_	_	
29-66	6670-6677	sollten	_	_	
29-67	6678-6681	wir	Animated	B	
29-68	6682-6687	reden	_	_	
29-69	6687-6688	.	_	_	

#Text=Vielen Dank für Ihre Aufmerksamkeit.
30-1	6697-6703	Vielen	_	_	
30-2	6704-6708	Dank	_	_	
30-3	6709-6712	für	_	_	
30-4	6713-6717	Ihre	_	B	
30-5	6718-6732	Aufmerksamkeit	_	I	
30-6	6732-6733	.	_	_	
