#FORMAT=WebAnno TSV 3.3
#T_SP=webanno.custom.Animacy|Animated
#T_SP=webanno.custom.CustomChunk|Chunk


#Text=Frau Präsidentin! Werte Kolleginnen und Kollegen! Sehr geehrte Damen und Herren! Im Grunde genommen werfen die Grünen der Bundesregierung vor, indirekt verantwortlich für den Facebook-Datenskandal zu sein. Ihrem Antrag zufolge scheuen wir uns vor einer umfassenden Ordnungspolitik für Onlineplattformen. Ich will ganz klar sagen: Das entspricht keinesfalls den Fakten; denn die Wettbewerbsentwicklung digitaler Plattformen haben wir seit langem im Blick, und Schritt für Schritt haben wir auch dieses Thema aufgearbeitet.
1-1	0-4	Frau	Animated[1]	B	
1-2	5-16	Präsidentin	Animated[1]	I	
1-3	16-17	!	_	_	
1-4	18-23	Werte	_	B	
1-5	24-35	Kolleginnen	_	_	
1-6	36-39	und	_	_	
1-7	40-48	Kollegen	Animated	B	
1-8	48-49	!	_	_	
1-9	50-54	Sehr	Animated[2]	B	
1-10	55-62	geehrte	Animated[2]	I	
1-11	63-68	Damen	Animated[2]	I	
1-12	69-72	und	_	_	
1-13	73-79	Herren	Animated	B	
1-14	79-80	!	_	_	
1-15	81-83	Im	_	_	
1-16	84-90	Grunde	_	B	
1-17	91-99	genommen	_	_	
1-18	100-106	werfen	_	_	
1-19	107-110	die	Animated[3]	B	
1-20	111-117	Grünen	Animated[3]	I	
1-21	118-121	der	Animated[4]	B	
1-22	122-137	Bundesregierung	Animated[4]	I	
1-23	138-141	vor	_	_	
1-24	141-142	,	_	_	
1-25	143-151	indirekt	_	_	
1-26	152-166	verantwortlich	_	_	
1-27	167-170	für	_	_	
1-28	171-174	den	_	B	
1-29	175-196	Facebook-Datenskandal	_	I	
1-30	197-199	zu	_	_	
1-31	200-204	sein	_	_	
1-32	204-205	.	_	_	
1-33	206-211	Ihrem	_	B	
1-34	212-218	Antrag	_	I	
1-35	219-226	zufolge	_	_	
1-36	227-234	scheuen	_	_	
1-37	235-238	wir	Animated	B	
1-38	239-242	uns	_	B	
1-39	243-246	vor	_	_	
1-40	247-252	einer	_	B	
1-41	253-264	umfassenden	_	I	
1-42	265-280	Ordnungspolitik	_	I	
1-43	281-284	für	_	_	
1-44	285-302	Onlineplattformen	_	B	
1-45	302-303	.	_	_	
1-46	304-307	Ich	Animated	B	
1-47	308-312	will	_	_	
1-48	313-317	ganz	_	_	
1-49	318-322	klar	_	_	
1-50	323-328	sagen	_	_	
1-51	328-329	:	_	_	
1-52	330-333	Das	_	B	
1-53	334-344	entspricht	_	_	
1-54	345-356	keinesfalls	_	_	
1-55	357-360	den	_	B	
1-56	361-367	Fakten	_	I	
1-57	367-368	;	_	_	
1-58	369-373	denn	_	_	
1-59	374-377	die	_	B	
1-60	378-400	Wettbewerbsentwicklung	_	I	
1-61	401-410	digitaler	_	B	
1-62	411-422	Plattformen	_	I	
1-63	423-428	haben	_	_	
1-64	429-432	wir	Animated	B	
1-65	433-437	seit	_	_	
1-66	438-444	langem	_	_	
1-67	445-447	im	_	_	
1-68	448-453	Blick	_	B	
1-69	453-454	,	_	_	
1-70	455-458	und	_	_	
1-71	459-466	Schritt	_	B	
1-72	467-470	für	_	_	
1-73	471-478	Schritt	_	B	
1-74	479-484	haben	_	_	
1-75	485-488	wir	Animated	B	
1-76	489-493	auch	_	_	
1-77	494-500	dieses	_	B	
1-78	501-506	Thema	_	I	
1-79	507-520	aufgearbeitet	_	_	
1-80	520-521	.	_	_	

#Text=Dafür kann man viele Beispiele nennen, Frau Dröge: zum Ersten das Sondergutachten der Monopolkommission von 2015 mit dem Titel „Wettbewerbspolitik: Herausforderung digitale Märkte“, zum Zweiten das Arbeitspapier des Bundeskartellamtes von 2016 mit dem Titel „Marktmacht von Plattformen und Netzwerken“, zum Dritten das Weißbuch „Digitale Plattformen“ des Bundeswirtschaftsministeriums von Mai 2017. Zu nennen ist insbesondere, ganz wichtig, die 9. Novelle zum Gesetz gegen Wettbewerbsbeschränkungen, die Sie ja selber erwähnt haben. Diese ist erst im Juni 2017 in Kraft getreten. Darin haben wir klare ordnungspolitische Schranken für die Digitalwirtschaft eingeführt. Das ist überhaupt die Voraussetzung für weitere Schritte, Frau Dröge, wie die Grünen sie jetzt fordern.
2-1	532-537	Dafür	_	_	
2-2	538-542	kann	_	_	
2-3	543-546	man	Animated	B	
2-4	547-552	viele	_	B	
2-5	553-562	Beispiele	_	I	
2-6	563-569	nennen	_	_	
2-7	569-570	,	_	_	
2-8	571-575	Frau	Animated[5]	B	
2-9	576-581	Dröge	Animated[5]	I	
2-10	581-582	:	_	_	
2-11	583-586	zum	_	_	
2-12	587-593	Ersten	_	B	
2-13	594-597	das	_	_	
2-14	598-613	Sondergutachten	_	_	
2-15	614-617	der	Animated[6]	B	
2-16	618-635	Monopolkommission	Animated[6]	I	
2-17	636-639	von	_	_	
2-18	640-644	2015	_	_	
2-19	645-648	mit	_	_	
2-20	649-652	dem	_	B	
2-21	653-658	Titel	_	I	
2-22	659-660	„	_	I	
2-23	660-678	Wettbewerbspolitik	_	I	
2-24	678-679	:	_	I	
2-25	680-695	Herausforderung	_	I	
2-26	696-704	digitale	_	B	
2-27	705-711	Märkte	_	I	
2-28	711-712	“	_	_	
2-29	712-713	,	_	_	
2-30	714-717	zum	_	_	
2-31	718-725	Zweiten	_	B	
2-32	726-729	das	_	B	
2-33	730-743	Arbeitspapier	_	I	
2-34	744-747	des	Animated[7]	B	
2-35	748-766	Bundeskartellamtes	Animated[7]	I	
2-36	767-770	von	_	_	
2-37	771-775	2016	_	_	
2-38	776-779	mit	_	_	
2-39	780-783	dem	_	B	
2-40	784-789	Titel	_	I	
2-41	790-791	„	_	I	
2-42	791-801	Marktmacht	_	I	
2-43	802-805	von	_	_	
2-44	806-817	Plattformen	_	B	
2-45	818-821	und	_	_	
2-46	822-832	Netzwerken	_	B	
2-47	832-833	“	_	_	
2-48	833-834	,	_	_	
2-49	835-838	zum	Animated[8]	B	
2-50	839-846	Dritten	Animated[8]	I	
2-51	847-850	das	Animated[8]	I	
2-52	851-859	Weißbuch	Animated[8]	I	
2-53	860-861	„	Animated[8]	I	
2-54	861-869	Digitale	Animated[8]	I	
2-55	870-881	Plattformen	Animated[8]	I	
2-56	881-882	“	Animated[8]	I	
2-57	883-886	des	Animated[8]	I	
2-58	887-916	Bundeswirtschaftsministeriums	Animated[8]	I	
2-59	917-920	von	Animated[8]	I	
2-60	921-924	Mai	Animated[8]	I	
2-61	925-930	2017.	Animated[8]	I	
2-62	931-933	Zu	_	_	
2-63	934-940	nennen	_	_	
2-64	941-944	ist	_	_	
2-65	945-957	insbesondere	_	_	
2-66	957-958	,	_	_	
2-67	959-963	ganz	_	_	
2-68	964-971	wichtig	_	_	
2-69	971-972	,	_	_	
2-70	973-976	die	_	B	
2-71	977-979	9.	_	I	
2-72	980-987	Novelle	_	I	
2-73	988-991	zum	_	_	
2-74	992-998	Gesetz	_	B	
2-75	999-1004	gegen	_	_	
2-76	1005-1030	Wettbewerbsbeschränkungen	_	B	
2-77	1030-1031	,	_	_	
2-78	1032-1035	die	_	B	
2-79	1036-1039	Sie	_	B	
2-80	1040-1042	ja	_	_	
2-81	1043-1049	selber	_	_	
2-82	1050-1057	erwähnt	_	_	
2-83	1058-1063	haben	_	_	
2-84	1063-1064	.	_	_	
2-85	1065-1070	Diese	_	B	
2-86	1071-1074	ist	_	_	
2-87	1075-1079	erst	_	_	
2-88	1080-1082	im	_	_	
2-89	1083-1087	Juni	_	B	
2-90	1088-1092	2017	_	_	
2-91	1093-1095	in	_	_	
2-92	1096-1101	Kraft	_	B	
2-93	1102-1110	getreten	_	_	
2-94	1110-1111	.	_	_	
2-95	1112-1117	Darin	_	_	
2-96	1118-1123	haben	_	_	
2-97	1124-1127	wir	Animated	B	
2-98	1128-1133	klare	_	B	
2-99	1134-1152	ordnungspolitische	_	I	
2-100	1153-1162	Schranken	_	I	
2-101	1163-1166	für	_	_	
2-102	1167-1170	die	_	B	
2-103	1171-1188	Digitalwirtschaft	_	I	
2-104	1189-1199	eingeführt	_	_	
2-105	1199-1200	.	_	_	
2-106	1201-1204	Das	_	B	
2-107	1205-1208	ist	_	_	
2-108	1209-1218	überhaupt	_	_	
2-109	1219-1222	die	_	B	
2-110	1223-1236	Voraussetzung	_	I	
2-111	1237-1240	für	_	_	
2-112	1241-1248	weitere	_	B	
2-113	1249-1257	Schritte	_	I	
2-114	1257-1258	,	_	_	
2-115	1259-1263	Frau	Animated[9]	B	
2-116	1264-1269	Dröge	Animated[9]	I	
2-117	1269-1270	,	_	_	
2-118	1271-1274	wie	_	_	
2-119	1275-1278	die	Animated[10]	B	
2-120	1279-1285	Grünen	Animated[10]	I	
2-121	1286-1289	sie	_	B	
2-122	1290-1295	jetzt	_	_	
2-123	1296-1303	fordern	_	_	
2-124	1303-1304	.	_	_	

#Text=Meine Damen und Herren, wir haben in den letzten Monaten insbesondere für Folgendes gesorgt: Erstens. Die Übernahme von Unternehmen mit niedrigem Umsatz, aber hohem Wert kann jetzt auch untersucht werden. Zweitens. Ein Markt kann kartellrechtlich nun auch relevant sein, wenn Leistungen kostenlos erfolgen und stattdessen Daten fließen. Drittens. Hinzu kommen neue Kriterien zur Prüfung der Marktmacht für digitale Märkte und Netzwerke. Speziell geprüft werden zum Beispiel erstens der Aufwand für Nutzer beim Wechsel zu anderen Plattformen – wir haben doch heute den Zukunftstag für Mädchen und Jungen, den Girls’ Day und Boys’ Day 2018; die jungen Leute haben mir erzählt, sie sind gar nicht mehr bei Facebook –, zweitens die Größenvorteile, drittens der Zugang zu wettbewerbsrelevanten Daten und viertens die sogenannten Netzwerkeffekte. Wir wissen doch genau: Je mehr Nutzer eine Plattform hat, desto attraktiver ist sie.
3-1	1325-1330	Meine	Animated[11]	B	
3-2	1331-1336	Damen	Animated[11]	I	
3-3	1337-1340	und	_	_	
3-4	1341-1347	Herren	Animated	B	
3-5	1347-1348	,	_	_	
3-6	1349-1352	wir	Animated	B	
3-7	1353-1358	haben	_	_	
3-8	1359-1361	in	_	_	
3-9	1362-1365	den	_	B	
3-10	1366-1373	letzten	_	I	
3-11	1374-1381	Monaten	_	I	
3-12	1382-1394	insbesondere	_	_	
3-13	1395-1398	für	_	_	
3-14	1399-1408	Folgendes	_	B	
3-15	1409-1416	gesorgt	_	_	
3-16	1416-1417	:	_	_	
3-17	1418-1425	Erstens	_	_	
3-18	1425-1426	.	_	_	
3-19	1427-1430	Die	_	B	
3-20	1431-1440	Übernahme	_	I	
3-21	1441-1444	von	_	_	
3-22	1445-1456	Unternehmen	Animated	B	
3-23	1457-1460	mit	_	_	
3-24	1461-1470	niedrigem	_	B	
3-25	1471-1477	Umsatz	_	I	
3-26	1477-1478	,	_	_	
3-27	1479-1483	aber	_	_	
3-28	1484-1489	hohem	_	B	
3-29	1490-1494	Wert	_	I	
3-30	1495-1499	kann	_	_	
3-31	1500-1505	jetzt	_	_	
3-32	1506-1510	auch	_	_	
3-33	1511-1521	untersucht	_	_	
3-34	1522-1528	werden	_	_	
3-35	1528-1529	.	_	_	
3-36	1530-1538	Zweitens	_	_	
3-37	1538-1539	.	_	_	
3-38	1540-1543	Ein	_	B	
3-39	1544-1549	Markt	_	I	
3-40	1550-1554	kann	_	_	
3-41	1555-1571	kartellrechtlich	_	_	
3-42	1572-1575	nun	_	_	
3-43	1576-1580	auch	_	_	
3-44	1581-1589	relevant	_	_	
3-45	1590-1594	sein	_	_	
3-46	1594-1595	,	_	_	
3-47	1596-1600	wenn	_	_	
3-48	1601-1611	Leistungen	_	B	
3-49	1612-1621	kostenlos	_	_	
3-50	1622-1630	erfolgen	_	_	
3-51	1631-1634	und	_	_	
3-52	1635-1646	stattdessen	_	_	
3-53	1647-1652	Daten	_	B	
3-54	1653-1660	fließen	_	_	
3-55	1660-1661	.	_	_	
3-56	1662-1670	Drittens	_	_	
3-57	1670-1671	.	_	_	
3-58	1672-1677	Hinzu	_	_	
3-59	1678-1684	kommen	_	_	
3-60	1685-1689	neue	_	B	
3-61	1690-1699	Kriterien	_	I	
3-62	1700-1703	zur	_	_	
3-63	1704-1711	Prüfung	_	B	
3-64	1712-1715	der	_	B	
3-65	1716-1726	Marktmacht	_	I	
3-66	1727-1730	für	_	_	
3-67	1731-1739	digitale	_	B	
3-68	1740-1746	Märkte	_	I	
3-69	1747-1750	und	_	_	
3-70	1751-1760	Netzwerke	_	B	
3-71	1760-1761	.	_	_	
3-72	1762-1770	Speziell	_	_	
3-73	1771-1778	geprüft	_	_	
3-74	1779-1785	werden	_	_	
3-75	1786-1789	zum	_	_	
3-76	1790-1798	Beispiel	_	B	
3-77	1799-1806	erstens	_	_	
3-78	1807-1810	der	_	_	
3-79	1811-1818	Aufwand	_	_	
3-80	1819-1822	für	_	_	
3-81	1823-1829	Nutzer	Animated	B	
3-82	1830-1834	beim	_	_	
3-83	1835-1842	Wechsel	_	B	
3-84	1843-1845	zu	_	_	
3-85	1846-1853	anderen	_	B	
3-86	1854-1865	Plattformen	_	I	
3-87	1866-1867	–	_	_	
3-88	1868-1871	wir	Animated	B	
3-89	1872-1877	haben	_	_	
3-90	1878-1882	doch	_	_	
3-91	1883-1888	heute	_	_	
3-92	1889-1892	den	_	B	
3-93	1893-1904	Zukunftstag	_	I	
3-94	1905-1908	für	_	_	
3-95	1909-1916	Mädchen	Animated	B	
3-96	1917-1920	und	_	_	
3-97	1921-1927	Jungen	Animated	B	
3-98	1927-1928	,	_	_	
3-99	1929-1932	den	Animated[12]	B	
3-100	1933-1938	Girls	Animated[12]	I	
3-101	1938-1939	’	_	_	
3-102	1940-1943	Day	_	_	
3-103	1944-1947	und	_	_	
3-104	1948-1952	Boys	Animated[13]	B	
3-105	1952-1953	’	Animated[13]	I	
3-106	1954-1957	Day	Animated[13]	I	
3-107	1958-1962	2018	_	_	
3-108	1962-1963	;	_	_	
3-109	1964-1967	die	Animated[14]	B	
3-110	1968-1974	jungen	Animated[14]	I	
3-111	1975-1980	Leute	Animated[14]	I	
3-112	1981-1986	haben	_	_	
3-113	1987-1990	mir	_	B	
3-114	1991-1998	erzählt	_	_	
3-115	1998-1999	,	_	_	
3-116	2000-2003	sie	_	B	
3-117	2004-2008	sind	_	_	
3-118	2009-2012	gar	_	_	
3-119	2013-2018	nicht	_	_	
3-120	2019-2023	mehr	_	_	
3-121	2024-2027	bei	_	_	
3-122	2028-2036	Facebook	Animated	B	
3-123	2037-2038	–	_	_	
3-124	2038-2039	,	_	_	
3-125	2040-2048	zweitens	_	B	
3-126	2049-2052	die	_	I	
3-127	2053-2067	Größenvorteile	_	I	
3-128	2067-2068	,	_	_	
3-129	2069-2077	drittens	_	B	
3-130	2078-2081	der	_	I	
3-131	2082-2088	Zugang	_	I	
3-132	2089-2091	zu	_	_	
3-133	2092-2113	wettbewerbsrelevanten	_	B	
3-134	2114-2119	Daten	_	I	
3-135	2120-2123	und	_	_	
3-136	2124-2132	viertens	_	B	
3-137	2133-2136	die	_	I	
3-138	2137-2148	sogenannten	_	I	
3-139	2149-2164	Netzwerkeffekte	_	I	
3-140	2164-2165	.	_	_	
3-141	2166-2169	Wir	_	B	
3-142	2170-2176	wissen	_	_	
3-143	2177-2181	doch	_	_	
3-144	2182-2187	genau	_	_	
3-145	2187-2188	:	_	_	
3-146	2189-2191	Je	Animated[15]	B	
3-147	2192-2196	mehr	Animated[15]	I	
3-148	2197-2203	Nutzer	Animated[15]	I	
3-149	2204-2208	eine	_	B	
3-150	2209-2218	Plattform	_	I	
3-151	2219-2222	hat	_	_	
3-152	2222-2223	,	_	_	
3-153	2224-2229	desto	_	_	
3-154	2230-2241	attraktiver	_	_	
3-155	2242-2245	ist	_	_	
3-156	2246-2249	sie	_	B	
3-157	2249-2250	.	_	_	

#Text=Meine Damen und Herren, bereits seit 2016, also lange vor den Enthüllungen um Cambridge Analytica, hat das Bundeskartellamt ein Verfahren gegen Facebook eingeleitet. Im Herbst dieses Jahres soll dieses Verfahren abgeschlossen werden. Hier geht es insbesondere um die Weitergabe von Nutzerdaten an Dritte. Gerade im Falle von Facebook ist ja die Marktmacht unbestritten. Dazu gehört auch der Datenaustausch mit WhatsApp. Facebook musste wegen dieser Übernahme schon Kartellstrafzahlungen in Höhe von 110 Millionen Euro an die EU leisten.
4-1	2272-2277	Meine	Animated[16]	B	
4-2	2278-2283	Damen	Animated[16]	I	
4-3	2284-2287	und	_	_	
4-4	2288-2294	Herren	Animated	B	
4-5	2294-2295	,	_	_	
4-6	2296-2303	bereits	_	_	
4-7	2304-2308	seit	_	_	
4-8	2309-2313	2016	_	_	
4-9	2313-2314	,	_	_	
4-10	2315-2319	also	_	_	
4-11	2320-2325	lange	_	_	
4-12	2326-2329	vor	_	_	
4-13	2330-2333	den	_	B	
4-14	2334-2346	Enthüllungen	_	I	
4-15	2347-2349	um	_	_	
4-16	2350-2359	Cambridge	_	B	
4-17	2360-2369	Analytica	_	I	
4-18	2369-2370	,	_	_	
4-19	2371-2374	hat	_	_	
4-20	2375-2378	das	Animated[17]	B	
4-21	2379-2395	Bundeskartellamt	Animated[17]	I	
4-22	2396-2399	ein	_	B	
4-23	2400-2409	Verfahren	_	I	
4-24	2410-2415	gegen	_	_	
4-25	2416-2424	Facebook	Animated	B	
4-26	2425-2436	eingeleitet	_	_	
4-27	2436-2437	.	_	_	
4-28	2438-2440	Im	_	_	
4-29	2441-2447	Herbst	_	B	
4-30	2448-2454	dieses	_	B	
4-31	2455-2461	Jahres	_	I	
4-32	2462-2466	soll	_	_	
4-33	2467-2473	dieses	_	B	
4-34	2474-2483	Verfahren	_	I	
4-35	2484-2497	abgeschlossen	_	_	
4-36	2498-2504	werden	_	_	
4-37	2504-2505	.	_	_	
4-38	2506-2510	Hier	_	_	
4-39	2511-2515	geht	_	_	
4-40	2516-2518	es	_	_	
4-41	2519-2531	insbesondere	_	_	
4-42	2532-2534	um	_	_	
4-43	2535-2538	die	_	B	
4-44	2539-2549	Weitergabe	_	I	
4-45	2550-2553	von	_	_	
4-46	2554-2565	Nutzerdaten	_	B	
4-47	2566-2568	an	_	_	
4-48	2569-2575	Dritte	_	B	
4-49	2575-2576	.	_	_	
4-50	2577-2583	Gerade	_	_	
4-51	2584-2586	im	_	_	
4-52	2587-2592	Falle	_	B	
4-53	2593-2596	von	_	_	
4-54	2597-2605	Facebook	Animated	B	
4-55	2606-2609	ist	_	_	
4-56	2610-2612	ja	_	_	
4-57	2613-2616	die	_	B	
4-58	2617-2627	Marktmacht	_	I	
4-59	2628-2640	unbestritten	_	_	
4-60	2640-2641	.	_	_	
4-61	2642-2646	Dazu	_	_	
4-62	2647-2653	gehört	_	_	
4-63	2654-2658	auch	_	B	
4-64	2659-2662	der	_	I	
4-65	2663-2677	Datenaustausch	_	I	
4-66	2678-2681	mit	_	_	
4-67	2682-2690	WhatsApp	Animated	B	
4-68	2690-2691	.	_	_	
4-69	2692-2700	Facebook	Animated	B	
4-70	2701-2707	musste	_	_	
4-71	2708-2713	wegen	_	_	
4-72	2714-2720	dieser	_	B	
4-73	2721-2730	Übernahme	_	I	
4-74	2731-2736	schon	_	_	
4-75	2737-2758	Kartellstrafzahlungen	_	B	
4-76	2759-2761	in	_	_	
4-77	2762-2766	Höhe	_	B	
4-78	2767-2770	von	_	_	
4-79	2771-2774	110	_	B	
4-80	2775-2784	Millionen	_	I	
4-81	2785-2789	Euro	_	I	
4-82	2790-2792	an	_	_	
4-83	2793-2796	die	Animated[18]	B	
4-84	2797-2799	EU	Animated[18]	I	
4-85	2800-2807	leisten	_	_	
4-86	2807-2808	.	_	_	

#Text=Aber die Grünen fordern hier eine „missbrauchsunabhängige Entflechtungsmöglichkeit von Unternehmen“, und das ist wettbewerbsrechtlich gar nicht zulässig; denn vor einer möglichen Entflechtung ist ein missbräuchliches Verhalten erst einmal nachzuweisen. Dafür haben wir das Kartellamt als Bundesoberbehörde im Zuständigkeitsbereich des Wirtschaftsministeriums. Es hat drei Instrumente zur Hand – die nenne ich Ihnen gerne noch einmal –: erstens die Verfolgung von Kartellabsprachen, zweitens die Fusionskontrolle und drittens das Instrument der Missbrauchsaufsicht. Beim laufenden Verfahren geht das Kartellamt davon aus, dass Facebook den deutschen Markt für soziale Netzwerke beherrscht, und zwar mit einem Marktanteil von 90 Prozent und 30 Millionen Nutzern im Monat.
5-1	2818-2822	Aber	_	_	
5-2	2823-2826	die	Animated[19]	B	
5-3	2827-2833	Grünen	Animated[19]	I	
5-4	2834-2841	fordern	_	_	
5-5	2842-2846	hier	_	_	
5-6	2847-2851	eine	_	B	
5-7	2852-2853	„	_	I	
5-8	2853-2875	missbrauchsunabhängige	_	I	
5-9	2876-2900	Entflechtungsmöglichkeit	_	I	
5-10	2901-2904	von	_	_	
5-11	2905-2916	Unternehmen	Animated	B	
5-12	2916-2917	“	_	_	
5-13	2917-2918	,	_	_	
5-14	2919-2922	und	_	_	
5-15	2923-2926	das	_	B	
5-16	2927-2930	ist	_	_	
5-17	2931-2951	wettbewerbsrechtlich	_	_	
5-18	2952-2955	gar	_	_	
5-19	2956-2961	nicht	_	_	
5-20	2962-2970	zulässig	_	_	
5-21	2970-2971	;	_	_	
5-22	2972-2976	denn	_	_	
5-23	2977-2980	vor	_	_	
5-24	2981-2986	einer	_	B	
5-25	2987-2996	möglichen	_	I	
5-26	2997-3009	Entflechtung	_	I	
5-27	3010-3013	ist	_	_	
5-28	3014-3017	ein	_	B	
5-29	3018-3034	missbräuchliches	_	I	
5-30	3035-3044	Verhalten	_	I	
5-31	3045-3049	erst	_	_	
5-32	3050-3056	einmal	_	_	
5-33	3057-3069	nachzuweisen	_	_	
5-34	3069-3070	.	_	_	
5-35	3071-3076	Dafür	_	_	
5-36	3077-3082	haben	_	_	
5-37	3083-3086	wir	Animated	B	
5-38	3087-3090	das	Animated[20]	B	
5-39	3091-3101	Kartellamt	Animated[20]	I	
5-40	3102-3105	als	_	_	
5-41	3106-3123	Bundesoberbehörde	Animated	B	
5-42	3124-3126	im	_	_	
5-43	3127-3148	Zuständigkeitsbereich	_	B	
5-44	3149-3152	des	Animated[21]	B	
5-45	3153-3176	Wirtschaftsministeriums	Animated[21]	I	
5-46	3176-3177	.	_	_	
5-47	3178-3180	Es	_	B	
5-48	3181-3184	hat	_	_	
5-49	3185-3189	drei	_	B	
5-50	3190-3201	Instrumente	_	I	
5-51	3202-3205	zur	_	_	
5-52	3206-3210	Hand	_	B	
5-53	3211-3212	–	_	_	
5-54	3213-3216	die	_	B	
5-55	3217-3222	nenne	_	_	
5-56	3223-3226	ich	Animated	B	
5-57	3227-3232	Ihnen	_	B	
5-58	3233-3238	gerne	_	_	
5-59	3239-3243	noch	_	_	
5-60	3244-3250	einmal	_	_	
5-61	3251-3252	–	_	_	
5-62	3252-3253	:	_	_	
5-63	3254-3261	erstens	_	B	
5-64	3262-3265	die	_	I	
5-65	3266-3276	Verfolgung	_	I	
5-66	3277-3280	von	_	_	
5-67	3281-3298	Kartellabsprachen	_	B	
5-68	3298-3299	,	_	_	
5-69	3300-3308	zweitens	_	B	
5-70	3309-3312	die	_	I	
5-71	3313-3329	Fusionskontrolle	_	I	
5-72	3330-3333	und	_	_	
5-73	3334-3342	drittens	_	B	
5-74	3343-3346	das	_	I	
5-75	3347-3357	Instrument	_	I	
5-76	3358-3361	der	_	B	
5-77	3362-3381	Missbrauchsaufsicht	_	I	
5-78	3381-3382	.	_	_	
5-79	3383-3387	Beim	_	_	
5-80	3388-3397	laufenden	_	B	
5-81	3398-3407	Verfahren	_	I	
5-82	3408-3412	geht	_	_	
5-83	3413-3416	das	Animated[22]	B	
5-84	3417-3427	Kartellamt	Animated[22]	I	
5-85	3428-3433	davon	_	_	
5-86	3434-3437	aus	_	_	
5-87	3437-3438	,	_	_	
5-88	3439-3443	dass	_	_	
5-89	3444-3452	Facebook	Animated	B	
5-90	3453-3456	den	_	B	
5-91	3457-3466	deutschen	_	I	
5-92	3467-3472	Markt	_	I	
5-93	3473-3476	für	_	_	
5-94	3477-3484	soziale	_	B	
5-95	3485-3494	Netzwerke	_	I	
5-96	3495-3505	beherrscht	_	_	
5-97	3505-3506	,	_	_	
5-98	3507-3510	und	_	_	
5-99	3511-3515	zwar	_	_	
5-100	3516-3519	mit	_	_	
5-101	3520-3525	einem	_	B	
5-102	3526-3537	Marktanteil	_	I	
5-103	3538-3541	von	_	_	
5-104	3542-3544	90	_	B	
5-105	3545-3552	Prozent	_	I	
5-106	3553-3556	und	_	_	
5-107	3557-3559	30	Animated[23]	B	
5-108	3560-3569	Millionen	Animated[23]	I	
5-109	3570-3577	Nutzern	Animated[23]	I	
5-110	3578-3580	im	_	_	
5-111	3581-3586	Monat	_	B	
5-112	3586-3587	.	_	_	

#Text=Erst nach Beweis des Marktmissbrauchs wird das Kartellamt der Bundesregierung Empfehlungen für das weitere Vorgehen geben. Das kann eine Modifizierung des Geschäftsmodells sein, zum Beispiel eine Entflechtung von Unternehmensteilen. Es ist dann erst Aufgabe der Bundesregierung, politisch über eine Regulierung zu entscheiden. Das Bundeskartellamt aber ist nicht für eine Zerschlagung eines Unternehmens zuständig. Es macht nur die rechtlichen Prüfungen.
6-1	3600-3604	Erst	_	_	
6-2	3605-3609	nach	_	_	
6-3	3610-3616	Beweis	_	B	
6-4	3617-3620	des	_	B	
6-5	3621-3637	Marktmissbrauchs	_	I	
6-6	3638-3642	wird	_	_	
6-7	3643-3646	das	Animated[24]	B	
6-8	3647-3657	Kartellamt	Animated[24]	I	
6-9	3658-3661	der	Animated[25]	B	
6-10	3662-3677	Bundesregierung	Animated[25]	I	
6-11	3678-3690	Empfehlungen	_	B	
6-12	3691-3694	für	_	_	
6-13	3695-3698	das	_	B	
6-14	3699-3706	weitere	_	I	
6-15	3707-3715	Vorgehen	_	I	
6-16	3716-3721	geben	_	_	
6-17	3721-3722	.	_	_	
6-18	3723-3726	Das	_	B	
6-19	3727-3731	kann	_	_	
6-20	3732-3736	eine	_	B	
6-21	3737-3750	Modifizierung	_	I	
6-22	3751-3754	des	_	B	
6-23	3755-3771	Geschäftsmodells	_	I	
6-24	3772-3776	sein	_	_	
6-25	3776-3777	,	_	_	
6-26	3778-3781	zum	_	_	
6-27	3782-3790	Beispiel	_	B	
6-28	3791-3795	eine	_	_	
6-29	3796-3808	Entflechtung	_	_	
6-30	3809-3812	von	_	_	
6-31	3813-3831	Unternehmensteilen	_	B	
6-32	3831-3832	.	_	_	
6-33	3833-3835	Es	_	B	
6-34	3836-3839	ist	_	_	
6-35	3840-3844	dann	_	_	
6-36	3845-3849	erst	_	B	
6-37	3850-3857	Aufgabe	_	I	
6-38	3858-3861	der	Animated[26]	B	
6-39	3862-3877	Bundesregierung	Animated[26]	I	
6-40	3877-3878	,	_	_	
6-41	3879-3888	politisch	_	_	
6-42	3889-3893	über	_	_	
6-43	3894-3898	eine	_	B	
6-44	3899-3910	Regulierung	_	I	
6-45	3911-3913	zu	_	_	
6-46	3914-3925	entscheiden	_	_	
6-47	3925-3926	.	_	_	
6-48	3927-3930	Das	Animated[27]	B	
6-49	3931-3947	Bundeskartellamt	Animated[27]	I	
6-50	3948-3952	aber	_	_	
6-51	3953-3956	ist	_	_	
6-52	3957-3962	nicht	_	_	
6-53	3963-3966	für	_	_	
6-54	3967-3971	eine	_	B	
6-55	3972-3984	Zerschlagung	_	I	
6-56	3985-3990	eines	Animated[28]	B	
6-57	3991-4003	Unternehmens	Animated[28]	I	
6-58	4004-4013	zuständig	_	_	
6-59	4013-4014	.	_	_	
6-60	4015-4017	Es	_	B	
6-61	4018-4023	macht	_	_	
6-62	4024-4027	nur	_	B	
6-63	4028-4031	die	_	I	
6-64	4032-4043	rechtlichen	_	I	
6-65	4044-4053	Prüfungen	_	I	
6-66	4053-4054	.	_	_	

#Text=Fazit: Wir müssen erst die bestehenden Mechanismen anwenden. Eine Entflechtung ist letztendlich nur aufgrund von wettbewerbsbehinderndem Verhalten möglich. Alles andere wäre staatlicher Interventionismus, und das ist mit der Union in Deutschland nicht zu machen.
7-1	4062-4067	Fazit	_	B	
7-2	4067-4068	:	_	_	
7-3	4069-4072	Wir	Animated	B	
7-4	4073-4079	müssen	_	_	
7-5	4080-4084	erst	_	B	
7-6	4085-4088	die	_	I	
7-7	4089-4100	bestehenden	_	I	
7-8	4101-4112	Mechanismen	_	I	
7-9	4113-4121	anwenden	_	_	
7-10	4121-4122	.	_	_	
7-11	4123-4127	Eine	_	B	
7-12	4128-4140	Entflechtung	_	I	
7-13	4141-4144	ist	_	_	
7-14	4145-4157	letztendlich	_	_	
7-15	4158-4161	nur	_	_	
7-16	4162-4170	aufgrund	_	_	
7-17	4171-4174	von	_	_	
7-18	4175-4198	wettbewerbsbehinderndem	_	B	
7-19	4199-4208	Verhalten	_	I	
7-20	4209-4216	möglich	_	_	
7-21	4216-4217	.	_	_	
7-22	4218-4223	Alles	_	B	
7-23	4224-4230	andere	_	I	
7-24	4231-4235	wäre	_	_	
7-25	4236-4247	staatlicher	_	B	
7-26	4248-4265	Interventionismus	_	I	
7-27	4265-4266	,	_	_	
7-28	4267-4270	und	_	_	
7-29	4271-4274	das	_	B	
7-30	4275-4278	ist	_	_	
7-31	4279-4282	mit	_	_	
7-32	4283-4286	der	Animated[29]	B	
7-33	4287-4292	Union	Animated[29]	I	
7-34	4293-4295	in	_	_	
7-35	4296-4307	Deutschland	_	B	
7-36	4308-4313	nicht	_	_	
7-37	4314-4316	zu	_	_	
7-38	4317-4323	machen	_	_	
7-39	4323-4324	.	_	_	

#Text=Meine Damen und Herren, die Grünen lassen in ihrem Antrag auch die europäische Ebene völlig außer Acht. Die digitalen Plattformen – das wissen wir doch alle – sind in allen Mitgliedstaaten der EU tätig. Da führen wir doch keine Inselexistenz in der Wettbewerbspolitik. Deshalb muss das auf europäischer Ebene abgestimmt sein, zumal die kartellrechtliche Prüfung oft auf deutscher sowie auf europäischer Ebene gleichzeitig stattfindet.
8-1	4330-4335	Meine	Animated[30]	B	
8-2	4336-4341	Damen	Animated[30]	I	
8-3	4342-4345	und	_	_	
8-4	4346-4352	Herren	Animated	B	
8-5	4352-4353	,	_	_	
8-6	4354-4357	die	Animated[31]	B	
8-7	4358-4364	Grünen	Animated[31]	I	
8-8	4365-4371	lassen	_	_	
8-9	4372-4374	in	_	_	
8-10	4375-4380	ihrem	_	B	
8-11	4381-4387	Antrag	_	I	
8-12	4388-4392	auch	_	B	
8-13	4393-4396	die	_	I	
8-14	4397-4408	europäische	_	I	
8-15	4409-4414	Ebene	_	I	
8-16	4415-4421	völlig	_	_	
8-17	4422-4427	außer	_	_	
8-18	4428-4432	Acht	_	B	
8-19	4432-4433	.	_	_	
8-20	4434-4437	Die	_	B	
8-21	4438-4447	digitalen	_	I	
8-22	4448-4459	Plattformen	_	I	
8-23	4460-4461	–	_	_	
8-24	4462-4465	das	_	B	
8-25	4466-4472	wissen	_	_	
8-26	4473-4476	wir	Animated	B	
8-27	4477-4481	doch	_	_	
8-28	4482-4486	alle	_	B	
8-29	4487-4488	–	_	_	
8-30	4489-4493	sind	_	_	
8-31	4494-4496	in	_	_	
8-32	4497-4502	allen	Animated[32]	B	
8-33	4503-4518	Mitgliedstaaten	Animated[32]	I	
8-34	4519-4522	der	Animated[33]	B	
8-35	4523-4525	EU	Animated[33]	I	
8-36	4526-4531	tätig	_	_	
8-37	4531-4532	.	_	_	
8-38	4533-4535	Da	_	_	
8-39	4536-4542	führen	_	_	
8-40	4543-4546	wir	Animated	B	
8-41	4547-4551	doch	_	_	
8-42	4552-4557	keine	_	B	
8-43	4558-4571	Inselexistenz	_	I	
8-44	4572-4574	in	_	_	
8-45	4575-4578	der	_	B	
8-46	4579-4597	Wettbewerbspolitik	_	I	
8-47	4597-4598	.	_	_	
8-48	4599-4606	Deshalb	_	_	
8-49	4607-4611	muss	_	_	
8-50	4612-4615	das	_	B	
8-51	4616-4619	auf	_	_	
8-52	4620-4632	europäischer	_	B	
8-53	4633-4638	Ebene	_	I	
8-54	4639-4649	abgestimmt	_	_	
8-55	4650-4654	sein	_	_	
8-56	4654-4655	,	_	_	
8-57	4656-4661	zumal	_	_	
8-58	4662-4665	die	_	B	
8-59	4666-4683	kartellrechtliche	_	I	
8-60	4684-4691	Prüfung	_	I	
8-61	4692-4695	oft	_	_	
8-62	4696-4699	auf	_	_	
8-63	4700-4709	deutscher	_	_	
8-64	4710-4715	sowie	_	_	
8-65	4716-4719	auf	_	_	
8-66	4720-4732	europäischer	_	B	
8-67	4733-4738	Ebene	_	I	
8-68	4739-4751	gleichzeitig	_	_	
8-69	4752-4763	stattfindet	_	_	
8-70	4763-4764	.	_	_	

#Text=Was müssen wir also bei digitalen Plattformen genau ansehen?
9-1	4771-4774	Was	_	B	
9-2	4775-4781	müssen	_	_	
9-3	4782-4785	wir	Animated	B	
9-4	4786-4790	also	_	_	
9-5	4791-4794	bei	_	_	
9-6	4795-4804	digitalen	_	B	
9-7	4805-4816	Plattformen	_	I	
9-8	4817-4822	genau	_	_	
9-9	4823-4830	ansehen	_	_	
9-10	4830-4831	?	_	_	

#Text=Erstens. Wir müssen auf die Funktionen schauen. Plattformen mit begrenzten Funktionen wie Berufsnetzwerke oder einfache Nachrichtendienste neigen – das wissen wir – nicht zu Marktdominanz. Erst die Bandbreite an Funktionen und das strukturierte Zukaufen von Firmen wie bei Facebook können ein Unternehmen marktbeherrschend machen.
10-1	4833-4840	Erstens	_	_	
10-2	4840-4841	.	_	_	
10-3	4842-4845	Wir	Animated	B	
10-4	4846-4852	müssen	_	_	
10-5	4853-4856	auf	_	_	
10-6	4857-4860	die	_	B	
10-7	4861-4871	Funktionen	_	I	
10-8	4872-4879	schauen	_	_	
10-9	4879-4880	.	_	_	
10-10	4881-4892	Plattformen	Animated	B	
10-11	4893-4896	mit	_	_	
10-12	4897-4907	begrenzten	_	B	
10-13	4908-4918	Funktionen	_	I	
10-14	4919-4922	wie	_	_	
10-15	4923-4938	Berufsnetzwerke	_	_	
10-16	4939-4943	oder	_	_	
10-17	4944-4952	einfache	Animated[34]	B	
10-18	4953-4971	Nachrichtendienste	Animated[34]	I	
10-19	4972-4978	neigen	_	_	
10-20	4979-4980	–	_	_	
10-21	4981-4984	das	_	B	
10-22	4985-4991	wissen	_	_	
10-23	4992-4995	wir	_	B	
10-24	4996-4997	–	_	_	
10-25	4998-5003	nicht	_	B	
10-26	5004-5006	zu	_	I	
10-27	5007-5020	Marktdominanz	_	I	
10-28	5020-5021	.	_	_	
10-29	5022-5026	Erst	_	B	
10-30	5027-5030	die	_	I	
10-31	5031-5041	Bandbreite	_	I	
10-32	5042-5044	an	_	_	
10-33	5045-5055	Funktionen	_	B	
10-34	5056-5059	und	_	_	
10-35	5060-5063	das	_	B	
10-36	5064-5077	strukturierte	_	I	
10-37	5078-5086	Zukaufen	_	I	
10-38	5087-5090	von	_	_	
10-39	5091-5097	Firmen	Animated	B	
10-40	5098-5101	wie	_	_	
10-41	5102-5105	bei	_	_	
10-42	5106-5114	Facebook	Animated	B	
10-43	5115-5121	können	_	_	
10-44	5122-5125	ein	Animated[35]	B	
10-45	5126-5137	Unternehmen	Animated[35]	I	
10-46	5138-5155	marktbeherrschend	_	_	
10-47	5156-5162	machen	_	_	
10-48	5162-5163	.	_	_	

#Text=Zweitens: Netzwerkeffekte. Gerade kleine Digitalunternehmen können beim Markteintritt und dann, wenn sie nachher wachsen, kaum mit bekannten Diensten konkurrieren.
11-1	5168-5176	Zweitens	_	B	
11-2	5176-5177	:	_	I	
11-3	5178-5193	Netzwerkeffekte	_	I	
11-4	5193-5194	.	_	_	
11-5	5195-5201	Gerade	Animated[36]	B	
11-6	5202-5208	kleine	Animated[36]	I	
11-7	5209-5227	Digitalunternehmen	Animated[36]	I	
11-8	5228-5234	können	_	_	
11-9	5235-5239	beim	_	_	
11-10	5240-5253	Markteintritt	_	B	
11-11	5254-5257	und	_	_	
11-12	5258-5262	dann	_	_	
11-13	5262-5263	,	_	_	
11-14	5264-5268	wenn	_	_	
11-15	5269-5272	sie	_	B	
11-16	5273-5280	nachher	_	_	
11-17	5281-5288	wachsen	_	_	
11-18	5288-5289	,	_	_	
11-19	5290-5294	kaum	_	_	
11-20	5295-5298	mit	_	_	
11-21	5299-5308	bekannten	_	B	
11-22	5309-5317	Diensten	_	I	
11-23	5318-5330	konkurrieren	_	_	
11-24	5330-5331	.	_	_	

#Text=Drittens. Digitale Dienste – das halte ich für ganz wichtig – sollten bei Datenschutz, Sicherheit und Wettbewerb dieselben Pflichten erhalten wie klassische Telekommunikationsunternehmen.
12-1	5337-5345	Drittens	_	_	
12-2	5345-5346	.	_	_	
12-3	5347-5355	Digitale	Animated[37]	B	
12-4	5356-5363	Dienste	Animated[37]	I	
12-5	5364-5365	–	_	B	
12-6	5366-5369	das	_	I	
12-7	5370-5375	halte	_	_	
12-8	5376-5379	ich	_	B	
12-9	5380-5383	für	_	_	
12-10	5384-5388	ganz	_	_	
12-11	5389-5396	wichtig	_	_	
12-12	5397-5398	–	_	_	
12-13	5399-5406	sollten	_	_	
12-14	5407-5410	bei	_	_	
12-15	5411-5422	Datenschutz	_	B	
12-16	5422-5423	,	_	_	
12-17	5424-5434	Sicherheit	_	B	
12-18	5435-5438	und	_	_	
12-19	5439-5449	Wettbewerb	_	B	
12-20	5450-5459	dieselben	_	B	
12-21	5460-5469	Pflichten	_	I	
12-22	5470-5478	erhalten	_	_	
12-23	5479-5482	wie	Animated[38]	B	
12-24	5483-5493	klassische	Animated[38]	I	
12-25	5494-5523	Telekommunikationsunternehmen	Animated[38]	I	
12-26	5523-5524	.	_	_	

#Text=Viertens: Stichwort „Datenschutz“. Liebe Grüne, Sie fordern in Ihrem Antrag auch die Zusammenarbeit des Kartellamts und der Datenschutzbehörden.
13-1	5528-5536	Viertens	_	B	
13-2	5536-5537	:	_	I	
13-3	5538-5547	Stichwort	_	I	
13-4	5548-5549	„	_	I	
13-5	5549-5560	Datenschutz	_	I	
13-6	5560-5561	“	_	_	
13-7	5561-5562	.	_	_	
13-8	5563-5568	Liebe	Animated[39]	B	
13-9	5569-5574	Grüne	Animated[39]	B	
13-10	5574-5575	,	_	_	
13-11	5576-5579	Sie	_	B	
13-12	5580-5587	fordern	_	_	
13-13	5588-5590	in	_	_	
13-14	5591-5596	Ihrem	_	B	
13-15	5597-5603	Antrag	_	I	
13-16	5604-5608	auch	_	B	
13-17	5609-5612	die	_	I	
13-18	5613-5627	Zusammenarbeit	_	I	
13-19	5628-5631	des	Animated[40]	B	
13-20	5632-5643	Kartellamts	Animated[40]	I	
13-21	5644-5647	und	_	_	
13-22	5648-5651	der	Animated[41]	B	
13-23	5652-5671	Datenschutzbehörden	Animated[41]	I	
13-24	5671-5672	.	_	_	

#Text=Das machen doch die Behörden heute schon.
14-1	5679-5682	Das	_	B	
14-2	5683-5689	machen	_	_	
14-3	5690-5694	doch	_	_	
14-4	5695-5698	die	Animated[42]	B	
14-5	5699-5707	Behörden	Animated[42]	I	
14-6	5708-5713	heute	_	_	
14-7	5714-5719	schon	_	_	
14-8	5719-5720	.	_	_	

#Text=Fünftens. Die Datensammlung und -verwertung müssen wir uns bei allen Diensten ganz genau ansehen, gerade auch bei den globalen Diensten.
15-1	5722-5730	Fünftens	_	_	
15-2	5730-5731	.	_	_	
15-3	5732-5735	Die	_	B	
15-4	5736-5749	Datensammlung	_	I	
15-5	5750-5753	und	_	_	
15-6	5754-5765	-verwertung	_	B	
15-7	5766-5772	müssen	_	_	
15-8	5773-5776	wir	Animated	B	
15-9	5777-5780	uns	_	B	
15-10	5781-5784	bei	_	_	
15-11	5785-5790	allen	Animated[43]	B	
15-12	5791-5799	Diensten	Animated[43]	I	
15-13	5800-5804	ganz	_	_	
15-14	5805-5810	genau	_	_	
15-15	5811-5818	ansehen	_	_	
15-16	5818-5819	,	_	_	
15-17	5820-5826	gerade	_	_	
15-18	5827-5831	auch	_	_	
15-19	5832-5835	bei	_	_	
15-20	5836-5839	den	Animated[44]	B	
15-21	5840-5848	globalen	Animated[44]	I	
15-22	5849-5857	Diensten	Animated[44]	I	
15-23	5857-5858	.	_	_	

#Text=Meine Damen und Herren, ich fasse zusammen: Das Thema hat eine riesige Dynamik, und das Wettbewerbsrecht darf der Entwicklung bei den digitalen Plattformen nicht hinterherhinken. Deswegen müssen wir Schritt für Schritt und auch schnell genug vorgehen.
16-1	5862-5867	Meine	Animated[45]	B	
16-2	5868-5873	Damen	Animated[45]	I	
16-3	5874-5877	und	_	_	
16-4	5878-5884	Herren	Animated	B	
16-5	5884-5885	,	_	_	
16-6	5886-5889	ich	Animated	B	
16-7	5890-5895	fasse	_	_	
16-8	5896-5904	zusammen	_	_	
16-9	5904-5905	:	_	_	
16-10	5906-5909	Das	_	B	
16-11	5910-5915	Thema	_	I	
16-12	5916-5919	hat	_	_	
16-13	5920-5924	eine	_	B	
16-14	5925-5932	riesige	_	I	
16-15	5933-5940	Dynamik	_	I	
16-16	5940-5941	,	_	_	
16-17	5942-5945	und	_	_	
16-18	5946-5949	das	_	B	
16-19	5950-5966	Wettbewerbsrecht	_	I	
16-20	5967-5971	darf	_	_	
16-21	5972-5975	der	_	B	
16-22	5976-5987	Entwicklung	_	I	
16-23	5988-5991	bei	_	_	
16-24	5992-5995	den	_	B	
16-25	5996-6005	digitalen	_	I	
16-26	6006-6017	Plattformen	_	I	
16-27	6018-6023	nicht	_	_	
16-28	6024-6039	hinterherhinken	_	_	
16-29	6039-6040	.	_	_	
16-30	6041-6049	Deswegen	_	_	
16-31	6050-6056	müssen	_	_	
16-32	6057-6060	wir	Animated	B	
16-33	6061-6068	Schritt	_	B	
16-34	6069-6072	für	_	_	
16-35	6073-6080	Schritt	_	B	
16-36	6081-6084	und	_	_	
16-37	6085-6089	auch	_	_	
16-38	6090-6097	schnell	_	_	
16-39	6098-6103	genug	_	_	
16-40	6104-6112	vorgehen	_	_	
16-41	6112-6113	.	_	_	

#Text=Wir haben doch auch Vergleiche mit anderen Märkten: Telekommunikation, Logistik, Post. Wie haben wir die Postreform gemacht? Wie haben wir denn im Bereich der Energiepolitik entflochten? Das war im Grunde genommen die gleiche Herangehensweise, die Sie gerade von mir in den fünf Punkten gehört haben. Die öffentlich-rechtlichen Institutionen untersuchen, schließen das Ende dieses Jahres ab. Dann kommen wir über die Bundesregierung womöglich zu dem Ergebnis, dass wir Kommissionen bilden, und dann können wir, wenn es denn nötig sein wird, entflechten.
17-1	6119-6122	Wir	Animated	B	
17-2	6123-6128	haben	_	_	
17-3	6129-6133	doch	_	_	
17-4	6134-6138	auch	_	B	
17-5	6139-6149	Vergleiche	_	I	
17-6	6150-6153	mit	_	_	
17-7	6154-6161	anderen	_	B	
17-8	6162-6169	Märkten	_	I	
17-9	6169-6170	:	_	_	
17-10	6171-6188	Telekommunikation	_	B	
17-11	6188-6189	,	_	_	
17-12	6190-6198	Logistik	_	B	
17-13	6198-6199	,	_	_	
17-14	6200-6204	Post	_	B	
17-15	6204-6205	.	_	_	
17-16	6206-6209	Wie	_	_	
17-17	6210-6215	haben	_	_	
17-18	6216-6219	wir	_	B	
17-19	6220-6223	die	_	B	
17-20	6224-6234	Postreform	_	I	
17-21	6235-6242	gemacht	_	_	
17-22	6242-6243	?	_	_	
17-23	6244-6247	Wie	_	_	
17-24	6248-6253	haben	_	_	
17-25	6254-6257	wir	Animated	B	
17-26	6258-6262	denn	_	_	
17-27	6263-6265	im	_	_	
17-28	6266-6273	Bereich	_	B	
17-29	6274-6277	der	_	B	
17-30	6278-6292	Energiepolitik	_	I	
17-31	6293-6304	entflochten	_	_	
17-32	6304-6305	?	_	_	
17-33	6306-6309	Das	_	B	
17-34	6310-6313	war	_	_	
17-35	6314-6316	im	_	_	
17-36	6317-6323	Grunde	_	B	
17-37	6324-6332	genommen	_	_	
17-38	6333-6336	die	_	B	
17-39	6337-6344	gleiche	_	I	
17-40	6345-6361	Herangehensweise	_	I	
17-41	6361-6362	,	_	_	
17-42	6363-6366	die	_	B	
17-43	6367-6370	Sie	_	B	
17-44	6371-6377	gerade	_	_	
17-45	6378-6381	von	_	_	
17-46	6382-6385	mir	_	B	
17-47	6386-6388	in	_	_	
17-48	6389-6392	den	_	B	
17-49	6393-6397	fünf	_	I	
17-50	6398-6405	Punkten	_	I	
17-51	6406-6412	gehört	_	_	
17-52	6413-6418	haben	_	_	
17-53	6418-6419	.	_	_	
17-54	6420-6423	Die	Animated[46]	B	
17-55	6424-6446	öffentlich-rechtlichen	Animated[46]	I	
17-56	6447-6460	Institutionen	Animated[46]	I	
17-57	6461-6472	untersuchen	_	_	
17-58	6472-6473	,	_	_	
17-59	6474-6483	schließen	_	_	
17-60	6484-6487	das	_	B	
17-61	6488-6492	Ende	_	I	
17-62	6493-6499	dieses	_	B	
17-63	6500-6506	Jahres	_	I	
17-64	6507-6509	ab	_	_	
17-65	6509-6510	.	_	_	
17-66	6511-6515	Dann	_	_	
17-67	6516-6522	kommen	_	_	
17-68	6523-6526	wir	Animated	B	
17-69	6527-6531	über	_	_	
17-70	6532-6535	die	Animated[47]	B	
17-71	6536-6551	Bundesregierung	Animated[47]	I	
17-72	6552-6561	womöglich	_	_	
17-73	6562-6564	zu	_	_	
17-74	6565-6568	dem	_	B	
17-75	6569-6577	Ergebnis	_	I	
17-76	6577-6578	,	_	_	
17-77	6579-6583	dass	_	_	
17-78	6584-6587	wir	_	B	
17-79	6588-6600	Kommissionen	Animated	B	
17-80	6601-6607	bilden	_	_	
17-81	6607-6608	,	_	_	
17-82	6609-6612	und	_	_	
17-83	6613-6617	dann	_	_	
17-84	6618-6624	können	_	_	
17-85	6625-6628	wir	Animated	B	
17-86	6628-6629	,	_	_	
17-87	6630-6634	wenn	_	_	
17-88	6635-6637	es	_	B	
17-89	6638-6642	denn	_	_	
17-90	6643-6648	nötig	_	_	
17-91	6649-6653	sein	_	_	
17-92	6654-6658	wird	_	_	
17-93	6658-6659	,	_	_	
17-94	6660-6671	entflechten	_	_	
17-95	6671-6672	.	_	_	

#Text=Vielen Dank für Ihre Aufmerksamkeit.
18-1	6688-6694	Vielen	_	_	
18-2	6695-6699	Dank	_	_	
18-3	6700-6703	für	_	_	
18-4	6704-6708	Ihre	_	B	
18-5	6709-6723	Aufmerksamkeit	_	I	
18-6	6723-6724	.	_	_	

#Text=Der nächste Redner ist für die AfD-Fraktion der Kollege Enrico Komning.
19-1	6726-6729	Der	Animated[48]	B	
19-2	6730-6737	nächste	Animated[48]	I	
19-3	6738-6744	Redner	Animated[48]	I	
19-4	6745-6748	ist	_	_	
19-5	6749-6752	für	_	_	
19-6	6753-6756	die	Animated[49]	B	
19-7	6757-6769	AfD-Fraktion	Animated[49]	I	
19-8	6770-6773	der	Animated[50]	B	
19-9	6774-6781	Kollege	Animated[50]	I	
19-10	6782-6788	Enrico	Animated[50]	I	
19-11	6789-6796	Komning	Animated[50]	I	
19-12	6796-6797	.	_	_	
