#FORMAT=WebAnno TSV 3.3
#T_SP=webanno.custom.Animacy|Animated
#T_SP=webanno.custom.CustomChunk|Chunk


#Text=Sehr geehrte Frau Präsidentin! Sehr geehrte Kolleginnen und Kollegen!
1-1	0-4	Sehr	Animated[1]	B	
1-2	5-12	geehrte	Animated[1]	I	
1-3	13-17	Frau	Animated[1]	I	
1-4	18-29	Präsidentin	Animated[1]	I	
1-5	29-30	!	_	_	
1-6	31-35	Sehr	Animated[2]	B	
1-7	36-43	geehrte	Animated[2]	I	
1-8	44-55	Kolleginnen	Animated[2]	I	
1-9	56-59	und	_	_	
1-10	60-68	Kollegen	Animated	B	
1-11	68-69	!	_	_	

#Text=Lassen Sie uns bei der Digitalisierung nicht immer und in erster Linie nur die Risiken und Probleme erörtern.
2-1	72-78	Lassen	_	_	
2-2	79-82	Sie	_	B	
2-3	83-86	uns	_	B	
2-4	87-90	bei	_	_	
2-5	91-94	der	_	B	
2-6	95-110	Digitalisierung	_	I	
2-7	111-116	nicht	_	_	
2-8	117-122	immer	_	_	
2-9	123-126	und	_	_	
2-10	127-129	in	_	_	
2-11	130-136	erster	_	B	
2-12	137-142	Linie	_	I	
2-13	143-146	nur	_	B	
2-14	147-150	die	_	I	
2-15	151-158	Risiken	_	I	
2-16	159-162	und	_	_	
2-17	163-171	Probleme	_	B	
2-18	172-180	erörtern	_	_	
2-19	180-181	.	_	_	

#Text=Dieser Satz stammt von Bundeswirtschaftsminister Peter Altmaier; er ist aus seiner Antrittsrede im Deutschen Bundestag. Bei allem Respekt: Ehrlich gesagt, falscher hätte der Bundesminister nicht liegen können;
3-1	183-189	Dieser	_	B	
3-2	190-194	Satz	_	I	
3-3	195-201	stammt	_	_	
3-4	202-205	von	_	_	
3-5	206-231	Bundeswirtschaftsminister	Animated[3]	B	
3-6	232-237	Peter	Animated[3]	I	
3-7	238-246	Altmaier	Animated[3]	I	
3-8	246-247	;	_	_	
3-9	248-250	er	_	B	
3-10	251-254	ist	_	_	
3-11	255-258	aus	_	_	
3-12	259-265	seiner	_	B	
3-13	266-278	Antrittsrede	_	I	
3-14	279-281	im	_	_	
3-15	282-291	Deutschen	Animated[4]	B	
3-16	292-301	Bundestag	Animated[4]	I	
3-17	301-302	.	_	_	
3-18	303-306	Bei	_	_	
3-19	307-312	allem	_	B	
3-20	313-320	Respekt	_	I	
3-21	320-321	:	_	_	
3-22	322-329	Ehrlich	_	_	
3-23	330-336	gesagt	_	_	
3-24	336-337	,	_	_	
3-25	338-346	falscher	_	_	
3-26	347-352	hätte	_	_	
3-27	353-356	der	Animated[5]	B	
3-28	357-371	Bundesminister	Animated[5]	I	
3-29	372-377	nicht	_	_	
3-30	378-384	liegen	_	_	
3-31	385-391	können	_	_	
3-32	391-392	;	_	_	

#Text=falscher nicht nur wegen des Facebook-Skandals, über den ich gleich noch reden möchte, sondern auch deshalb, weil gerade Sie als Bundesregierung über eine gute Regulierung digitaler Märkte und die Risiken und Probleme, die es mit diesen geben kann, seit acht Jahren – seit mein Kollege von Notz und meine Fraktion die ersten Anträge zur Begrenzung der Marktmacht von Facebook in den Bundestag eingebracht haben – nicht gesprochen haben. Sie haben hier nicht gehandelt. Allein schon deshalb liegt Peter Altmaier falsch.
4-1	398-406	falscher	_	_	
4-2	407-412	nicht	_	_	
4-3	413-416	nur	_	_	
4-4	417-422	wegen	_	_	
4-5	423-426	des	_	B	
4-6	427-444	Facebook-Skandals	_	I	
4-7	444-445	,	_	_	
4-8	446-450	über	_	_	
4-9	451-454	den	_	B	
4-10	455-458	ich	Animated	B	
4-11	459-465	gleich	_	_	
4-12	466-470	noch	_	_	
4-13	471-476	reden	_	_	
4-14	477-483	möchte	_	_	
4-15	483-484	,	_	_	
4-16	485-492	sondern	_	_	
4-17	493-497	auch	_	_	
4-18	498-505	deshalb	_	_	
4-19	505-506	,	_	_	
4-20	507-511	weil	_	_	
4-21	512-518	gerade	_	B	
4-22	519-522	Sie	_	I	
4-23	523-526	als	_	_	
4-24	527-542	Bundesregierung	Animated	B	
4-25	543-547	über	_	_	
4-26	548-552	eine	_	B	
4-27	553-557	gute	_	I	
4-28	558-569	Regulierung	_	I	
4-29	570-579	digitaler	_	B	
4-30	580-586	Märkte	_	I	
4-31	587-590	und	_	_	
4-32	591-594	die	_	B	
4-33	595-602	Risiken	_	I	
4-34	603-606	und	_	_	
4-35	607-615	Probleme	_	B	
4-36	615-616	,	_	_	
4-37	617-620	die	_	B	
4-38	621-623	es	_	_	
4-39	624-627	mit	_	_	
4-40	628-634	diesen	_	B	
4-41	635-640	geben	_	_	
4-42	641-645	kann	_	_	
4-43	645-646	,	_	_	
4-44	647-651	seit	_	_	
4-45	652-656	acht	_	B	
4-46	657-663	Jahren	_	I	
4-47	664-665	–	_	_	
4-48	666-670	seit	_	_	
4-49	671-675	mein	Animated[6]	B	
4-50	676-683	Kollege	Animated[6]	I	
4-51	684-687	von	_	_	
4-52	688-692	Notz	Animated	B	
4-53	693-696	und	_	_	
4-54	697-702	meine	Animated[7]	B	
4-55	703-711	Fraktion	Animated[7]	I	
4-56	712-715	die	_	B	
4-57	716-722	ersten	_	I	
4-58	723-730	Anträge	_	I	
4-59	731-734	zur	_	_	
4-60	735-745	Begrenzung	_	B	
4-61	746-749	der	_	B	
4-62	750-760	Marktmacht	_	I	
4-63	761-764	von	_	_	
4-64	765-773	Facebook	Animated	B	
4-65	774-776	in	_	_	
4-66	777-780	den	Animated[8]	B	
4-67	781-790	Bundestag	Animated[8]	I	
4-68	791-802	eingebracht	_	_	
4-69	803-808	haben	_	_	
4-70	809-810	–	_	_	
4-71	811-816	nicht	_	_	
4-72	817-827	gesprochen	_	_	
4-73	828-833	haben	_	_	
4-74	833-834	.	_	_	
4-75	835-838	Sie	_	B	
4-76	839-844	haben	_	_	
4-77	845-849	hier	_	_	
4-78	850-855	nicht	_	_	
4-79	856-865	gehandelt	_	_	
4-80	865-866	.	_	_	
4-81	867-873	Allein	_	_	
4-82	874-879	schon	_	_	
4-83	880-887	deshalb	_	_	
4-84	888-893	liegt	_	_	
4-85	894-899	Peter	Animated[9]	B	
4-86	900-908	Altmaier	Animated[9]	I	
4-87	909-915	falsch	_	_	
4-88	915-916	.	_	_	

#Text=Aber das Zweite ist – das finde ich eigentlich noch irritierender –, dass er immer noch zu glauben scheint – und sich damit in die Tradition der FDP stellt, die bei der Digitalisierung „Bedenken second“ plakatiert –, dass es einen Widerspruch zwischen einer guten Regulierung der digitalen Märkte und der Förderung von Chancen genau dieser Digitalisierung geben sollte. Das zu glauben, ist falsch. Genau das Gegenteil hätten Sie als Bundesregierung in den letzten Jahren eigentlich angehen müssen.
5-1	925-929	Aber	_	_	
5-2	930-933	das	_	B	
5-3	934-940	Zweite	_	I	
5-4	941-944	ist	_	_	
5-5	945-946	–	_	_	
5-6	947-950	das	_	_	
5-7	951-956	finde	_	_	
5-8	957-960	ich	Animated	B	
5-9	961-971	eigentlich	_	_	
5-10	972-976	noch	_	_	
5-11	977-990	irritierender	_	_	
5-12	991-992	–	_	_	
5-13	992-993	,	_	_	
5-14	994-998	dass	_	_	
5-15	999-1001	er	_	B	
5-16	1002-1007	immer	_	_	
5-17	1008-1012	noch	_	_	
5-18	1013-1015	zu	_	_	
5-19	1016-1023	glauben	_	_	
5-20	1024-1031	scheint	_	_	
5-21	1032-1033	–	_	_	
5-22	1034-1037	und	_	_	
5-23	1038-1042	sich	_	B	
5-24	1043-1048	damit	_	_	
5-25	1049-1051	in	_	_	
5-26	1052-1055	die	_	B	
5-27	1056-1065	Tradition	_	I	
5-28	1066-1069	der	Animated[10]	B	
5-29	1070-1073	FDP	Animated[10]	I	
5-30	1074-1080	stellt	_	_	
5-31	1080-1081	,	_	_	
5-32	1082-1085	die	_	B	
5-33	1086-1089	bei	_	_	
5-34	1090-1093	der	_	B	
5-35	1094-1109	Digitalisierung	_	I	
5-36	1110-1111	„	_	B	
5-37	1111-1119	Bedenken	_	I	
5-38	1120-1126	second	_	_	
5-39	1126-1127	“	_	_	
5-40	1128-1138	plakatiert	_	_	
5-41	1139-1140	–	_	_	
5-42	1140-1141	,	_	_	
5-43	1142-1146	dass	_	_	
5-44	1147-1149	es	_	_	
5-45	1150-1155	einen	_	B	
5-46	1156-1167	Widerspruch	_	I	
5-47	1168-1176	zwischen	_	_	
5-48	1177-1182	einer	_	B	
5-49	1183-1188	guten	_	I	
5-50	1189-1200	Regulierung	_	I	
5-51	1201-1204	der	_	B	
5-52	1205-1214	digitalen	_	I	
5-53	1215-1221	Märkte	_	I	
5-54	1222-1225	und	_	_	
5-55	1226-1229	der	_	B	
5-56	1230-1239	Förderung	_	I	
5-57	1240-1243	von	_	_	
5-58	1244-1251	Chancen	_	B	
5-59	1252-1257	genau	_	B	
5-60	1258-1264	dieser	_	I	
5-61	1265-1280	Digitalisierung	_	I	
5-62	1281-1286	geben	_	_	
5-63	1287-1293	sollte	_	_	
5-64	1293-1294	.	_	_	
5-65	1295-1298	Das	_	B	
5-66	1299-1301	zu	_	_	
5-67	1302-1309	glauben	_	_	
5-68	1309-1310	,	_	_	
5-69	1311-1314	ist	_	_	
5-70	1315-1321	falsch	_	_	
5-71	1321-1322	.	_	_	
5-72	1323-1328	Genau	_	B	
5-73	1329-1332	das	_	I	
5-74	1333-1342	Gegenteil	_	I	
5-75	1343-1349	hätten	_	_	
5-76	1350-1353	Sie	_	B	
5-77	1354-1357	als	_	_	
5-78	1358-1373	Bundesregierung	Animated	B	
5-79	1374-1376	in	_	_	
5-80	1377-1380	den	_	B	
5-81	1381-1388	letzten	_	I	
5-82	1389-1395	Jahren	_	I	
5-83	1396-1406	eigentlich	_	_	
5-84	1407-1414	angehen	_	_	
5-85	1415-1421	müssen	_	_	
5-86	1421-1422	.	_	_	

#Text=Wie fatal diese Verweigerungshaltung ist, zeigt sich jetzt am Skandal von Facebook und Cambridge Analytica. Persönliche Informationen von 80 Millionen Facebook-Nutzerinnen und -Nutzern wurden in großen Mengen und ohne deren Wissen weiterverwendet. Psychologische Profile wurden über diese Nutzerinnen und Nutzer erstellt, Profile, die an Unternehmen verkauft wurden, die diese dann genutzt haben, um insbesondere Wahlen wie die amerikanische Präsidentschaftswahl zu beeinflussen. Das war ein erschreckender Eingriff in das Fundament unserer Demokratie, die freie Wahl. Angesichts des Falls von Facebook und Cambridge Analytica, der wahrscheinlich nur die Spitze des Eisbergs ist, über den wir sprechen müssen, angesichts der Dimension dieses Skandals frage ich Sie als Bundesregierung: Was tun Sie, um die fundamentalsten Rechte der Bürgerinnen und Bürger zu schützen?
6-1	1432-1435	Wie	_	_	
6-2	1436-1441	fatal	_	_	
6-3	1442-1447	diese	_	B	
6-4	1448-1468	Verweigerungshaltung	_	I	
6-5	1469-1472	ist	_	_	
6-6	1472-1473	,	_	_	
6-7	1474-1479	zeigt	_	_	
6-8	1480-1484	sich	_	B	
6-9	1485-1490	jetzt	_	_	
6-10	1491-1493	am	_	_	
6-11	1494-1501	Skandal	_	B	
6-12	1502-1505	von	_	_	
6-13	1506-1514	Facebook	Animated	B	
6-14	1515-1518	und	_	_	
6-15	1519-1528	Cambridge	Animated[11]	B	
6-16	1529-1538	Analytica	Animated[11]	I	
6-17	1538-1539	.	_	_	
6-18	1540-1551	Persönliche	_	B	
6-19	1552-1565	Informationen	_	I	
6-20	1566-1569	von	_	_	
6-21	1570-1572	80	Animated[12]	B	
6-22	1573-1582	Millionen	Animated[12]	I	
6-23	1583-1603	Facebook-Nutzerinnen	Animated[12]	I	
6-24	1604-1607	und	_	_	
6-25	1608-1616	-Nutzern	Animated	B	
6-26	1617-1623	wurden	_	_	
6-27	1624-1626	in	_	_	
6-28	1627-1633	großen	_	B	
6-29	1634-1640	Mengen	_	I	
6-30	1641-1644	und	_	_	
6-31	1645-1649	ohne	_	_	
6-32	1650-1655	deren	_	B	
6-33	1656-1662	Wissen	_	_	
6-34	1663-1678	weiterverwendet	_	_	
6-35	1678-1679	.	_	_	
6-36	1680-1694	Psychologische	_	B	
6-37	1695-1702	Profile	_	I	
6-38	1703-1709	wurden	_	_	
6-39	1710-1714	über	_	_	
6-40	1715-1720	diese	Animated[13]	B	
6-41	1721-1732	Nutzerinnen	Animated[13]	I	
6-42	1733-1736	und	_	_	
6-43	1737-1743	Nutzer	Animated	B	
6-44	1744-1752	erstellt	_	_	
6-45	1752-1753	,	_	_	
6-46	1754-1761	Profile	_	B	
6-47	1761-1762	,	_	_	
6-48	1763-1766	die	_	B	
6-49	1767-1769	an	_	_	
6-50	1770-1781	Unternehmen	Animated	B	
6-51	1782-1790	verkauft	_	_	
6-52	1791-1797	wurden	_	_	
6-53	1797-1798	,	_	_	
6-54	1799-1802	die	_	B	
6-55	1803-1808	diese	_	B	
6-56	1809-1813	dann	_	_	
6-57	1814-1821	genutzt	_	_	
6-58	1822-1827	haben	_	_	
6-59	1827-1828	,	_	_	
6-60	1829-1831	um	_	_	
6-61	1832-1844	insbesondere	_	B	
6-62	1845-1851	Wahlen	_	I	
6-63	1852-1855	wie	_	_	
6-64	1856-1859	die	_	_	
6-65	1860-1873	amerikanische	_	_	
6-66	1874-1894	Präsidentschaftswahl	_	_	
6-67	1895-1897	zu	_	_	
6-68	1898-1910	beeinflussen	_	_	
6-69	1910-1911	.	_	_	
6-70	1912-1915	Das	_	B	
6-71	1916-1919	war	_	_	
6-72	1920-1923	ein	_	B	
6-73	1924-1938	erschreckender	_	I	
6-74	1939-1947	Eingriff	_	I	
6-75	1948-1950	in	_	_	
6-76	1951-1954	das	_	B	
6-77	1955-1964	Fundament	_	I	
6-78	1965-1972	unserer	_	B	
6-79	1973-1983	Demokratie	_	I	
6-80	1983-1984	,	_	_	
6-81	1985-1988	die	_	B	
6-82	1989-1994	freie	_	I	
6-83	1995-1999	Wahl	_	I	
6-84	1999-2000	.	_	_	
6-85	2001-2011	Angesichts	_	_	
6-86	2012-2015	des	_	B	
6-87	2016-2021	Falls	_	I	
6-88	2022-2025	von	_	_	
6-89	2026-2034	Facebook	Animated	B	
6-90	2035-2038	und	_	_	
6-91	2039-2048	Cambridge	Animated[14]	B	
6-92	2049-2058	Analytica	Animated[14]	I	
6-93	2058-2059	,	_	_	
6-94	2060-2063	der	_	B	
6-95	2064-2078	wahrscheinlich	_	_	
6-96	2079-2082	nur	_	B	
6-97	2083-2086	die	_	I	
6-98	2087-2093	Spitze	_	I	
6-99	2094-2097	des	_	B	
6-100	2098-2106	Eisbergs	_	I	
6-101	2107-2110	ist	_	_	
6-102	2110-2111	,	_	_	
6-103	2112-2116	über	_	_	
6-104	2117-2120	den	_	B	
6-105	2121-2124	wir	Animated	B	
6-106	2125-2133	sprechen	_	_	
6-107	2134-2140	müssen	_	_	
6-108	2140-2141	,	_	_	
6-109	2142-2152	angesichts	_	_	
6-110	2153-2156	der	_	B	
6-111	2157-2166	Dimension	_	I	
6-112	2167-2173	dieses	_	B	
6-113	2174-2182	Skandals	_	I	
6-114	2183-2188	frage	_	_	
6-115	2189-2192	ich	_	B	
6-116	2193-2196	Sie	_	B	
6-117	2197-2200	als	_	_	
6-118	2201-2216	Bundesregierung	Animated	B	
6-119	2216-2217	:	_	_	
6-120	2218-2221	Was	_	B	
6-121	2222-2225	tun	_	_	
6-122	2226-2229	Sie	_	B	
6-123	2229-2230	,	_	_	
6-124	2231-2233	um	_	_	
6-125	2234-2237	die	_	B	
6-126	2238-2253	fundamentalsten	_	I	
6-127	2254-2260	Rechte	_	I	
6-128	2261-2264	der	Animated[15]	B	
6-129	2265-2276	Bürgerinnen	Animated[15]	I	
6-130	2277-2280	und	_	_	
6-131	2281-2287	Bürger	Animated	B	
6-132	2288-2290	zu	_	_	
6-133	2291-2299	schützen	_	_	
6-134	2299-2300	?	_	_	

#Text=Bislang hört man von Ihnen hier wirklich wenig, nichts Konkretes. Heute gibt es eine Ankündigung der Bundesregierung: Vielleicht möchte man doch mal handeln. Ich sage Ihnen: Handeln ist ziemlich einfach. Allein im Datenschutzteil unseres Antrags haben wir Ihnen zwölf konkrete Vorschläge vorgelegt, was Sie tun können, um den Datenschutz zu verbessern, von der guten Umsetzung der EU-Datenschutz-Grundverordnung über Abkommen über die Datenübermittlung an Drittstaaten bis zur Stärkung der Medienkompetenz – wirklich eine breite Vielfalt an Vorschlägen.
7-1	2317-2324	Bislang	_	_	
7-2	2325-2329	hört	_	_	
7-3	2330-2333	man	Animated	B	
7-4	2334-2337	von	_	_	
7-5	2338-2343	Ihnen	_	B	
7-6	2344-2348	hier	_	_	
7-7	2349-2357	wirklich	_	B	
7-8	2358-2363	wenig	_	I	
7-9	2363-2364	,	_	_	
7-10	2365-2371	nichts	_	B	
7-11	2372-2381	Konkretes	_	I	
7-12	2381-2382	.	_	_	
7-13	2383-2388	Heute	_	_	
7-14	2389-2393	gibt	_	_	
7-15	2394-2396	es	_	_	
7-16	2397-2401	eine	_	B	
7-17	2402-2413	Ankündigung	_	I	
7-18	2414-2417	der	Animated[16]	B	
7-19	2418-2433	Bundesregierung	Animated[16]	I	
7-20	2433-2434	:	_	_	
7-21	2435-2445	Vielleicht	_	_	
7-22	2446-2452	möchte	_	_	
7-23	2453-2456	man	Animated	B	
7-24	2457-2461	doch	_	_	
7-25	2462-2465	mal	_	_	
7-26	2466-2473	handeln	_	_	
7-27	2473-2474	.	_	_	
7-28	2475-2478	Ich	Animated	B	
7-29	2479-2483	sage	_	_	
7-30	2484-2489	Ihnen	_	B	
7-31	2489-2490	:	_	_	
7-32	2491-2498	Handeln	_	B	
7-33	2499-2502	ist	_	_	
7-34	2503-2511	ziemlich	_	_	
7-35	2512-2519	einfach	_	_	
7-36	2519-2520	.	_	_	
7-37	2521-2527	Allein	_	_	
7-38	2528-2530	im	_	_	
7-39	2531-2546	Datenschutzteil	_	B	
7-40	2547-2554	unseres	_	B	
7-41	2555-2562	Antrags	_	I	
7-42	2563-2568	haben	_	_	
7-43	2569-2572	wir	_	B	
7-44	2573-2578	Ihnen	_	B	
7-45	2579-2584	zwölf	_	B	
7-46	2585-2593	konkrete	_	I	
7-47	2594-2604	Vorschläge	_	I	
7-48	2605-2614	vorgelegt	_	_	
7-49	2614-2615	,	_	_	
7-50	2616-2619	was	_	B	
7-51	2620-2623	Sie	_	B	
7-52	2624-2627	tun	_	_	
7-53	2628-2634	können	_	_	
7-54	2634-2635	,	_	_	
7-55	2636-2638	um	_	_	
7-56	2639-2642	den	_	B	
7-57	2643-2654	Datenschutz	_	I	
7-58	2655-2657	zu	_	_	
7-59	2658-2668	verbessern	_	_	
7-60	2668-2669	,	_	_	
7-61	2670-2673	von	_	_	
7-62	2674-2677	der	_	B	
7-63	2678-2683	guten	_	I	
7-64	2684-2693	Umsetzung	_	I	
7-65	2694-2697	der	_	B	
7-66	2698-2728	EU-Datenschutz-Grundverordnung	_	I	
7-67	2729-2733	über	_	_	
7-68	2734-2742	Abkommen	_	B	
7-69	2743-2747	über	_	_	
7-70	2748-2751	die	_	B	
7-71	2752-2769	Datenübermittlung	_	I	
7-72	2770-2772	an	_	_	
7-73	2773-2785	Drittstaaten	Animated	B	
7-74	2786-2789	bis	_	_	
7-75	2790-2793	zur	_	_	
7-76	2794-2802	Stärkung	_	B	
7-77	2803-2806	der	_	B	
7-78	2807-2822	Medienkompetenz	_	I	
7-79	2823-2824	–	_	_	
7-80	2825-2833	wirklich	_	B	
7-81	2834-2838	eine	_	I	
7-82	2839-2845	breite	_	I	
7-83	2846-2854	Vielfalt	_	I	
7-84	2855-2857	an	_	_	
7-85	2858-2869	Vorschlägen	_	B	
7-86	2869-2870	.	_	_	

#Text=Des Weiteren müssen wir über das Wettbewerbsrecht sprechen. Ich finde es gerade als Wirtschaftspolitikerin irritierend, dass immer noch behauptet wird, ein guter Datenschutz sei ein Wettbewerbshemmnis für die Unternehmen in Europa. Genau das ist nicht der Fall. Gute Datenschutzbedingungen sind gerade ein Potenzial, mit dem man Kundinnen und Kunden überzeugen kann. Gerade angesichts eines solchen Skandals wie bei Facebook sieht man doch, dass dort ein enormes Potenzial besteht.
8-1	2881-2884	Des	_	B	
8-2	2885-2893	Weiteren	_	I	
8-3	2894-2900	müssen	_	_	
8-4	2901-2904	wir	_	B	
8-5	2905-2909	über	_	_	
8-6	2910-2913	das	_	B	
8-7	2914-2930	Wettbewerbsrecht	_	I	
8-8	2931-2939	sprechen	_	_	
8-9	2939-2940	.	_	_	
8-10	2941-2944	Ich	Animated	B	
8-11	2945-2950	finde	_	_	
8-12	2951-2953	es	_	B	
8-13	2954-2960	gerade	_	_	
8-14	2961-2964	als	_	_	
8-15	2965-2987	Wirtschaftspolitikerin	Animated	B	
8-16	2988-2999	irritierend	_	_	
8-17	2999-3000	,	_	_	
8-18	3001-3005	dass	_	_	
8-19	3006-3011	immer	_	_	
8-20	3012-3016	noch	_	_	
8-21	3017-3026	behauptet	_	_	
8-22	3027-3031	wird	_	_	
8-23	3031-3032	,	_	_	
8-24	3033-3036	ein	_	B	
8-25	3037-3042	guter	_	I	
8-26	3043-3054	Datenschutz	_	I	
8-27	3055-3058	sei	_	_	
8-28	3059-3062	ein	_	B	
8-29	3063-3081	Wettbewerbshemmnis	_	I	
8-30	3082-3085	für	_	_	
8-31	3086-3089	die	Animated[17]	B	
8-32	3090-3101	Unternehmen	Animated[17]	I	
8-33	3102-3104	in	_	_	
8-34	3105-3111	Europa	_	B	
8-35	3111-3112	.	_	_	
8-36	3113-3118	Genau	_	B	
8-37	3119-3122	das	_	I	
8-38	3123-3126	ist	_	_	
8-39	3127-3132	nicht	_	_	
8-40	3133-3136	der	_	B	
8-41	3137-3141	Fall	_	I	
8-42	3141-3142	.	_	_	
8-43	3143-3147	Gute	_	B	
8-44	3148-3170	Datenschutzbedingungen	_	I	
8-45	3171-3175	sind	_	_	
8-46	3176-3182	gerade	_	B	
8-47	3183-3186	ein	_	I	
8-48	3187-3196	Potenzial	_	I	
8-49	3196-3197	,	_	_	
8-50	3198-3201	mit	_	_	
8-51	3202-3205	dem	_	B	
8-52	3206-3209	man	_	B	
8-53	3210-3219	Kundinnen	Animated	B	
8-54	3220-3223	und	_	_	
8-55	3224-3230	Kunden	Animated	B	
8-56	3231-3241	überzeugen	_	_	
8-57	3242-3246	kann	_	_	
8-58	3246-3247	.	_	_	
8-59	3248-3254	Gerade	_	_	
8-60	3255-3265	angesichts	_	_	
8-61	3266-3271	eines	_	B	
8-62	3272-3279	solchen	_	I	
8-63	3280-3288	Skandals	_	I	
8-64	3289-3292	wie	_	_	
8-65	3293-3296	bei	_	_	
8-66	3297-3305	Facebook	Animated	B	
8-67	3306-3311	sieht	_	_	
8-68	3312-3315	man	Animated	B	
8-69	3316-3320	doch	_	_	
8-70	3320-3321	,	_	_	
8-71	3322-3326	dass	_	_	
8-72	3327-3331	dort	_	_	
8-73	3332-3335	ein	_	B	
8-74	3336-3343	enormes	_	I	
8-75	3344-3353	Potenzial	_	I	
8-76	3354-3361	besteht	_	_	
8-77	3361-3362	.	_	_	

#Text=Das haben wir auch den entsprechenden Unternehmen gesagt. Das Problem, das diese mit Konzernen wie Facebook und Google haben, ist nicht die Datenschutz-Grundverordnung oder der Datenschutz der Bürgerinnen und Bürger, sondern die Marktmacht dieser Konzerne. Diese macht es vielen Unternehmen unmöglich, mit solchen Konzernen in Wettbewerb zu treten. Wir haben hier Märkte, die schon aus sich heraus zu Monopolisierungstendenzen neigen. Für die Nutzerinnen und Nutzer macht es keinen Sinn, zwei Plattformen zu nutzen. Sie haben keine ordentlichen Alternativangebote. Das Logischste für Verbraucherinnen und Verbraucher wäre eigentlich, dass sie, wenn sie so betrogen wurden wie im Facebook-Skandal, zu einem anderen Anbieter gehen und sagen: Facebook, wir zeigen dir die Rote Karte! – Das tut solchen Unternehmen dann wirklich weh. Das ist eigentlich das beste Instrument, um bei Unternehmen ein Nachdenken auszulösen und zu erwirken, dass sie ihr Verhalten ändern. Diese Möglichkeit haben Verbraucherinnen und Verbraucher in vielen Bereichen von Internetplattformen nicht, weil es diese Monopolisierungstendenzen gibt. Das Wettbewerbsrecht ist eine Antwort darauf und kann helfen, Datenschutz und fairen Wettbewerb herzustellen.
9-1	3372-3375	Das	_	B	
9-2	3376-3381	haben	_	_	
9-3	3382-3385	wir	Animated	B	
9-4	3386-3390	auch	Animated[18]	B	
9-5	3391-3394	den	Animated[18]	I	
9-6	3395-3409	entsprechenden	Animated[18]	I	
9-7	3410-3421	Unternehmen	Animated[18]	I	
9-8	3422-3428	gesagt	_	_	
9-9	3428-3429	.	_	_	
9-10	3430-3433	Das	_	B	
9-11	3434-3441	Problem	_	I	
9-12	3441-3442	,	_	_	
9-13	3443-3446	das	_	B	
9-14	3447-3452	diese	_	B	
9-15	3453-3456	mit	_	_	
9-16	3457-3466	Konzernen	Animated	B	
9-17	3467-3470	wie	_	_	
9-18	3471-3479	Facebook	_	_	
9-19	3480-3483	und	_	_	
9-20	3484-3490	Google	Animated	B	
9-21	3491-3496	haben	_	_	
9-22	3496-3497	,	_	_	
9-23	3498-3501	ist	_	_	
9-24	3502-3507	nicht	_	B	
9-25	3508-3511	die	_	I	
9-26	3512-3539	Datenschutz-Grundverordnung	_	I	
9-27	3540-3544	oder	_	_	
9-28	3545-3548	der	_	B	
9-29	3549-3560	Datenschutz	_	I	
9-30	3561-3564	der	Animated[19]	B	
9-31	3565-3576	Bürgerinnen	Animated[19]	I	
9-32	3577-3580	und	_	_	
9-33	3581-3587	Bürger	Animated	B	
9-34	3587-3588	,	_	_	
9-35	3589-3596	sondern	_	_	
9-36	3597-3600	die	_	B	
9-37	3601-3611	Marktmacht	_	I	
9-38	3612-3618	dieser	Animated[20]	B	
9-39	3619-3627	Konzerne	Animated[20]	I	
9-40	3627-3628	.	_	_	
9-41	3629-3634	Diese	_	B	
9-42	3635-3640	macht	_	_	
9-43	3641-3643	es	_	B	
9-44	3644-3650	vielen	Animated[21]	B	
9-45	3651-3662	Unternehmen	Animated[21]	I	
9-46	3663-3672	unmöglich	_	_	
9-47	3672-3673	,	_	_	
9-48	3674-3677	mit	_	_	
9-49	3678-3685	solchen	Animated[22]	B	
9-50	3686-3695	Konzernen	Animated[22]	I	
9-51	3696-3698	in	_	_	
9-52	3699-3709	Wettbewerb	_	B	
9-53	3710-3712	zu	_	_	
9-54	3713-3719	treten	_	_	
9-55	3719-3720	.	_	_	
9-56	3721-3724	Wir	Animated	B	
9-57	3725-3730	haben	_	_	
9-58	3731-3735	hier	_	_	
9-59	3736-3742	Märkte	Animated	B	
9-60	3742-3743	,	_	_	
9-61	3744-3747	die	_	B	
9-62	3748-3753	schon	_	_	
9-63	3754-3757	aus	_	_	
9-64	3758-3762	sich	_	B	
9-65	3763-3769	heraus	_	_	
9-66	3770-3772	zu	_	_	
9-67	3773-3798	Monopolisierungstendenzen	_	B	
9-68	3799-3805	neigen	_	_	
9-69	3805-3806	.	_	_	
9-70	3807-3810	Für	_	_	
9-71	3811-3814	die	Animated[23]	B	
9-72	3815-3826	Nutzerinnen	Animated[23]	I	
9-73	3827-3830	und	_	_	
9-74	3831-3837	Nutzer	Animated	B	
9-75	3838-3843	macht	_	_	
9-76	3844-3846	es	_	_	
9-77	3847-3853	keinen	_	B	
9-78	3854-3858	Sinn	_	I	
9-79	3858-3859	,	_	_	
9-80	3860-3864	zwei	Animated[24]	B	
9-81	3865-3876	Plattformen	Animated[24]	I	
9-82	3877-3879	zu	_	_	
9-83	3880-3886	nutzen	_	_	
9-84	3886-3887	.	_	_	
9-85	3888-3891	Sie	_	B	
9-86	3892-3897	haben	_	_	
9-87	3898-3903	keine	_	B	
9-88	3904-3916	ordentlichen	_	I	
9-89	3917-3935	Alternativangebote	_	I	
9-90	3935-3936	.	_	_	
9-91	3937-3940	Das	_	B	
9-92	3941-3951	Logischste	_	I	
9-93	3952-3955	für	_	_	
9-94	3956-3972	Verbraucherinnen	Animated	B	
9-95	3973-3976	und	_	_	
9-96	3977-3988	Verbraucher	Animated	B	
9-97	3989-3993	wäre	_	_	
9-98	3994-4004	eigentlich	_	_	
9-99	4004-4005	,	_	_	
9-100	4006-4010	dass	_	_	
9-101	4011-4014	sie	_	B	
9-102	4014-4015	,	_	_	
9-103	4016-4020	wenn	_	_	
9-104	4021-4024	sie	_	B	
9-105	4025-4027	so	_	_	
9-106	4028-4036	betrogen	_	_	
9-107	4037-4043	wurden	_	_	
9-108	4044-4047	wie	_	_	
9-109	4048-4050	im	_	_	
9-110	4051-4067	Facebook-Skandal	_	B	
9-111	4067-4068	,	_	_	
9-112	4069-4071	zu	_	_	
9-113	4072-4077	einem	Animated[25]	B	
9-114	4078-4085	anderen	Animated[25]	I	
9-115	4086-4094	Anbieter	Animated[25]	I	
9-116	4095-4100	gehen	_	_	
9-117	4101-4104	und	_	_	
9-118	4105-4110	sagen	_	_	
9-119	4110-4111	:	_	_	
9-120	4112-4120	Facebook	Animated	B	
9-121	4120-4121	,	_	_	
9-122	4122-4125	wir	Animated	B	
9-123	4126-4132	zeigen	_	_	
9-124	4133-4136	dir	_	B	
9-125	4137-4140	die	_	B	
9-126	4141-4145	Rote	_	I	
9-127	4146-4151	Karte	_	I	
9-128	4151-4152	!	_	_	
9-129	4153-4154	–	_	_	
9-130	4155-4158	Das	_	B	
9-131	4159-4162	tut	_	_	
9-132	4163-4170	solchen	Animated[26]	B	
9-133	4171-4182	Unternehmen	Animated[26]	I	
9-134	4183-4187	dann	_	_	
9-135	4188-4196	wirklich	_	_	
9-136	4197-4200	weh	_	_	
9-137	4200-4201	.	_	_	
9-138	4202-4205	Das	_	B	
9-139	4206-4209	ist	_	_	
9-140	4210-4220	eigentlich	_	_	
9-141	4221-4224	das	_	B	
9-142	4225-4230	beste	_	I	
9-143	4231-4241	Instrument	_	I	
9-144	4241-4242	,	_	_	
9-145	4243-4245	um	_	_	
9-146	4246-4249	bei	_	_	
9-147	4250-4261	Unternehmen	Animated	B	
9-148	4262-4265	ein	_	B	
9-149	4266-4276	Nachdenken	_	I	
9-150	4277-4287	auszulösen	_	_	
9-151	4288-4291	und	_	_	
9-152	4292-4294	zu	_	_	
9-153	4295-4303	erwirken	_	_	
9-154	4303-4304	,	_	_	
9-155	4305-4309	dass	_	_	
9-156	4310-4313	sie	_	B	
9-157	4314-4317	ihr	_	B	
9-158	4318-4327	Verhalten	_	I	
9-159	4328-4334	ändern	_	_	
9-160	4334-4335	.	_	_	
9-161	4336-4341	Diese	_	B	
9-162	4342-4353	Möglichkeit	_	I	
9-163	4354-4359	haben	_	_	
9-164	4360-4376	Verbraucherinnen	Animated	B	
9-165	4377-4380	und	_	_	
9-166	4381-4392	Verbraucher	Animated	B	
9-167	4393-4395	in	_	_	
9-168	4396-4402	vielen	_	B	
9-169	4403-4412	Bereichen	_	I	
9-170	4413-4416	von	_	_	
9-171	4417-4436	Internetplattformen	Animated	B	
9-172	4437-4442	nicht	_	_	
9-173	4442-4443	,	_	_	
9-174	4444-4448	weil	_	_	
9-175	4449-4451	es	_	_	
9-176	4452-4457	diese	_	B	
9-177	4458-4483	Monopolisierungstendenzen	_	I	
9-178	4484-4488	gibt	_	_	
9-179	4488-4489	.	_	_	
9-180	4490-4493	Das	_	B	
9-181	4494-4510	Wettbewerbsrecht	_	I	
9-182	4511-4514	ist	_	_	
9-183	4515-4519	eine	_	B	
9-184	4520-4527	Antwort	_	I	
9-185	4528-4534	darauf	_	_	
9-186	4535-4538	und	_	_	
9-187	4539-4543	kann	_	_	
9-188	4544-4550	helfen	_	_	
9-189	4550-4551	,	_	_	
9-190	4552-4563	Datenschutz	_	B	
9-191	4564-4567	und	_	_	
9-192	4568-4574	fairen	_	B	
9-193	4575-4585	Wettbewerb	_	I	
9-194	4586-4598	herzustellen	_	_	
9-195	4598-4599	.	_	_	

#Text=Wir haben in unserem Antrag ganz konkrete Vorschläge gemacht, wie das gehen kann. Wir sehen unter anderem eine Verpflichtung zu Interoperabilität vor, die zum Beispiel dafür sorgt, dass man von WhatsApp aus mit Threema kommunizieren kann, genauso wie man eine E-Mail von Gmail an Web.de schicken kann, genauso wie man mit seinem Handy anbieterübergreifend telefonieren kann. Eine solche Verpflichtung zu Interoperabilität würde Wettbewerb ermöglichen. Wir verlangen von Ihnen als Bundesregierung, dass Sie eine solche Verpflichtung mit einer Nachweispflicht für die Anbieter einführen: Wenn das technisch oder unter Datenschutzaspekten nicht geht, muss das nachgewiesen werden. Ansonsten ist die Verpflichtung zu Interoperabilität einzuhalten. Das wäre ein wichtiger erster Schritt, um für Wettbewerb auf den digitalen Märkten zu sorgen.
10-1	4626-4629	Wir	Animated	B	
10-2	4630-4635	haben	_	_	
10-3	4636-4638	in	_	_	
10-4	4639-4646	unserem	_	B	
10-5	4647-4653	Antrag	_	I	
10-6	4654-4658	ganz	_	B	
10-7	4659-4667	konkrete	_	I	
10-8	4668-4678	Vorschläge	_	I	
10-9	4679-4686	gemacht	_	_	
10-10	4686-4687	,	_	_	
10-11	4688-4691	wie	_	_	
10-12	4692-4695	das	_	B	
10-13	4696-4701	gehen	_	_	
10-14	4702-4706	kann	_	_	
10-15	4706-4707	.	_	_	
10-16	4708-4711	Wir	Animated	B	
10-17	4712-4717	sehen	_	_	
10-18	4718-4723	unter	_	_	
10-19	4724-4731	anderem	_	B	
10-20	4732-4736	eine	_	_	
10-21	4737-4750	Verpflichtung	_	_	
10-22	4751-4753	zu	_	_	
10-23	4754-4771	Interoperabilität	_	B	
10-24	4772-4775	vor	_	_	
10-25	4775-4776	,	_	_	
10-26	4777-4780	die	_	B	
10-27	4781-4784	zum	_	_	
10-28	4785-4793	Beispiel	_	B	
10-29	4794-4799	dafür	_	_	
10-30	4800-4805	sorgt	_	_	
10-31	4805-4806	,	_	_	
10-32	4807-4811	dass	_	_	
10-33	4812-4815	man	Animated	B	
10-34	4816-4819	von	_	_	
10-35	4820-4828	WhatsApp	_	B	
10-36	4829-4832	aus	_	_	
10-37	4833-4836	mit	_	_	
10-38	4837-4844	Threema	_	B	
10-39	4845-4858	kommunizieren	_	_	
10-40	4859-4863	kann	_	_	
10-41	4863-4864	,	_	_	
10-42	4865-4872	genauso	_	_	
10-43	4873-4876	wie	_	_	
10-44	4877-4880	man	Animated	B	
10-45	4881-4885	eine	_	B	
10-46	4886-4892	E-Mail	_	I	
10-47	4893-4896	von	_	_	
10-48	4897-4902	Gmail	_	B	
10-49	4903-4905	an	_	_	
10-50	4906-4912	Web.de	_	B	
10-51	4913-4921	schicken	_	_	
10-52	4922-4926	kann	_	_	
10-53	4926-4927	,	_	_	
10-54	4928-4935	genauso	_	_	
10-55	4936-4939	wie	_	_	
10-56	4940-4943	man	Animated	B	
10-57	4944-4947	mit	_	_	
10-58	4948-4954	seinem	_	B	
10-59	4955-4960	Handy	_	I	
10-60	4961-4981	anbieterübergreifend	_	_	
10-61	4982-4994	telefonieren	_	_	
10-62	4995-4999	kann	_	_	
10-63	4999-5000	.	_	_	
10-64	5001-5005	Eine	_	B	
10-65	5006-5012	solche	_	I	
10-66	5013-5026	Verpflichtung	_	I	
10-67	5027-5029	zu	_	_	
10-68	5030-5047	Interoperabilität	_	B	
10-69	5048-5053	würde	_	_	
10-70	5054-5064	Wettbewerb	_	B	
10-71	5065-5076	ermöglichen	_	_	
10-72	5076-5077	.	_	_	
10-73	5078-5081	Wir	Animated	B	
10-74	5082-5091	verlangen	_	_	
10-75	5092-5095	von	_	_	
10-76	5096-5101	Ihnen	_	B	
10-77	5102-5105	als	_	_	
10-78	5106-5121	Bundesregierung	Animated	B	
10-79	5121-5122	,	_	_	
10-80	5123-5127	dass	_	_	
10-81	5128-5131	Sie	_	B	
10-82	5132-5136	eine	_	B	
10-83	5137-5143	solche	_	I	
10-84	5144-5157	Verpflichtung	_	I	
10-85	5158-5161	mit	_	_	
10-86	5162-5167	einer	_	B	
10-87	5168-5183	Nachweispflicht	_	I	
10-88	5184-5187	für	_	_	
10-89	5188-5191	die	Animated[27]	B	
10-90	5192-5200	Anbieter	Animated[27]	I	
10-91	5201-5210	einführen	_	_	
10-92	5210-5211	:	_	_	
10-93	5212-5216	Wenn	_	_	
10-94	5217-5220	das	_	B	
10-95	5221-5230	technisch	_	_	
10-96	5231-5235	oder	_	_	
10-97	5236-5241	unter	_	_	
10-98	5242-5261	Datenschutzaspekten	_	B	
10-99	5262-5267	nicht	_	_	
10-100	5268-5272	geht	_	_	
10-101	5272-5273	,	_	_	
10-102	5274-5278	muss	_	_	
10-103	5279-5282	das	_	B	
10-104	5283-5295	nachgewiesen	_	_	
10-105	5296-5302	werden	_	_	
10-106	5302-5303	.	_	_	
10-107	5304-5313	Ansonsten	_	_	
10-108	5314-5317	ist	_	_	
10-109	5318-5321	die	_	B	
10-110	5322-5335	Verpflichtung	_	I	
10-111	5336-5338	zu	_	_	
10-112	5339-5356	Interoperabilität	_	B	
10-113	5357-5368	einzuhalten	_	_	
10-114	5368-5369	.	_	_	
10-115	5370-5373	Das	_	B	
10-116	5374-5378	wäre	_	_	
10-117	5379-5382	ein	_	B	
10-118	5383-5392	wichtiger	_	I	
10-119	5393-5399	erster	_	I	
10-120	5400-5407	Schritt	_	I	
10-121	5407-5408	,	_	_	
10-122	5409-5411	um	_	_	
10-123	5412-5415	für	_	_	
10-124	5416-5426	Wettbewerb	_	B	
10-125	5427-5430	auf	_	_	
10-126	5431-5434	den	_	B	
10-127	5435-5444	digitalen	_	I	
10-128	5445-5452	Märkten	_	I	
10-129	5453-5455	zu	_	_	
10-130	5456-5462	sorgen	_	_	
10-131	5462-5463	.	_	_	

#Text=Ein weiteres Thema ist die Fusionskontrolle. Die Europäische Kommission hat die Fusion von Facebook und WhatsApp in der irrigen Annahme erlaubt, dass das Zusammenführen von Daten nicht der Hauptgrund für Facebook gewesen wäre, WhatsApp zu kaufen. Natürlich war das Gegenteil der Fall. Die Europäische Kommission musste schon ein Missbrauchsverfahren gegen Facebook einleiten. Wir fordern, dass das Zusammenführen von Daten endlich auch in der Fusionskontrolle eine Rolle spielt. Die Kommission muss sagen: Wir haben einen Fehler gemacht. Facebook missbraucht die Daten, die sie von WhatsApp bekommen haben, und deshalb muss diese Fusion rückgängig gemacht werden.
11-1	5479-5482	Ein	_	B	
11-2	5483-5491	weiteres	_	I	
11-3	5492-5497	Thema	_	I	
11-4	5498-5501	ist	_	_	
11-5	5502-5505	die	_	B	
11-6	5506-5522	Fusionskontrolle	_	I	
11-7	5522-5523	.	_	_	
11-8	5524-5527	Die	Animated[28]	B	
11-9	5528-5539	Europäische	Animated[28]	I	
11-10	5540-5550	Kommission	Animated[28]	I	
11-11	5551-5554	hat	_	_	
11-12	5555-5558	die	_	B	
11-13	5559-5565	Fusion	_	I	
11-14	5566-5569	von	_	_	
11-15	5570-5578	Facebook	Animated	B	
11-16	5579-5582	und	_	_	
11-17	5583-5591	WhatsApp	Animated	B	
11-18	5592-5594	in	_	_	
11-19	5595-5598	der	_	B	
11-20	5599-5606	irrigen	_	I	
11-21	5607-5614	Annahme	_	I	
11-22	5615-5622	erlaubt	_	_	
11-23	5622-5623	,	_	_	
11-24	5624-5628	dass	_	_	
11-25	5629-5632	das	_	B	
11-26	5633-5647	Zusammenführen	_	I	
11-27	5648-5651	von	_	_	
11-28	5652-5657	Daten	_	B	
11-29	5658-5663	nicht	_	_	
11-30	5664-5667	der	_	B	
11-31	5668-5678	Hauptgrund	_	I	
11-32	5679-5682	für	_	_	
11-33	5683-5691	Facebook	Animated	B	
11-34	5692-5699	gewesen	_	_	
11-35	5700-5704	wäre	_	_	
11-36	5704-5705	,	_	_	
11-37	5706-5714	WhatsApp	Animated	B	
11-38	5715-5717	zu	_	_	
11-39	5718-5724	kaufen	_	_	
11-40	5724-5725	.	_	_	
11-41	5726-5735	Natürlich	_	_	
11-42	5736-5739	war	_	_	
11-43	5740-5743	das	_	B	
11-44	5744-5753	Gegenteil	_	I	
11-45	5754-5757	der	_	B	
11-46	5758-5762	Fall	_	I	
11-47	5762-5763	.	_	_	
11-48	5764-5767	Die	Animated[29]	B	
11-49	5768-5779	Europäische	Animated[29]	I	
11-50	5780-5790	Kommission	Animated[29]	I	
11-51	5791-5797	musste	_	_	
11-52	5798-5803	schon	_	_	
11-53	5804-5807	ein	_	B	
11-54	5808-5828	Missbrauchsverfahren	_	I	
11-55	5829-5834	gegen	_	_	
11-56	5835-5843	Facebook	Animated	B	
11-57	5844-5853	einleiten	_	_	
11-58	5853-5854	.	_	_	
11-59	5855-5858	Wir	Animated	B	
11-60	5859-5866	fordern	_	_	
11-61	5866-5867	,	_	_	
11-62	5868-5872	dass	_	_	
11-63	5873-5876	das	_	B	
11-64	5877-5891	Zusammenführen	_	I	
11-65	5892-5895	von	_	_	
11-66	5896-5901	Daten	_	B	
11-67	5902-5909	endlich	_	_	
11-68	5910-5914	auch	_	_	
11-69	5915-5917	in	_	_	
11-70	5918-5921	der	_	B	
11-71	5922-5938	Fusionskontrolle	_	I	
11-72	5939-5943	eine	_	B	
11-73	5944-5949	Rolle	_	I	
11-74	5950-5956	spielt	_	_	
11-75	5956-5957	.	_	_	
11-76	5958-5961	Die	Animated[30]	B	
11-77	5962-5972	Kommission	Animated[30]	I	
11-78	5973-5977	muss	_	_	
11-79	5978-5983	sagen	_	_	
11-80	5983-5984	:	_	_	
11-81	5985-5988	Wir	Animated	B	
11-82	5989-5994	haben	_	_	
11-83	5995-6000	einen	_	B	
11-84	6001-6007	Fehler	_	I	
11-85	6008-6015	gemacht	_	_	
11-86	6015-6016	.	_	_	
11-87	6017-6025	Facebook	Animated	B	
11-88	6026-6037	missbraucht	_	_	
11-89	6038-6041	die	_	B	
11-90	6042-6047	Daten	_	I	
11-91	6047-6048	,	_	_	
11-92	6049-6052	die	_	B	
11-93	6053-6056	sie	_	B	
11-94	6057-6060	von	_	_	
11-95	6061-6069	WhatsApp	Animated	B	
11-96	6070-6078	bekommen	_	_	
11-97	6079-6084	haben	_	_	
11-98	6084-6085	,	_	_	
11-99	6086-6089	und	_	_	
11-100	6090-6097	deshalb	_	_	
11-101	6098-6102	muss	_	_	
11-102	6103-6108	diese	_	B	
11-103	6109-6115	Fusion	_	I	
11-104	6116-6126	rückgängig	_	_	
11-105	6127-6134	gemacht	_	_	
11-106	6135-6141	werden	_	_	
11-107	6141-6142	.	_	_	

#Text=Nun zum letzten Argument. Ich möchte mich bei der FDP bedanken, deren letzter Wirtschaftsminister einen Vorschlag zur missbrauchsunabhängigen Entflechtungsmöglichkeit eingebracht hat. Das war eine sehr gute Vorlage von Ihnen damals. Es gibt Märkte, die so vermachtet sind, dass es keine Möglichkeit gibt, fairen Wettbewerb herzustellen.
12-1	6156-6159	Nun	_	_	
12-2	6160-6163	zum	_	_	
12-3	6164-6171	letzten	_	B	
12-4	6172-6180	Argument	_	I	
12-5	6180-6181	.	_	_	
12-6	6182-6185	Ich	Animated	B	
12-7	6186-6192	möchte	_	_	
12-8	6193-6197	mich	_	B	
12-9	6198-6201	bei	_	_	
12-10	6202-6205	der	Animated[31]	B	
12-11	6206-6209	FDP	Animated[31]	I	
12-12	6210-6218	bedanken	_	_	
12-13	6218-6219	,	_	_	
12-14	6220-6225	deren	Animated[32]	B	
12-15	6226-6233	letzter	Animated[32]	I	
12-16	6234-6253	Wirtschaftsminister	Animated[32]	I	
12-17	6254-6259	einen	_	B	
12-18	6260-6269	Vorschlag	_	I	
12-19	6270-6273	zur	_	_	
12-20	6274-6297	missbrauchsunabhängigen	_	B	
12-21	6298-6322	Entflechtungsmöglichkeit	_	I	
12-22	6323-6334	eingebracht	_	_	
12-23	6335-6338	hat	_	_	
12-24	6338-6339	.	_	_	
12-25	6340-6343	Das	_	B	
12-26	6344-6347	war	_	_	
12-27	6348-6352	eine	_	B	
12-28	6353-6357	sehr	_	I	
12-29	6358-6362	gute	_	I	
12-30	6363-6370	Vorlage	_	I	
12-31	6371-6374	von	_	_	
12-32	6375-6380	Ihnen	_	B	
12-33	6381-6387	damals	_	_	
12-34	6387-6388	.	_	_	
12-35	6389-6391	Es	_	_	
12-36	6392-6396	gibt	_	_	
12-37	6397-6403	Märkte	_	B	
12-38	6403-6404	,	_	_	
12-39	6405-6408	die	_	B	
12-40	6409-6411	so	_	_	
12-41	6412-6422	vermachtet	_	_	
12-42	6423-6427	sind	_	_	
12-43	6427-6428	,	_	_	
12-44	6429-6433	dass	_	_	
12-45	6434-6436	es	_	_	
12-46	6437-6442	keine	_	B	
12-47	6443-6454	Möglichkeit	_	I	
12-48	6455-6459	gibt	_	_	
12-49	6459-6460	,	_	_	
12-50	6461-6467	fairen	_	B	
12-51	6468-6478	Wettbewerb	_	I	
12-52	6479-6491	herzustellen	_	_	
12-53	6491-6492	.	_	_	

#Text=Wenn man sich anguckt, dass die Internetanbieter gerade über das gigantische Zusammentragen von Daten enorme Wettbewerbsvorteile haben, dann erkennt man, dass man darüber nachdenken muss, ob man als Ultima Ratio, als letzten Schritt, wenn wirklich nichts anderes mehr wirkt, eine missbrauchsunabhängige Entflechtungsmöglichkeit auch in diesen Märkten einführt – für fairen Wettbewerb, für Datenschutz, für die Verbraucherrechte. Das wäre unser Vorschlag.
13-1	6501-6505	Wenn	_	_	
13-2	6506-6509	man	Animated	B	
13-3	6510-6514	sich	_	B	
13-4	6515-6522	anguckt	_	_	
13-5	6522-6523	,	_	_	
13-6	6524-6528	dass	_	_	
13-7	6529-6532	die	Animated[33]	B	
13-8	6533-6549	Internetanbieter	Animated[33]	I	
13-9	6550-6556	gerade	_	_	
13-10	6557-6561	über	_	_	
13-11	6562-6565	das	_	B	
13-12	6566-6577	gigantische	_	I	
13-13	6578-6592	Zusammentragen	_	I	
13-14	6593-6596	von	_	_	
13-15	6597-6602	Daten	_	B	
13-16	6603-6609	enorme	_	B	
13-17	6610-6629	Wettbewerbsvorteile	_	I	
13-18	6630-6635	haben	_	_	
13-19	6635-6636	,	_	_	
13-20	6637-6641	dann	_	_	
13-21	6642-6649	erkennt	_	_	
13-22	6650-6653	man	Animated	B	
13-23	6653-6654	,	_	_	
13-24	6655-6659	dass	_	_	
13-25	6660-6663	man	Animated	B	
13-26	6664-6671	darüber	_	_	
13-27	6672-6682	nachdenken	_	_	
13-28	6683-6687	muss	_	_	
13-29	6687-6688	,	_	_	
13-30	6689-6691	ob	_	_	
13-31	6692-6695	man	Animated	B	
13-32	6696-6699	als	_	_	
13-33	6700-6706	Ultima	_	_	
13-34	6707-6712	Ratio	_	_	
13-35	6712-6713	,	_	_	
13-36	6714-6717	als	_	_	
13-37	6718-6725	letzten	_	B	
13-38	6726-6733	Schritt	_	I	
13-39	6733-6734	,	_	_	
13-40	6735-6739	wenn	_	_	
13-41	6740-6748	wirklich	_	_	
13-42	6749-6755	nichts	_	B	
13-43	6756-6763	anderes	_	I	
13-44	6764-6768	mehr	_	_	
13-45	6769-6774	wirkt	_	_	
13-46	6774-6775	,	_	_	
13-47	6776-6780	eine	_	B	
13-48	6781-6803	missbrauchsunabhängige	_	I	
13-49	6804-6828	Entflechtungsmöglichkeit	_	I	
13-50	6829-6833	auch	_	_	
13-51	6834-6836	in	_	_	
13-52	6837-6843	diesen	_	B	
13-53	6844-6851	Märkten	_	I	
13-54	6852-6860	einführt	_	_	
13-55	6861-6862	–	_	_	
13-56	6863-6866	für	_	_	
13-57	6867-6873	fairen	_	B	
13-58	6874-6884	Wettbewerb	_	I	
13-59	6884-6885	,	_	_	
13-60	6886-6889	für	_	_	
13-61	6890-6901	Datenschutz	_	B	
13-62	6901-6902	,	_	_	
13-63	6903-6906	für	_	_	
13-64	6907-6910	die	_	B	
13-65	6911-6928	Verbraucherrechte	_	I	
13-66	6928-6929	.	_	_	
13-67	6930-6933	Das	_	B	
13-68	6934-6938	wäre	_	_	
13-69	6939-6944	unser	_	B	
13-70	6945-6954	Vorschlag	_	I	
13-71	6954-6955	.	_	_	

#Text=Das Wort hat der Kollege Axel Knoerig für die CDU/CSU-Fraktion.
14-1	6967-6970	Das	_	B	
14-2	6971-6975	Wort	_	I	
14-3	6976-6979	hat	_	_	
14-4	6980-6983	der	Animated[34]	B	
14-5	6984-6991	Kollege	Animated[34]	I	
14-6	6992-6996	Axel	Animated[34]	I	
14-7	6997-7004	Knoerig	Animated[34]	I	
14-8	7005-7008	für	_	_	
14-9	7009-7012	die	Animated[35]	B	
14-10	7013-7016	CDU	Animated[35]	I	
14-11	7016-7017	/	_	B	
14-12	7017-7029	CSU-Fraktion	Animated	B	
14-13	7029-7030	.	_	_	
