#FORMAT=WebAnno TSV 3.3
#T_SP=webanno.custom.Animacy|Animated
#T_SP=webanno.custom.CustomChunk|Chunk


#Text=Herr Präsident! Meine sehr verehrten Damen und Herren! Der Schock über den Gewaltausbruch von Stuttgart sitzt tief. Alle Gewalttäter gehören gerecht bestraft. Zu den Anstiftern – das möchte ich schon ausdrücklich sagen – gehören für mich auch all diejenigen, die die Gewalttaten – die Kollegin Vogt hat das bereits erwähnt – im Netz gefeiert haben, als ob es eine Heldentat wäre, Schaufenster zu zerstören oder auf Polizisten einzuprügeln.
1-1	0-4	Herr	Animated[1]	B	
1-2	5-14	Präsident	Animated[1]	I	
1-3	14-15	!	_	_	
1-4	16-21	Meine	Animated[2]	B	
1-5	22-26	sehr	Animated[2]	I	
1-6	27-36	verehrten	Animated[2]	I	
1-7	37-42	Damen	Animated[2]	I	
1-8	43-46	und	_	_	
1-9	47-53	Herren	Animated	B	
1-10	53-54	!	_	_	
1-11	55-58	Der	_	B	
1-12	59-65	Schock	_	I	
1-13	66-70	über	_	_	
1-14	71-74	den	_	B	
1-15	75-89	Gewaltausbruch	_	I	
1-16	90-93	von	_	_	
1-17	94-103	Stuttgart	Animated	B	
1-18	104-109	sitzt	_	_	
1-19	110-114	tief	_	_	
1-20	114-115	.	_	_	
1-21	116-120	Alle	Animated[3]	B	
1-22	121-132	Gewalttäter	Animated[3]	I	
1-23	133-140	gehören	_	_	
1-24	141-148	gerecht	_	_	
1-25	149-157	bestraft	_	_	
1-26	157-158	.	_	_	
1-27	159-161	Zu	_	_	
1-28	162-165	den	Animated[4]	B	
1-29	166-176	Anstiftern	Animated[4]	I	
1-30	177-178	–	_	_	
1-31	179-182	das	_	B	
1-32	183-189	möchte	_	_	
1-33	190-193	ich	Animated	B	
1-34	194-199	schon	_	_	
1-35	200-212	ausdrücklich	_	_	
1-36	213-218	sagen	_	_	
1-37	219-220	–	_	_	
1-38	221-228	gehören	_	_	
1-39	229-232	für	_	_	
1-40	233-237	mich	_	B	
1-41	238-242	auch	_	B	
1-42	243-246	all	_	I	
1-43	247-257	diejenigen	_	I	
1-44	257-258	,	_	_	
1-45	259-262	die	_	B	
1-46	263-266	die	_	_	
1-47	267-278	Gewalttaten	_	_	
1-48	279-280	–	_	_	
1-49	281-284	die	Animated[5]	B	
1-50	285-293	Kollegin	Animated[5]	I	
1-51	294-298	Vogt	Animated[5]	I	
1-52	299-302	hat	_	_	
1-53	303-306	das	_	B	
1-54	307-314	bereits	_	_	
1-55	315-322	erwähnt	_	_	
1-56	323-324	–	_	_	
1-57	325-327	im	_	_	
1-58	328-332	Netz	_	B	
1-59	333-341	gefeiert	_	_	
1-60	342-347	haben	_	_	
1-61	347-348	,	_	_	
1-62	349-352	als	_	_	
1-63	353-355	ob	_	_	
1-64	356-358	es	_	B	
1-65	359-363	eine	_	B	
1-66	364-373	Heldentat	_	I	
1-67	374-378	wäre	_	_	
1-68	378-379	,	_	_	
1-69	380-392	Schaufenster	_	B	
1-70	393-395	zu	_	_	
1-71	396-405	zerstören	_	_	
1-72	406-410	oder	_	_	
1-73	411-414	auf	_	_	
1-74	415-425	Polizisten	Animated	B	
1-75	426-438	einzuprügeln	_	_	
1-76	438-439	.	_	_	

#Text=Ich möchte ausdrücklich – ich nehme an: im Namen aller demokratischen Kräfte hier im Bundestag – unseren Einsatzkräften von der Polizei, unserer Feuerwehr, unserem THW und unseren Sanitätern für ihre Arbeit danken.
2-1	448-451	Ich	Animated	B	
2-2	452-458	möchte	_	_	
2-3	459-471	ausdrücklich	_	_	
2-4	472-473	–	_	_	
2-5	474-477	ich	Animated	B	
2-6	478-483	nehme	_	_	
2-7	484-486	an	_	_	
2-8	486-487	:	_	_	
2-9	488-490	im	_	_	
2-10	491-496	Namen	_	B	
2-11	497-502	aller	Animated[6]	B	
2-12	503-517	demokratischen	Animated[6]	I	
2-13	518-524	Kräfte	Animated[6]	I	
2-14	525-529	hier	_	_	
2-15	530-532	im	_	_	
2-16	533-542	Bundestag	Animated	B	
2-17	543-544	–	_	_	
2-18	545-552	unseren	Animated[7]	B	
2-19	553-567	Einsatzkräften	Animated[7]	I	
2-20	568-571	von	_	_	
2-21	572-575	der	Animated[8]	B	
2-22	576-583	Polizei	Animated[8]	I	
2-23	583-584	,	_	_	
2-24	585-592	unserer	Animated[9]	B	
2-25	593-602	Feuerwehr	Animated[9]	I	
2-26	602-603	,	_	_	
2-27	604-611	unserem	Animated[10]	B	
2-28	612-615	THW	Animated[10]	I	
2-29	616-619	und	_	_	
2-30	620-627	unseren	Animated[11]	B	
2-31	628-638	Sanitätern	Animated[11]	I	
2-32	639-642	für	_	_	
2-33	643-647	ihre	_	B	
2-34	648-654	Arbeit	_	I	
2-35	655-661	danken	_	_	
2-36	661-662	.	_	_	

#Text=Es ist aber auch unsäglich, wenn der Geschäftsführer der Stiftung Sächsische Gedenkstätten im Zusammenhang mit Stuttgart von einer – ich darf zitieren – „Bundeskristallnacht“ spricht. Was für eine unglaubliche Verharmlosung des NS-Terrors! Was für eine Verhöhnung der Opfer der NS-Gewalt!
3-1	667-669	Es	_	B	
3-2	670-673	ist	_	_	
3-3	674-678	aber	_	_	
3-4	679-683	auch	_	_	
3-5	684-693	unsäglich	_	_	
3-6	693-694	,	_	_	
3-7	695-699	wenn	_	_	
3-8	700-703	der	Animated[12]	B	
3-9	704-719	Geschäftsführer	Animated[12]	I	
3-10	720-723	der	Animated[13]	B	
3-11	724-732	Stiftung	Animated[13]	I	
3-12	733-743	Sächsische	Animated[13]	I	
3-13	744-757	Gedenkstätten	Animated[13]	I	
3-14	758-760	im	_	_	
3-15	761-773	Zusammenhang	_	B	
3-16	774-777	mit	_	_	
3-17	778-787	Stuttgart	Animated	B	
3-18	788-791	von	_	_	
3-19	792-797	einer	_	_	
3-20	798-799	–	_	_	
3-21	800-803	ich	Animated	B	
3-22	804-808	darf	_	_	
3-23	809-817	zitieren	_	_	
3-24	818-819	–	_	_	
3-25	820-821	„	_	B	
3-26	821-840	Bundeskristallnacht	_	I	
3-27	840-841	“	_	_	
3-28	842-849	spricht	_	_	
3-29	849-850	.	_	_	
3-30	851-854	Was	_	B	
3-31	855-858	für	_	_	
3-32	859-863	eine	_	B	
3-33	864-876	unglaubliche	_	I	
3-34	877-890	Verharmlosung	_	I	
3-35	891-894	des	_	B	
3-36	895-905	NS-Terrors	_	I	
3-37	905-906	!	_	_	
3-38	907-910	Was	_	B	
3-39	911-914	für	_	_	
3-40	915-919	eine	_	B	
3-41	920-930	Verhöhnung	_	I	
3-42	931-934	der	Animated[14]	B	
3-43	935-940	Opfer	Animated[14]	I	
3-44	941-944	der	_	B	
3-45	945-954	NS-Gewalt	_	I	
3-46	954-955	!	_	_	

#Text=Ich habe nach den Krawallen mit vielen Betroffenen gesprochen: mit unserer Polizei, mit Ladenbesitzerinnen und Ladenbesitzern, mit Mitarbeitern der mobilen Jugendarbeit. Jetzt geht es erst mal darum, dafür zu sorgen, dass sich so was nicht wiederholt. Wir werden unsere Probleme so regeln, wie wir das in Stuttgart seit Langem überparteilich in gutem Geiste machen: Wir setzen uns zusammen und stellen uns auch selbstkritische Fragen. Das muss man ja machen, wenn so was passiert; das ist gar keine Frage. Wir hören einander zu, und dann ergreifen wir Maßnahmen, um einerseits die Sicherheit zu erhöhen und gleichzeitig auch an die Wurzel des Problems zu gehen.
4-1	962-965	Ich	Animated	B	
4-2	966-970	habe	_	_	
4-3	971-975	nach	_	_	
4-4	976-979	den	_	B	
4-5	980-989	Krawallen	_	I	
4-6	990-993	mit	_	_	
4-7	994-1000	vielen	Animated[15]	B	
4-8	1001-1012	Betroffenen	Animated[15]	I	
4-9	1013-1023	gesprochen	_	_	
4-10	1023-1024	:	_	_	
4-11	1025-1028	mit	_	_	
4-12	1029-1036	unserer	Animated[16]	B	
4-13	1037-1044	Polizei	Animated[16]	I	
4-14	1044-1045	,	_	_	
4-15	1046-1049	mit	_	_	
4-16	1050-1068	Ladenbesitzerinnen	Animated	B	
4-17	1069-1072	und	_	_	
4-18	1073-1087	Ladenbesitzern	Animated	B	
4-19	1087-1088	,	_	_	
4-20	1089-1092	mit	_	_	
4-21	1093-1105	Mitarbeitern	Animated	B	
4-22	1106-1109	der	_	B	
4-23	1110-1117	mobilen	_	I	
4-24	1118-1130	Jugendarbeit	_	I	
4-25	1130-1131	.	_	_	
4-26	1132-1137	Jetzt	_	_	
4-27	1138-1142	geht	_	_	
4-28	1143-1145	es	_	_	
4-29	1146-1150	erst	_	_	
4-30	1151-1154	mal	_	_	
4-31	1155-1160	darum	_	_	
4-32	1160-1161	,	_	_	
4-33	1162-1167	dafür	_	_	
4-34	1168-1170	zu	_	_	
4-35	1171-1177	sorgen	_	_	
4-36	1177-1178	,	_	_	
4-37	1179-1183	dass	_	_	
4-38	1184-1188	sich	_	B	
4-39	1189-1191	so	_	_	
4-40	1192-1195	was	_	B	
4-41	1196-1201	nicht	_	_	
4-42	1202-1212	wiederholt	_	_	
4-43	1212-1213	.	_	_	
4-44	1214-1217	Wir	Animated	B	
4-45	1218-1224	werden	_	_	
4-46	1225-1231	unsere	_	B	
4-47	1232-1240	Probleme	_	I	
4-48	1241-1243	so	_	_	
4-49	1244-1250	regeln	_	_	
4-50	1250-1251	,	_	_	
4-51	1252-1255	wie	_	_	
4-52	1256-1259	wir	Animated	B	
4-53	1260-1263	das	_	B	
4-54	1264-1266	in	_	_	
4-55	1267-1276	Stuttgart	_	B	
4-56	1277-1281	seit	_	_	
4-57	1282-1288	Langem	_	B	
4-58	1289-1303	überparteilich	_	_	
4-59	1304-1306	in	_	_	
4-60	1307-1312	gutem	_	B	
4-61	1313-1319	Geiste	_	I	
4-62	1320-1326	machen	_	_	
4-63	1326-1327	:	_	_	
4-64	1328-1331	Wir	Animated	B	
4-65	1332-1338	setzen	_	_	
4-66	1339-1342	uns	_	B	
4-67	1343-1351	zusammen	_	_	
4-68	1352-1355	und	_	_	
4-69	1356-1363	stellen	_	_	
4-70	1364-1367	uns	_	B	
4-71	1368-1372	auch	_	B	
4-72	1373-1388	selbstkritische	_	I	
4-73	1389-1395	Fragen	_	I	
4-74	1395-1396	.	_	_	
4-75	1397-1400	Das	_	B	
4-76	1401-1405	muss	_	_	
4-77	1406-1409	man	Animated	B	
4-78	1410-1412	ja	_	_	
4-79	1413-1419	machen	_	_	
4-80	1419-1420	,	_	_	
4-81	1421-1425	wenn	_	_	
4-82	1426-1428	so	_	_	
4-83	1429-1432	was	_	B	
4-84	1433-1441	passiert	_	_	
4-85	1441-1442	;	_	_	
4-86	1443-1446	das	_	B	
4-87	1447-1450	ist	_	_	
4-88	1451-1454	gar	_	B	
4-89	1455-1460	keine	_	I	
4-90	1461-1466	Frage	_	I	
4-91	1466-1467	.	_	_	
4-92	1468-1471	Wir	Animated	B	
4-93	1472-1477	hören	_	_	
4-94	1478-1486	einander	_	B	
4-95	1487-1489	zu	_	_	
4-96	1489-1490	,	_	_	
4-97	1491-1494	und	_	_	
4-98	1495-1499	dann	_	_	
4-99	1500-1509	ergreifen	_	_	
4-100	1510-1513	wir	Animated	B	
4-101	1514-1523	Maßnahmen	_	B	
4-102	1523-1524	,	_	_	
4-103	1525-1527	um	_	_	
4-104	1528-1538	einerseits	_	_	
4-105	1539-1542	die	_	B	
4-106	1543-1553	Sicherheit	_	I	
4-107	1554-1556	zu	_	_	
4-108	1557-1564	erhöhen	_	_	
4-109	1565-1568	und	_	_	
4-110	1569-1581	gleichzeitig	_	_	
4-111	1582-1586	auch	_	_	
4-112	1587-1589	an	_	_	
4-113	1590-1593	die	_	B	
4-114	1594-1600	Wurzel	_	I	
4-115	1601-1604	des	_	B	
4-116	1605-1613	Problems	_	I	
4-117	1614-1616	zu	_	_	
4-118	1617-1622	gehen	_	_	
4-119	1622-1623	.	_	_	

#Text=Nur, das, bitte schön, hat nichts mit dem zu tun, worum es Ihnen geht, meine Damen und Herren.
5-1	1640-1643	Nur	_	_	
5-2	1643-1644	,	_	_	
5-3	1645-1648	das	_	_	
5-4	1648-1649	,	_	_	
5-5	1650-1655	bitte	_	_	
5-6	1656-1661	schön	_	_	
5-7	1661-1662	,	_	_	
5-8	1663-1666	hat	_	_	
5-9	1667-1673	nichts	_	B	
5-10	1674-1677	mit	_	_	
5-11	1678-1681	dem	_	B	
5-12	1682-1684	zu	_	_	
5-13	1685-1688	tun	_	_	
5-14	1688-1689	,	_	_	
5-15	1690-1695	worum	_	_	
5-16	1696-1698	es	_	_	
5-17	1699-1704	Ihnen	_	B	
5-18	1705-1709	geht	_	_	
5-19	1709-1710	,	_	_	
5-20	1711-1716	meine	Animated[17]	B	
5-21	1717-1722	Damen	Animated[17]	I	
5-22	1723-1726	und	_	_	
5-23	1727-1733	Herren	Animated	B	
5-24	1733-1734	.	_	_	

#Text=Denn Ihr Geschäftsmodell ist nicht das Lösen von Problemen, sondern das Verbreiten von Angst und Hass. Das wissen Sie, und wenn Sie ehrlich sind, geben Sie es zu.
6-1	1741-1745	Denn	_	_	
6-2	1746-1749	Ihr	_	B	
6-3	1750-1765	Geschäftsmodell	_	I	
6-4	1766-1769	ist	_	_	
6-5	1770-1775	nicht	_	B	
6-6	1776-1779	das	_	I	
6-7	1780-1785	Lösen	_	I	
6-8	1786-1789	von	_	_	
6-9	1790-1799	Problemen	_	B	
6-10	1799-1800	,	_	_	
6-11	1801-1808	sondern	_	_	
6-12	1809-1812	das	_	B	
6-13	1813-1823	Verbreiten	_	I	
6-14	1824-1827	von	_	_	
6-15	1828-1833	Angst	_	B	
6-16	1834-1837	und	_	_	
6-17	1838-1842	Hass	_	B	
6-18	1842-1843	.	_	_	
6-19	1844-1847	Das	_	B	
6-20	1848-1854	wissen	_	_	
6-21	1855-1858	Sie	_	B	
6-22	1858-1859	,	_	_	
6-23	1860-1863	und	_	_	
6-24	1864-1868	wenn	_	_	
6-25	1869-1872	Sie	_	B	
6-26	1873-1880	ehrlich	_	_	
6-27	1881-1885	sind	_	_	
6-28	1885-1886	,	_	_	
6-29	1887-1892	geben	_	_	
6-30	1893-1896	Sie	_	B	
6-31	1897-1899	es	_	B	
6-32	1900-1902	zu	_	_	
6-33	1902-1903	.	_	_	

#Text=Sie machen es sich mal wieder sehr einfach: Für Sie sind einfach die Migranten schuld.
7-1	1909-1912	Sie	_	B	
7-2	1913-1919	machen	_	_	
7-3	1920-1922	es	_	B	
7-4	1923-1927	sich	_	B	
7-5	1928-1931	mal	_	_	
7-6	1932-1938	wieder	_	_	
7-7	1939-1943	sehr	_	_	
7-8	1944-1951	einfach	_	_	
7-9	1951-1952	:	_	_	
7-10	1953-1956	Für	_	_	
7-11	1957-1960	Sie	_	B	
7-12	1961-1965	sind	_	_	
7-13	1966-1973	einfach	_	_	
7-14	1974-1977	die	Animated[18]	B	
7-15	1978-1987	Migranten	Animated[18]	I	
7-16	1988-1994	schuld	_	_	
7-17	1994-1995	.	_	_	

#Text=Niemand verschweigt hier – ich glaube, alle sind sich hier einig –, dass es unter den Randalierern auch Männer mit migrantischem Hintergrund gab.
8-1	1998-2005	Niemand	Animated	B	
8-2	2006-2017	verschweigt	_	_	
8-3	2018-2022	hier	_	_	
8-4	2023-2024	–	_	_	
8-5	2025-2028	ich	Animated	B	
8-6	2029-2035	glaube	_	_	
8-7	2035-2036	,	_	_	
8-8	2037-2041	alle	_	B	
8-9	2042-2046	sind	_	_	
8-10	2047-2051	sich	_	B	
8-11	2052-2056	hier	_	_	
8-12	2057-2062	einig	_	_	
8-13	2063-2064	–	_	_	
8-14	2064-2065	,	_	_	
8-15	2066-2070	dass	_	_	
8-16	2071-2073	es	_	_	
8-17	2074-2079	unter	_	_	
8-18	2080-2083	den	Animated[19]	B	
8-19	2084-2096	Randalierern	Animated[19]	I	
8-20	2097-2101	auch	Animated[20]	B	
8-21	2102-2108	Männer	Animated[20]	I	
8-22	2109-2112	mit	_	_	
8-23	2113-2126	migrantischem	_	B	
8-24	2127-2138	Hintergrund	_	I	
8-25	2139-2142	gab	_	_	
8-26	2142-2143	.	_	_	

#Text=Vor allem aber waren es junge Männer – das ist doch das Entscheidende –, viele davon stark alkoholisiert. Dass man dazu von Ihnen nichts hört, das wundert jetzt, glaube ich, niemanden hier.
9-1	2147-2150	Vor	_	_	
9-2	2151-2156	allem	_	B	
9-3	2157-2161	aber	_	_	
9-4	2162-2167	waren	_	_	
9-5	2168-2170	es	_	B	
9-6	2171-2176	junge	Animated[21]	B	
9-7	2177-2183	Männer	Animated[21]	I	
9-8	2184-2185	–	_	_	
9-9	2186-2189	das	_	B	
9-10	2190-2193	ist	_	_	
9-11	2194-2198	doch	_	_	
9-12	2199-2202	das	_	B	
9-13	2203-2216	Entscheidende	_	I	
9-14	2217-2218	–	_	_	
9-15	2218-2219	,	_	_	
9-16	2220-2225	viele	_	B	
9-17	2226-2231	davon	_	_	
9-18	2232-2237	stark	_	_	
9-19	2238-2251	alkoholisiert	_	_	
9-20	2251-2252	.	_	_	
9-21	2253-2257	Dass	_	_	
9-22	2258-2261	man	Animated	B	
9-23	2262-2266	dazu	_	_	
9-24	2267-2270	von	_	_	
9-25	2271-2276	Ihnen	_	B	
9-26	2277-2283	nichts	_	B	
9-27	2284-2288	hört	_	_	
9-28	2288-2289	,	_	_	
9-29	2290-2293	das	_	_	
9-30	2294-2301	wundert	_	_	
9-31	2302-2307	jetzt	_	_	
9-32	2307-2308	,	_	_	
9-33	2309-2315	glaube	_	_	
9-34	2316-2319	ich	Animated	B	
9-35	2319-2320	,	_	_	
9-36	2321-2330	niemanden	_	_	
9-37	2331-2335	hier	_	_	
9-38	2335-2336	.	_	_	

#Text=Es sind unsere Jugendlichen, und jeder Einzelne von ihnen, den wir verlieren, ist einer zu viel.
10-1	2343-2345	Es	_	B	
10-2	2346-2350	sind	_	_	
10-3	2351-2357	unsere	Animated[22]	B	
10-4	2358-2370	Jugendlichen	Animated[22]	I	
10-5	2370-2371	,	_	_	
10-6	2372-2375	und	_	_	
10-7	2376-2381	jeder	_	B	
10-8	2382-2390	Einzelne	_	I	
10-9	2391-2394	von	_	_	
10-10	2395-2400	ihnen	_	B	
10-11	2400-2401	,	_	_	
10-12	2402-2405	den	_	B	
10-13	2406-2409	wir	Animated	B	
10-14	2410-2419	verlieren	_	_	
10-15	2419-2420	,	_	_	
10-16	2421-2424	ist	_	_	
10-17	2425-2430	einer	_	B	
10-18	2431-2433	zu	_	B	
10-19	2434-2438	viel	_	I	
10-20	2438-2439	.	_	_	

#Text=Besonders perfide wird es, wenn in die Debatte eine neue Kategorie eingeführt wird, nämlich die sogenannten Passdeutschen. Was soll das denn bitte sein? Jemand, mit dem wir zwar die Staatsbürgerschaft teilen, aber dessen Vorfahren vielleicht nicht in der Schlacht im Teutoburger Wald gegen die Römer mitgekämpft haben? Meine Damen und Herren, merken Sie eigentlich, auf welch unsägliche Tradition Sie sich hier berufen? Schon einmal wurden in Deutschland Bürger ausgebürgert und wurde ihnen die Zugehörigkeit abgesprochen. Das wird es mit uns nie wieder geben in diesem Land, meine Damen und Herren! Ihr identitäres Geschwätz widert mich an.
11-1	2444-2453	Besonders	_	_	
11-2	2454-2461	perfide	_	_	
11-3	2462-2466	wird	_	_	
11-4	2467-2469	es	_	B	
11-5	2469-2470	,	_	_	
11-6	2471-2475	wenn	_	_	
11-7	2476-2478	in	_	_	
11-8	2479-2482	die	_	B	
11-9	2483-2490	Debatte	_	I	
11-10	2491-2495	eine	_	B	
11-11	2496-2500	neue	_	I	
11-12	2501-2510	Kategorie	_	I	
11-13	2511-2521	eingeführt	_	_	
11-14	2522-2526	wird	_	_	
11-15	2526-2527	,	_	_	
11-16	2528-2535	nämlich	Animated[23]	B	
11-17	2536-2539	die	Animated[23]	I	
11-18	2540-2551	sogenannten	Animated[23]	I	
11-19	2552-2565	Passdeutschen	Animated[23]	I	
11-20	2565-2566	.	_	_	
11-21	2567-2570	Was	_	B	
11-22	2571-2575	soll	_	_	
11-23	2576-2579	das	_	B	
11-24	2580-2584	denn	_	_	
11-25	2585-2590	bitte	_	_	
11-26	2591-2595	sein	_	_	
11-27	2595-2596	?	_	_	
11-28	2597-2603	Jemand	Animated	B	
11-29	2603-2604	,	_	_	
11-30	2605-2608	mit	_	_	
11-31	2609-2612	dem	_	B	
11-32	2613-2616	wir	Animated	B	
11-33	2617-2621	zwar	_	_	
11-34	2622-2625	die	_	B	
11-35	2626-2644	Staatsbürgerschaft	_	I	
11-36	2645-2651	teilen	_	_	
11-37	2651-2652	,	_	_	
11-38	2653-2657	aber	_	_	
11-39	2658-2664	dessen	Animated[24]	B	
11-40	2665-2674	Vorfahren	Animated[24]	I	
11-41	2675-2685	vielleicht	_	_	
11-42	2686-2691	nicht	_	_	
11-43	2692-2694	in	_	_	
11-44	2695-2698	der	_	B	
11-45	2699-2707	Schlacht	_	I	
11-46	2708-2710	im	_	_	
11-47	2711-2722	Teutoburger	_	B	
11-48	2723-2727	Wald	_	I	
11-49	2728-2733	gegen	_	_	
11-50	2734-2737	die	Animated[25]	B	
11-51	2738-2743	Römer	Animated[25]	I	
11-52	2744-2755	mitgekämpft	_	_	
11-53	2756-2761	haben	_	_	
11-54	2761-2762	?	_	_	
11-55	2763-2768	Meine	Animated[26]	B	
11-56	2769-2774	Damen	Animated[26]	I	
11-57	2775-2778	und	_	_	
11-58	2779-2785	Herren	Animated	B	
11-59	2785-2786	,	_	_	
11-60	2787-2793	merken	_	_	
11-61	2794-2797	Sie	_	B	
11-62	2798-2808	eigentlich	_	_	
11-63	2808-2809	,	_	_	
11-64	2810-2813	auf	_	_	
11-65	2814-2819	welch	_	B	
11-66	2820-2830	unsägliche	_	I	
11-67	2831-2840	Tradition	_	I	
11-68	2841-2844	Sie	_	B	
11-69	2845-2849	sich	_	B	
11-70	2850-2854	hier	_	_	
11-71	2855-2862	berufen	_	_	
11-72	2862-2863	?	_	_	
11-73	2864-2869	Schon	_	_	
11-74	2870-2876	einmal	_	_	
11-75	2877-2883	wurden	_	_	
11-76	2884-2886	in	_	_	
11-77	2887-2898	Deutschland	_	B	
11-78	2899-2905	Bürger	Animated	B	
11-79	2906-2918	ausgebürgert	_	_	
11-80	2919-2922	und	_	_	
11-81	2923-2928	wurde	_	_	
11-82	2929-2934	ihnen	_	B	
11-83	2935-2938	die	_	B	
11-84	2939-2952	Zugehörigkeit	_	I	
11-85	2953-2965	abgesprochen	_	_	
11-86	2965-2966	.	_	_	
11-87	2967-2970	Das	_	B	
11-88	2971-2975	wird	_	_	
11-89	2976-2978	es	_	_	
11-90	2979-2982	mit	_	_	
11-91	2983-2986	uns	_	B	
11-92	2987-2990	nie	_	_	
11-93	2991-2997	wieder	_	_	
11-94	2998-3003	geben	_	_	
11-95	3004-3006	in	_	_	
11-96	3007-3013	diesem	_	B	
11-97	3014-3018	Land	_	I	
11-98	3018-3019	,	_	_	
11-99	3020-3025	meine	Animated[27]	B	
11-100	3026-3031	Damen	Animated[27]	I	
11-101	3032-3035	und	_	_	
11-102	3036-3042	Herren	Animated	B	
11-103	3042-3043	!	_	_	
11-104	3044-3047	Ihr	_	B	
11-105	3048-3059	identitäres	_	I	
11-106	3060-3069	Geschwätz	_	I	
11-107	3070-3076	widert	_	_	
11-108	3077-3081	mich	_	B	
11-109	3082-3084	an	_	_	
11-110	3084-3085	.	_	_	

#Text=Als Identitätsbeschaffungsmaßnahme reicht mir unser Grundgesetz vollkommen aus. Das ist die Geschäftsgrundlage unserer Republik und nichts anderes, meine Damen und Herren.
12-1	3100-3103	Als	_	_	
12-2	3104-3134	Identitätsbeschaffungsmaßnahme	_	B	
12-3	3135-3141	reicht	_	_	
12-4	3142-3145	mir	_	B	
12-5	3146-3151	unser	_	B	
12-6	3152-3163	Grundgesetz	_	I	
12-7	3164-3174	vollkommen	_	_	
12-8	3175-3178	aus	_	_	
12-9	3178-3179	.	_	_	
12-10	3180-3183	Das	_	B	
12-11	3184-3187	ist	_	_	
12-12	3188-3191	die	_	B	
12-13	3192-3210	Geschäftsgrundlage	_	I	
12-14	3211-3218	unserer	Animated[28]	B	
12-15	3219-3227	Republik	Animated[28]	I	
12-16	3228-3231	und	_	_	
12-17	3232-3238	nichts	_	B	
12-18	3239-3246	anderes	_	I	
12-19	3246-3247	,	_	_	
12-20	3248-3253	meine	Animated[29]	B	
12-21	3254-3259	Damen	Animated[29]	I	
12-22	3260-3263	und	_	_	
12-23	3264-3270	Herren	Animated	B	
12-24	3270-3271	.	_	_	

#Text=Es muss uns Sorgen bereiten, wenn junge Menschen unserer Polizei misstrauen. Ich weiß selber, wie sich Rassismus anfühlt.
13-1	3275-3277	Es	_	B	
13-2	3278-3282	muss	_	_	
13-3	3283-3286	uns	_	B	
13-4	3287-3293	Sorgen	_	B	
13-5	3294-3302	bereiten	_	_	
13-6	3302-3303	,	_	_	
13-7	3304-3308	wenn	_	_	
13-8	3309-3314	junge	Animated[30]	B	
13-9	3315-3323	Menschen	Animated[30]	I	
13-10	3324-3331	unserer	Animated[31]	B	
13-11	3332-3339	Polizei	Animated[31]	I	
13-12	3340-3350	misstrauen	_	_	
13-13	3350-3351	.	_	_	
13-14	3352-3355	Ich	Animated	B	
13-15	3356-3360	weiß	_	_	
13-16	3361-3367	selber	_	_	
13-17	3367-3368	,	_	_	
13-18	3369-3372	wie	_	_	
13-19	3373-3377	sich	_	B	
13-20	3378-3387	Rassismus	_	B	
13-21	3388-3395	anfühlt	_	_	
13-22	3395-3396	.	_	_	

#Text=– Ich hoffe, dass Ihr Gelächter hier möglichst wenig junge Leute hören. – NSU und rechte Umtriebe beim KSK haben uns gezeigt, dass wir Probleme mit Rassismus bei Uniformträgern, aber auch bei Menschen ohne Uniform haben. Aber ich sage auch in aller Deutlichkeit: Die deutsche Polizei ist nicht die US-Polizei. Das darf und kann man nicht gleichsetzen, meine Damen und Herren.
14-1	3401-3402	–	_	_	
14-2	3403-3406	Ich	Animated	B	
14-3	3407-3412	hoffe	_	_	
14-4	3412-3413	,	_	_	
14-5	3414-3418	dass	_	_	
14-6	3419-3422	Ihr	_	B	
14-7	3423-3432	Gelächter	_	I	
14-8	3433-3437	hier	_	_	
14-9	3438-3447	möglichst	Animated[32]	B	
14-10	3448-3453	wenig	Animated[32]	I	
14-11	3454-3459	junge	Animated[32]	I	
14-12	3460-3465	Leute	Animated[32]	I	
14-13	3466-3471	hören	_	_	
14-14	3471-3472	.	_	_	
14-15	3473-3474	–	_	_	
14-16	3475-3478	NSU	Animated	B	
14-17	3479-3482	und	_	_	
14-18	3483-3489	rechte	_	B	
14-19	3490-3498	Umtriebe	_	I	
14-20	3499-3503	beim	_	_	
14-21	3504-3507	KSK	Animated	B	
14-22	3508-3513	haben	_	_	
14-23	3514-3517	uns	_	B	
14-24	3518-3525	gezeigt	_	_	
14-25	3525-3526	,	_	_	
14-26	3527-3531	dass	_	_	
14-27	3532-3535	wir	Animated	B	
14-28	3536-3544	Probleme	_	B	
14-29	3545-3548	mit	_	_	
14-30	3549-3558	Rassismus	_	B	
14-31	3559-3562	bei	_	_	
14-32	3563-3577	Uniformträgern	Animated	B	
14-33	3577-3578	,	_	_	
14-34	3579-3583	aber	_	_	
14-35	3584-3588	auch	_	_	
14-36	3589-3592	bei	_	_	
14-37	3593-3601	Menschen	Animated	B	
14-38	3602-3606	ohne	_	_	
14-39	3607-3614	Uniform	_	B	
14-40	3615-3620	haben	_	_	
14-41	3620-3621	.	_	_	
14-42	3622-3626	Aber	_	_	
14-43	3627-3630	ich	Animated	B	
14-44	3631-3635	sage	_	_	
14-45	3636-3640	auch	_	_	
14-46	3641-3643	in	_	_	
14-47	3644-3649	aller	_	B	
14-48	3650-3662	Deutlichkeit	_	I	
14-49	3662-3663	:	_	_	
14-50	3664-3667	Die	Animated[33]	B	
14-51	3668-3676	deutsche	Animated[33]	I	
14-52	3677-3684	Polizei	Animated[33]	I	
14-53	3685-3688	ist	_	_	
14-54	3689-3694	nicht	_	_	
14-55	3695-3698	die	Animated[34]	B	
14-56	3699-3709	US-Polizei	Animated[34]	I	
14-57	3709-3710	.	_	_	
14-58	3711-3714	Das	_	B	
14-59	3715-3719	darf	_	_	
14-60	3720-3723	und	_	_	
14-61	3724-3728	kann	_	_	
14-62	3729-3732	man	Animated	B	
14-63	3733-3738	nicht	_	_	
14-64	3739-3751	gleichsetzen	_	_	
14-65	3751-3752	,	_	_	
14-66	3753-3758	meine	Animated[35]	B	
14-67	3759-3764	Damen	Animated[35]	I	
14-68	3765-3768	und	_	_	
14-69	3769-3775	Herren	Animated	B	
14-70	3775-3776	.	_	_	

#Text=Bei uns darf man exekutives Handeln, auch der Polizei, kritisieren. Ja, man darf es sogar juristisch überprüfen. Aber erst mal leistet man bitte schön den Anweisungen des Polizisten und übrigens auch der Polizistin Folge. Das muss die Regel sein.
15-1	3786-3789	Bei	_	_	
15-2	3790-3793	uns	_	B	
15-3	3794-3798	darf	_	_	
15-4	3799-3802	man	_	B	
15-5	3803-3813	exekutives	_	B	
15-6	3814-3821	Handeln	_	I	
15-7	3821-3822	,	_	_	
15-8	3823-3827	auch	Animated[36]	B	
15-9	3828-3831	der	Animated[36]	I	
15-10	3832-3839	Polizei	Animated[36]	I	
15-11	3839-3840	,	_	_	
15-12	3841-3852	kritisieren	_	_	
15-13	3852-3853	.	_	_	
15-14	3854-3856	Ja	_	_	
15-15	3856-3857	,	_	_	
15-16	3858-3861	man	Animated	B	
15-17	3862-3866	darf	_	_	
15-18	3867-3869	es	_	_	
15-19	3870-3875	sogar	_	_	
15-20	3876-3886	juristisch	_	_	
15-21	3887-3897	überprüfen	_	_	
15-22	3897-3898	.	_	_	
15-23	3899-3903	Aber	_	_	
15-24	3904-3908	erst	_	_	
15-25	3909-3912	mal	_	_	
15-26	3913-3920	leistet	_	_	
15-27	3921-3924	man	Animated	B	
15-28	3925-3930	bitte	_	_	
15-29	3931-3936	schön	_	_	
15-30	3937-3940	den	_	B	
15-31	3941-3952	Anweisungen	_	I	
15-32	3953-3956	des	Animated[37]	B	
15-33	3957-3967	Polizisten	Animated[37]	I	
15-34	3968-3971	und	_	_	
15-35	3972-3980	übrigens	_	B	
15-36	3981-3985	auch	_	I	
15-37	3986-3989	der	_	I	
15-38	3990-4000	Polizistin	_	I	
15-39	4001-4006	Folge	_	I	
15-40	4006-4007	.	_	_	
15-41	4008-4011	Das	_	B	
15-42	4012-4016	muss	_	_	
15-43	4017-4020	die	_	B	
15-44	4021-4026	Regel	_	I	
15-45	4027-4031	sein	_	_	
15-46	4031-4032	.	_	_	

#Text=Diejenigen, die den Glauben daran verlieren, dass man es durch eigenen Fleiß und durch die Hilfe der Gemeinschaft zu etwas bringen kann, müssen wir gewinnen. Das dürfen wir nicht an die Polizei delegieren, sondern da sind wir alle als Gesellschaft gefordert.
16-1	4040-4050	Diejenigen	_	B	
16-2	4050-4051	,	_	_	
16-3	4052-4055	die	_	B	
16-4	4056-4059	den	_	B	
16-5	4060-4067	Glauben	_	I	
16-6	4068-4073	daran	_	_	
16-7	4074-4083	verlieren	_	_	
16-8	4083-4084	,	_	_	
16-9	4085-4089	dass	_	_	
16-10	4090-4093	man	Animated	B	
16-11	4094-4096	es	_	B	
16-12	4097-4102	durch	_	_	
16-13	4103-4110	eigenen	_	B	
16-14	4111-4116	Fleiß	_	I	
16-15	4117-4120	und	_	_	
16-16	4121-4126	durch	_	_	
16-17	4127-4130	die	_	B	
16-18	4131-4136	Hilfe	_	I	
16-19	4137-4140	der	Animated[38]	B	
16-20	4141-4153	Gemeinschaft	Animated[38]	I	
16-21	4154-4156	zu	_	_	
16-22	4157-4162	etwas	_	B	
16-23	4163-4170	bringen	_	_	
16-24	4171-4175	kann	_	_	
16-25	4175-4176	,	_	_	
16-26	4177-4183	müssen	_	_	
16-27	4184-4187	wir	Animated	B	
16-28	4188-4196	gewinnen	_	_	
16-29	4196-4197	.	_	_	
16-30	4198-4201	Das	_	B	
16-31	4202-4208	dürfen	_	_	
16-32	4209-4212	wir	Animated	B	
16-33	4213-4218	nicht	_	_	
16-34	4219-4221	an	_	_	
16-35	4222-4225	die	Animated[39]	B	
16-36	4226-4233	Polizei	Animated[39]	I	
16-37	4234-4244	delegieren	_	_	
16-38	4244-4245	,	_	_	
16-39	4246-4253	sondern	_	_	
16-40	4254-4256	da	_	_	
16-41	4257-4261	sind	_	_	
16-42	4262-4265	wir	Animated	B	
16-43	4266-4270	alle	_	B	
16-44	4271-4274	als	_	_	
16-45	4275-4287	Gesellschaft	Animated	B	
16-46	4288-4297	gefordert	_	_	
16-47	4297-4298	.	_	_	

#Text=Meine Damen, meine Herren, „Gewalt beginnt, wo das Reden aufhört“, sagt Hannah Arendt. In diesem Geiste arbeiten wir in Stuttgart: liberal, respektvoll und erstklassig.
17-1	4305-4310	Meine	Animated[40]	B	
17-2	4311-4316	Damen	Animated[40]	I	
17-3	4316-4317	,	_	_	
17-4	4318-4323	meine	Animated[41]	B	
17-5	4324-4330	Herren	Animated[41]	I	
17-6	4330-4331	,	_	_	
17-7	4332-4333	„	_	_	
17-8	4333-4339	Gewalt	_	B	
17-9	4340-4347	beginnt	_	_	
17-10	4347-4348	,	_	_	
17-11	4349-4351	wo	_	_	
17-12	4352-4355	das	_	B	
17-13	4356-4361	Reden	_	I	
17-14	4362-4369	aufhört	_	_	
17-15	4369-4370	“	_	_	
17-16	4370-4371	,	_	_	
17-17	4372-4376	sagt	_	_	
17-18	4377-4383	Hannah	Animated[42]	B	
17-19	4384-4390	Arendt	Animated[42]	I	
17-20	4390-4391	.	_	_	
17-21	4392-4394	In	_	_	
17-22	4395-4401	diesem	_	B	
17-23	4402-4408	Geiste	_	I	
17-24	4409-4417	arbeiten	_	_	
17-25	4418-4421	wir	Animated	B	
17-26	4422-4424	in	_	_	
17-27	4425-4434	Stuttgart	_	B	
17-28	4434-4435	:	_	_	
17-29	4436-4443	liberal	_	_	
17-30	4443-4444	,	_	_	
17-31	4445-4456	respektvoll	_	_	
17-32	4457-4460	und	_	_	
17-33	4461-4472	erstklassig	_	_	
17-34	4472-4473	.	_	_	

#Text=Axel Müller, CDU/CSU, ist der nächste Redner.
18-1	4484-4488	Axel	Animated[43]	B	
18-2	4489-4495	Müller	Animated[43]	I	
18-3	4495-4496	,	_	_	
18-4	4497-4504	CDU/CSU	_	_	
18-5	4504-4505	,	_	_	
18-6	4506-4509	ist	_	_	
18-7	4510-4513	der	Animated[44]	B	
18-8	4514-4521	nächste	Animated[44]	I	
18-9	4522-4528	Redner	Animated[44]	I	
18-10	4528-4529	.	_	_	
