#FORMAT=WebAnno TSV 3.3
#T_SP=webanno.custom.Animacy|Animated
#T_SP=webanno.custom.CustomChunk|Chunk


#Text=Herr Präsident! Meine Damen und Herren! Wir alle wollen doch, dass es in unserem Land gut läuft.
1-1	0-4	Herr	Animated[1]	B	
1-2	5-14	Präsident	Animated[1]	I	
1-3	14-15	!	_	_	
1-4	16-21	Meine	Animated[2]	B	
1-5	22-27	Damen	Animated[2]	I	
1-6	28-31	und	_	_	
1-7	32-38	Herren	Animated	B	
1-8	38-39	!	_	_	
1-9	40-43	Wir	Animated	B	
1-10	44-48	alle	_	B	
1-11	49-55	wollen	_	_	
1-12	56-60	doch	_	_	
1-13	60-61	,	_	_	
1-14	62-66	dass	_	_	
1-15	67-69	es	_	_	
1-16	70-72	in	_	_	
1-17	73-80	unserem	Animated[3]	B	
1-18	81-85	Land	Animated[3]	I	
1-19	86-89	gut	_	_	
1-20	90-95	läuft	_	_	
1-21	95-96	.	_	_	

#Text=Wir erleben im Moment, dass Fachkräftemangel in vielen Regionen und Branchen eine große Wachstumsbremse ist. Wer in Berlin beispielsweise versucht, einen Handwerker zu bekommen, weiß, wie viel Arbeit schneller erledigt werden könnte, wenn wir mehr Fachkräfte zur Verfügung hätten. Das Problem wird sich in den nächsten Jahren verschärfen. Deshalb ist es vollkommen richtig, dass wir im Rahmen einer Gesamtfachkräftestrategie mit der deutschen Wirtschaft, mit den Gewerkschaften, mit Bund und Ländern erst einmal alles tun, die inländischen Potenziale in Deutschland zu nutzen.
2-1	101-104	Wir	Animated	B	
2-2	105-112	erleben	_	_	
2-3	113-115	im	_	_	
2-4	116-122	Moment	_	B	
2-5	122-123	,	_	_	
2-6	124-128	dass	_	_	
2-7	129-145	Fachkräftemangel	_	B	
2-8	146-148	in	_	_	
2-9	149-155	vielen	_	B	
2-10	156-164	Regionen	_	I	
2-11	165-168	und	_	_	
2-12	169-177	Branchen	Animated	B	
2-13	178-182	eine	_	B	
2-14	183-188	große	_	I	
2-15	189-204	Wachstumsbremse	_	I	
2-16	205-208	ist	_	_	
2-17	208-209	.	_	_	
2-18	210-213	Wer	_	B	
2-19	214-216	in	_	_	
2-20	217-223	Berlin	_	B	
2-21	224-238	beispielsweise	_	_	
2-22	239-247	versucht	_	_	
2-23	247-248	,	_	_	
2-24	249-254	einen	Animated[4]	B	
2-25	255-265	Handwerker	Animated[4]	I	
2-26	266-268	zu	_	_	
2-27	269-277	bekommen	_	_	
2-28	277-278	,	_	_	
2-29	279-283	weiß	_	_	
2-30	283-284	,	_	_	
2-31	285-288	wie	_	B	
2-32	289-293	viel	_	I	
2-33	294-300	Arbeit	_	I	
2-34	301-310	schneller	_	_	
2-35	311-319	erledigt	_	_	
2-36	320-326	werden	_	_	
2-37	327-333	könnte	_	_	
2-38	333-334	,	_	_	
2-39	335-339	wenn	_	_	
2-40	340-343	wir	Animated	B	
2-41	344-348	mehr	Animated[5]	B	
2-42	349-359	Fachkräfte	Animated[5]	I	
2-43	360-363	zur	_	_	
2-44	364-373	Verfügung	_	B	
2-45	374-380	hätten	_	_	
2-46	380-381	.	_	_	
2-47	382-385	Das	_	B	
2-48	386-393	Problem	_	I	
2-49	394-398	wird	_	_	
2-50	399-403	sich	_	B	
2-51	404-406	in	_	_	
2-52	407-410	den	_	B	
2-53	411-419	nächsten	_	I	
2-54	420-426	Jahren	_	I	
2-55	427-438	verschärfen	_	_	
2-56	438-439	.	_	_	
2-57	440-447	Deshalb	_	_	
2-58	448-451	ist	_	_	
2-59	452-454	es	_	B	
2-60	455-465	vollkommen	_	_	
2-61	466-473	richtig	_	_	
2-62	473-474	,	_	_	
2-63	475-479	dass	_	_	
2-64	480-483	wir	Animated	B	
2-65	484-486	im	_	_	
2-66	487-493	Rahmen	_	B	
2-67	494-499	einer	_	B	
2-68	500-525	Gesamtfachkräftestrategie	_	I	
2-69	526-529	mit	_	_	
2-70	530-533	der	Animated[6]	B	
2-71	534-543	deutschen	Animated[6]	I	
2-72	544-554	Wirtschaft	Animated[6]	I	
2-73	554-555	,	_	_	
2-74	556-559	mit	_	_	
2-75	560-563	den	Animated[7]	B	
2-76	564-578	Gewerkschaften	Animated[7]	I	
2-77	578-579	,	_	_	
2-78	580-583	mit	_	_	
2-79	584-588	Bund	Animated	B	
2-80	589-592	und	_	_	
2-81	593-600	Ländern	Animated	B	
2-82	601-605	erst	_	_	
2-83	606-612	einmal	_	_	
2-84	613-618	alles	_	B	
2-85	619-622	tun	_	_	
2-86	622-623	,	_	_	
2-87	624-627	die	_	B	
2-88	628-640	inländischen	_	I	
2-89	641-651	Potenziale	_	I	
2-90	652-654	in	_	_	
2-91	655-666	Deutschland	_	B	
2-92	667-669	zu	_	_	
2-93	670-676	nutzen	_	_	
2-94	676-677	.	_	_	

#Text=Ja, es ist richtig: Wir haben da noch viel Luft nach oben. Wir haben Fachkräftemangel und gleichzeitig 50 000 junge Menschen in Deutschland, die Jahr für Jahr ohne schulischen Abschluss die Schule verlassen. Wir haben 1,6 Millionen Menschen zwischen 20 und 30 Jahren ohne berufliche Erstausbildung. Denen müssen wir eine Chance geben. Das tut diese Bundesregierung, meine sehr geehrten Damen und Herren.
3-1	691-693	Ja	_	_	
3-2	693-694	,	_	_	
3-3	695-697	es	_	B	
3-4	698-701	ist	_	_	
3-5	702-709	richtig	_	_	
3-6	709-710	:	_	_	
3-7	711-714	Wir	Animated	B	
3-8	715-720	haben	_	_	
3-9	721-723	da	_	_	
3-10	724-728	noch	_	B	
3-11	729-733	viel	_	I	
3-12	734-738	Luft	_	I	
3-13	739-743	nach	_	_	
3-14	744-748	oben	_	_	
3-15	748-749	.	_	_	
3-16	750-753	Wir	Animated	B	
3-17	754-759	haben	_	_	
3-18	760-776	Fachkräftemangel	_	B	
3-19	777-780	und	_	_	
3-20	781-793	gleichzeitig	Animated[8]	B	
3-21	794-796	50	Animated[8]	I	
3-22	797-800	000	Animated[8]	I	
3-23	801-806	junge	Animated[8]	I	
3-24	807-815	Menschen	Animated[8]	I	
3-25	816-818	in	_	_	
3-26	819-830	Deutschland	_	B	
3-27	830-831	,	_	_	
3-28	832-835	die	_	B	
3-29	836-840	Jahr	_	I	
3-30	841-844	für	_	_	
3-31	845-849	Jahr	_	B	
3-32	850-854	ohne	_	_	
3-33	855-866	schulischen	_	B	
3-34	867-876	Abschluss	_	I	
3-35	877-880	die	_	B	
3-36	881-887	Schule	_	I	
3-37	888-897	verlassen	_	_	
3-38	897-898	.	_	_	
3-39	899-902	Wir	Animated	B	
3-40	903-908	haben	_	_	
3-41	909-912	1,6	Animated[9]	B	
3-42	913-922	Millionen	Animated[9]	I	
3-43	923-931	Menschen	Animated[9]	I	
3-44	932-940	zwischen	_	_	
3-45	941-943	20	_	B	
3-46	944-947	und	_	I	
3-47	948-950	30	_	I	
3-48	951-957	Jahren	_	I	
3-49	958-962	ohne	_	_	
3-50	963-973	berufliche	_	B	
3-51	974-988	Erstausbildung	_	I	
3-52	988-989	.	_	_	
3-53	990-995	Denen	_	B	
3-54	996-1002	müssen	_	_	
3-55	1003-1006	wir	Animated	B	
3-56	1007-1011	eine	_	B	
3-57	1012-1018	Chance	_	I	
3-58	1019-1024	geben	_	_	
3-59	1024-1025	.	_	_	
3-60	1026-1029	Das	_	B	
3-61	1030-1033	tut	_	_	
3-62	1034-1039	diese	Animated[10]	B	
3-63	1040-1055	Bundesregierung	Animated[10]	I	
3-64	1055-1056	,	_	_	
3-65	1057-1062	meine	Animated[11]	B	
3-66	1063-1067	sehr	Animated[11]	I	
3-67	1068-1076	geehrten	Animated[11]	I	
3-68	1077-1082	Damen	Animated[11]	I	
3-69	1083-1086	und	_	_	
3-70	1087-1093	Herren	Animated	B	
3-71	1093-1094	.	_	_	

#Text=Sie tut dies, indem sie Mittel für die Organisation der Ganztagsbetreuung in Bund und Ländern bereitstellt, mit Investitionen in digitale Bildung, mit Hilfen für die zweite Chance für diejenigen, die den Abschluss verpasst haben, mit Mitteln der aktiven Arbeitsmarktpolitik.
4-1	1104-1107	Sie	_	B	
4-2	1108-1111	tut	_	_	
4-3	1112-1116	dies	_	B	
4-4	1116-1117	,	_	_	
4-5	1118-1123	indem	_	_	
4-6	1124-1127	sie	_	B	
4-7	1128-1134	Mittel	_	B	
4-8	1135-1138	für	_	_	
4-9	1139-1142	die	Animated[12]	B	
4-10	1143-1155	Organisation	Animated[12]	I	
4-11	1156-1159	der	_	B	
4-12	1160-1177	Ganztagsbetreuung	_	I	
4-13	1178-1180	in	_	_	
4-14	1181-1185	Bund	Animated	B	
4-15	1186-1189	und	_	_	
4-16	1190-1197	Ländern	Animated	B	
4-17	1198-1210	bereitstellt	_	_	
4-18	1210-1211	,	_	_	
4-19	1212-1215	mit	_	_	
4-20	1216-1229	Investitionen	_	B	
4-21	1230-1232	in	_	_	
4-22	1233-1241	digitale	_	B	
4-23	1242-1249	Bildung	_	I	
4-24	1249-1250	,	_	_	
4-25	1251-1254	mit	_	_	
4-26	1255-1261	Hilfen	_	B	
4-27	1262-1265	für	_	_	
4-28	1266-1269	die	_	B	
4-29	1270-1276	zweite	_	I	
4-30	1277-1283	Chance	_	I	
4-31	1284-1287	für	_	_	
4-32	1288-1298	diejenigen	_	B	
4-33	1298-1299	,	_	_	
4-34	1300-1303	die	_	B	
4-35	1304-1307	den	_	B	
4-36	1308-1317	Abschluss	_	I	
4-37	1318-1326	verpasst	_	_	
4-38	1327-1332	haben	_	_	
4-39	1332-1333	,	_	_	
4-40	1334-1337	mit	_	_	
4-41	1338-1345	Mitteln	_	B	
4-42	1346-1349	der	_	B	
4-43	1350-1357	aktiven	_	I	
4-44	1358-1377	Arbeitsmarktpolitik	_	I	
4-45	1377-1378	.	_	_	

#Text=Es geht auch um die bessere Vereinbarkeit von Beruf und Familie und um die bessere Verteilung der Arbeitszeit zwischen Männern und Frauen. Die Frauenerwerbsbeteiligung ist zwar viel höher als vor vielen Jahren, aber das Arbeitszeitvolumen ist immer noch nicht richtig zwischen Männern und Frauen verteilt. Es geht um Weiterbildung. All das ist notwendig. Gleichwohl – Horst Seehofer hat es zu Recht gesagt – werden wir ergänzende Zuwanderung qualifizierter Fachkräfte aus dem Ausland brauchen – nicht nur aus dem europäischen Ausland, sondern auch aus Drittstaaten.
5-1	1385-1387	Es	_	_	
5-2	1388-1392	geht	_	_	
5-3	1393-1397	auch	_	_	
5-4	1398-1400	um	_	_	
5-5	1401-1404	die	_	B	
5-6	1405-1412	bessere	_	I	
5-7	1413-1426	Vereinbarkeit	_	I	
5-8	1427-1430	von	_	_	
5-9	1431-1436	Beruf	Animated	B	
5-10	1437-1440	und	_	_	
5-11	1441-1448	Familie	Animated	B	
5-12	1449-1452	und	_	_	
5-13	1453-1455	um	_	_	
5-14	1456-1459	die	_	B	
5-15	1460-1467	bessere	_	I	
5-16	1468-1478	Verteilung	_	I	
5-17	1479-1482	der	_	B	
5-18	1483-1494	Arbeitszeit	_	I	
5-19	1495-1503	zwischen	_	_	
5-20	1504-1511	Männern	Animated	B	
5-21	1512-1515	und	_	_	
5-22	1516-1522	Frauen	Animated	B	
5-23	1522-1523	.	_	_	
5-24	1524-1527	Die	_	B	
5-25	1528-1552	Frauenerwerbsbeteiligung	_	I	
5-26	1553-1556	ist	_	_	
5-27	1557-1561	zwar	_	_	
5-28	1562-1566	viel	_	_	
5-29	1567-1572	höher	_	_	
5-30	1573-1576	als	_	_	
5-31	1577-1580	vor	_	_	
5-32	1581-1587	vielen	_	B	
5-33	1588-1594	Jahren	_	I	
5-34	1594-1595	,	_	_	
5-35	1596-1600	aber	_	_	
5-36	1601-1604	das	_	B	
5-37	1605-1623	Arbeitszeitvolumen	_	I	
5-38	1624-1627	ist	_	_	
5-39	1628-1633	immer	_	_	
5-40	1634-1638	noch	_	_	
5-41	1639-1644	nicht	_	_	
5-42	1645-1652	richtig	_	_	
5-43	1653-1661	zwischen	_	_	
5-44	1662-1669	Männern	Animated	B	
5-45	1670-1673	und	_	_	
5-46	1674-1680	Frauen	Animated	B	
5-47	1681-1689	verteilt	_	_	
5-48	1689-1690	.	_	_	
5-49	1691-1693	Es	_	_	
5-50	1694-1698	geht	_	_	
5-51	1699-1701	um	_	_	
5-52	1702-1715	Weiterbildung	_	B	
5-53	1715-1716	.	_	_	
5-54	1717-1720	All	_	B	
5-55	1721-1724	das	_	I	
5-56	1725-1728	ist	_	_	
5-57	1729-1738	notwendig	_	_	
5-58	1738-1739	.	_	_	
5-59	1740-1750	Gleichwohl	_	_	
5-60	1751-1752	–	_	_	
5-61	1753-1758	Horst	Animated[13]	B	
5-62	1759-1767	Seehofer	Animated[13]	I	
5-63	1768-1771	hat	_	_	
5-64	1772-1774	es	_	B	
5-65	1775-1777	zu	_	_	
5-66	1778-1783	Recht	_	B	
5-67	1784-1790	gesagt	_	_	
5-68	1791-1792	–	_	_	
5-69	1793-1799	werden	_	_	
5-70	1800-1803	wir	_	B	
5-71	1804-1814	ergänzende	_	B	
5-72	1815-1826	Zuwanderung	_	I	
5-73	1827-1841	qualifizierter	Animated[14]	B	
5-74	1842-1852	Fachkräfte	Animated[14]	I	
5-75	1853-1856	aus	_	_	
5-76	1857-1860	dem	_	B	
5-77	1861-1868	Ausland	_	I	
5-78	1869-1877	brauchen	_	_	
5-79	1878-1879	–	_	_	
5-80	1880-1885	nicht	_	_	
5-81	1886-1889	nur	_	_	
5-82	1890-1893	aus	_	_	
5-83	1894-1897	dem	_	B	
5-84	1898-1910	europäischen	_	I	
5-85	1911-1918	Ausland	_	I	
5-86	1918-1919	,	_	_	
5-87	1920-1927	sondern	_	_	
5-88	1928-1932	auch	_	_	
5-89	1933-1936	aus	_	_	
5-90	1937-1949	Drittstaaten	Animated	B	
5-91	1949-1950	.	_	_	

#Text=Heute legen wir Ihnen das Fachkräfteeinwanderungsgesetz vor. Ich kann nur sagen: Wenn Sie uns nicht glauben, hören Sie auf den Zentralverband des Deutschen Handwerks, der sich gestern dazu geäußert hat. Er hat gesagt: Beide Gesetze – das Fachkräfteeinwanderungsgesetz und das Beschäftigungsduldungsgesetz, das heute auch vorliegt – sind der richtige Weg; es ist eine ausgewogene Lösung und sortiert die Einwanderungs- und Migrationspolitik auf vernünftige Weise.
6-1	1958-1963	Heute	_	_	
6-2	1964-1969	legen	_	_	
6-3	1970-1973	wir	Animated	B	
6-4	1974-1979	Ihnen	_	B	
6-5	1980-1983	das	_	B	
6-6	1984-2013	Fachkräfteeinwanderungsgesetz	_	I	
6-7	2014-2017	vor	_	_	
6-8	2017-2018	.	_	_	
6-9	2019-2022	Ich	Animated	B	
6-10	2023-2027	kann	_	_	
6-11	2028-2031	nur	_	_	
6-12	2032-2037	sagen	_	_	
6-13	2037-2038	:	_	_	
6-14	2039-2043	Wenn	_	_	
6-15	2044-2047	Sie	_	B	
6-16	2048-2051	uns	_	B	
6-17	2052-2057	nicht	_	_	
6-18	2058-2065	glauben	_	_	
6-19	2065-2066	,	_	_	
6-20	2067-2072	hören	_	_	
6-21	2073-2076	Sie	_	B	
6-22	2077-2080	auf	_	_	
6-23	2081-2084	den	Animated[15]	B	
6-24	2085-2099	Zentralverband	Animated[15]	I	
6-25	2100-2103	des	Animated[16]	B	
6-26	2104-2113	Deutschen	Animated[16]	I	
6-27	2114-2123	Handwerks	Animated[16]	I	
6-28	2123-2124	,	_	_	
6-29	2125-2128	der	_	B	
6-30	2129-2133	sich	_	B	
6-31	2134-2141	gestern	_	_	
6-32	2142-2146	dazu	_	_	
6-33	2147-2155	geäußert	_	_	
6-34	2156-2159	hat	_	_	
6-35	2159-2160	.	_	_	
6-36	2161-2163	Er	_	B	
6-37	2164-2167	hat	_	_	
6-38	2168-2174	gesagt	_	_	
6-39	2174-2175	:	_	_	
6-40	2176-2181	Beide	_	B	
6-41	2182-2189	Gesetze	_	I	
6-42	2190-2191	–	_	_	
6-43	2192-2195	das	_	B	
6-44	2196-2225	Fachkräfteeinwanderungsgesetz	_	I	
6-45	2226-2229	und	_	_	
6-46	2230-2233	das	_	B	
6-47	2234-2262	Beschäftigungsduldungsgesetz	_	I	
6-48	2262-2263	,	_	_	
6-49	2264-2267	das	_	B	
6-50	2268-2273	heute	_	_	
6-51	2274-2278	auch	_	_	
6-52	2279-2287	vorliegt	_	_	
6-53	2288-2289	–	_	_	
6-54	2290-2294	sind	_	_	
6-55	2295-2298	der	_	B	
6-56	2299-2307	richtige	_	I	
6-57	2308-2311	Weg	_	I	
6-58	2311-2312	;	_	_	
6-59	2313-2315	es	_	B	
6-60	2316-2319	ist	_	_	
6-61	2320-2324	eine	_	B	
6-62	2325-2336	ausgewogene	_	I	
6-63	2337-2343	Lösung	_	I	
6-64	2344-2347	und	_	_	
6-65	2348-2356	sortiert	_	_	
6-66	2357-2360	die	_	B	
6-67	2361-2375	Einwanderungs-	_	I	
6-68	2376-2379	und	_	I	
6-69	2380-2397	Migrationspolitik	_	I	
6-70	2398-2401	auf	_	_	
6-71	2402-2413	vernünftige	_	B	
6-72	2414-2419	Weise	_	I	
6-73	2419-2420	.	_	_	

#Text=Ich kann die Notwendigkeit dieses Gesetzes an einem praktischen Beispiel, basierend auf dem, was wir auf den Weg gebracht haben, verdeutlichen. Wir haben schon Zuwanderungsmöglichkeiten für akademisch Gebildete in Deutschland. Wir haben aber keine ausreichenden Zuwanderungsmöglichkeiten für beruflich Qualifizierte.
7-1	2430-2433	Ich	Animated	B	
7-2	2434-2438	kann	_	_	
7-3	2439-2442	die	_	B	
7-4	2443-2456	Notwendigkeit	_	I	
7-5	2457-2463	dieses	_	B	
7-6	2464-2472	Gesetzes	_	I	
7-7	2473-2475	an	_	_	
7-8	2476-2481	einem	_	B	
7-9	2482-2493	praktischen	_	I	
7-10	2494-2502	Beispiel	_	I	
7-11	2502-2503	,	_	_	
7-12	2504-2513	basierend	_	_	
7-13	2514-2517	auf	_	_	
7-14	2518-2521	dem	_	B	
7-15	2521-2522	,	_	_	
7-16	2523-2526	was	_	B	
7-17	2527-2530	wir	Animated	B	
7-18	2531-2534	auf	_	_	
7-19	2535-2538	den	_	B	
7-20	2539-2542	Weg	_	I	
7-21	2543-2551	gebracht	_	_	
7-22	2552-2557	haben	_	_	
7-23	2557-2558	,	_	_	
7-24	2559-2572	verdeutlichen	_	_	
7-25	2572-2573	.	_	_	
7-26	2574-2577	Wir	Animated	B	
7-27	2578-2583	haben	_	_	
7-28	2584-2589	schon	_	B	
7-29	2590-2615	Zuwanderungsmöglichkeiten	_	I	
7-30	2616-2619	für	_	_	
7-31	2620-2630	akademisch	Animated[17]	B	
7-32	2631-2640	Gebildete	Animated[17]	I	
7-33	2641-2643	in	_	_	
7-34	2644-2655	Deutschland	_	B	
7-35	2655-2656	.	_	_	
7-36	2657-2660	Wir	Animated	B	
7-37	2661-2666	haben	_	_	
7-38	2667-2671	aber	_	_	
7-39	2672-2677	keine	_	B	
7-40	2678-2691	ausreichenden	_	I	
7-41	2692-2717	Zuwanderungsmöglichkeiten	_	I	
7-42	2718-2721	für	_	_	
7-43	2722-2731	beruflich	Animated[18]	B	
7-44	2732-2745	Qualifizierte	Animated[18]	I	
7-45	2745-2746	.	_	_	

#Text=Es ist vollkommen richtig, dass wir dafür unbürokratische, praktische Lösungen schaffen.
8-1	2753-2755	Es	_	B	
8-2	2756-2759	ist	_	_	
8-3	2760-2770	vollkommen	_	_	
8-4	2771-2778	richtig	_	_	
8-5	2778-2779	,	_	_	
8-6	2780-2784	dass	_	_	
8-7	2785-2788	wir	_	B	
8-8	2789-2794	dafür	_	B	
8-9	2795-2810	unbürokratische	_	I	
8-10	2810-2811	,	_	I	
8-11	2812-2822	praktische	_	I	
8-12	2823-2831	Lösungen	_	I	
8-13	2832-2840	schaffen	_	_	
8-14	2840-2841	.	_	_	

#Text=Eine Voraussetzung limitiert die Möglichkeiten, nach Deutschland zu kommen, im Gegensatz zu klassischen Einwanderungsländern stark. Das ist die Tatsache, dass die deutsche Sprache auf der Welt von ungefähr 100 Millionen Menschen gesprochen wird – 80 Millionen Menschen davon wohnen allein in Deutschland, ein paar auch in Österreich und in der Schweiz. Das heißt, im Gegensatz zu englischsprachigen oder französischsprachigen Ländern ist die Zahl potenzieller Einwanderer mit Deutschkenntnissen auf der Welt nicht so riesig.
9-1	2845-2849	Eine	_	B	
9-2	2850-2863	Voraussetzung	_	I	
9-3	2864-2873	limitiert	_	_	
9-4	2874-2877	die	_	B	
9-5	2878-2891	Möglichkeiten	_	I	
9-6	2891-2892	,	_	_	
9-7	2893-2897	nach	_	_	
9-8	2898-2909	Deutschland	_	B	
9-9	2910-2912	zu	_	_	
9-10	2913-2919	kommen	_	_	
9-11	2919-2920	,	_	_	
9-12	2921-2923	im	_	_	
9-13	2924-2933	Gegensatz	_	B	
9-14	2934-2936	zu	_	_	
9-15	2937-2948	klassischen	_	B	
9-16	2949-2969	Einwanderungsländern	_	I	
9-17	2970-2975	stark	_	_	
9-18	2975-2976	.	_	_	
9-19	2977-2980	Das	_	B	
9-20	2981-2984	ist	_	_	
9-21	2985-2988	die	_	B	
9-22	2989-2997	Tatsache	_	I	
9-23	2997-2998	,	_	_	
9-24	2999-3003	dass	_	_	
9-25	3004-3007	die	_	B	
9-26	3008-3016	deutsche	_	I	
9-27	3017-3024	Sprache	_	I	
9-28	3025-3028	auf	_	_	
9-29	3029-3032	der	Animated[19]	B	
9-30	3033-3037	Welt	Animated[19]	I	
9-31	3038-3041	von	_	_	
9-32	3042-3050	ungefähr	Animated[20]	B	
9-33	3051-3054	100	Animated[20]	I	
9-34	3055-3064	Millionen	Animated[20]	I	
9-35	3065-3073	Menschen	Animated[20]	I	
9-36	3074-3084	gesprochen	_	_	
9-37	3085-3089	wird	_	_	
9-38	3090-3091	–	_	_	
9-39	3092-3094	80	Animated[21]	B	
9-40	3095-3104	Millionen	Animated[21]	I	
9-41	3105-3113	Menschen	Animated[21]	I	
9-42	3114-3119	davon	_	_	
9-43	3120-3126	wohnen	_	_	
9-44	3127-3133	allein	_	_	
9-45	3134-3136	in	_	_	
9-46	3137-3148	Deutschland	_	B	
9-47	3148-3149	,	_	_	
9-48	3150-3153	ein	_	_	
9-49	3154-3158	paar	_	_	
9-50	3159-3163	auch	_	_	
9-51	3164-3166	in	_	_	
9-52	3167-3177	Österreich	_	B	
9-53	3178-3181	und	_	_	
9-54	3182-3184	in	_	_	
9-55	3185-3188	der	_	B	
9-56	3189-3196	Schweiz	_	I	
9-57	3196-3197	.	_	_	
9-58	3198-3201	Das	_	B	
9-59	3202-3207	heißt	_	_	
9-60	3207-3208	,	_	_	
9-61	3209-3211	im	_	_	
9-62	3212-3221	Gegensatz	_	B	
9-63	3222-3224	zu	_	_	
9-64	3225-3243	englischsprachigen	Animated[22]	B	
9-65	3244-3248	oder	Animated[22]	I	
9-66	3249-3270	französischsprachigen	Animated[22]	I	
9-67	3271-3278	Ländern	Animated[22]	I	
9-68	3279-3282	ist	_	_	
9-69	3283-3286	die	_	B	
9-70	3287-3291	Zahl	_	I	
9-71	3292-3304	potenzieller	Animated[23]	B	
9-72	3305-3316	Einwanderer	Animated[23]	I	
9-73	3317-3320	mit	_	_	
9-74	3321-3339	Deutschkenntnissen	_	B	
9-75	3340-3343	auf	_	_	
9-76	3344-3347	der	Animated[24]	B	
9-77	3348-3352	Welt	Animated[24]	I	
9-78	3353-3358	nicht	_	_	
9-79	3359-3361	so	_	_	
9-80	3362-3368	riesig	_	_	
9-81	3368-3369	.	_	_	

#Text=Warum halten wir trotzdem daran fest? Weil wir einen Fehler der Vergangenheit – die Arbeitskräftezuwanderung der 60er- und frühen 70er-Jahre – nicht wiederholen wollen. Um es mit Max Frisch zu sagen: Wir wollten damals Arbeitskräfte, aber es kamen Menschen. – Deshalb ist es richtig, dass, wenn wir Fachkräfte nach Deutschland holen, wir davon ausgehen müssen, dass viele von denen dauerhaft hierbleiben. Wir müssen das Thema Integration mitdenken. Es ist notwendig, im Ausland unsere Anstrengungen zu verstärken, dass mehr Menschen die deutsche Sprache mithilfe von Goethe-Instituten, mit Institutionen, die dafür notwendig sind, lernen können, damit wir die Potenziale nutzen können.
10-1	3378-3383	Warum	_	_	
10-2	3384-3390	halten	_	_	
10-3	3391-3394	wir	Animated	B	
10-4	3395-3403	trotzdem	_	_	
10-5	3404-3409	daran	_	_	
10-6	3410-3414	fest	_	_	
10-7	3414-3415	?	_	_	
10-8	3416-3420	Weil	_	_	
10-9	3421-3424	wir	Animated	B	
10-10	3425-3430	einen	_	B	
10-11	3431-3437	Fehler	_	I	
10-12	3438-3441	der	_	B	
10-13	3442-3455	Vergangenheit	_	I	
10-14	3456-3457	–	_	_	
10-15	3458-3461	die	_	B	
10-16	3462-3486	Arbeitskräftezuwanderung	_	I	
10-17	3487-3490	der	_	B	
10-18	3491-3496	60er-	_	I	
10-19	3497-3500	und	_	I	
10-20	3501-3507	frühen	_	I	
10-21	3508-3518	70er-Jahre	_	I	
10-22	3519-3520	–	_	_	
10-23	3521-3526	nicht	_	_	
10-24	3527-3538	wiederholen	_	_	
10-25	3539-3545	wollen	_	_	
10-26	3545-3546	.	_	_	
10-27	3547-3549	Um	_	_	
10-28	3550-3552	es	_	B	
10-29	3553-3556	mit	_	_	
10-30	3557-3560	Max	Animated[25]	B	
10-31	3561-3567	Frisch	Animated[25]	I	
10-32	3568-3570	zu	_	_	
10-33	3571-3576	sagen	_	_	
10-34	3576-3577	:	_	_	
10-35	3578-3581	Wir	Animated	B	
10-36	3582-3589	wollten	_	_	
10-37	3590-3596	damals	_	_	
10-38	3597-3610	Arbeitskräfte	Animated	B	
10-39	3610-3611	,	_	_	
10-40	3612-3616	aber	_	_	
10-41	3617-3619	es	_	_	
10-42	3620-3625	kamen	_	_	
10-43	3626-3634	Menschen	Animated	B	
10-44	3634-3635	.	_	_	
10-45	3636-3637	–	_	_	
10-46	3638-3645	Deshalb	_	_	
10-47	3646-3649	ist	_	_	
10-48	3650-3652	es	_	B	
10-49	3653-3660	richtig	_	_	
10-50	3660-3661	,	_	_	
10-51	3662-3666	dass	_	_	
10-52	3666-3667	,	_	_	
10-53	3668-3672	wenn	_	_	
10-54	3673-3676	wir	Animated	B	
10-55	3677-3687	Fachkräfte	Animated	B	
10-56	3688-3692	nach	_	_	
10-57	3693-3704	Deutschland	_	B	
10-58	3705-3710	holen	_	_	
10-59	3710-3711	,	_	_	
10-60	3712-3715	wir	Animated	B	
10-61	3716-3721	davon	_	_	
10-62	3722-3730	ausgehen	_	_	
10-63	3731-3737	müssen	_	_	
10-64	3737-3738	,	_	_	
10-65	3739-3743	dass	_	_	
10-66	3744-3749	viele	_	B	
10-67	3750-3753	von	_	_	
10-68	3754-3759	denen	_	B	
10-69	3760-3769	dauerhaft	_	_	
10-70	3770-3781	hierbleiben	_	_	
10-71	3781-3782	.	_	_	
10-72	3783-3786	Wir	Animated	B	
10-73	3787-3793	müssen	_	_	
10-74	3794-3797	das	_	B	
10-75	3798-3803	Thema	_	I	
10-76	3804-3815	Integration	_	I	
10-77	3816-3825	mitdenken	_	_	
10-78	3825-3826	.	_	_	
10-79	3827-3829	Es	_	B	
10-80	3830-3833	ist	_	_	
10-81	3834-3843	notwendig	_	_	
10-82	3843-3844	,	_	_	
10-83	3845-3847	im	_	_	
10-84	3848-3855	Ausland	_	B	
10-85	3856-3862	unsere	_	B	
10-86	3863-3876	Anstrengungen	_	I	
10-87	3877-3879	zu	_	_	
10-88	3880-3890	verstärken	_	_	
10-89	3890-3891	,	_	_	
10-90	3892-3896	dass	_	_	
10-91	3897-3901	mehr	Animated[26]	B	
10-92	3902-3910	Menschen	Animated[26]	I	
10-93	3911-3914	die	_	B	
10-94	3915-3923	deutsche	_	I	
10-95	3924-3931	Sprache	_	I	
10-96	3932-3940	mithilfe	_	_	
10-97	3941-3944	von	_	_	
10-98	3945-3962	Goethe-Instituten	Animated	B	
10-99	3962-3963	,	_	_	
10-100	3964-3967	mit	_	_	
10-101	3968-3981	Institutionen	Animated	B	
10-102	3981-3982	,	_	_	
10-103	3983-3986	die	_	B	
10-104	3987-3992	dafür	_	_	
10-105	3993-4002	notwendig	_	_	
10-106	4003-4007	sind	_	_	
10-107	4007-4008	,	_	_	
10-108	4009-4015	lernen	_	_	
10-109	4016-4022	können	_	_	
10-110	4022-4023	,	_	_	
10-111	4024-4029	damit	_	_	
10-112	4030-4033	wir	Animated	B	
10-113	4034-4037	die	_	B	
10-114	4038-4048	Potenziale	_	I	
10-115	4049-4055	nutzen	_	_	
10-116	4056-4062	können	_	_	
10-117	4062-4063	.	_	_	

#Text=Aber weil viele Qualifizierte uns nicht automatisch die Bude einrennen werden, ist es richtig, dass wir eine gemeinsame Anwerbestrategie mit der deutschen Wirtschaft organisieren und der Wirtschaft die Chance geben, das Ganze unbürokratisch hinzubekommen. Die Unternehmen haben ganz praktische Probleme: Visumserteilung, die Frage der Anerkennung von beruflichen Qualifikationen. Dafür haben wir in diesem Gesetz richtig gute Regelungen geschaffen. Meine Damen und Herren, heute ist ein guter Tag, indem wir im Rahmen einer Fachkräftestrategie Regelungen für eine ergänzende Fachkräfteeinwanderung ermöglichen.
11-1	4082-4086	Aber	_	_	
11-2	4087-4091	weil	_	_	
11-3	4092-4097	viele	Animated[27]	B	
11-4	4098-4111	Qualifizierte	Animated[27]	I	
11-5	4112-4115	uns	_	B	
11-6	4116-4121	nicht	_	_	
11-7	4122-4133	automatisch	_	_	
11-8	4134-4137	die	_	B	
11-9	4138-4142	Bude	_	I	
11-10	4143-4152	einrennen	_	_	
11-11	4153-4159	werden	_	_	
11-12	4159-4160	,	_	_	
11-13	4161-4164	ist	_	_	
11-14	4165-4167	es	_	B	
11-15	4168-4175	richtig	_	_	
11-16	4175-4176	,	_	_	
11-17	4177-4181	dass	_	_	
11-18	4182-4185	wir	Animated	B	
11-19	4186-4190	eine	_	B	
11-20	4191-4201	gemeinsame	_	I	
11-21	4202-4218	Anwerbestrategie	_	I	
11-22	4219-4222	mit	_	_	
11-23	4223-4226	der	Animated[28]	B	
11-24	4227-4236	deutschen	Animated[28]	I	
11-25	4237-4247	Wirtschaft	Animated[28]	I	
11-26	4248-4260	organisieren	_	_	
11-27	4261-4264	und	_	_	
11-28	4265-4268	der	_	B	
11-29	4269-4279	Wirtschaft	_	I	
11-30	4280-4283	die	_	B	
11-31	4284-4290	Chance	_	I	
11-32	4291-4296	geben	_	_	
11-33	4296-4297	,	_	_	
11-34	4298-4301	das	_	B	
11-35	4302-4307	Ganze	_	I	
11-36	4308-4322	unbürokratisch	_	_	
11-37	4323-4336	hinzubekommen	_	_	
11-38	4336-4337	.	_	_	
11-39	4338-4341	Die	Animated[29]	B	
11-40	4342-4353	Unternehmen	Animated[29]	I	
11-41	4354-4359	haben	_	_	
11-42	4360-4364	ganz	_	B	
11-43	4365-4375	praktische	_	I	
11-44	4376-4384	Probleme	_	I	
11-45	4384-4385	:	_	_	
11-46	4386-4401	Visumserteilung	_	B	
11-47	4401-4402	,	_	_	
11-48	4403-4406	die	_	B	
11-49	4407-4412	Frage	_	I	
11-50	4413-4416	der	_	B	
11-51	4417-4428	Anerkennung	_	I	
11-52	4429-4432	von	_	_	
11-53	4433-4444	beruflichen	_	B	
11-54	4445-4460	Qualifikationen	_	I	
11-55	4460-4461	.	_	_	
11-56	4462-4467	Dafür	_	_	
11-57	4468-4473	haben	_	_	
11-58	4474-4477	wir	Animated	B	
11-59	4478-4480	in	_	_	
11-60	4481-4487	diesem	_	B	
11-61	4488-4494	Gesetz	_	I	
11-62	4495-4502	richtig	_	B	
11-63	4503-4507	gute	_	I	
11-64	4508-4518	Regelungen	_	I	
11-65	4519-4529	geschaffen	_	_	
11-66	4529-4530	.	_	_	
11-67	4531-4536	Meine	Animated[30]	B	
11-68	4537-4542	Damen	Animated[30]	I	
11-69	4543-4546	und	_	_	
11-70	4547-4553	Herren	Animated	B	
11-71	4553-4554	,	_	_	
11-72	4555-4560	heute	_	_	
11-73	4561-4564	ist	_	_	
11-74	4565-4568	ein	_	B	
11-75	4569-4574	guter	_	I	
11-76	4575-4578	Tag	_	I	
11-77	4578-4579	,	_	_	
11-78	4580-4585	indem	_	_	
11-79	4586-4589	wir	Animated	B	
11-80	4590-4592	im	_	_	
11-81	4593-4599	Rahmen	_	B	
11-82	4600-4605	einer	_	B	
11-83	4606-4625	Fachkräftestrategie	_	I	
11-84	4626-4636	Regelungen	_	B	
11-85	4637-4640	für	_	_	
11-86	4641-4645	eine	_	B	
11-87	4646-4656	ergänzende	_	I	
11-88	4657-4679	Fachkräfteeinwanderung	_	I	
11-89	4680-4691	ermöglichen	_	_	
11-90	4691-4692	.	_	_	

#Text=Lassen Sie mich noch einen Satz zum Thema Beschäftigungsduldung sagen. Es macht doch keinen Sinn, meine Damen und Herren, auf der einen Seite mühsam Fachkräfte aus dem Ausland zu holen, und andererseits die Fachkräfte, die wir schon bei uns haben, abzuschieben.
12-1	4704-4710	Lassen	_	_	
12-2	4711-4714	Sie	_	B	
12-3	4715-4719	mich	_	B	
12-4	4720-4724	noch	_	_	
12-5	4725-4730	einen	_	B	
12-6	4731-4735	Satz	_	I	
12-7	4736-4739	zum	_	_	
12-8	4740-4745	Thema	_	B	
12-9	4746-4767	Beschäftigungsduldung	_	I	
12-10	4768-4773	sagen	_	_	
12-11	4773-4774	.	_	_	
12-12	4775-4777	Es	_	B	
12-13	4778-4783	macht	_	_	
12-14	4784-4788	doch	_	_	
12-15	4789-4795	keinen	_	B	
12-16	4796-4800	Sinn	_	I	
12-17	4800-4801	,	_	_	
12-18	4802-4807	meine	Animated[31]	B	
12-19	4808-4813	Damen	Animated[31]	I	
12-20	4814-4817	und	_	_	
12-21	4818-4824	Herren	Animated	B	
12-22	4824-4825	,	_	_	
12-23	4826-4829	auf	_	_	
12-24	4830-4833	der	_	B	
12-25	4834-4839	einen	_	I	
12-26	4840-4845	Seite	_	I	
12-27	4846-4852	mühsam	_	_	
12-28	4853-4863	Fachkräfte	Animated	B	
12-29	4864-4867	aus	_	_	
12-30	4868-4871	dem	_	B	
12-31	4872-4879	Ausland	_	I	
12-32	4880-4882	zu	_	_	
12-33	4883-4888	holen	_	_	
12-34	4888-4889	,	_	_	
12-35	4890-4893	und	_	_	
12-36	4894-4906	andererseits	Animated[32]	B	
12-37	4907-4910	die	Animated[32]	I	
12-38	4911-4921	Fachkräfte	Animated[32]	I	
12-39	4921-4922	,	_	_	
12-40	4923-4926	die	_	B	
12-41	4927-4930	wir	Animated	B	
12-42	4931-4936	schon	_	_	
12-43	4937-4940	bei	_	_	
12-44	4941-4944	uns	_	B	
12-45	4945-4950	haben	_	_	
12-46	4950-4951	,	_	_	
12-47	4952-4964	abzuschieben	_	_	
12-48	4964-4965	.	_	_	

#Text=Deshalb haben wir gesagt: Wir brauchen eine pragmatische Lösung.
13-1	4973-4980	Deshalb	_	_	
13-2	4981-4986	haben	_	_	
13-3	4987-4990	wir	Animated	B	
13-4	4991-4997	gesagt	_	_	
13-5	4997-4998	:	_	_	
13-6	4999-5002	Wir	Animated	B	
13-7	5003-5011	brauchen	_	_	
13-8	5012-5016	eine	_	B	
13-9	5017-5029	pragmatische	_	I	
13-10	5030-5036	Lösung	_	I	
13-11	5036-5037	.	_	_	

#Text=Nächste Woche beraten wir das Geordnete-Rückkehr-Gesetz. Ja, es ist richtig, dass Menschen zurückgeführt werden müssen, die kein Recht haben, in diesem Land zu sein.
14-1	5040-5047	Nächste	_	B	
14-2	5048-5053	Woche	_	I	
14-3	5054-5061	beraten	_	_	
14-4	5062-5065	wir	Animated	B	
14-5	5066-5069	das	_	B	
14-6	5070-5095	Geordnete-Rückkehr-Gesetz	_	I	
14-7	5095-5096	.	_	_	
14-8	5097-5099	Ja	_	_	
14-9	5099-5100	,	_	_	
14-10	5101-5103	es	_	B	
14-11	5104-5107	ist	_	_	
14-12	5108-5115	richtig	_	_	
14-13	5115-5116	,	_	_	
14-14	5117-5121	dass	_	_	
14-15	5122-5130	Menschen	Animated	B	
14-16	5131-5144	zurückgeführt	_	_	
14-17	5145-5151	werden	_	_	
14-18	5152-5158	müssen	_	_	
14-19	5158-5159	,	_	_	
14-20	5160-5163	die	_	B	
14-21	5164-5168	kein	_	B	
14-22	5169-5174	Recht	_	I	
14-23	5175-5180	haben	_	_	
14-24	5180-5181	,	_	_	
14-25	5182-5184	in	_	_	
14-26	5185-5191	diesem	Animated[33]	B	
14-27	5192-5196	Land	Animated[33]	I	
14-28	5197-5199	zu	_	_	
14-29	5200-5204	sein	_	_	
14-30	5204-5205	.	_	_	

#Text=Aber wir brauchen Lösungen für Menschen, die ganz lange hier sind, die sich inzwischen integriert haben, die die deutsche Sprache können, die sich nichts haben zuschulden kommen lassen, die in Ausbildung oder in Arbeit sind. Für diese Menschen brauchen wir pragmatische Lösungen. Sie alle kennen doch die Fälle aus den Wahlkreisen, in denen uns das deutsche Handwerk, viele Mittelständler sagen: Wir haben hier Leute, die wir richtig gut gebrauchen können.
15-1	5212-5216	Aber	_	_	
15-2	5217-5220	wir	Animated	B	
15-3	5221-5229	brauchen	_	_	
15-4	5230-5238	Lösungen	_	B	
15-5	5239-5242	für	_	_	
15-6	5243-5251	Menschen	Animated	B	
15-7	5251-5252	,	_	_	
15-8	5253-5256	die	_	B	
15-9	5257-5261	ganz	_	_	
15-10	5262-5267	lange	_	_	
15-11	5268-5272	hier	_	_	
15-12	5273-5277	sind	_	_	
15-13	5277-5278	,	_	_	
15-14	5279-5282	die	_	B	
15-15	5283-5287	sich	_	B	
15-16	5288-5298	inzwischen	_	_	
15-17	5299-5309	integriert	_	_	
15-18	5310-5315	haben	_	_	
15-19	5315-5316	,	_	_	
15-20	5317-5320	die	_	B	
15-21	5321-5324	die	_	B	
15-22	5325-5333	deutsche	_	I	
15-23	5334-5341	Sprache	_	I	
15-24	5342-5348	können	_	_	
15-25	5348-5349	,	_	_	
15-26	5350-5353	die	_	B	
15-27	5354-5358	sich	_	B	
15-28	5359-5365	nichts	_	B	
15-29	5366-5371	haben	_	_	
15-30	5372-5382	zuschulden	_	_	
15-31	5383-5389	kommen	_	_	
15-32	5390-5396	lassen	_	_	
15-33	5396-5397	,	_	_	
15-34	5398-5401	die	_	B	
15-35	5402-5404	in	_	_	
15-36	5405-5415	Ausbildung	_	B	
15-37	5416-5420	oder	_	_	
15-38	5421-5423	in	_	_	
15-39	5424-5430	Arbeit	_	B	
15-40	5431-5435	sind	_	_	
15-41	5435-5436	.	_	_	
15-42	5437-5440	Für	_	_	
15-43	5441-5446	diese	Animated[34]	B	
15-44	5447-5455	Menschen	Animated[34]	I	
15-45	5456-5464	brauchen	_	_	
15-46	5465-5468	wir	Animated	B	
15-47	5469-5481	pragmatische	_	B	
15-48	5482-5490	Lösungen	_	I	
15-49	5490-5491	.	_	_	
15-50	5492-5495	Sie	_	B	
15-51	5496-5500	alle	_	B	
15-52	5501-5507	kennen	_	_	
15-53	5508-5512	doch	_	_	
15-54	5513-5516	die	_	B	
15-55	5517-5522	Fälle	_	I	
15-56	5523-5526	aus	_	_	
15-57	5527-5530	den	Animated[35]	B	
15-58	5531-5542	Wahlkreisen	Animated[35]	I	
15-59	5542-5543	,	_	_	
15-60	5544-5546	in	_	_	
15-61	5547-5552	denen	_	B	
15-62	5553-5556	uns	_	B	
15-63	5557-5560	das	Animated[36]	B	
15-64	5561-5569	deutsche	Animated[36]	I	
15-65	5570-5578	Handwerk	Animated[36]	I	
15-66	5578-5579	,	_	_	
15-67	5580-5585	viele	Animated[37]	B	
15-68	5586-5600	Mittelständler	Animated[37]	I	
15-69	5601-5606	sagen	_	_	
15-70	5606-5607	:	_	_	
15-71	5608-5611	Wir	Animated	B	
15-72	5612-5617	haben	_	_	
15-73	5618-5622	hier	_	_	
15-74	5623-5628	Leute	Animated	B	
15-75	5628-5629	,	_	_	
15-76	5630-5633	die	_	B	
15-77	5634-5637	wir	Animated	B	
15-78	5638-5645	richtig	_	_	
15-79	5646-5649	gut	_	_	
15-80	5650-5660	gebrauchen	_	_	
15-81	5661-5667	können	_	_	
15-82	5667-5668	.	_	_	

#Text=Mit der Beschäftigungsduldung gehen wir einen klugen, einen ausgewogenen Weg, um das Ganze zu organisieren.
16-1	5681-5684	Mit	_	_	
16-2	5685-5688	der	_	B	
16-3	5689-5710	Beschäftigungsduldung	_	I	
16-4	5711-5716	gehen	_	_	
16-5	5717-5720	wir	Animated	B	
16-6	5721-5726	einen	_	_	
16-7	5727-5733	klugen	_	_	
16-8	5733-5734	,	_	_	
16-9	5735-5740	einen	_	B	
16-10	5741-5753	ausgewogenen	_	I	
16-11	5754-5757	Weg	_	I	
16-12	5757-5758	,	_	_	
16-13	5759-5761	um	_	_	
16-14	5762-5765	das	_	B	
16-15	5766-5771	Ganze	_	I	
16-16	5772-5774	zu	_	_	
16-17	5775-5787	organisieren	_	_	
16-18	5787-5788	.	_	_	

#Text=Es braucht entsprechende Vorzeiten, langfristige Duldungen. Es braucht Beschäftigung. Es braucht die Sicherung des Lebensunterhaltes an dieser Stelle. Es braucht Sprachkenntnisse. Und es muss natürlich klar sein, dass die Menschen straffrei hier sind. Wir schaffen mit der Beschäftigungsduldung die Chance, für einen Zeitraum in Arbeit zu bleiben, einen anderen Status zu bekommen. Wenn der absolviert ist, dann gibt es auch die Chance, dauerhaft hierzubleiben. Das ist, meine Damen und Herren, eine pragmatische Lösung.
17-1	5792-5794	Es	_	B	
17-2	5795-5802	braucht	_	_	
17-3	5803-5816	entsprechende	_	B	
17-4	5817-5826	Vorzeiten	_	I	
17-5	5826-5827	,	_	_	
17-6	5828-5840	langfristige	_	B	
17-7	5841-5850	Duldungen	_	I	
17-8	5850-5851	.	_	_	
17-9	5852-5854	Es	_	B	
17-10	5855-5862	braucht	_	_	
17-11	5863-5876	Beschäftigung	_	B	
17-12	5876-5877	.	_	_	
17-13	5878-5880	Es	_	B	
17-14	5881-5888	braucht	_	_	
17-15	5889-5892	die	_	B	
17-16	5893-5902	Sicherung	_	I	
17-17	5903-5906	des	_	B	
17-18	5907-5924	Lebensunterhaltes	_	I	
17-19	5925-5927	an	_	_	
17-20	5928-5934	dieser	_	B	
17-21	5935-5941	Stelle	_	I	
17-22	5941-5942	.	_	_	
17-23	5943-5945	Es	_	B	
17-24	5946-5953	braucht	_	_	
17-25	5954-5970	Sprachkenntnisse	_	B	
17-26	5970-5971	.	_	_	
17-27	5972-5975	Und	_	_	
17-28	5976-5978	es	_	B	
17-29	5979-5983	muss	_	_	
17-30	5984-5993	natürlich	_	_	
17-31	5994-5998	klar	_	_	
17-32	5999-6003	sein	_	_	
17-33	6003-6004	,	_	_	
17-34	6005-6009	dass	_	_	
17-35	6010-6013	die	Animated[38]	B	
17-36	6014-6022	Menschen	Animated[38]	I	
17-37	6023-6032	straffrei	_	_	
17-38	6033-6037	hier	_	_	
17-39	6038-6042	sind	_	_	
17-40	6042-6043	.	_	_	
17-41	6044-6047	Wir	Animated	B	
17-42	6048-6056	schaffen	_	_	
17-43	6057-6060	mit	_	_	
17-44	6061-6064	der	_	B	
17-45	6065-6086	Beschäftigungsduldung	_	I	
17-46	6087-6090	die	_	B	
17-47	6091-6097	Chance	_	I	
17-48	6097-6098	,	_	_	
17-49	6099-6102	für	_	_	
17-50	6103-6108	einen	_	B	
17-51	6109-6117	Zeitraum	_	I	
17-52	6118-6120	in	_	_	
17-53	6121-6127	Arbeit	_	B	
17-54	6128-6130	zu	_	_	
17-55	6131-6138	bleiben	_	_	
17-56	6138-6139	,	_	_	
17-57	6140-6145	einen	_	B	
17-58	6146-6153	anderen	_	I	
17-59	6154-6160	Status	_	I	
17-60	6161-6163	zu	_	_	
17-61	6164-6172	bekommen	_	_	
17-62	6172-6173	.	_	_	
17-63	6174-6178	Wenn	_	_	
17-64	6179-6182	der	_	B	
17-65	6183-6193	absolviert	_	_	
17-66	6194-6197	ist	_	_	
17-67	6197-6198	,	_	_	
17-68	6199-6203	dann	_	_	
17-69	6204-6208	gibt	_	_	
17-70	6209-6211	es	_	_	
17-71	6212-6216	auch	_	B	
17-72	6217-6220	die	_	I	
17-73	6221-6227	Chance	_	I	
17-74	6227-6228	,	_	_	
17-75	6229-6238	dauerhaft	_	_	
17-76	6239-6252	hierzubleiben	_	_	
17-77	6252-6253	.	_	_	
17-78	6254-6257	Das	_	B	
17-79	6258-6261	ist	_	_	
17-80	6261-6262	,	_	_	
17-81	6263-6268	meine	Animated[39]	B	
17-82	6269-6274	Damen	Animated[39]	I	
17-83	6275-6278	und	_	_	
17-84	6279-6285	Herren	Animated	B	
17-85	6285-6286	,	_	_	
17-86	6287-6291	eine	_	B	
17-87	6292-6304	pragmatische	_	I	
17-88	6305-6311	Lösung	_	I	
17-89	6311-6312	.	_	_	

#Text=Wir vermischen nicht, wie einige glauben, humanitäres Asylrecht und Fachkräfteeinwanderung. Wir wissen: Das muss geordnet werden in Deutschland. Wir haben humanitäres Asylrecht in diesem Land; das hat Verfassungsrang. Fachkräfteintegration ist im Wesentlichen keine Frage der Humanität, sondern der wirtschaftlichen Bedürfnisse unseres Landes. Das muss klar sortiert sein. Aber, meine Damen und Herren, das schaffen wir heute. In vielen technischen Berufen, in vielen Bereichen der sozialen Dienstleistungen, beispielsweise in den Pflegeberufen, im Bereich des Handwerks haben wir heute schon ganz großen Fachkräftemangel. Deshalb, meine Damen und Herren, ist es eine Frage der Zukunftsfähigkeit, des Wohlstands und der Arbeitsplatzsicherung in diesem Land, dass wir die Dinge sortieren.
18-1	6329-6332	Wir	Animated	B	
18-2	6333-6343	vermischen	_	_	
18-3	6344-6349	nicht	_	_	
18-4	6349-6350	,	_	_	
18-5	6351-6354	wie	_	_	
18-6	6355-6361	einige	_	B	
18-7	6362-6369	glauben	_	_	
18-8	6369-6370	,	_	_	
18-9	6371-6382	humanitäres	_	B	
18-10	6383-6392	Asylrecht	_	I	
18-11	6393-6396	und	_	_	
18-12	6397-6419	Fachkräfteeinwanderung	_	B	
18-13	6419-6420	.	_	_	
18-14	6421-6424	Wir	Animated	B	
18-15	6425-6431	wissen	_	_	
18-16	6431-6432	:	_	_	
18-17	6433-6436	Das	_	B	
18-18	6437-6441	muss	_	_	
18-19	6442-6450	geordnet	_	_	
18-20	6451-6457	werden	_	_	
18-21	6458-6460	in	_	_	
18-22	6461-6472	Deutschland	_	B	
18-23	6472-6473	.	_	_	
18-24	6474-6477	Wir	Animated	B	
18-25	6478-6483	haben	_	_	
18-26	6484-6495	humanitäres	_	B	
18-27	6496-6505	Asylrecht	_	I	
18-28	6506-6508	in	_	_	
18-29	6509-6515	diesem	Animated[40]	B	
18-30	6516-6520	Land	Animated[40]	I	
18-31	6520-6521	;	_	_	
18-32	6522-6525	das	_	B	
18-33	6526-6529	hat	_	_	
18-34	6530-6545	Verfassungsrang	_	B	
18-35	6545-6546	.	_	_	
18-36	6547-6568	Fachkräfteintegration	_	B	
18-37	6569-6572	ist	_	_	
18-38	6573-6575	im	_	_	
18-39	6576-6588	Wesentlichen	_	B	
18-40	6589-6594	keine	_	B	
18-41	6595-6600	Frage	_	I	
18-42	6601-6604	der	_	B	
18-43	6605-6614	Humanität	_	I	
18-44	6614-6615	,	_	_	
18-45	6616-6623	sondern	_	_	
18-46	6624-6627	der	_	B	
18-47	6628-6644	wirtschaftlichen	_	I	
18-48	6645-6656	Bedürfnisse	_	I	
18-49	6657-6664	unseres	Animated[41]	B	
18-50	6665-6671	Landes	Animated[41]	I	
18-51	6671-6672	.	_	_	
18-52	6673-6676	Das	_	B	
18-53	6677-6681	muss	_	_	
18-54	6682-6686	klar	_	_	
18-55	6687-6695	sortiert	_	_	
18-56	6696-6700	sein	_	_	
18-57	6700-6701	.	_	_	
18-58	6702-6706	Aber	_	_	
18-59	6706-6707	,	_	_	
18-60	6708-6713	meine	Animated[42]	B	
18-61	6714-6719	Damen	Animated[42]	I	
18-62	6720-6723	und	_	_	
18-63	6724-6730	Herren	Animated	B	
18-64	6730-6731	,	_	_	
18-65	6732-6735	das	_	B	
18-66	6736-6744	schaffen	_	_	
18-67	6745-6748	wir	Animated	B	
18-68	6749-6754	heute	_	_	
18-69	6754-6755	.	_	_	
18-70	6756-6758	In	_	_	
18-71	6759-6765	vielen	_	B	
18-72	6766-6777	technischen	_	I	
18-73	6778-6785	Berufen	_	I	
18-74	6785-6786	,	_	_	
18-75	6787-6789	in	_	_	
18-76	6790-6796	vielen	_	B	
18-77	6797-6806	Bereichen	_	I	
18-78	6807-6810	der	_	B	
18-79	6811-6819	sozialen	_	I	
18-80	6820-6836	Dienstleistungen	_	I	
18-81	6836-6837	,	_	_	
18-82	6838-6852	beispielsweise	_	_	
18-83	6853-6855	in	_	_	
18-84	6856-6859	den	_	B	
18-85	6860-6873	Pflegeberufen	_	I	
18-86	6873-6874	,	_	_	
18-87	6875-6877	im	_	_	
18-88	6878-6885	Bereich	_	B	
18-89	6886-6889	des	_	B	
18-90	6890-6899	Handwerks	_	I	
18-91	6900-6905	haben	_	_	
18-92	6906-6909	wir	Animated	B	
18-93	6910-6915	heute	_	_	
18-94	6916-6921	schon	_	B	
18-95	6922-6926	ganz	_	I	
18-96	6927-6933	großen	_	I	
18-97	6934-6950	Fachkräftemangel	_	I	
18-98	6950-6951	.	_	_	
18-99	6952-6959	Deshalb	_	_	
18-100	6959-6960	,	_	_	
18-101	6961-6966	meine	Animated[43]	B	
18-102	6967-6972	Damen	Animated[43]	I	
18-103	6973-6976	und	_	_	
18-104	6977-6983	Herren	Animated	B	
18-105	6983-6984	,	_	_	
18-106	6985-6988	ist	_	_	
18-107	6989-6991	es	_	B	
18-108	6992-6996	eine	_	B	
18-109	6997-7002	Frage	_	I	
18-110	7003-7006	der	_	B	
18-111	7007-7024	Zukunftsfähigkeit	_	I	
18-112	7024-7025	,	_	_	
18-113	7026-7029	des	_	B	
18-114	7030-7040	Wohlstands	_	I	
18-115	7041-7044	und	_	_	
18-116	7045-7048	der	_	B	
18-117	7049-7070	Arbeitsplatzsicherung	_	I	
18-118	7071-7073	in	_	_	
18-119	7074-7080	diesem	Animated[44]	B	
18-120	7081-7085	Land	Animated[44]	I	
18-121	7085-7086	,	_	_	
18-122	7087-7091	dass	_	_	
18-123	7092-7095	wir	Animated	B	
18-124	7096-7099	die	_	B	
18-125	7100-7105	Dinge	_	I	
18-126	7106-7115	sortieren	_	_	
18-127	7115-7116	.	_	_	

#Text=Ich kann nur sagen: Wir haben heute gute Gesetze vorgelegt. Das deutsche Handwerk gibt uns noch eines mit auf den Weg: Sie erwarten, dass wir die Gesetzentwürfe zügig beraten und verabschieden. Es ist höchste Zeit, aber wir kriegen jetzt endlich, nach über 30 Jahren Debatte in diesem Land, ein modernes Einwanderungsgesetz. Das hilft unserer Gesellschaft, das hilft unserer Wirtschaft. Ich bitte Sie um Ihre Unterstützung im parlamentarischen Verfahren.
19-1	7139-7142	Ich	Animated	B	
19-2	7143-7147	kann	_	_	
19-3	7148-7151	nur	_	_	
19-4	7152-7157	sagen	_	_	
19-5	7157-7158	:	_	_	
19-6	7159-7162	Wir	Animated	B	
19-7	7163-7168	haben	_	_	
19-8	7169-7174	heute	_	_	
19-9	7175-7179	gute	_	B	
19-10	7180-7187	Gesetze	_	I	
19-11	7188-7197	vorgelegt	_	_	
19-12	7197-7198	.	_	_	
19-13	7199-7202	Das	Animated[45]	B	
19-14	7203-7211	deutsche	Animated[45]	I	
19-15	7212-7220	Handwerk	Animated[45]	I	
19-16	7221-7225	gibt	_	_	
19-17	7226-7229	uns	_	B	
19-18	7230-7234	noch	_	_	
19-19	7235-7240	eines	_	B	
19-20	7241-7244	mit	_	_	
19-21	7245-7248	auf	_	_	
19-22	7249-7252	den	_	B	
19-23	7253-7256	Weg	_	I	
19-24	7256-7257	:	_	_	
19-25	7258-7261	Sie	_	B	
19-26	7262-7270	erwarten	_	_	
19-27	7270-7271	,	_	_	
19-28	7272-7276	dass	_	_	
19-29	7277-7280	wir	Animated	B	
19-30	7281-7284	die	_	B	
19-31	7285-7299	Gesetzentwürfe	_	I	
19-32	7300-7305	zügig	_	_	
19-33	7306-7313	beraten	_	_	
19-34	7314-7317	und	_	_	
19-35	7318-7331	verabschieden	_	_	
19-36	7331-7332	.	_	_	
19-37	7333-7335	Es	_	B	
19-38	7336-7339	ist	_	_	
19-39	7340-7347	höchste	_	B	
19-40	7348-7352	Zeit	_	I	
19-41	7352-7353	,	_	_	
19-42	7354-7358	aber	_	_	
19-43	7359-7362	wir	Animated	B	
19-44	7363-7370	kriegen	_	_	
19-45	7371-7376	jetzt	_	_	
19-46	7377-7384	endlich	_	_	
19-47	7384-7385	,	_	_	
19-48	7386-7390	nach	_	_	
19-49	7391-7395	über	_	B	
19-50	7396-7398	30	_	I	
19-51	7399-7405	Jahren	_	I	
19-52	7406-7413	Debatte	_	B	
19-53	7414-7416	in	_	_	
19-54	7417-7423	diesem	Animated[46]	B	
19-55	7424-7428	Land	Animated[46]	I	
19-56	7428-7429	,	_	_	
19-57	7430-7433	ein	_	B	
19-58	7434-7442	modernes	_	I	
19-59	7443-7462	Einwanderungsgesetz	_	I	
19-60	7462-7463	.	_	_	
19-61	7464-7467	Das	_	B	
19-62	7468-7473	hilft	_	_	
19-63	7474-7481	unserer	Animated[47]	B	
19-64	7482-7494	Gesellschaft	Animated[47]	I	
19-65	7494-7495	,	_	_	
19-66	7496-7499	das	_	B	
19-67	7500-7505	hilft	_	_	
19-68	7506-7513	unserer	Animated[48]	B	
19-69	7514-7524	Wirtschaft	Animated[48]	I	
19-70	7524-7525	.	_	_	
19-71	7526-7529	Ich	Animated	B	
19-72	7530-7535	bitte	_	_	
19-73	7536-7539	Sie	_	B	
19-74	7540-7542	um	_	_	
19-75	7543-7547	Ihre	_	B	
19-76	7548-7561	Unterstützung	_	I	
19-77	7562-7564	im	_	_	
19-78	7565-7582	parlamentarischen	_	B	
19-79	7583-7592	Verfahren	_	I	
19-80	7592-7593	.	_	_	

#Text=Herzlichen Dank.
20-1	7606-7616	Herzlichen	_	B	
20-2	7617-7621	Dank	_	I	
20-3	7621-7622	.	_	_	

#Text=Nächste Rednerin ist die Kollegin Linda Teuteberg, FDP.
21-1	7624-7631	Nächste	Animated[49]	B	
21-2	7632-7640	Rednerin	Animated[49]	I	
21-3	7641-7644	ist	_	_	
21-4	7645-7648	die	Animated[50]	B	
21-5	7649-7657	Kollegin	Animated[50]	I	
21-6	7658-7663	Linda	Animated[50]	I	
21-7	7664-7673	Teuteberg	Animated[50]	I	
21-8	7673-7674	,	_	_	
21-9	7675-7678	FDP	Animated	B	
21-10	7678-7679	.	_	_	
