#FORMAT=WebAnno TSV 3.3
#T_SP=webanno.custom.Animacy|Animated
#T_SP=webanno.custom.CustomChunk|Chunk


#Text=Sehr geehrte Frau Präsidentin! Meine Damen und Herren! Die Misere begann im Jahr 2001, als SPD und Grüne das Niveau der gesetzlichen Rente in den Sinkflug schickten. Anschließend wurden die Menschen mit Steuervorteilen massiv in überwiegend selbstfinanzierte Betriebsrenten, Direktversicherungen und vor allem in schlechte Riester-Verträge gedrängt, um die Rentenlücke zu schließen.
1-1	0-4	Sehr	Animated[1]	B	
1-2	5-12	geehrte	Animated[1]	I	
1-3	13-17	Frau	Animated[1]	I	
1-4	18-29	Präsidentin	Animated[1]	I	
1-5	29-30	!	_	_	
1-6	31-36	Meine	Animated[2]	B	
1-7	37-42	Damen	Animated[2]	I	
1-8	43-46	und	_	_	
1-9	47-53	Herren	Animated	B	
1-10	53-54	!	_	_	
1-11	55-58	Die	_	B	
1-12	59-65	Misere	_	I	
1-13	66-72	begann	_	_	
1-14	73-75	im	_	_	
1-15	76-80	Jahr	_	B	
1-16	81-85	2001	_	_	
1-17	85-86	,	_	_	
1-18	87-90	als	_	_	
1-19	91-94	SPD	Animated	B	
1-20	95-98	und	_	_	
1-21	99-104	Grüne	Animated	B	
1-22	105-108	das	_	B	
1-23	109-115	Niveau	_	I	
1-24	116-119	der	_	B	
1-25	120-132	gesetzlichen	_	I	
1-26	133-138	Rente	_	I	
1-27	139-141	in	_	_	
1-28	142-145	den	_	B	
1-29	146-154	Sinkflug	_	I	
1-30	155-164	schickten	_	_	
1-31	164-165	.	_	_	
1-32	166-178	Anschließend	_	_	
1-33	179-185	wurden	_	_	
1-34	186-189	die	Animated[3]	B	
1-35	190-198	Menschen	Animated[3]	I	
1-36	199-202	mit	_	_	
1-37	203-218	Steuervorteilen	_	B	
1-38	219-225	massiv	_	_	
1-39	226-228	in	_	_	
1-40	229-240	überwiegend	_	B	
1-41	241-258	selbstfinanzierte	_	I	
1-42	259-273	Betriebsrenten	_	I	
1-43	273-274	,	_	_	
1-44	275-295	Direktversicherungen	_	B	
1-45	296-299	und	_	_	
1-46	300-303	vor	_	_	
1-47	304-309	allem	_	B	
1-48	310-312	in	_	_	
1-49	313-322	schlechte	_	B	
1-50	323-339	Riester-Verträge	_	I	
1-51	340-348	gedrängt	_	_	
1-52	348-349	,	_	_	
1-53	350-352	um	_	_	
1-54	353-356	die	_	B	
1-55	357-368	Rentenlücke	_	I	
1-56	369-371	zu	_	_	
1-57	372-381	schließen	_	_	
1-58	381-382	.	_	_	

#Text=Und ohne jeden Vertrauensschutz haben dann Ulla Schmidt, SPD, und Horst Seehofer, CSU, ab 2004 Millionen von Versicherten fast 20 Prozent des Wertes ihrer Direktversicherungen und Betriebsrenten wieder weggenommen. Völlig willkürlich wurde auf einmal der Krankenversicherungsbeitrag verdoppelt. Zwei Parteien stimmten damals gegen diesen Unsinn: die FDP und die PDS – danke dafür!
2-1	390-393	Und	_	_	
2-2	394-398	ohne	_	_	
2-3	399-404	jeden	_	B	
2-4	405-421	Vertrauensschutz	_	I	
2-5	422-427	haben	_	_	
2-6	428-432	dann	_	_	
2-7	433-437	Ulla	Animated[4]	B	
2-8	438-445	Schmidt	Animated[4]	I	
2-9	445-446	,	_	_	
2-10	447-450	SPD	_	_	
2-11	450-451	,	_	_	
2-12	452-455	und	_	_	
2-13	456-461	Horst	Animated[5]	B	
2-14	462-470	Seehofer	Animated[5]	I	
2-15	470-471	,	_	_	
2-16	472-475	CSU	_	_	
2-17	475-476	,	_	_	
2-18	477-479	ab	_	B	
2-19	480-484	2004	_	I	
2-20	485-494	Millionen	_	I	
2-21	495-498	von	_	I	
2-22	499-511	Versicherten	_	I	
2-23	512-516	fast	_	I	
2-24	517-519	20	_	I	
2-25	520-527	Prozent	_	I	
2-26	528-531	des	_	B	
2-27	532-538	Wertes	_	I	
2-28	539-544	ihrer	_	B	
2-29	545-565	Direktversicherungen	_	I	
2-30	566-569	und	_	_	
2-31	570-584	Betriebsrenten	_	B	
2-32	585-591	wieder	_	_	
2-33	592-603	weggenommen	_	_	
2-34	603-604	.	_	_	
2-35	605-611	Völlig	_	_	
2-36	612-623	willkürlich	_	_	
2-37	624-629	wurde	_	_	
2-38	630-633	auf	_	_	
2-39	634-640	einmal	_	_	
2-40	641-644	der	_	B	
2-41	645-672	Krankenversicherungsbeitrag	_	I	
2-42	673-683	verdoppelt	_	_	
2-43	683-684	.	_	_	
2-44	685-689	Zwei	Animated[6]	B	
2-45	690-698	Parteien	Animated[6]	I	
2-46	699-707	stimmten	_	_	
2-47	708-714	damals	_	_	
2-48	715-720	gegen	_	_	
2-49	721-727	diesen	_	B	
2-50	728-734	Unsinn	_	I	
2-51	734-735	:	_	_	
2-52	736-739	die	Animated[7]	B	
2-53	740-743	FDP	Animated[7]	I	
2-54	744-747	und	_	_	
2-55	748-751	die	Animated[8]	B	
2-56	752-755	PDS	Animated[8]	I	
2-57	756-757	–	_	_	
2-58	758-763	danke	_	_	
2-59	764-769	dafür	_	_	
2-60	769-770	!	_	_	

#Text=Von der Doppelverbeitragung sind sehr viele Menschen betroffen, die schon auf ihre Einzahlungen Krankenkassenbeiträge gezahlt hatten und bei denen der Arbeitgeber keinen Cent dazubezahlt hat – von wegen Betriebsrente! Viele Betroffene sagen: Erst wurden wir mit den Steuervorteilen angelockt und dann mit den vollen Krankenkassenbeiträgen abgezockt. Ich kann gut verstehen, dass sie sauer sind; denn ihr Geld wäre in vielen Fällen auf dem Sparbuch besser aufgehoben gewesen. Eine 21-jährige Frau nannte die Doppelverbeitragung in einer Mail mit Blick auf die Betriebsrente ihres Großvaters Unsinn – recht hat sie!
3-1	779-782	Von	_	_	
3-2	783-786	der	_	B	
3-3	787-806	Doppelverbeitragung	_	I	
3-4	807-811	sind	_	_	
3-5	812-816	sehr	Animated[9]	B	
3-6	817-822	viele	Animated[9]	I	
3-7	823-831	Menschen	Animated[9]	I	
3-8	832-841	betroffen	_	_	
3-9	841-842	,	_	_	
3-10	843-846	die	_	B	
3-11	847-852	schon	_	_	
3-12	853-856	auf	_	_	
3-13	857-861	ihre	_	B	
3-14	862-874	Einzahlungen	_	I	
3-15	875-896	Krankenkassenbeiträge	_	B	
3-16	897-904	gezahlt	_	_	
3-17	905-911	hatten	_	_	
3-18	912-915	und	_	_	
3-19	916-919	bei	_	_	
3-20	920-925	denen	_	B	
3-21	926-929	der	_	B	
3-22	930-941	Arbeitgeber	_	I	
3-23	942-948	keinen	_	B	
3-24	949-953	Cent	_	I	
3-25	954-965	dazubezahlt	_	_	
3-26	966-969	hat	_	_	
3-27	970-971	–	_	_	
3-28	972-975	von	_	_	
3-29	976-981	wegen	_	_	
3-30	982-995	Betriebsrente	_	B	
3-31	995-996	!	_	_	
3-32	997-1002	Viele	Animated[10]	B	
3-33	1003-1013	Betroffene	Animated[10]	I	
3-34	1014-1019	sagen	_	_	
3-35	1019-1020	:	_	_	
3-36	1021-1025	Erst	_	_	
3-37	1026-1032	wurden	_	_	
3-38	1033-1036	wir	Animated	B	
3-39	1037-1040	mit	_	_	
3-40	1041-1044	den	_	B	
3-41	1045-1060	Steuervorteilen	_	I	
3-42	1061-1070	angelockt	_	_	
3-43	1071-1074	und	_	_	
3-44	1075-1079	dann	_	_	
3-45	1080-1083	mit	_	_	
3-46	1084-1087	den	_	B	
3-47	1088-1094	vollen	_	I	
3-48	1095-1117	Krankenkassenbeiträgen	_	I	
3-49	1118-1127	abgezockt	_	_	
3-50	1127-1128	.	_	_	
3-51	1129-1132	Ich	Animated	B	
3-52	1133-1137	kann	_	_	
3-53	1138-1141	gut	_	_	
3-54	1142-1151	verstehen	_	_	
3-55	1151-1152	,	_	_	
3-56	1153-1157	dass	_	_	
3-57	1158-1161	sie	_	B	
3-58	1162-1167	sauer	_	_	
3-59	1168-1172	sind	_	_	
3-60	1172-1173	;	_	_	
3-61	1174-1178	denn	_	_	
3-62	1179-1182	ihr	_	B	
3-63	1183-1187	Geld	_	I	
3-64	1188-1192	wäre	_	_	
3-65	1193-1195	in	_	_	
3-66	1196-1202	vielen	_	B	
3-67	1203-1209	Fällen	_	I	
3-68	1210-1213	auf	_	_	
3-69	1214-1217	dem	_	B	
3-70	1218-1226	Sparbuch	_	I	
3-71	1227-1233	besser	_	_	
3-72	1234-1244	aufgehoben	_	_	
3-73	1245-1252	gewesen	_	_	
3-74	1252-1253	.	_	_	
3-75	1254-1258	Eine	Animated[11]	B	
3-76	1259-1269	21-jährige	Animated[11]	I	
3-77	1270-1274	Frau	Animated[11]	I	
3-78	1275-1281	nannte	_	_	
3-79	1282-1285	die	_	B	
3-80	1286-1305	Doppelverbeitragung	_	I	
3-81	1306-1308	in	_	_	
3-82	1309-1314	einer	_	B	
3-83	1315-1319	Mail	_	I	
3-84	1320-1323	mit	_	_	
3-85	1324-1329	Blick	_	B	
3-86	1330-1333	auf	_	_	
3-87	1334-1337	die	_	B	
3-88	1338-1351	Betriebsrente	_	I	
3-89	1352-1357	ihres	Animated[12]	B	
3-90	1358-1368	Großvaters	Animated[12]	I	
3-91	1369-1375	Unsinn	_	_	
3-92	1376-1377	–	_	B	
3-93	1378-1383	recht	_	I	
3-94	1384-1387	hat	_	_	
3-95	1388-1391	sie	_	B	
3-96	1391-1392	!	_	_	

#Text=Viele Direktversicherungsgeschädigte wollen aber nicht länger zwei- oder dreimal Krankenversicherungsbeiträge zahlen. Darum hat Die Linke 2015, 2017 und 2018 insgesamt drei Anträge in den Bundestag eingebracht, um diesen Unsinn zu beenden.
4-1	1401-1406	Viele	Animated[13]	B	
4-2	1407-1437	Direktversicherungsgeschädigte	Animated[13]	I	
4-3	1438-1444	wollen	_	_	
4-4	1445-1449	aber	_	_	
4-5	1450-1455	nicht	_	_	
4-6	1456-1462	länger	_	_	
4-7	1463-1468	zwei-	_	B	
4-8	1469-1473	oder	_	I	
4-9	1474-1481	dreimal	_	I	
4-10	1482-1510	Krankenversicherungsbeiträge	_	I	
4-11	1511-1517	zahlen	_	_	
4-12	1517-1518	.	_	_	
4-13	1519-1524	Darum	_	_	
4-14	1525-1528	hat	_	_	
4-15	1529-1532	Die	Animated[14]	B	
4-16	1533-1538	Linke	Animated[14]	I	
4-17	1539-1543	2015	_	_	
4-18	1543-1544	,	_	_	
4-19	1545-1549	2017	_	_	
4-20	1550-1553	und	_	_	
4-21	1554-1558	2018	_	_	
4-22	1559-1568	insgesamt	_	B	
4-23	1569-1573	drei	_	I	
4-24	1574-1581	Anträge	_	I	
4-25	1582-1584	in	_	_	
4-26	1585-1588	den	Animated[15]	B	
4-27	1589-1598	Bundestag	Animated[15]	I	
4-28	1599-1610	eingebracht	_	_	
4-29	1610-1611	,	_	_	
4-30	1612-1614	um	_	_	
4-31	1615-1621	diesen	_	B	
4-32	1622-1628	Unsinn	_	I	
4-33	1629-1631	zu	_	_	
4-34	1632-1639	beenden	_	_	
4-35	1639-1640	.	_	_	

#Text=Nun ist die Koalition endlich aufgewacht: Ab kommendem Jahr werden viele Direktversicherte und Betriebsrentner um rund 25 Euro im Monat entlastet, weil es zusätzlich zur Freigrenze einen Freibetrag von 159,25 Euro geben wird. Damit werden die Krankenkassenbeiträge bei Betriebsrenten zwischen knapp 160 Euro und rund 318 Euro de facto halbiert. Ja, rund 25 Euro mehr im Monat sind ein erster Schritt in die richtige Richtung,
5-1	1645-1648	Nun	_	_	
5-2	1649-1652	ist	_	_	
5-3	1653-1656	die	Animated[16]	B	
5-4	1657-1666	Koalition	Animated[16]	I	
5-5	1667-1674	endlich	_	_	
5-6	1675-1685	aufgewacht	_	_	
5-7	1685-1686	:	_	_	
5-8	1687-1689	Ab	_	_	
5-9	1690-1699	kommendem	_	B	
5-10	1700-1704	Jahr	_	I	
5-11	1705-1711	werden	_	_	
5-12	1712-1717	viele	Animated[17]	B	
5-13	1718-1735	Direktversicherte	Animated[17]	I	
5-14	1736-1739	und	_	_	
5-15	1740-1755	Betriebsrentner	Animated	B	
5-16	1756-1758	um	_	_	
5-17	1759-1763	rund	_	B	
5-18	1764-1766	25	_	I	
5-19	1767-1771	Euro	_	I	
5-20	1772-1774	im	_	_	
5-21	1775-1780	Monat	_	B	
5-22	1781-1790	entlastet	_	_	
5-23	1790-1791	,	_	_	
5-24	1792-1796	weil	_	_	
5-25	1797-1799	es	_	_	
5-26	1800-1810	zusätzlich	_	_	
5-27	1811-1814	zur	_	_	
5-28	1815-1825	Freigrenze	_	B	
5-29	1826-1831	einen	_	B	
5-30	1832-1842	Freibetrag	_	I	
5-31	1843-1846	von	_	_	
5-32	1847-1853	159,25	_	B	
5-33	1854-1858	Euro	_	I	
5-34	1859-1864	geben	_	_	
5-35	1865-1869	wird	_	_	
5-36	1869-1870	.	_	_	
5-37	1871-1876	Damit	_	_	
5-38	1877-1883	werden	_	_	
5-39	1884-1887	die	_	B	
5-40	1888-1909	Krankenkassenbeiträge	_	I	
5-41	1910-1913	bei	_	_	
5-42	1914-1928	Betriebsrenten	_	B	
5-43	1929-1937	zwischen	_	_	
5-44	1938-1943	knapp	_	B	
5-45	1944-1947	160	_	I	
5-46	1948-1952	Euro	_	I	
5-47	1953-1956	und	_	_	
5-48	1957-1961	rund	_	B	
5-49	1962-1965	318	_	I	
5-50	1966-1970	Euro	_	I	
5-51	1971-1973	de	_	_	
5-52	1974-1979	facto	_	_	
5-53	1980-1988	halbiert	_	_	
5-54	1988-1989	.	_	_	
5-55	1990-1992	Ja	_	_	
5-56	1992-1993	,	_	_	
5-57	1994-1998	rund	_	_	
5-58	1999-2001	25	_	_	
5-59	2002-2006	Euro	_	_	
5-60	2007-2011	mehr	_	_	
5-61	2012-2014	im	_	_	
5-62	2015-2020	Monat	_	B	
5-63	2021-2025	sind	_	_	
5-64	2026-2029	ein	_	B	
5-65	2030-2036	erster	_	I	
5-66	2037-2044	Schritt	_	I	
5-67	2045-2047	in	_	_	
5-68	2048-2051	die	_	B	
5-69	2052-2060	richtige	_	I	
5-70	2061-2069	Richtung	_	I	
5-71	2069-2070	,	_	_	

#Text=vor allem für Menschen mit kleinen Betriebsrenten und Direktversicherungen. Das ist ein Erfolg der Betroffenen, der Linken, der Gewerkschaften, der Sozialverbände und der Vernünftigen in Ihren Parteien.
6-1	2077-2080	vor	_	_	
6-2	2081-2086	allem	_	B	
6-3	2087-2090	für	_	_	
6-4	2091-2099	Menschen	Animated	B	
6-5	2100-2103	mit	_	_	
6-6	2104-2111	kleinen	_	B	
6-7	2112-2126	Betriebsrenten	_	I	
6-8	2127-2130	und	_	_	
6-9	2131-2151	Direktversicherungen	_	B	
6-10	2151-2152	.	_	_	
6-11	2153-2156	Das	_	B	
6-12	2157-2160	ist	_	_	
6-13	2161-2164	ein	_	B	
6-14	2165-2171	Erfolg	_	I	
6-15	2172-2175	der	Animated[18]	B	
6-16	2176-2187	Betroffenen	Animated[18]	I	
6-17	2187-2188	,	_	_	
6-18	2189-2192	der	Animated[19]	B	
6-19	2193-2199	Linken	Animated[19]	I	
6-20	2199-2200	,	_	_	
6-21	2201-2204	der	Animated[20]	B	
6-22	2205-2219	Gewerkschaften	Animated[20]	I	
6-23	2219-2220	,	_	_	
6-24	2221-2224	der	Animated[21]	B	
6-25	2225-2239	Sozialverbände	Animated[21]	I	
6-26	2240-2243	und	_	_	
6-27	2244-2247	der	Animated[22]	B	
6-28	2248-2260	Vernünftigen	Animated[22]	I	
6-29	2261-2263	in	_	_	
6-30	2264-2269	Ihren	Animated[23]	B	
6-31	2270-2278	Parteien	Animated[23]	I	
6-32	2278-2279	.	_	_	

#Text=Das Problem ist damit aber höchstens zu 20 Prozent gelöst. Wir Linken fordern:
7-1	2285-2288	Das	_	B	
7-2	2289-2296	Problem	_	I	
7-3	2297-2300	ist	_	_	
7-4	2301-2306	damit	_	_	
7-5	2307-2311	aber	_	_	
7-6	2312-2321	höchstens	_	_	
7-7	2322-2324	zu	_	_	
7-8	2325-2327	20	_	B	
7-9	2328-2335	Prozent	_	I	
7-10	2336-2342	gelöst	_	_	
7-11	2342-2343	.	_	_	
7-12	2344-2347	Wir	Animated	B	
7-13	2348-2354	Linken	Animated	B	
7-14	2355-2362	fordern	_	_	
7-15	2362-2363	:	_	_	

#Text=Erstens. Die Entgeltumwandlung muss abgeschafft werden. Volle Beitragspflicht beim Ansparen und Beitragsfreiheit bei der Rentenauszahlung!
8-1	2366-2373	Erstens	_	_	
8-2	2373-2374	.	_	_	
8-3	2375-2378	Die	_	B	
8-4	2379-2396	Entgeltumwandlung	_	I	
8-5	2397-2401	muss	_	_	
8-6	2402-2413	abgeschafft	_	_	
8-7	2414-2420	werden	_	_	
8-8	2420-2421	.	_	_	
8-9	2422-2427	Volle	_	B	
8-10	2428-2443	Beitragspflicht	_	I	
8-11	2444-2448	beim	_	_	
8-12	2449-2457	Ansparen	_	B	
8-13	2458-2461	und	_	_	
8-14	2462-2478	Beitragsfreiheit	_	B	
8-15	2479-2482	bei	_	_	
8-16	2483-2486	der	_	B	
8-17	2487-2503	Rentenauszahlung	_	I	
8-18	2503-2504	!	_	_	

#Text=Zweitens. Auf Direktversicherungen, die vor 2004 abgeschlossen wurden, wird gar kein Beitrag mehr erhoben – auch keiner für die Pflegeversicherung.
9-1	2508-2516	Zweitens	_	_	
9-2	2516-2517	.	_	_	
9-3	2518-2521	Auf	_	_	
9-4	2522-2542	Direktversicherungen	_	B	
9-5	2542-2543	,	_	_	
9-6	2544-2547	die	_	B	
9-7	2548-2551	vor	_	_	
9-8	2552-2556	2004	_	_	
9-9	2557-2570	abgeschlossen	_	_	
9-10	2571-2577	wurden	_	_	
9-11	2577-2578	,	_	_	
9-12	2579-2583	wird	_	_	
9-13	2584-2587	gar	_	B	
9-14	2588-2592	kein	_	I	
9-15	2593-2600	Beitrag	_	I	
9-16	2601-2605	mehr	_	_	
9-17	2606-2613	erhoben	_	_	
9-18	2614-2615	–	_	_	
9-19	2616-2620	auch	_	B	
9-20	2621-2627	keiner	_	I	
9-21	2628-2631	für	_	_	
9-22	2632-2635	die	_	B	
9-23	2636-2654	Pflegeversicherung	_	I	
9-24	2654-2655	.	_	_	

#Text=Drittens. Betriebsrentnerinnen und ‑rentner und Direktversicherte mit Renten oberhalb des Freibetrags sollten grundsätzlich nur den halben Beitragssatz zahlen müssen.
10-1	2660-2668	Drittens	_	_	
10-2	2668-2669	.	_	_	
10-3	2670-2690	Betriebsrentnerinnen	Animated	B	
10-4	2691-2694	und	_	_	
10-5	2695-2703	‑rentner	Animated	B	
10-6	2704-2707	und	_	_	
10-7	2708-2725	Direktversicherte	Animated	B	
10-8	2726-2729	mit	_	_	
10-9	2730-2736	Renten	_	B	
10-10	2737-2745	oberhalb	_	_	
10-11	2746-2749	des	_	B	
10-12	2750-2761	Freibetrags	_	I	
10-13	2762-2769	sollten	_	_	
10-14	2770-2783	grundsätzlich	_	_	
10-15	2784-2787	nur	_	B	
10-16	2788-2791	den	_	I	
10-17	2792-2798	halben	_	I	
10-18	2799-2811	Beitragssatz	_	I	
10-19	2812-2818	zahlen	_	_	
10-20	2819-2825	müssen	_	_	
10-21	2825-2826	.	_	_	

#Text=Viertens. Der Freibetrag muss auch für die Pflegeversicherung gelten.
11-1	2829-2837	Viertens	_	_	
11-2	2837-2838	.	_	_	
11-3	2839-2842	Der	_	B	
11-4	2843-2853	Freibetrag	_	I	
11-5	2854-2858	muss	_	_	
11-6	2859-2863	auch	_	_	
11-7	2864-2867	für	_	_	
11-8	2868-2871	die	_	B	
11-9	2872-2890	Pflegeversicherung	_	I	
11-10	2891-2897	gelten	_	_	
11-11	2897-2898	.	_	_	

#Text=Fünftens. Krankenkassenbeiträge für Kapitalauszahlungen sollten auf 240 Monate gestreckt werden.
12-1	2901-2909	Fünftens	_	_	
12-2	2909-2910	.	_	_	
12-3	2911-2932	Krankenkassenbeiträge	_	B	
12-4	2933-2936	für	_	_	
12-5	2937-2956	Kapitalauszahlungen	_	B	
12-6	2957-2964	sollten	_	_	
12-7	2965-2968	auf	_	_	
12-8	2969-2972	240	_	B	
12-9	2973-2979	Monate	_	I	
12-10	2980-2989	gestreckt	_	_	
12-11	2990-2996	werden	_	_	
12-12	2996-2997	.	_	_	

#Text=Dieses Maßnahmenpaket kostet Durchschnittsverdienende nur gut 5 Euro im Monat.
13-1	3000-3006	Dieses	_	B	
13-2	3007-3021	Maßnahmenpaket	_	I	
13-3	3022-3028	kostet	_	_	
13-4	3029-3053	Durchschnittsverdienende	_	_	
13-5	3054-3057	nur	_	B	
13-6	3058-3061	gut	_	I	
13-7	3062-3063	5	_	I	
13-8	3064-3068	Euro	_	I	
13-9	3069-3071	im	_	_	
13-10	3072-3077	Monat	_	B	
13-11	3077-3078	.	_	_	

#Text=Herr Minister Spahn, Die Linke hat gute Vorschläge gemacht. Legen Sie nun bald den nächsten Gesetzentwurf vor! Ich weiß, Sie schaffen das.
14-1	3080-3084	Herr	Animated[24]	B	
14-2	3085-3093	Minister	Animated[24]	I	
14-3	3094-3099	Spahn	Animated	B	
14-4	3099-3100	,	_	_	
14-5	3101-3104	Die	Animated[25]	B	
14-6	3105-3110	Linke	Animated[25]	I	
14-7	3111-3114	hat	_	_	
14-8	3115-3119	gute	_	B	
14-9	3120-3130	Vorschläge	_	I	
14-10	3131-3138	gemacht	_	_	
14-11	3138-3139	.	_	_	
14-12	3140-3145	Legen	_	_	
14-13	3146-3149	Sie	_	B	
14-14	3150-3153	nun	_	_	
14-15	3154-3158	bald	_	_	
14-16	3159-3162	den	_	B	
14-17	3163-3171	nächsten	_	I	
14-18	3172-3185	Gesetzentwurf	_	I	
14-19	3186-3189	vor	_	_	
14-20	3189-3190	!	_	_	
14-21	3191-3194	Ich	Animated	B	
14-22	3195-3199	weiß	_	_	
14-23	3199-3200	,	_	_	
14-24	3201-3204	Sie	_	B	
14-25	3205-3213	schaffen	_	_	
14-26	3214-3217	das	_	B	
14-27	3217-3218	.	_	_	

#Text=Danke schön.
15-1	3224-3229	Danke	_	_	
15-2	3230-3235	schön	_	_	
15-3	3235-3236	.	_	_	

#Text=Vielen Dank, Kollege Birkwald. – Keine Sorge, wir achten hier akribisch auf die Redezeiten, und beim nächsten Redner werden wir das auch tun. – Der nächste Redner ist Markus Kurth für Bündnis 90/Die Grünen.
16-1	3238-3244	Vielen	_	_	
16-2	3245-3249	Dank	_	_	
16-3	3249-3250	,	_	_	
16-4	3251-3258	Kollege	Animated[26]	B	
16-5	3259-3267	Birkwald	Animated[26]	I	
16-6	3267-3268	.	_	_	
16-7	3269-3270	–	_	B	
16-8	3271-3276	Keine	_	I	
16-9	3277-3282	Sorge	_	I	
16-10	3282-3283	,	_	_	
16-11	3284-3287	wir	Animated	B	
16-12	3288-3294	achten	_	_	
16-13	3295-3299	hier	_	_	
16-14	3300-3309	akribisch	_	_	
16-15	3310-3313	auf	_	_	
16-16	3314-3317	die	_	B	
16-17	3318-3328	Redezeiten	_	I	
16-18	3328-3329	,	_	_	
16-19	3330-3333	und	_	_	
16-20	3334-3338	beim	_	_	
16-21	3339-3347	nächsten	Animated[27]	B	
16-22	3348-3354	Redner	Animated[27]	I	
16-23	3355-3361	werden	_	_	
16-24	3362-3365	wir	Animated	B	
16-25	3366-3369	das	_	B	
16-26	3370-3374	auch	_	_	
16-27	3375-3378	tun	_	_	
16-28	3378-3379	.	_	_	
16-29	3380-3381	–	_	_	
16-30	3382-3385	Der	Animated[28]	B	
16-31	3386-3393	nächste	Animated[28]	I	
16-32	3394-3400	Redner	Animated[28]	I	
16-33	3401-3404	ist	_	_	
16-34	3405-3411	Markus	Animated[29]	B	
16-35	3412-3417	Kurth	Animated[29]	I	
16-36	3418-3421	für	_	_	
16-37	3422-3429	Bündnis	_	B	
16-38	3430-3432	90	_	_	
16-39	3432-3433	/	_	_	
16-40	3433-3436	Die	Animated[30]	B	
16-41	3437-3443	Grünen	Animated[30]	I	
16-42	3443-3444	.	_	_	
