#FORMAT=WebAnno TSV 3.3
#T_SP=webanno.custom.Animacy|Animated
#T_SP=webanno.custom.CustomChunk|Chunk


#Text=Sehr geehrter Herr Präsident! Liebe Kolleginnen und Kollegen! Der vorliegende Bundeshaushalt ist ein Haushalt, der auf die Heraus- und Anforderungen unseres Landes ausgerichtet und vorbereitet ist. Daher ist es nur richtig, dass wir unserer Linie der letzten Jahre treu bleiben und weiterhin einen Haushalt ohne neue Schulden planen; denn uns ist die Zukunft eben nicht egal. Wir denken an morgen, und wir denken an unsere nachfolgenden Generationen.
1-1	0-4	Sehr	Animated[1]	B	
1-2	5-13	geehrter	Animated[1]	I	
1-3	14-18	Herr	Animated[1]	I	
1-4	19-28	Präsident	Animated[1]	I	
1-5	28-29	!	_	_	
1-6	30-35	Liebe	_	B	
1-7	36-47	Kolleginnen	_	_	
1-8	48-51	und	_	_	
1-9	52-60	Kollegen	Animated	B	
1-10	60-61	!	_	_	
1-11	62-65	Der	Animated[2]	B	
1-12	66-77	vorliegende	Animated[2]	I	
1-13	78-92	Bundeshaushalt	Animated[2]	I	
1-14	93-96	ist	_	_	
1-15	97-100	ein	Animated[3]	B	
1-16	101-109	Haushalt	Animated[3]	I	
1-17	109-110	,	_	_	
1-18	111-114	der	_	B	
1-19	115-118	auf	_	_	
1-20	119-122	die	_	B	
1-21	123-130	Heraus-	_	I	
1-22	131-134	und	_	I	
1-23	135-148	Anforderungen	_	I	
1-24	149-156	unseres	Animated[4]	B	
1-25	157-163	Landes	Animated[4]	I	
1-26	164-176	ausgerichtet	_	_	
1-27	177-180	und	_	_	
1-28	181-192	vorbereitet	_	_	
1-29	193-196	ist	_	_	
1-30	196-197	.	_	_	
1-31	198-203	Daher	_	_	
1-32	204-207	ist	_	_	
1-33	208-210	es	_	B	
1-34	211-214	nur	_	_	
1-35	215-222	richtig	_	_	
1-36	222-223	,	_	_	
1-37	224-228	dass	_	_	
1-38	229-232	wir	Animated	B	
1-39	233-240	unserer	_	B	
1-40	241-246	Linie	_	I	
1-41	247-250	der	_	B	
1-42	251-258	letzten	_	I	
1-43	259-264	Jahre	_	I	
1-44	265-269	treu	_	_	
1-45	270-277	bleiben	_	_	
1-46	278-281	und	_	_	
1-47	282-291	weiterhin	_	_	
1-48	292-297	einen	Animated[5]	B	
1-49	298-306	Haushalt	Animated[5]	I	
1-50	307-311	ohne	_	_	
1-51	312-316	neue	_	B	
1-52	317-325	Schulden	_	I	
1-53	326-332	planen	_	_	
1-54	332-333	;	_	_	
1-55	334-338	denn	_	_	
1-56	339-342	uns	_	B	
1-57	343-346	ist	_	_	
1-58	347-350	die	_	B	
1-59	351-358	Zukunft	_	I	
1-60	359-363	eben	_	_	
1-61	364-369	nicht	_	_	
1-62	370-374	egal	_	_	
1-63	374-375	.	_	_	
1-64	376-379	Wir	Animated	B	
1-65	380-386	denken	_	_	
1-66	387-389	an	_	_	
1-67	390-396	morgen	_	_	
1-68	396-397	,	_	_	
1-69	398-401	und	_	_	
1-70	402-405	wir	Animated	B	
1-71	406-412	denken	_	_	
1-72	413-415	an	_	_	
1-73	416-422	unsere	Animated[6]	B	
1-74	423-436	nachfolgenden	Animated[6]	I	
1-75	437-449	Generationen	Animated[6]	I	
1-76	449-450	.	_	_	

#Text=Dass wir gut aufgestellt sind, machen wir deutlich, indem wir bei den Investitionen eine Schippe drauflegen und sie auf 39 Milliarden Euro erhöhen konnten.
2-1	460-464	Dass	_	_	
2-2	465-468	wir	Animated	B	
2-3	469-472	gut	_	_	
2-4	473-484	aufgestellt	_	_	
2-5	485-489	sind	_	_	
2-6	489-490	,	_	_	
2-7	491-497	machen	_	_	
2-8	498-501	wir	Animated	B	
2-9	502-510	deutlich	_	_	
2-10	510-511	,	_	_	
2-11	512-517	indem	_	_	
2-12	518-521	wir	Animated	B	
2-13	522-525	bei	_	_	
2-14	526-529	den	_	B	
2-15	530-543	Investitionen	_	I	
2-16	544-548	eine	_	B	
2-17	549-556	Schippe	_	I	
2-18	557-567	drauflegen	_	_	
2-19	568-571	und	_	_	
2-20	572-575	sie	_	B	
2-21	576-579	auf	_	_	
2-22	580-582	39	_	B	
2-23	583-593	Milliarden	_	I	
2-24	594-598	Euro	_	I	
2-25	599-606	erhöhen	_	_	
2-26	607-614	konnten	_	_	
2-27	614-615	.	_	_	

#Text=Es ist ein Haushalt der Chancen für jedes einzelne Ressort der Bundesregierung. Wir investieren in zentrale Zukunftsbereiche wie die Verkehrsinfrastruktur, die Digitalisierung, die künstliche Intelligenz, aber auch in die Sicherheit, insbesondere die innere Sicherheit unseres Landes. Aber auch die Städtebauförderung und der soziale Wohnungsbau werden mit 1,5 Milliarden Euro verstetigt. Damit unterstützt der Bund die Länder und Kommunen beim Neubau von Wohnungen bzw. beim Ausbau von Bestandswohnungen.
3-1	619-621	Es	_	B	
3-2	622-625	ist	_	_	
3-3	626-629	ein	Animated[7]	B	
3-4	630-638	Haushalt	Animated[7]	I	
3-5	639-642	der	_	B	
3-6	643-650	Chancen	_	I	
3-7	651-654	für	_	_	
3-8	655-660	jedes	_	B	
3-9	661-669	einzelne	_	I	
3-10	670-677	Ressort	_	I	
3-11	678-681	der	Animated[8]	B	
3-12	682-697	Bundesregierung	Animated[8]	I	
3-13	697-698	.	_	_	
3-14	699-702	Wir	Animated	B	
3-15	703-714	investieren	_	_	
3-16	715-717	in	_	_	
3-17	718-726	zentrale	_	B	
3-18	727-743	Zukunftsbereiche	_	I	
3-19	744-747	wie	_	_	
3-20	748-751	die	_	_	
3-21	752-773	Verkehrsinfrastruktur	_	_	
3-22	773-774	,	_	_	
3-23	775-778	die	_	B	
3-24	779-794	Digitalisierung	_	I	
3-25	794-795	,	_	_	
3-26	796-799	die	Animated[9]	B	
3-27	800-810	künstliche	Animated[9]	I	
3-28	811-822	Intelligenz	Animated[9]	I	
3-29	822-823	,	_	_	
3-30	824-828	aber	_	_	
3-31	829-833	auch	_	_	
3-32	834-836	in	_	_	
3-33	837-840	die	_	B	
3-34	841-851	Sicherheit	_	I	
3-35	851-852	,	_	_	
3-36	853-865	insbesondere	_	B	
3-37	866-869	die	_	I	
3-38	870-876	innere	_	I	
3-39	877-887	Sicherheit	_	I	
3-40	888-895	unseres	Animated[10]	B	
3-41	896-902	Landes	Animated[10]	I	
3-42	902-903	.	_	_	
3-43	904-908	Aber	_	_	
3-44	909-913	auch	_	B	
3-45	914-917	die	_	I	
3-46	918-936	Städtebauförderung	_	I	
3-47	937-940	und	_	_	
3-48	941-944	der	_	B	
3-49	945-952	soziale	_	I	
3-50	953-964	Wohnungsbau	_	I	
3-51	965-971	werden	_	_	
3-52	972-975	mit	_	_	
3-53	976-979	1,5	_	B	
3-54	980-990	Milliarden	_	I	
3-55	991-995	Euro	_	I	
3-56	996-1006	verstetigt	_	_	
3-57	1006-1007	.	_	_	
3-58	1008-1013	Damit	_	_	
3-59	1014-1025	unterstützt	_	_	
3-60	1026-1029	der	Animated[11]	B	
3-61	1030-1034	Bund	Animated[11]	I	
3-62	1035-1038	die	Animated[12]	B	
3-63	1039-1045	Länder	Animated[12]	I	
3-64	1046-1049	und	_	_	
3-65	1050-1058	Kommunen	Animated	B	
3-66	1059-1063	beim	_	_	
3-67	1064-1070	Neubau	_	B	
3-68	1071-1074	von	_	_	
3-69	1075-1084	Wohnungen	_	B	
3-70	1085-1089	bzw.	_	_	
3-71	1090-1094	beim	_	_	
3-72	1095-1101	Ausbau	_	B	
3-73	1102-1105	von	_	_	
3-74	1106-1123	Bestandswohnungen	_	B	
3-75	1123-1124	.	_	_	

#Text=Aber, meine sehr verehrten Damen und Herren, wir investieren nicht nur in Beton, Brücken und Teer, wir investieren vor allem in die Menschen unseres Landes. Das ist uns besonders wichtig.
4-1	1133-1137	Aber	Animated[13]	B	
4-2	1137-1138	,	Animated[13]	I	
4-3	1139-1144	meine	Animated[13]	I	
4-4	1145-1149	sehr	Animated[13]	I	
4-5	1150-1159	verehrten	Animated[13]	I	
4-6	1160-1165	Damen	Animated[13]	I	
4-7	1166-1169	und	_	_	
4-8	1170-1176	Herren	Animated	B	
4-9	1176-1177	,	_	_	
4-10	1178-1181	wir	Animated	B	
4-11	1182-1193	investieren	_	_	
4-12	1194-1199	nicht	_	_	
4-13	1200-1203	nur	_	_	
4-14	1204-1206	in	_	_	
4-15	1207-1212	Beton	_	B	
4-16	1212-1213	,	_	_	
4-17	1214-1221	Brücken	_	B	
4-18	1222-1225	und	_	_	
4-19	1226-1230	Teer	_	B	
4-20	1230-1231	,	_	_	
4-21	1232-1235	wir	_	B	
4-22	1236-1247	investieren	_	_	
4-23	1248-1251	vor	_	_	
4-24	1252-1257	allem	_	B	
4-25	1258-1260	in	_	_	
4-26	1261-1264	die	Animated[14]	B	
4-27	1265-1273	Menschen	Animated[14]	I	
4-28	1274-1281	unseres	Animated[15]	B	
4-29	1282-1288	Landes	Animated[15]	I	
4-30	1288-1289	.	_	_	
4-31	1290-1293	Das	_	B	
4-32	1294-1297	ist	_	_	
4-33	1298-1301	uns	_	B	
4-34	1302-1311	besonders	_	_	
4-35	1312-1319	wichtig	_	_	
4-36	1319-1320	.	_	_	

#Text=In den letzten Tagen habe ich in vielen Haushaltsreden den Vorwurf gehört, dass der Bund zu wenig in Kitas, in Schulen und in Bildung investiere. Dazu muss ich sagen: Das ist schlichtweg falsch. Nehmen wir nur ein Beispiel aus dem Etat des Familienministeriums, den ich betreuen darf. Beim Abruf des Sondervermögens „Kinderbetreuungsausbau“ aus den Investitionsprogrammen des Bundes von 2017 bis 2020 haben es ganz offensichtlich die gesamten neuen Bundesländer nicht nötig, auf diese Mittel zurückzugreifen. Bis auf Sachsen mit 2,6 Prozent haben alle anderen neuen Bundesländer null Euro abgerufen. Es darf nicht sein, auf der einen Seite – das beziehe ich auf alle Bundesländer – nach mehr Geld zu rufen und auf der anderen Seite bereitstehende Gelder nicht zu nutzen.
5-1	1327-1329	In	_	_	
5-2	1330-1333	den	_	B	
5-3	1334-1341	letzten	_	I	
5-4	1342-1347	Tagen	_	I	
5-5	1348-1352	habe	_	_	
5-6	1353-1356	ich	Animated	B	
5-7	1357-1359	in	_	_	
5-8	1360-1366	vielen	_	B	
5-9	1367-1381	Haushaltsreden	_	I	
5-10	1382-1385	den	_	B	
5-11	1386-1393	Vorwurf	_	I	
5-12	1394-1400	gehört	_	_	
5-13	1400-1401	,	_	_	
5-14	1402-1406	dass	_	_	
5-15	1407-1410	der	Animated[16]	B	
5-16	1411-1415	Bund	Animated[16]	I	
5-17	1416-1418	zu	_	_	
5-18	1419-1424	wenig	_	_	
5-19	1425-1427	in	_	_	
5-20	1428-1433	Kitas	Animated	B	
5-21	1433-1434	,	_	_	
5-22	1435-1437	in	_	_	
5-23	1438-1445	Schulen	Animated	B	
5-24	1446-1449	und	_	_	
5-25	1450-1452	in	_	_	
5-26	1453-1460	Bildung	_	B	
5-27	1461-1471	investiere	_	_	
5-28	1471-1472	.	_	_	
5-29	1473-1477	Dazu	_	_	
5-30	1478-1482	muss	_	_	
5-31	1483-1486	ich	Animated	B	
5-32	1487-1492	sagen	_	_	
5-33	1492-1493	:	_	_	
5-34	1494-1497	Das	_	B	
5-35	1498-1501	ist	_	_	
5-36	1502-1513	schlichtweg	_	_	
5-37	1514-1520	falsch	_	_	
5-38	1520-1521	.	_	_	
5-39	1522-1528	Nehmen	_	_	
5-40	1529-1532	wir	Animated	B	
5-41	1533-1536	nur	_	B	
5-42	1537-1540	ein	_	I	
5-43	1541-1549	Beispiel	_	I	
5-44	1550-1553	aus	_	_	
5-45	1554-1557	dem	_	B	
5-46	1558-1562	Etat	_	I	
5-47	1563-1566	des	Animated[17]	B	
5-48	1567-1587	Familienministeriums	Animated[17]	I	
5-49	1587-1588	,	_	_	
5-50	1589-1592	den	_	B	
5-51	1593-1596	ich	Animated	B	
5-52	1597-1605	betreuen	_	_	
5-53	1606-1610	darf	_	_	
5-54	1610-1611	.	_	_	
5-55	1612-1616	Beim	_	_	
5-56	1617-1622	Abruf	_	B	
5-57	1623-1626	des	_	B	
5-58	1627-1642	Sondervermögens	_	I	
5-59	1643-1644	„	_	I	
5-60	1644-1666	Kinderbetreuungsausbau	_	I	
5-61	1666-1667	“	_	_	
5-62	1668-1671	aus	_	_	
5-63	1672-1675	den	_	B	
5-64	1676-1698	Investitionsprogrammen	_	I	
5-65	1699-1702	des	Animated[18]	B	
5-66	1703-1709	Bundes	Animated[18]	I	
5-67	1710-1713	von	_	_	
5-68	1714-1718	2017	_	_	
5-69	1719-1722	bis	_	_	
5-70	1723-1727	2020	_	_	
5-71	1728-1733	haben	_	_	
5-72	1734-1736	es	_	B	
5-73	1737-1741	ganz	_	_	
5-74	1742-1756	offensichtlich	_	_	
5-75	1757-1760	die	Animated[19]	B	
5-76	1761-1769	gesamten	Animated[19]	I	
5-77	1770-1775	neuen	Animated[19]	I	
5-78	1776-1788	Bundesländer	Animated[19]	I	
5-79	1789-1794	nicht	_	_	
5-80	1795-1800	nötig	_	_	
5-81	1800-1801	,	_	_	
5-82	1802-1805	auf	_	_	
5-83	1806-1811	diese	_	B	
5-84	1812-1818	Mittel	_	I	
5-85	1819-1834	zurückzugreifen	_	_	
5-86	1834-1835	.	_	_	
5-87	1836-1839	Bis	_	_	
5-88	1840-1843	auf	_	_	
5-89	1844-1851	Sachsen	Animated	B	
5-90	1852-1855	mit	_	_	
5-91	1856-1859	2,6	_	B	
5-92	1860-1867	Prozent	_	I	
5-93	1868-1873	haben	_	_	
5-94	1874-1878	alle	Animated[20]	B	
5-95	1879-1886	anderen	Animated[20]	I	
5-96	1887-1892	neuen	Animated[20]	I	
5-97	1893-1905	Bundesländer	Animated[20]	I	
5-98	1906-1910	null	_	B	
5-99	1911-1915	Euro	_	I	
5-100	1916-1925	abgerufen	_	_	
5-101	1925-1926	.	_	_	
5-102	1927-1929	Es	_	B	
5-103	1930-1934	darf	_	_	
5-104	1935-1940	nicht	_	_	
5-105	1941-1945	sein	_	_	
5-106	1945-1946	,	_	_	
5-107	1947-1950	auf	_	_	
5-108	1951-1954	der	_	B	
5-109	1955-1960	einen	_	I	
5-110	1961-1966	Seite	_	I	
5-111	1967-1968	–	_	B	
5-112	1969-1972	das	_	I	
5-113	1973-1980	beziehe	_	_	
5-114	1981-1984	ich	Animated	B	
5-115	1985-1988	auf	_	_	
5-116	1989-1993	alle	Animated[21]	B	
5-117	1994-2006	Bundesländer	Animated[21]	I	
5-118	2007-2008	–	_	_	
5-119	2009-2013	nach	_	_	
5-120	2014-2018	mehr	_	B	
5-121	2019-2023	Geld	_	I	
5-122	2024-2026	zu	_	_	
5-123	2027-2032	rufen	_	_	
5-124	2033-2036	und	_	_	
5-125	2037-2040	auf	_	_	
5-126	2041-2044	der	_	B	
5-127	2045-2052	anderen	_	I	
5-128	2053-2058	Seite	_	I	
5-129	2059-2073	bereitstehende	_	B	
5-130	2074-2080	Gelder	_	I	
5-131	2081-2086	nicht	_	_	
5-132	2087-2089	zu	_	_	
5-133	2090-2096	nutzen	_	_	
5-134	2096-2097	.	_	_	

#Text=Blicken wir doch einmal auf unsere Bundesländer, die wir alle sehr schätzen. Die Bundesländer werden in diesem Jahr einen Überschuss von circa 20 Milliarden Euro erzielen. Schon im ersten Dreivierteljahr kratzten die Bundesländer an dieser Marke und erwirtschafteten einen Haushaltsüberschuss von 19,6 Milliarden Euro. Das waren 6,9 Milliarden Euro mehr als im Vorjahreszeitraum. Wir als Bund werden einen Überschuss, der bei null Euro liegt, erwirtschaften.
6-1	2112-2119	Blicken	_	B	
6-2	2120-2123	wir	Animated	B	
6-3	2124-2128	doch	_	_	
6-4	2129-2135	einmal	_	_	
6-5	2136-2139	auf	_	_	
6-6	2140-2146	unsere	Animated[22]	B	
6-7	2147-2159	Bundesländer	Animated[22]	I	
6-8	2159-2160	,	_	_	
6-9	2161-2164	die	_	B	
6-10	2165-2168	wir	Animated	B	
6-11	2169-2173	alle	_	B	
6-12	2174-2178	sehr	_	_	
6-13	2179-2187	schätzen	_	_	
6-14	2187-2188	.	_	_	
6-15	2189-2192	Die	Animated[23]	B	
6-16	2193-2205	Bundesländer	Animated[23]	I	
6-17	2206-2212	werden	_	_	
6-18	2213-2215	in	_	_	
6-19	2216-2222	diesem	_	B	
6-20	2223-2227	Jahr	_	I	
6-21	2228-2233	einen	_	B	
6-22	2234-2244	Überschuss	_	I	
6-23	2245-2248	von	_	_	
6-24	2249-2254	circa	_	B	
6-25	2255-2257	20	_	I	
6-26	2258-2268	Milliarden	_	I	
6-27	2269-2273	Euro	_	I	
6-28	2274-2282	erzielen	_	_	
6-29	2282-2283	.	_	_	
6-30	2284-2289	Schon	_	_	
6-31	2290-2292	im	_	_	
6-32	2293-2299	ersten	_	B	
6-33	2300-2315	Dreivierteljahr	_	I	
6-34	2316-2324	kratzten	_	_	
6-35	2325-2328	die	Animated[24]	B	
6-36	2329-2341	Bundesländer	Animated[24]	I	
6-37	2342-2344	an	_	_	
6-38	2345-2351	dieser	_	B	
6-39	2352-2357	Marke	_	I	
6-40	2358-2361	und	_	_	
6-41	2362-2378	erwirtschafteten	_	_	
6-42	2379-2384	einen	_	B	
6-43	2385-2404	Haushaltsüberschuss	_	I	
6-44	2405-2408	von	_	_	
6-45	2409-2413	19,6	_	B	
6-46	2414-2424	Milliarden	_	I	
6-47	2425-2429	Euro	_	I	
6-48	2429-2430	.	_	_	
6-49	2431-2434	Das	_	B	
6-50	2435-2440	waren	_	_	
6-51	2441-2444	6,9	_	_	
6-52	2445-2455	Milliarden	_	_	
6-53	2456-2460	Euro	_	B	
6-54	2461-2465	mehr	_	_	
6-55	2466-2469	als	_	_	
6-56	2470-2472	im	_	_	
6-57	2473-2490	Vorjahreszeitraum	_	B	
6-58	2490-2491	.	_	_	
6-59	2492-2495	Wir	Animated	B	
6-60	2496-2499	als	_	_	
6-61	2500-2504	Bund	Animated	B	
6-62	2505-2511	werden	_	_	
6-63	2512-2517	einen	_	B	
6-64	2518-2528	Überschuss	_	I	
6-65	2528-2529	,	_	_	
6-66	2530-2533	der	_	B	
6-67	2534-2537	bei	_	_	
6-68	2538-2542	null	_	B	
6-69	2543-2547	Euro	_	I	
6-70	2548-2553	liegt	_	_	
6-71	2553-2554	,	_	_	
6-72	2555-2569	erwirtschaften	_	_	
6-73	2569-2570	.	_	_	

#Text=Ich habe in meinen letzten Reden gesagt, der Bund unterstützt die Länder so stark wie nie zuvor. So stellt der Bund den Ländern und Kommunen jedes Jahr rund 22 Milliarden Euro in Form von Entlastungen zur Verfügung, zum Beispiel: für den angesprochenen Kitaausbau, für die Kitabetreuung, für die frühkindliche Bildung, für die Schulsanierung oder mit Sonderfonds wie zum Beispiel das Kommunalinvestitionsförderungsgesetz. Wenn man dann aber von fehlenden Sanierungen in Schulen oder Kitas spricht und gleichzeitig von dem erwirtschafteten Überschuss hört, dann muss man sich doch ernsthaft hinterfragen: Ist es in dieser Form und auch in dieser Höhe weiterhin notwendig? Hier passt meines Erachtens etwas nicht zusammen.
7-1	2579-2582	Ich	Animated	B	
7-2	2583-2587	habe	_	_	
7-3	2588-2590	in	_	_	
7-4	2591-2597	meinen	_	B	
7-5	2598-2605	letzten	_	I	
7-6	2606-2611	Reden	_	I	
7-7	2612-2618	gesagt	_	_	
7-8	2618-2619	,	_	_	
7-9	2620-2623	der	Animated[25]	B	
7-10	2624-2628	Bund	Animated[25]	I	
7-11	2629-2640	unterstützt	_	_	
7-12	2641-2644	die	Animated[26]	B	
7-13	2645-2651	Länder	Animated[26]	I	
7-14	2652-2654	so	_	_	
7-15	2655-2660	stark	_	_	
7-16	2661-2664	wie	_	_	
7-17	2665-2668	nie	_	_	
7-18	2669-2674	zuvor	_	_	
7-19	2674-2675	.	_	_	
7-20	2676-2678	So	_	_	
7-21	2679-2685	stellt	_	_	
7-22	2686-2689	der	Animated[27]	B	
7-23	2690-2694	Bund	Animated[27]	I	
7-24	2695-2698	den	Animated[28]	B	
7-25	2699-2706	Ländern	Animated[28]	I	
7-26	2707-2710	und	_	_	
7-27	2711-2719	Kommunen	Animated	B	
7-28	2720-2725	jedes	_	B	
7-29	2726-2730	Jahr	_	I	
7-30	2731-2735	rund	_	B	
7-31	2736-2738	22	_	I	
7-32	2739-2749	Milliarden	_	I	
7-33	2750-2754	Euro	_	I	
7-34	2755-2757	in	_	_	
7-35	2758-2762	Form	_	B	
7-36	2763-2766	von	_	_	
7-37	2767-2779	Entlastungen	_	B	
7-38	2780-2783	zur	_	_	
7-39	2784-2793	Verfügung	_	B	
7-40	2793-2794	,	_	_	
7-41	2795-2798	zum	_	_	
7-42	2799-2807	Beispiel	_	B	
7-43	2807-2808	:	_	_	
7-44	2809-2812	für	_	_	
7-45	2813-2816	den	_	B	
7-46	2817-2831	angesprochenen	_	I	
7-47	2832-2842	Kitaausbau	_	I	
7-48	2842-2843	,	_	_	
7-49	2844-2847	für	_	_	
7-50	2848-2851	die	_	B	
7-51	2852-2865	Kitabetreuung	_	I	
7-52	2865-2866	,	_	_	
7-53	2867-2870	für	_	_	
7-54	2871-2874	die	_	B	
7-55	2875-2888	frühkindliche	_	I	
7-56	2889-2896	Bildung	_	I	
7-57	2896-2897	,	_	_	
7-58	2898-2901	für	_	_	
7-59	2902-2905	die	_	B	
7-60	2906-2920	Schulsanierung	_	I	
7-61	2921-2925	oder	_	_	
7-62	2926-2929	mit	_	_	
7-63	2930-2941	Sonderfonds	_	B	
7-64	2942-2945	wie	_	_	
7-65	2946-2949	zum	_	_	
7-66	2950-2958	Beispiel	_	B	
7-67	2959-2962	das	_	_	
7-68	2963-2999	Kommunalinvestitionsförderungsgesetz	_	_	
7-69	2999-3000	.	_	_	
7-70	3001-3005	Wenn	_	_	
7-71	3006-3009	man	Animated	B	
7-72	3010-3014	dann	_	_	
7-73	3015-3019	aber	_	_	
7-74	3020-3023	von	_	_	
7-75	3024-3033	fehlenden	_	B	
7-76	3034-3045	Sanierungen	_	I	
7-77	3046-3048	in	_	_	
7-78	3049-3056	Schulen	Animated	B	
7-79	3057-3061	oder	_	_	
7-80	3062-3067	Kitas	Animated	B	
7-81	3068-3075	spricht	_	_	
7-82	3076-3079	und	_	_	
7-83	3080-3092	gleichzeitig	_	_	
7-84	3093-3096	von	_	_	
7-85	3097-3100	dem	_	B	
7-86	3101-3117	erwirtschafteten	_	I	
7-87	3118-3128	Überschuss	_	I	
7-88	3129-3133	hört	_	_	
7-89	3133-3134	,	_	_	
7-90	3135-3139	dann	_	_	
7-91	3140-3144	muss	_	_	
7-92	3145-3148	man	Animated	B	
7-93	3149-3153	sich	_	B	
7-94	3154-3158	doch	_	_	
7-95	3159-3168	ernsthaft	_	_	
7-96	3169-3181	hinterfragen	_	_	
7-97	3181-3182	:	_	_	
7-98	3183-3186	Ist	_	_	
7-99	3187-3189	es	_	B	
7-100	3190-3192	in	_	_	
7-101	3193-3199	dieser	_	B	
7-102	3200-3204	Form	_	I	
7-103	3205-3208	und	_	_	
7-104	3209-3213	auch	_	_	
7-105	3214-3216	in	_	_	
7-106	3217-3223	dieser	_	B	
7-107	3224-3228	Höhe	_	I	
7-108	3229-3238	weiterhin	_	_	
7-109	3239-3248	notwendig	_	_	
7-110	3248-3249	?	_	_	
7-111	3250-3254	Hier	_	_	
7-112	3255-3260	passt	_	_	
7-113	3261-3267	meines	_	B	
7-114	3268-3277	Erachtens	_	I	
7-115	3278-3283	etwas	_	_	
7-116	3284-3289	nicht	_	_	
7-117	3290-3298	zusammen	_	_	
7-118	3298-3299	.	_	_	

#Text=Wenn wir heute schon von Entlastungen sprechen, dann will ich nicht unerwähnt lassen: Der Bund entlastet die Bürgerinnen und Bürger in dieser Legislaturperiode um insgesamt rund 60 Milliarden Euro, in der Endstufe im Jahr 2021 sogar um 30 Milliarden Euro. Mit dem Familienentlastungsgesetz haben wir bereits einen sehr wichtigen ersten Schritt gemacht. Bis 2021 wird die Entlastung 23,5 Milliarden Euro betragen. Insbesondere werden wir damit Familien stärken und entlasten. Im steuerlichen Familienleistungsausgleich sorgen gerade Kinderfreibeträge und die Erhöhung des Kindergeldes für die nötige Entlastung von Familien.
8-1	3312-3316	Wenn	_	_	
8-2	3317-3320	wir	Animated	B	
8-3	3321-3326	heute	_	_	
8-4	3327-3332	schon	_	_	
8-5	3333-3336	von	_	_	
8-6	3337-3349	Entlastungen	_	B	
8-7	3350-3358	sprechen	_	_	
8-8	3358-3359	,	_	_	
8-9	3360-3364	dann	_	_	
8-10	3365-3369	will	_	_	
8-11	3370-3373	ich	Animated	B	
8-12	3374-3379	nicht	_	_	
8-13	3380-3389	unerwähnt	_	_	
8-14	3390-3396	lassen	_	_	
8-15	3396-3397	:	_	_	
8-16	3398-3401	Der	Animated[29]	B	
8-17	3402-3406	Bund	Animated[29]	I	
8-18	3407-3416	entlastet	_	_	
8-19	3417-3420	die	Animated[30]	B	
8-20	3421-3432	Bürgerinnen	Animated[30]	I	
8-21	3433-3436	und	_	_	
8-22	3437-3443	Bürger	Animated	B	
8-23	3444-3446	in	_	_	
8-24	3447-3453	dieser	_	B	
8-25	3454-3471	Legislaturperiode	_	I	
8-26	3472-3474	um	_	_	
8-27	3475-3484	insgesamt	_	B	
8-28	3485-3489	rund	_	I	
8-29	3490-3492	60	_	I	
8-30	3493-3503	Milliarden	_	I	
8-31	3504-3508	Euro	_	I	
8-32	3508-3509	,	_	_	
8-33	3510-3512	in	_	_	
8-34	3513-3516	der	_	B	
8-35	3517-3525	Endstufe	_	I	
8-36	3526-3528	im	_	_	
8-37	3529-3533	Jahr	_	B	
8-38	3534-3538	2021	_	_	
8-39	3539-3544	sogar	_	_	
8-40	3545-3547	um	_	_	
8-41	3548-3550	30	_	B	
8-42	3551-3561	Milliarden	_	I	
8-43	3562-3566	Euro	_	I	
8-44	3566-3567	.	_	_	
8-45	3568-3571	Mit	_	_	
8-46	3572-3575	dem	_	B	
8-47	3576-3601	Familienentlastungsgesetz	_	I	
8-48	3602-3607	haben	_	_	
8-49	3608-3611	wir	Animated	B	
8-50	3612-3619	bereits	_	_	
8-51	3620-3625	einen	_	B	
8-52	3626-3630	sehr	_	I	
8-53	3631-3640	wichtigen	_	I	
8-54	3641-3647	ersten	_	I	
8-55	3648-3655	Schritt	_	I	
8-56	3656-3663	gemacht	_	_	
8-57	3663-3664	.	_	_	
8-58	3665-3668	Bis	_	_	
8-59	3669-3673	2021	_	_	
8-60	3674-3678	wird	_	_	
8-61	3679-3682	die	_	B	
8-62	3683-3693	Entlastung	_	I	
8-63	3694-3698	23,5	_	B	
8-64	3699-3709	Milliarden	_	I	
8-65	3710-3714	Euro	_	I	
8-66	3715-3723	betragen	_	_	
8-67	3723-3724	.	_	_	
8-68	3725-3737	Insbesondere	_	_	
8-69	3738-3744	werden	_	_	
8-70	3745-3748	wir	Animated	B	
8-71	3749-3754	damit	_	_	
8-72	3755-3763	Familien	Animated	B	
8-73	3764-3771	stärken	_	_	
8-74	3772-3775	und	_	_	
8-75	3776-3785	entlasten	_	_	
8-76	3785-3786	.	_	_	
8-77	3787-3789	Im	_	_	
8-78	3790-3802	steuerlichen	_	B	
8-79	3803-3829	Familienleistungsausgleich	_	I	
8-80	3830-3836	sorgen	_	_	
8-81	3837-3843	gerade	_	_	
8-82	3844-3861	Kinderfreibeträge	_	B	
8-83	3862-3865	und	_	_	
8-84	3866-3869	die	_	B	
8-85	3870-3878	Erhöhung	_	I	
8-86	3879-3882	des	_	B	
8-87	3883-3895	Kindergeldes	_	I	
8-88	3896-3899	für	_	_	
8-89	3900-3903	die	_	B	
8-90	3904-3910	nötige	_	I	
8-91	3911-3921	Entlastung	_	I	
8-92	3922-3925	von	_	_	
8-93	3926-3934	Familien	Animated	B	
8-94	3934-3935	.	_	_	

#Text=Meine Damen und Herren, lassen Sie mich abschließend noch sagen: Mit diesem nun vorliegenden Haushalt haben wir weder Black Friday noch ein wirtschaftliches Chaos, vielmehr haben wir einen in die Zukunft gerichteten Haushalt ohne Neuverschuldung. Da aber dies nicht ständig in Fels gemeißelt ist, bitte ich dieses Hohe Haus, ständig darauf aufzupassen, dass diese gute wirtschaftliche Entwicklung auch in den Folgejahren zu Buche schlägt. Wenn wir mit zu viel Bürokratie, mit zu hoher steuerlicher Belastung ständig auf die Unternehmen einschlagen, wird es am Ende der Tage nicht besser werden. Ich bitte, diesem Etat zuzustimmen.
9-1	3944-3949	Meine	Animated[31]	B	
9-2	3950-3955	Damen	Animated[31]	I	
9-3	3956-3959	und	_	_	
9-4	3960-3966	Herren	Animated	B	
9-5	3966-3967	,	_	_	
9-6	3968-3974	lassen	_	_	
9-7	3975-3978	Sie	_	B	
9-8	3979-3983	mich	_	B	
9-9	3984-3996	abschließend	_	_	
9-10	3997-4001	noch	_	_	
9-11	4002-4007	sagen	_	_	
9-12	4007-4008	:	_	_	
9-13	4009-4012	Mit	_	_	
9-14	4013-4019	diesem	_	B	
9-15	4020-4023	nun	_	I	
9-16	4024-4036	vorliegenden	_	I	
9-17	4037-4045	Haushalt	_	I	
9-18	4046-4051	haben	_	_	
9-19	4052-4055	wir	Animated	B	
9-20	4056-4061	weder	_	_	
9-21	4062-4067	Black	_	B	
9-22	4068-4074	Friday	_	I	
9-23	4075-4079	noch	_	_	
9-24	4080-4083	ein	_	B	
9-25	4084-4100	wirtschaftliches	_	I	
9-26	4101-4106	Chaos	_	I	
9-27	4106-4107	,	_	_	
9-28	4108-4116	vielmehr	_	_	
9-29	4117-4122	haben	_	_	
9-30	4123-4126	wir	Animated	B	
9-31	4127-4132	einen	_	_	
9-32	4133-4135	in	_	_	
9-33	4136-4139	die	_	B	
9-34	4140-4147	Zukunft	_	I	
9-35	4148-4159	gerichteten	_	_	
9-36	4160-4168	Haushalt	_	_	
9-37	4169-4173	ohne	_	_	
9-38	4174-4189	Neuverschuldung	_	B	
9-39	4189-4190	.	_	_	
9-40	4191-4193	Da	_	_	
9-41	4194-4198	aber	_	_	
9-42	4199-4203	dies	_	B	
9-43	4204-4209	nicht	_	_	
9-44	4210-4217	ständig	_	_	
9-45	4218-4220	in	_	_	
9-46	4221-4225	Fels	_	B	
9-47	4226-4235	gemeißelt	_	_	
9-48	4236-4239	ist	_	_	
9-49	4239-4240	,	_	_	
9-50	4241-4246	bitte	_	_	
9-51	4247-4250	ich	_	B	
9-52	4251-4257	dieses	Animated[32]	B	
9-53	4258-4262	Hohe	Animated[32]	I	
9-54	4263-4267	Haus	Animated[32]	I	
9-55	4267-4268	,	_	_	
9-56	4269-4276	ständig	_	_	
9-57	4277-4283	darauf	_	_	
9-58	4284-4295	aufzupassen	_	_	
9-59	4295-4296	,	_	_	
9-60	4297-4301	dass	_	_	
9-61	4302-4307	diese	_	B	
9-62	4308-4312	gute	_	I	
9-63	4313-4328	wirtschaftliche	_	I	
9-64	4329-4340	Entwicklung	_	I	
9-65	4341-4345	auch	_	_	
9-66	4346-4348	in	_	_	
9-67	4349-4352	den	_	B	
9-68	4353-4364	Folgejahren	_	I	
9-69	4365-4367	zu	_	_	
9-70	4368-4373	Buche	_	B	
9-71	4374-4381	schlägt	_	_	
9-72	4381-4382	.	_	_	
9-73	4383-4387	Wenn	_	_	
9-74	4388-4391	wir	Animated	B	
9-75	4392-4395	mit	_	_	
9-76	4396-4398	zu	_	B	
9-77	4399-4403	viel	_	I	
9-78	4404-4414	Bürokratie	_	I	
9-79	4414-4415	,	_	_	
9-80	4416-4419	mit	_	_	
9-81	4420-4422	zu	_	B	
9-82	4423-4428	hoher	_	I	
9-83	4429-4441	steuerlicher	_	I	
9-84	4442-4451	Belastung	_	I	
9-85	4452-4459	ständig	_	_	
9-86	4460-4463	auf	_	_	
9-87	4464-4467	die	Animated[33]	B	
9-88	4468-4479	Unternehmen	Animated[33]	I	
9-89	4480-4491	einschlagen	_	_	
9-90	4491-4492	,	_	_	
9-91	4493-4497	wird	_	_	
9-92	4498-4500	es	_	_	
9-93	4501-4503	am	_	_	
9-94	4504-4508	Ende	_	B	
9-95	4509-4512	der	_	B	
9-96	4513-4517	Tage	_	I	
9-97	4518-4523	nicht	_	_	
9-98	4524-4530	besser	_	_	
9-99	4531-4537	werden	_	_	
9-100	4537-4538	.	_	_	
9-101	4539-4542	Ich	Animated	B	
9-102	4543-4548	bitte	_	_	
9-103	4548-4549	,	_	_	
9-104	4550-4556	diesem	_	B	
9-105	4557-4561	Etat	_	I	
9-106	4562-4573	zuzustimmen	_	_	
9-107	4573-4574	.	_	_	

#Text=Danke schön.
10-1	4588-4593	Danke	_	_	
10-2	4594-4599	schön	_	_	
10-3	4599-4600	.	_	_	

#Text=Der Kollege Otto Fricke ist der nächste Redner für die FDP-Fraktion.
11-1	4602-4605	Der	Animated[34]	B	
11-2	4606-4613	Kollege	Animated[34]	I	
11-3	4614-4618	Otto	Animated[34]	I	
11-4	4619-4625	Fricke	Animated[34]	I	
11-5	4626-4629	ist	_	_	
11-6	4630-4633	der	Animated[35]	B	
11-7	4634-4641	nächste	Animated[35]	I	
11-8	4642-4648	Redner	Animated[35]	I	
11-9	4649-4652	für	_	_	
11-10	4653-4656	die	Animated[36]	B	
11-11	4657-4669	FDP-Fraktion	Animated[36]	I	
11-12	4669-4670	.	_	_	
