#FORMAT=WebAnno TSV 3.3
#T_SP=webanno.custom.Animacy|Animated
#T_SP=webanno.custom.CustomChunk|Chunk


#Text=Sehr geehrter Herr Präsident! Meine Damen und Herren! Franz Müntefering sagte einmal: Opposition ist Mist.
1-1	0-4	Sehr	Animated[1]	B	
1-2	5-13	geehrter	Animated[1]	I	
1-3	14-18	Herr	Animated[1]	I	
1-4	19-28	Präsident	Animated[1]	I	
1-5	28-29	!	_	_	
1-6	30-35	Meine	Animated[2]	B	
1-7	36-41	Damen	Animated[2]	I	
1-8	42-45	und	_	_	
1-9	46-52	Herren	Animated	B	
1-10	52-53	!	_	_	
1-11	54-59	Franz	Animated[3]	B	
1-12	60-71	Müntefering	Animated[3]	I	
1-13	72-77	sagte	_	_	
1-14	78-84	einmal	_	_	
1-15	84-85	:	_	_	
1-16	86-96	Opposition	Animated	B	
1-17	97-100	ist	_	_	
1-18	101-105	Mist	_	B	
1-19	105-106	.	_	_	

#Text=Ich meine, Opposition bringt unser Land voran. Denn Die Linke war und ist an erster Stelle, wenn es um Konzepte für eine gute Arbeitsmarkt- und Sozialpolitik geht.
2-1	111-114	Ich	Animated	B	
2-2	115-120	meine	_	_	
2-3	120-121	,	_	_	
2-4	122-132	Opposition	Animated	B	
2-5	133-139	bringt	_	_	
2-6	140-145	unser	_	B	
2-7	146-150	Land	_	I	
2-8	151-156	voran	_	_	
2-9	156-157	.	_	_	
2-10	158-162	Denn	_	_	
2-11	163-166	Die	Animated[4]	B	
2-12	167-172	Linke	Animated[4]	I	
2-13	173-176	war	_	_	
2-14	177-180	und	_	_	
2-15	181-184	ist	_	_	
2-16	185-187	an	_	_	
2-17	188-194	erster	_	B	
2-18	195-201	Stelle	_	I	
2-19	201-202	,	_	_	
2-20	203-207	wenn	_	_	
2-21	208-210	es	_	_	
2-22	211-213	um	_	_	
2-23	214-222	Konzepte	_	B	
2-24	223-226	für	_	_	
2-25	227-231	eine	_	B	
2-26	232-236	gute	_	I	
2-27	237-250	Arbeitsmarkt-	_	I	
2-28	251-254	und	_	I	
2-29	255-268	Sozialpolitik	_	I	
2-30	269-273	geht	_	_	
2-31	273-274	.	_	_	

#Text=Dieser Antrag der Grünen zeigt ganz klar: Links wirkt.
3-1	279-285	Dieser	_	B	
3-2	286-292	Antrag	_	I	
3-3	293-296	der	Animated[5]	B	
3-4	297-303	Grünen	Animated[5]	I	
3-5	304-309	zeigt	_	_	
3-6	310-314	ganz	_	_	
3-7	315-319	klar	_	_	
3-8	319-320	:	_	_	
3-9	321-326	Links	_	_	
3-10	327-332	wirkt	_	_	
3-11	332-333	.	_	_	

#Text=Nachdem die Grünen gemeinsam mit der SPD – das müssen Sie sich schon gefallen lassen! – unsere Arbeitslosenversicherung beschädigt hatten, stand nur Die Linke für eine Arbeitslosenversicherung, die fit für die Zukunft ist.
4-1	336-343	Nachdem	_	_	
4-2	344-347	die	Animated[6]	B	
4-3	348-354	Grünen	Animated[6]	I	
4-4	355-364	gemeinsam	_	_	
4-5	365-368	mit	_	_	
4-6	369-372	der	Animated[7]	B	
4-7	373-376	SPD	Animated[7]	I	
4-8	377-378	–	_	B	
4-9	379-382	das	_	I	
4-10	383-389	müssen	_	_	
4-11	390-393	Sie	_	B	
4-12	394-398	sich	_	B	
4-13	399-404	schon	_	_	
4-14	405-413	gefallen	_	_	
4-15	414-420	lassen	_	_	
4-16	420-421	!	_	_	
4-17	422-423	–	_	_	
4-18	424-430	unsere	_	B	
4-19	431-455	Arbeitslosenversicherung	_	I	
4-20	456-466	beschädigt	_	_	
4-21	467-473	hatten	_	_	
4-22	473-474	,	_	_	
4-23	475-480	stand	_	_	
4-24	481-484	nur	Animated[8]	B	
4-25	485-488	Die	Animated[8]	I	
4-26	489-494	Linke	Animated[8]	I	
4-27	495-498	für	_	_	
4-28	499-503	eine	_	B	
4-29	504-528	Arbeitslosenversicherung	_	I	
4-30	528-529	,	_	_	
4-31	530-533	die	_	B	
4-32	534-537	fit	_	_	
4-33	538-541	für	_	_	
4-34	542-545	die	_	B	
4-35	546-553	Zukunft	_	I	
4-36	554-557	ist	_	_	
4-37	557-558	.	_	_	

#Text=In Zeiten wirtschaftlicher Schwäche und Transformation wie heute muss man die Leistungen der Arbeitslosenversicherung verbessern; das ist der richtige Weg.
5-1	563-565	In	_	_	
5-2	566-572	Zeiten	_	B	
5-3	573-589	wirtschaftlicher	_	B	
5-4	590-598	Schwäche	_	I	
5-5	599-602	und	_	_	
5-6	603-617	Transformation	_	B	
5-7	618-621	wie	_	_	
5-8	622-627	heute	_	_	
5-9	628-632	muss	_	_	
5-10	633-636	man	_	B	
5-11	637-640	die	_	B	
5-12	641-651	Leistungen	_	I	
5-13	652-655	der	_	B	
5-14	656-680	Arbeitslosenversicherung	_	I	
5-15	681-691	verbessern	_	_	
5-16	691-692	;	_	_	
5-17	693-696	das	_	B	
5-18	697-700	ist	_	_	
5-19	701-704	der	_	B	
5-20	705-713	richtige	_	I	
5-21	714-717	Weg	_	I	
5-22	717-718	.	_	_	

#Text=In den 1970er-Jahren hat man das getan. In den 2000er-Jahren haben – vielleicht sollten Sie doch einmal zuhören – die SPD und die Grünen genau das Gegenteil gemacht. Die Ergebnisse sehen wir auf dem Arbeitsmarkt: Niedriglohn, Leiharbeit, Minijobs, Befristungen und bei den Erwerbslosen die höchste Armutsquote in ganz Europa. Das war unsozial. Da reicht keine Kurskorrektur, da muss sich etwas von Grund auf ändern.
6-1	721-723	In	_	_	
6-2	724-727	den	_	B	
6-3	728-741	1970er-Jahren	_	I	
6-4	742-745	hat	_	_	
6-5	746-749	man	Animated	B	
6-6	750-753	das	_	B	
6-7	754-759	getan	_	_	
6-8	759-760	.	_	_	
6-9	761-763	In	_	_	
6-10	764-767	den	_	B	
6-11	768-781	2000er-Jahren	_	I	
6-12	782-787	haben	_	_	
6-13	788-789	–	_	_	
6-14	790-800	vielleicht	_	_	
6-15	801-808	sollten	_	_	
6-16	809-812	Sie	_	B	
6-17	813-817	doch	_	_	
6-18	818-824	einmal	_	_	
6-19	825-832	zuhören	_	_	
6-20	833-834	–	_	_	
6-21	835-838	die	Animated[9]	B	
6-22	839-842	SPD	Animated[9]	I	
6-23	843-846	und	_	_	
6-24	847-850	die	Animated[10]	B	
6-25	851-857	Grünen	Animated[10]	I	
6-26	858-863	genau	_	B	
6-27	864-867	das	_	I	
6-28	868-877	Gegenteil	_	I	
6-29	878-885	gemacht	_	_	
6-30	885-886	.	_	_	
6-31	887-890	Die	_	B	
6-32	891-901	Ergebnisse	_	I	
6-33	902-907	sehen	_	_	
6-34	908-911	wir	Animated	B	
6-35	912-915	auf	_	_	
6-36	916-919	dem	_	B	
6-37	920-932	Arbeitsmarkt	_	I	
6-38	932-933	:	_	_	
6-39	934-945	Niedriglohn	_	B	
6-40	945-946	,	_	_	
6-41	947-957	Leiharbeit	_	B	
6-42	957-958	,	_	_	
6-43	959-967	Minijobs	_	B	
6-44	967-968	,	_	_	
6-45	969-981	Befristungen	_	B	
6-46	982-985	und	_	_	
6-47	986-989	bei	_	_	
6-48	990-993	den	_	B	
6-49	994-1006	Erwerbslosen	_	I	
6-50	1007-1010	die	_	B	
6-51	1011-1018	höchste	_	I	
6-52	1019-1030	Armutsquote	_	I	
6-53	1031-1033	in	_	_	
6-54	1034-1038	ganz	_	B	
6-55	1039-1045	Europa	_	I	
6-56	1045-1046	.	_	_	
6-57	1047-1050	Das	_	B	
6-58	1051-1054	war	_	_	
6-59	1055-1063	unsozial	_	_	
6-60	1063-1064	.	_	_	
6-61	1065-1067	Da	_	_	
6-62	1068-1074	reicht	_	_	
6-63	1075-1080	keine	_	B	
6-64	1081-1094	Kurskorrektur	_	I	
6-65	1094-1095	,	_	_	
6-66	1096-1098	da	_	_	
6-67	1099-1103	muss	_	_	
6-68	1104-1108	sich	_	B	
6-69	1109-1114	etwas	_	B	
6-70	1115-1118	von	_	_	
6-71	1119-1124	Grund	_	B	
6-72	1125-1128	auf	_	_	
6-73	1129-1135	ändern	_	_	
6-74	1135-1136	.	_	_	

#Text=Deshalb freue ich mich, dass die Grünen mit diesem Antrag unsere Forderungen unterstützen – ich will nur einige herausnehmen –: einen Rechtsanspruch auf Weiterbildung, für Erwerbstätige und Erwerbslose; ein Weiterbildungsgeld, damit man bei Weiterbildung den Lebensstandard halten kann – gut, über die 200 Euro müsste man reden, das reicht nicht aus, denke ich; aber der Ansatz ist richtig; denn Qualifizierung und Weiterbildung sind das A und O, um auf dem Arbeitsmarkt bestehen zu können –; einen leichteren Zugang zur Arbeitslosenversicherung – ja, diejenigen, die noch nicht so lange eingezahlt haben, sollen einen Anspruch auf Leistungen haben – und einen besseren Zugang für Selbstständige. Das ist richtig so, und da kann die Bundesregierung vielleicht einiges abschreiben.
7-1	1147-1154	Deshalb	_	_	
7-2	1155-1160	freue	_	_	
7-3	1161-1164	ich	Animated	B	
7-4	1165-1169	mich	_	B	
7-5	1169-1170	,	_	_	
7-6	1171-1175	dass	_	_	
7-7	1176-1179	die	Animated[11]	B	
7-8	1180-1186	Grünen	Animated[11]	I	
7-9	1187-1190	mit	_	_	
7-10	1191-1197	diesem	_	B	
7-11	1198-1204	Antrag	_	I	
7-12	1205-1211	unsere	_	B	
7-13	1212-1223	Forderungen	_	I	
7-14	1224-1236	unterstützen	_	_	
7-15	1237-1238	–	_	_	
7-16	1239-1242	ich	Animated	B	
7-17	1243-1247	will	_	_	
7-18	1248-1251	nur	_	B	
7-19	1252-1258	einige	_	I	
7-20	1259-1271	herausnehmen	_	_	
7-21	1272-1273	–	_	_	
7-22	1273-1274	:	_	_	
7-23	1275-1280	einen	_	B	
7-24	1281-1295	Rechtsanspruch	_	I	
7-25	1296-1299	auf	_	_	
7-26	1300-1313	Weiterbildung	_	B	
7-27	1313-1314	,	_	_	
7-28	1315-1318	für	_	_	
7-29	1319-1332	Erwerbstätige	Animated	B	
7-30	1333-1336	und	_	_	
7-31	1337-1348	Erwerbslose	Animated	B	
7-32	1348-1349	;	_	_	
7-33	1350-1353	ein	_	B	
7-34	1354-1372	Weiterbildungsgeld	_	I	
7-35	1372-1373	,	_	_	
7-36	1374-1379	damit	_	_	
7-37	1380-1383	man	Animated	B	
7-38	1384-1387	bei	_	_	
7-39	1388-1401	Weiterbildung	_	B	
7-40	1402-1405	den	_	B	
7-41	1406-1420	Lebensstandard	_	I	
7-42	1421-1427	halten	_	_	
7-43	1428-1432	kann	_	_	
7-44	1433-1434	–	_	_	
7-45	1435-1438	gut	_	_	
7-46	1438-1439	,	_	_	
7-47	1440-1444	über	_	_	
7-48	1445-1448	die	_	B	
7-49	1449-1452	200	_	_	
7-50	1453-1457	Euro	_	_	
7-51	1458-1464	müsste	_	_	
7-52	1465-1468	man	Animated	B	
7-53	1469-1474	reden	_	_	
7-54	1474-1475	,	_	_	
7-55	1476-1479	das	_	B	
7-56	1480-1486	reicht	_	_	
7-57	1487-1492	nicht	_	_	
7-58	1493-1496	aus	_	_	
7-59	1496-1497	,	_	_	
7-60	1498-1503	denke	_	_	
7-61	1504-1507	ich	Animated	B	
7-62	1507-1508	;	_	_	
7-63	1509-1513	aber	_	_	
7-64	1514-1517	der	_	B	
7-65	1518-1524	Ansatz	_	I	
7-66	1525-1528	ist	_	_	
7-67	1529-1536	richtig	_	_	
7-68	1536-1537	;	_	_	
7-69	1538-1542	denn	_	_	
7-70	1543-1557	Qualifizierung	_	B	
7-71	1558-1561	und	_	_	
7-72	1562-1575	Weiterbildung	_	B	
7-73	1576-1580	sind	_	_	
7-74	1581-1584	das	_	B	
7-75	1585-1586	A	_	I	
7-76	1587-1590	und	_	_	
7-77	1591-1592	O	_	B	
7-78	1592-1593	,	_	_	
7-79	1594-1596	um	_	_	
7-80	1597-1600	auf	_	_	
7-81	1601-1604	dem	_	B	
7-82	1605-1617	Arbeitsmarkt	_	I	
7-83	1618-1626	bestehen	_	_	
7-84	1627-1629	zu	_	_	
7-85	1630-1636	können	_	_	
7-86	1637-1638	–	_	_	
7-87	1638-1639	;	_	_	
7-88	1640-1645	einen	_	B	
7-89	1646-1656	leichteren	_	I	
7-90	1657-1663	Zugang	_	I	
7-91	1664-1667	zur	_	_	
7-92	1668-1692	Arbeitslosenversicherung	_	B	
7-93	1693-1694	–	_	_	
7-94	1695-1697	ja	_	_	
7-95	1697-1698	,	_	_	
7-96	1699-1709	diejenigen	_	_	
7-97	1709-1710	,	_	_	
7-98	1711-1714	die	_	B	
7-99	1715-1719	noch	_	_	
7-100	1720-1725	nicht	_	_	
7-101	1726-1728	so	_	_	
7-102	1729-1734	lange	_	_	
7-103	1735-1745	eingezahlt	_	_	
7-104	1746-1751	haben	_	_	
7-105	1751-1752	,	_	_	
7-106	1753-1759	sollen	_	_	
7-107	1760-1765	einen	_	B	
7-108	1766-1774	Anspruch	_	I	
7-109	1775-1778	auf	_	_	
7-110	1779-1789	Leistungen	_	B	
7-111	1790-1795	haben	_	_	
7-112	1796-1797	–	_	_	
7-113	1798-1801	und	_	_	
7-114	1802-1807	einen	_	B	
7-115	1808-1816	besseren	_	I	
7-116	1817-1823	Zugang	_	I	
7-117	1824-1827	für	_	_	
7-118	1828-1842	Selbstständige	Animated	B	
7-119	1842-1843	.	_	_	
7-120	1844-1847	Das	_	B	
7-121	1848-1851	ist	_	_	
7-122	1852-1859	richtig	_	_	
7-123	1860-1862	so	_	_	
7-124	1862-1863	,	_	_	
7-125	1864-1867	und	_	_	
7-126	1868-1870	da	_	_	
7-127	1871-1875	kann	_	_	
7-128	1876-1879	die	Animated[12]	B	
7-129	1880-1895	Bundesregierung	Animated[12]	I	
7-130	1896-1906	vielleicht	_	_	
7-131	1907-1914	einiges	_	B	
7-132	1915-1926	abschreiben	_	_	
7-133	1926-1927	.	_	_	

#Text=Leider fehlt in dem Antrag der Grünen einiges, was für eine starke Arbeitslosenversicherung wichtig wäre. Die Linke fordert: Das Arbeitslosengeld muss länger gezahlt werden, besonders für Menschen über 50; sie brauchen Zeit, um eine qualifikationsgerechte Stelle zu finden. Als Anschlussleistung wollen wir dort ein Arbeitslosengeld Plus; ich denke, das wäre der richtige Weg.
8-1	1946-1952	Leider	_	_	
8-2	1953-1958	fehlt	_	_	
8-3	1959-1961	in	_	_	
8-4	1962-1965	dem	_	B	
8-5	1966-1972	Antrag	_	I	
8-6	1973-1976	der	Animated[13]	B	
8-7	1977-1983	Grünen	Animated[13]	I	
8-8	1984-1991	einiges	_	B	
8-9	1991-1992	,	_	_	
8-10	1993-1996	was	_	B	
8-11	1997-2000	für	_	_	
8-12	2001-2005	eine	_	B	
8-13	2006-2012	starke	_	I	
8-14	2013-2037	Arbeitslosenversicherung	_	I	
8-15	2038-2045	wichtig	_	_	
8-16	2046-2050	wäre	_	_	
8-17	2050-2051	.	_	_	
8-18	2052-2055	Die	Animated[14]	B	
8-19	2056-2061	Linke	Animated[14]	I	
8-20	2062-2069	fordert	_	_	
8-21	2069-2070	:	_	_	
8-22	2071-2074	Das	_	B	
8-23	2075-2091	Arbeitslosengeld	_	I	
8-24	2092-2096	muss	_	_	
8-25	2097-2103	länger	_	_	
8-26	2104-2111	gezahlt	_	_	
8-27	2112-2118	werden	_	_	
8-28	2118-2119	,	_	_	
8-29	2120-2129	besonders	_	_	
8-30	2130-2133	für	_	_	
8-31	2134-2142	Menschen	Animated	B	
8-32	2143-2147	über	_	_	
8-33	2148-2150	50	_	_	
8-34	2150-2151	;	_	_	
8-35	2152-2155	sie	_	B	
8-36	2156-2164	brauchen	_	_	
8-37	2165-2169	Zeit	_	B	
8-38	2169-2170	,	_	_	
8-39	2171-2173	um	_	_	
8-40	2174-2178	eine	_	B	
8-41	2179-2201	qualifikationsgerechte	_	I	
8-42	2202-2208	Stelle	_	I	
8-43	2209-2211	zu	_	_	
8-44	2212-2218	finden	_	_	
8-45	2218-2219	.	_	_	
8-46	2220-2223	Als	_	_	
8-47	2224-2241	Anschlussleistung	_	B	
8-48	2242-2248	wollen	_	_	
8-49	2249-2252	wir	Animated	B	
8-50	2253-2257	dort	_	_	
8-51	2258-2261	ein	_	B	
8-52	2262-2278	Arbeitslosengeld	_	I	
8-53	2279-2283	Plus	_	I	
8-54	2283-2284	;	_	_	
8-55	2285-2288	ich	Animated	B	
8-56	2289-2294	denke	_	_	
8-57	2294-2295	,	_	_	
8-58	2296-2299	das	_	B	
8-59	2300-2304	wäre	_	_	
8-60	2305-2308	der	_	B	
8-61	2309-2317	richtige	_	I	
8-62	2318-2321	Weg	_	I	
8-63	2321-2322	.	_	_	

#Text=Die Höhe der Leistungen muss stimmen. Da war die Arbeitslosenversicherung schon einmal besser. Wir wollen, vereinfacht gesagt, 68 Prozent vom letzten Netto.
9-1	2333-2336	Die	_	B	
9-2	2337-2341	Höhe	_	I	
9-3	2342-2345	der	_	B	
9-4	2346-2356	Leistungen	_	I	
9-5	2357-2361	muss	_	_	
9-6	2362-2369	stimmen	_	_	
9-7	2369-2370	.	_	_	
9-8	2371-2373	Da	_	_	
9-9	2374-2377	war	_	_	
9-10	2378-2381	die	_	B	
9-11	2382-2406	Arbeitslosenversicherung	_	I	
9-12	2407-2412	schon	_	_	
9-13	2413-2419	einmal	_	_	
9-14	2420-2426	besser	_	_	
9-15	2426-2427	.	_	_	
9-16	2428-2431	Wir	Animated	B	
9-17	2432-2438	wollen	_	_	
9-18	2438-2439	,	_	_	
9-19	2440-2451	vereinfacht	_	_	
9-20	2452-2458	gesagt	_	_	
9-21	2458-2459	,	_	_	
9-22	2460-2462	68	_	B	
9-23	2463-2470	Prozent	_	I	
9-24	2471-2474	vom	_	_	
9-25	2475-2482	letzten	_	B	
9-26	2483-2488	Netto	_	I	
9-27	2488-2489	.	_	_	

#Text=Und ganz wichtig: Weg mit den Sperrzeiten! Es reicht nicht, das Existenzminimum zu sichern; da sind Sie noch ein bisschen bei den Gängeleien von Gerhard Schröder und Joschka Fischer. Wir befinden uns im Abschwung, meine Damen und Herren,
10-1	2495-2498	Und	_	_	
10-2	2499-2503	ganz	_	_	
10-3	2504-2511	wichtig	_	_	
10-4	2511-2512	:	_	_	
10-5	2513-2516	Weg	_	B	
10-6	2517-2520	mit	_	_	
10-7	2521-2524	den	_	B	
10-8	2525-2536	Sperrzeiten	_	I	
10-9	2536-2537	!	_	_	
10-10	2538-2540	Es	_	B	
10-11	2541-2547	reicht	_	_	
10-12	2548-2553	nicht	_	_	
10-13	2553-2554	,	_	_	
10-14	2555-2558	das	_	B	
10-15	2559-2574	Existenzminimum	_	I	
10-16	2575-2577	zu	_	_	
10-17	2578-2585	sichern	_	_	
10-18	2585-2586	;	_	_	
10-19	2587-2589	da	_	_	
10-20	2590-2594	sind	_	_	
10-21	2595-2598	Sie	_	B	
10-22	2599-2603	noch	_	_	
10-23	2604-2607	ein	_	B	
10-24	2608-2616	bisschen	_	I	
10-25	2617-2620	bei	_	_	
10-26	2621-2624	den	_	B	
10-27	2625-2635	Gängeleien	_	I	
10-28	2636-2639	von	_	_	
10-29	2640-2647	Gerhard	Animated[15]	B	
10-30	2648-2656	Schröder	Animated[15]	I	
10-31	2657-2660	und	_	_	
10-32	2661-2668	Joschka	Animated[16]	B	
10-33	2669-2676	Fischer	Animated[16]	I	
10-34	2676-2677	.	_	_	
10-35	2678-2681	Wir	Animated	B	
10-36	2682-2690	befinden	_	_	
10-37	2691-2694	uns	_	B	
10-38	2695-2697	im	_	_	
10-39	2698-2707	Abschwung	_	B	
10-40	2707-2708	,	_	_	
10-41	2709-2714	meine	Animated[17]	B	
10-42	2715-2720	Damen	Animated[17]	I	
10-43	2721-2724	und	_	_	
10-44	2725-2731	Herren	Animated	B	
10-45	2731-2732	,	_	_	

#Text=da braucht es Sicherheit für Menschen, die in Arbeit sind, und für Menschen, die arbeitslos sind.
11-1	2740-2742	da	_	_	
11-2	2743-2750	braucht	_	_	
11-3	2751-2753	es	_	B	
11-4	2754-2764	Sicherheit	_	B	
11-5	2765-2768	für	_	_	
11-6	2769-2777	Menschen	Animated	B	
11-7	2777-2778	,	_	_	
11-8	2779-2782	die	_	B	
11-9	2783-2785	in	_	_	
11-10	2786-2792	Arbeit	_	B	
11-11	2793-2797	sind	_	_	
11-12	2797-2798	,	_	_	
11-13	2799-2802	und	_	_	
11-14	2803-2806	für	_	_	
11-15	2807-2815	Menschen	Animated	B	
11-16	2815-2816	,	_	_	
11-17	2817-2820	die	_	B	
11-18	2821-2831	arbeitslos	_	_	
11-19	2832-2836	sind	_	_	
11-20	2836-2837	.	_	_	

#Text=Eine Garantie für eine gute Arbeitsmarktpolitik – Herr Whittaker, das sollten Sie wissen – ist nur Die Linke.
12-1	2842-2846	Eine	_	_	
12-2	2847-2855	Garantie	_	_	
12-3	2856-2859	für	_	_	
12-4	2860-2864	eine	_	B	
12-5	2865-2869	gute	_	I	
12-6	2870-2889	Arbeitsmarktpolitik	_	I	
12-7	2890-2891	–	_	_	
12-8	2892-2896	Herr	Animated[18]	B	
12-9	2897-2906	Whittaker	Animated[18]	I	
12-10	2906-2907	,	_	_	
12-11	2908-2911	das	_	_	
12-12	2912-2919	sollten	_	_	
12-13	2920-2923	Sie	_	B	
12-14	2924-2930	wissen	_	_	
12-15	2931-2932	–	_	_	
12-16	2933-2936	ist	_	_	
12-17	2937-2940	nur	Animated[19]	B	
12-18	2941-2944	Die	Animated[19]	I	
12-19	2945-2950	Linke	Animated[19]	I	
12-20	2950-2951	.	_	_	

#Text=Danke schön.
13-1	2954-2959	Danke	_	_	
13-2	2960-2965	schön	_	_	
13-3	2965-2966	.	_	_	

#Text=Danke, Frau Kollegin Zimmermann. – Nächster Redner ist der Kollege Albert Weiler, CDU/CSU-Fraktion.
14-1	2968-2973	Danke	_	_	
14-2	2973-2974	,	_	_	
14-3	2975-2979	Frau	Animated[20]	B	
14-4	2980-2988	Kollegin	Animated[20]	I	
14-5	2989-2999	Zimmermann	Animated[20]	I	
14-6	2999-3000	.	_	_	
14-7	3001-3002	–	_	_	
14-8	3003-3011	Nächster	Animated[21]	B	
14-9	3012-3018	Redner	Animated[21]	I	
14-10	3019-3022	ist	_	_	
14-11	3023-3026	der	Animated[22]	B	
14-12	3027-3034	Kollege	Animated[22]	I	
14-13	3035-3041	Albert	Animated[22]	I	
14-14	3042-3048	Weiler	Animated[22]	I	
14-15	3048-3049	,	_	_	
14-16	3050-3053	CDU	_	_	
14-17	3053-3054	/	_	B	
14-18	3054-3066	CSU-Fraktion	Animated	B	
14-19	3066-3067	.	_	_	
