#FORMAT=WebAnno TSV 3.3
#T_SP=webanno.custom.Animacy|Animated
#T_SP=webanno.custom.CustomChunk|Chunk


#Text=Danke schön, Frau Präsidentin. – Herr Kollege Korte, ich möchte Sie darauf aufmerksam machen, dass es in der Weimarer Republik demokratisch gewählte Parteien und demokratisch gewählte Regierungen waren, die der Familie Hohenzollern damals ihren Besitz aus rechtsstaatlichen Gründen gelassen haben, und zwar, weil es ganz einfach rechtlicher Besitz der Familie war. Man hat das damals nicht angerührt. Da war man demokratischer und rechtsstaatlicher, als Sie es je sein werden.
1-1	0-5	Danke	_	_	
1-2	6-11	schön	_	_	
1-3	11-12	,	_	_	
1-4	13-17	Frau	Animated[1]	B	
1-5	18-29	Präsidentin	Animated[1]	I	
1-6	29-30	.	_	_	
1-7	31-32	–	_	_	
1-8	33-37	Herr	_	_	
1-9	38-45	Kollege	Animated[2]	B	
1-10	46-51	Korte	Animated[2]	I	
1-11	51-52	,	_	_	
1-12	53-56	ich	Animated	B	
1-13	57-63	möchte	_	_	
1-14	64-67	Sie	_	B	
1-15	68-74	darauf	_	_	
1-16	75-85	aufmerksam	_	_	
1-17	86-92	machen	_	_	
1-18	92-93	,	_	_	
1-19	94-98	dass	_	_	
1-20	99-101	es	_	B	
1-21	102-104	in	_	_	
1-22	105-108	der	Animated[3]	B	
1-23	109-117	Weimarer	Animated[3]	I	
1-24	118-126	Republik	Animated[3]	I	
1-25	127-139	demokratisch	Animated[4]	B	
1-26	140-148	gewählte	Animated[4]	I	
1-27	149-157	Parteien	Animated[4]	I	
1-28	158-161	und	_	_	
1-29	162-174	demokratisch	Animated[5]	B	
1-30	175-183	gewählte	Animated[5]	I	
1-31	184-195	Regierungen	Animated[5]	I	
1-32	196-201	waren	_	_	
1-33	201-202	,	_	_	
1-34	203-206	die	_	B	
1-35	207-210	der	Animated[6]	B	
1-36	211-218	Familie	Animated[6]	I	
1-37	219-231	Hohenzollern	Animated[6]	I	
1-38	232-238	damals	_	_	
1-39	239-244	ihren	_	B	
1-40	245-251	Besitz	_	I	
1-41	252-255	aus	_	_	
1-42	256-273	rechtsstaatlichen	_	B	
1-43	274-281	Gründen	_	I	
1-44	282-290	gelassen	_	_	
1-45	291-296	haben	_	_	
1-46	296-297	,	_	_	
1-47	298-301	und	_	_	
1-48	302-306	zwar	_	_	
1-49	306-307	,	_	_	
1-50	308-312	weil	_	_	
1-51	313-315	es	_	B	
1-52	316-320	ganz	_	_	
1-53	321-328	einfach	_	_	
1-54	329-340	rechtlicher	_	B	
1-55	341-347	Besitz	_	I	
1-56	348-351	der	Animated[7]	B	
1-57	352-359	Familie	Animated[7]	I	
1-58	360-363	war	_	_	
1-59	363-364	.	_	_	
1-60	365-368	Man	Animated	B	
1-61	369-372	hat	_	_	
1-62	373-376	das	_	B	
1-63	377-383	damals	_	_	
1-64	384-389	nicht	_	_	
1-65	390-399	angerührt	_	_	
1-66	399-400	.	_	_	
1-67	401-403	Da	_	_	
1-68	404-407	war	_	_	
1-69	408-411	man	Animated	B	
1-70	412-426	demokratischer	_	_	
1-71	427-430	und	_	_	
1-72	431-448	rechtsstaatlicher	_	_	
1-73	448-449	,	_	_	
1-74	450-453	als	_	_	
1-75	454-457	Sie	_	B	
1-76	458-460	es	_	B	
1-77	461-463	je	_	_	
1-78	464-468	sein	_	_	
1-79	469-475	werden	_	_	
1-80	475-476	.	_	_	

#Text=Zweitens verwahre ich mich dagegen, dass Sie eine Gruppe in unserem Lande diffamieren und ihr eine Mitschuld am Dritten Reich unterstellen.
2-1	488-496	Zweitens	_	_	
2-2	497-505	verwahre	_	_	
2-3	506-509	ich	Animated	B	
2-4	510-514	mich	_	B	
2-5	515-522	dagegen	_	_	
2-6	522-523	,	_	_	
2-7	524-528	dass	_	_	
2-8	529-532	Sie	_	B	
2-9	533-537	eine	Animated[8]	B	
2-10	538-544	Gruppe	Animated[8]	I	
2-11	545-547	in	_	_	
2-12	548-555	unserem	_	B	
2-13	556-561	Lande	_	I	
2-14	562-573	diffamieren	_	_	
2-15	574-577	und	_	_	
2-16	578-581	ihr	_	B	
2-17	582-586	eine	_	B	
2-18	587-596	Mitschuld	_	I	
2-19	597-599	am	_	_	
2-20	600-607	Dritten	Animated[9]	B	
2-21	608-613	Reich	Animated[9]	I	
2-22	614-626	unterstellen	_	_	
2-23	626-627	.	_	_	

#Text=Sie haben es ja gerade selber ausgeführt: von Historikern belegt. Wie jede andere auch war auch jene gesellschaftliche Gruppe mal so oder mal so an der Entwicklung des Dritten Reiches beteiligt.
3-1	630-633	Sie	_	B	
3-2	634-639	haben	_	_	
3-3	640-642	es	_	B	
3-4	643-645	ja	_	_	
3-5	646-652	gerade	_	_	
3-6	653-659	selber	_	_	
3-7	660-670	ausgeführt	_	_	
3-8	670-671	:	_	_	
3-9	672-675	von	_	_	
3-10	676-687	Historikern	Animated	B	
3-11	688-694	belegt	_	_	
3-12	694-695	.	_	_	
3-13	696-699	Wie	_	B	
3-14	700-704	jede	_	I	
3-15	705-711	andere	_	I	
3-16	712-716	auch	_	_	
3-17	717-720	war	_	_	
3-18	721-725	auch	Animated[10]	B	
3-19	726-730	jene	Animated[10]	I	
3-20	731-748	gesellschaftliche	Animated[10]	I	
3-21	749-755	Gruppe	Animated[10]	I	
3-22	756-759	mal	_	_	
3-23	760-762	so	_	_	
3-24	763-767	oder	_	_	
3-25	768-771	mal	_	_	
3-26	772-774	so	_	_	
3-27	775-777	an	_	_	
3-28	778-781	der	_	B	
3-29	782-793	Entwicklung	_	I	
3-30	794-797	des	Animated[11]	B	
3-31	798-805	Dritten	Animated[11]	I	
3-32	806-813	Reiches	Animated[11]	I	
3-33	814-823	beteiligt	_	_	
3-34	823-824	.	_	_	

#Text=Ich erinnere allerdings auch an das, dessen wir an jedem 20. Juli gedenken: Es war die adelige Familie von Stauffenberg, die gegen das Dritte Reich Leib und Leben eingesetzt hat, und das gilt es zu respektieren.
4-1	828-831	Ich	Animated	B	
4-2	832-840	erinnere	_	_	
4-3	841-851	allerdings	_	_	
4-4	852-856	auch	_	_	
4-5	857-859	an	_	_	
4-6	860-863	das	_	B	
4-7	863-864	,	_	_	
4-8	865-871	dessen	_	_	
4-9	872-875	wir	Animated	B	
4-10	876-878	an	_	_	
4-11	879-884	jedem	_	B	
4-12	885-888	20.	_	I	
4-13	889-893	Juli	_	I	
4-14	894-902	gedenken	_	_	
4-15	902-903	:	_	_	
4-16	904-906	Es	_	B	
4-17	907-910	war	_	_	
4-18	911-914	die	Animated[12]	B	
4-19	915-922	adelige	Animated[12]	I	
4-20	923-930	Familie	Animated[12]	I	
4-21	931-934	von	_	_	
4-22	935-947	Stauffenberg	_	B	
4-23	947-948	,	_	_	
4-24	949-952	die	_	B	
4-25	953-958	gegen	_	_	
4-26	959-962	das	Animated[13]	B	
4-27	963-969	Dritte	Animated[13]	I	
4-28	970-975	Reich	Animated[13]	I	
4-29	976-980	Leib	_	B	
4-30	981-984	und	_	_	
4-31	985-990	Leben	_	B	
4-32	991-1001	eingesetzt	_	_	
4-33	1002-1005	hat	_	_	
4-34	1005-1006	,	_	_	
4-35	1007-1010	und	_	_	
4-36	1011-1014	das	_	B	
4-37	1015-1019	gilt	_	_	
4-38	1020-1022	es	_	_	
4-39	1023-1025	zu	_	_	
4-40	1026-1038	respektieren	_	_	
4-41	1038-1039	.	_	_	

#Text=Kurzintervention, ja?
5-1	1045-1061	Kurzintervention	_	B	
5-2	1061-1062	,	_	_	
5-3	1063-1065	ja	_	_	
5-4	1065-1066	?	_	_	

#Text=Ja, letzter Satz, Frau Präsidentin. – Im Übrigen würde ich mich freuen, wenn Sie schon über das Vermögen und den Besitz der Familie Hohenzollern debattieren wollen, dass Sie sich dann auch überlegen, ob Sie im Gegenzug endlich anbieten, darüber zu sprechen, wo die verschwundenen SED-Milliarden geblieben sind,
6-1	1069-1071	Ja	_	_	
6-2	1071-1072	,	_	_	
6-3	1073-1080	letzter	_	B	
6-4	1081-1085	Satz	_	I	
6-5	1085-1086	,	_	_	
6-6	1087-1091	Frau	Animated[14]	B	
6-7	1092-1103	Präsidentin	Animated[14]	I	
6-8	1103-1104	.	_	_	
6-9	1105-1106	–	_	_	
6-10	1107-1109	Im	_	_	
6-11	1110-1117	Übrigen	_	B	
6-12	1118-1123	würde	_	_	
6-13	1124-1127	ich	Animated	B	
6-14	1128-1132	mich	_	B	
6-15	1133-1139	freuen	_	_	
6-16	1139-1140	,	_	_	
6-17	1141-1145	wenn	_	_	
6-18	1146-1149	Sie	_	B	
6-19	1150-1155	schon	_	_	
6-20	1156-1160	über	_	_	
6-21	1161-1164	das	_	B	
6-22	1165-1173	Vermögen	_	I	
6-23	1174-1177	und	_	_	
6-24	1178-1181	den	_	B	
6-25	1182-1188	Besitz	_	I	
6-26	1189-1192	der	Animated[15]	B	
6-27	1193-1200	Familie	Animated[15]	I	
6-28	1201-1213	Hohenzollern	Animated[15]	I	
6-29	1214-1225	debattieren	_	_	
6-30	1226-1232	wollen	_	_	
6-31	1232-1233	,	_	_	
6-32	1234-1238	dass	_	_	
6-33	1239-1242	Sie	_	B	
6-34	1243-1247	sich	_	B	
6-35	1248-1252	dann	_	_	
6-36	1253-1257	auch	_	_	
6-37	1258-1267	überlegen	_	_	
6-38	1267-1268	,	_	_	
6-39	1269-1271	ob	_	_	
6-40	1272-1275	Sie	_	B	
6-41	1276-1278	im	_	_	
6-42	1279-1287	Gegenzug	_	B	
6-43	1288-1295	endlich	_	_	
6-44	1296-1304	anbieten	_	_	
6-45	1304-1305	,	_	_	
6-46	1306-1313	darüber	_	_	
6-47	1314-1316	zu	_	_	
6-48	1317-1325	sprechen	_	_	
6-49	1325-1326	,	_	_	
6-50	1327-1329	wo	_	_	
6-51	1330-1333	die	_	B	
6-52	1334-1348	verschwundenen	_	I	
6-53	1349-1363	SED-Milliarden	_	I	
6-54	1364-1373	geblieben	_	_	
6-55	1374-1378	sind	_	_	
6-56	1378-1379	,	_	_	

#Text=und diese dem deutschen Staat zurückgeben.
7-1	1389-1392	und	_	_	
7-2	1393-1398	diese	_	B	
7-3	1399-1402	dem	Animated[16]	B	
7-4	1403-1412	deutschen	Animated[16]	I	
7-5	1413-1418	Staat	Animated[16]	I	
7-6	1419-1430	zurückgeben	_	_	
7-7	1430-1431	.	_	_	

#Text=Danke schön.
8-1	1433-1438	Danke	_	_	
8-2	1439-1444	schön	_	_	
8-3	1444-1445	.	_	_	

#Text=Würden Sie bitte stehen bleiben? – Herr Korte.
9-1	1447-1453	Würden	_	_	
9-2	1454-1457	Sie	_	B	
9-3	1458-1463	bitte	_	_	
9-4	1464-1470	stehen	_	_	
9-5	1471-1478	bleiben	_	_	
9-6	1478-1479	?	_	_	
9-7	1480-1481	–	Animated[17]	B	
9-8	1482-1486	Herr	Animated[17]	I	
9-9	1487-1492	Korte	Animated[17]	I	
9-10	1492-1493	.	_	_	
