#FORMAT=WebAnno TSV 3.3
#T_SP=webanno.custom.Animacy|Animated
#T_SP=webanno.custom.CustomChunk|Chunk


#Text=Sehr geehrte Präsidentin! Liebe Mitbürger! Vor allen Dingen aber auch: Liebe Geschädigte! Ich kann nicht finden, Frau Kiziltepe, dass Wirecard ein Glücksfall für uns ist. Es ist eher schändlich den Opfern gegenüber. 20 Milliarden Euro sind hier verloren gegangen.
1-1	0-4	Sehr	Animated[1]	B	
1-2	5-12	geehrte	Animated[1]	I	
1-3	13-24	Präsidentin	Animated[1]	I	
1-4	24-25	!	_	_	
1-5	26-31	Liebe	_	B	
1-6	32-41	Mitbürger	_	_	
1-7	41-42	!	_	_	
1-8	43-46	Vor	_	_	
1-9	47-52	allen	_	B	
1-10	53-59	Dingen	_	I	
1-11	60-64	aber	_	_	
1-12	65-69	auch	_	_	
1-13	69-70	:	_	_	
1-14	71-76	Liebe	_	B	
1-15	77-88	Geschädigte	_	_	
1-16	88-89	!	_	_	
1-17	90-93	Ich	Animated	B	
1-18	94-98	kann	_	_	
1-19	99-104	nicht	_	_	
1-20	105-111	finden	_	_	
1-21	111-112	,	_	_	
1-22	113-117	Frau	_	_	
1-23	118-127	Kiziltepe	Animated	B	
1-24	127-128	,	_	_	
1-25	129-133	dass	_	_	
1-26	134-142	Wirecard	Animated	B	
1-27	143-146	ein	_	B	
1-28	147-157	Glücksfall	_	I	
1-29	158-161	für	_	_	
1-30	162-165	uns	_	B	
1-31	166-169	ist	_	_	
1-32	169-170	.	_	_	
1-33	171-173	Es	_	B	
1-34	174-177	ist	_	_	
1-35	178-182	eher	_	_	
1-36	183-193	schändlich	_	_	
1-37	194-197	den	Animated[2]	B	
1-38	198-204	Opfern	Animated[2]	I	
1-39	205-214	gegenüber	_	_	
1-40	214-215	.	_	_	
1-41	216-218	20	_	B	
1-42	219-229	Milliarden	_	I	
1-43	230-234	Euro	_	I	
1-44	235-239	sind	_	_	
1-45	240-244	hier	_	_	
1-46	245-253	verloren	_	_	
1-47	254-262	gegangen	_	_	
1-48	262-263	.	_	_	

#Text=Lassen Sie mich vorwegstellen: Ich möchte mich zunächst bei den Kolleginnen und Kollegen Obleuten für die fraktionsübergreifende Zusammenarbeit bedanken. Ich denke, nur so konnten wir diesen Fall in so kurzer Zeit nachhaltig aufklären und auch austragen. Bedanken möchte ich mich an dieser Stelle auch bei meinem Stellvertreter, Dr. Hans Michelbach, der immer da war, wenn ich ihn brauchte. Dafür noch mal mein Dankeschön. Es hat sehr viel Spaß gemacht, mit Ihnen zusammenzuarbeiten.
2-1	273-279	Lassen	_	_	
2-2	280-283	Sie	_	B	
2-3	284-288	mich	_	B	
2-4	289-302	vorwegstellen	_	_	
2-5	302-303	:	_	_	
2-6	304-307	Ich	Animated	B	
2-7	308-314	möchte	_	_	
2-8	315-319	mich	_	B	
2-9	320-328	zunächst	_	_	
2-10	329-332	bei	_	_	
2-11	333-336	den	Animated[3]	B	
2-12	337-348	Kolleginnen	Animated[3]	I	
2-13	349-352	und	Animated[3]	I	
2-14	353-361	Kollegen	Animated[3]	I	
2-15	362-370	Obleuten	Animated[3]	I	
2-16	371-374	für	_	_	
2-17	375-378	die	_	B	
2-18	379-401	fraktionsübergreifende	_	I	
2-19	402-416	Zusammenarbeit	_	I	
2-20	417-425	bedanken	_	_	
2-21	425-426	.	_	_	
2-22	427-430	Ich	Animated	B	
2-23	431-436	denke	_	_	
2-24	436-437	,	_	_	
2-25	438-441	nur	_	_	
2-26	442-444	so	_	_	
2-27	445-452	konnten	_	_	
2-28	453-456	wir	Animated	B	
2-29	457-463	diesen	_	B	
2-30	464-468	Fall	_	I	
2-31	469-471	in	_	_	
2-32	472-474	so	_	B	
2-33	475-481	kurzer	_	I	
2-34	482-486	Zeit	_	I	
2-35	487-497	nachhaltig	_	_	
2-36	498-507	aufklären	_	_	
2-37	508-511	und	_	_	
2-38	512-516	auch	_	_	
2-39	517-526	austragen	_	_	
2-40	526-527	.	_	_	
2-41	528-536	Bedanken	_	_	
2-42	537-543	möchte	_	_	
2-43	544-547	ich	Animated	B	
2-44	548-552	mich	_	B	
2-45	553-555	an	_	_	
2-46	556-562	dieser	_	B	
2-47	563-569	Stelle	_	I	
2-48	570-574	auch	_	_	
2-49	575-578	bei	_	_	
2-50	579-585	meinem	Animated[4]	B	
2-51	586-600	Stellvertreter	Animated[4]	I	
2-52	600-601	,	_	_	
2-53	602-605	Dr.	Animated[5]	B	
2-54	606-610	Hans	Animated[5]	I	
2-55	611-621	Michelbach	Animated[5]	I	
2-56	621-622	,	_	_	
2-57	623-626	der	_	B	
2-58	627-632	immer	_	_	
2-59	633-635	da	_	_	
2-60	636-639	war	_	_	
2-61	639-640	,	_	_	
2-62	641-645	wenn	_	_	
2-63	646-649	ich	Animated	B	
2-64	650-653	ihn	_	B	
2-65	654-662	brauchte	_	_	
2-66	662-663	.	_	_	
2-67	664-669	Dafür	_	B	
2-68	670-674	noch	_	I	
2-69	675-678	mal	_	I	
2-70	679-683	mein	_	I	
2-71	684-694	Dankeschön	_	I	
2-72	694-695	.	_	_	
2-73	696-698	Es	_	B	
2-74	699-702	hat	_	_	
2-75	703-707	sehr	_	B	
2-76	708-712	viel	_	I	
2-77	713-717	Spaß	_	I	
2-78	718-725	gemacht	_	_	
2-79	725-726	,	_	_	
2-80	727-730	mit	_	_	
2-81	731-736	Ihnen	_	B	
2-82	737-755	zusammenzuarbeiten	_	_	
2-83	755-756	.	_	_	

#Text=Nebenbei ein Dankeschön an Fritz Güntzler. Ich habe jetzt mehr über den FC Bundestag gelernt und werde in der nächsten Legislatur gerne mal zum Probetraining erscheinen.
3-1	768-776	Nebenbei	_	B	
3-2	777-780	ein	_	I	
3-3	781-791	Dankeschön	_	I	
3-4	792-794	an	_	_	
3-5	795-800	Fritz	Animated[6]	B	
3-6	801-809	Güntzler	Animated[6]	I	
3-7	809-810	.	_	_	
3-8	811-814	Ich	Animated	B	
3-9	815-819	habe	_	_	
3-10	820-825	jetzt	_	_	
3-11	826-830	mehr	_	_	
3-12	831-835	über	_	_	
3-13	836-839	den	Animated[7]	B	
3-14	840-842	FC	Animated[7]	I	
3-15	843-852	Bundestag	Animated[7]	I	
3-16	853-860	gelernt	_	_	
3-17	861-864	und	_	_	
3-18	865-870	werde	_	_	
3-19	871-873	in	_	_	
3-20	874-877	der	_	B	
3-21	878-886	nächsten	_	I	
3-22	887-897	Legislatur	_	I	
3-23	898-903	gerne	_	_	
3-24	904-907	mal	_	_	
3-25	908-911	zum	_	_	
3-26	912-925	Probetraining	_	B	
3-27	926-936	erscheinen	_	_	
3-28	936-937	.	_	_	

#Text=Dann möchte ich mich noch bei unserem Ausschusssekretariat bedanken. Ich denke, ohne die hervorragende Arbeit – Dr. Raue sei hier an erster Stelle genannt, ohne die anderen zu verschweigen – wäre diese Aufklärung nicht möglich gewesen. Mein aufrichtiges Dankeschön an unser Ausschusssekretariat an dieser Stelle.
4-1	940-944	Dann	_	_	
4-2	945-951	möchte	_	_	
4-3	952-955	ich	Animated	B	
4-4	956-960	mich	_	B	
4-5	961-965	noch	_	_	
4-6	966-969	bei	_	_	
4-7	970-977	unserem	Animated[8]	B	
4-8	978-998	Ausschusssekretariat	Animated[8]	I	
4-9	999-1007	bedanken	_	_	
4-10	1007-1008	.	_	_	
4-11	1009-1012	Ich	Animated	B	
4-12	1013-1018	denke	_	_	
4-13	1018-1019	,	_	_	
4-14	1020-1024	ohne	_	_	
4-15	1025-1028	die	_	B	
4-16	1029-1042	hervorragende	_	I	
4-17	1043-1049	Arbeit	_	I	
4-18	1050-1051	–	_	_	
4-19	1052-1055	Dr.	Animated[9]	B	
4-20	1056-1060	Raue	Animated[9]	I	
4-21	1061-1064	sei	_	_	
4-22	1065-1069	hier	_	_	
4-23	1070-1072	an	_	_	
4-24	1073-1079	erster	_	B	
4-25	1080-1086	Stelle	_	I	
4-26	1087-1094	genannt	_	_	
4-27	1094-1095	,	_	_	
4-28	1096-1100	ohne	_	_	
4-29	1101-1104	die	_	B	
4-30	1105-1112	anderen	_	I	
4-31	1113-1115	zu	_	_	
4-32	1116-1128	verschweigen	_	_	
4-33	1129-1130	–	_	_	
4-34	1131-1135	wäre	_	_	
4-35	1136-1141	diese	_	B	
4-36	1142-1152	Aufklärung	_	I	
4-37	1153-1158	nicht	_	_	
4-38	1159-1166	möglich	_	_	
4-39	1167-1174	gewesen	_	_	
4-40	1174-1175	.	_	_	
4-41	1176-1180	Mein	_	B	
4-42	1181-1193	aufrichtiges	_	I	
4-43	1194-1204	Dankeschön	_	I	
4-44	1205-1207	an	_	_	
4-45	1208-1213	unser	Animated[10]	B	
4-46	1214-1234	Ausschusssekretariat	Animated[10]	I	
4-47	1235-1237	an	_	_	
4-48	1238-1244	dieser	_	B	
4-49	1245-1251	Stelle	_	I	
4-50	1251-1252	.	_	_	

#Text=Und last, but not least: In Coronazeiten ein Dank an die Bundestagsverwaltung und an die Mitarbeiter unseres Bundestagspräsidenten, der in Zeiten von Corona trotz größter Raumnot die Möglichkeit geschaffen hat, dass unser Untersuchungsausschuss in Würde und sehr vernünftig, was die Öffentlichkeit angeht, zu tagen. Auch dafür mein großes Dankeschön.
5-1	1258-1261	Und	_	_	
5-2	1262-1266	last	_	_	
5-3	1266-1267	,	_	_	
5-4	1268-1271	but	_	_	
5-5	1272-1275	not	_	_	
5-6	1276-1281	least	_	_	
5-7	1281-1282	:	_	_	
5-8	1283-1285	In	_	_	
5-9	1286-1298	Coronazeiten	_	B	
5-10	1299-1302	ein	_	B	
5-11	1303-1307	Dank	_	I	
5-12	1308-1310	an	_	_	
5-13	1311-1314	die	Animated[11]	B	
5-14	1315-1335	Bundestagsverwaltung	Animated[11]	I	
5-15	1336-1339	und	_	_	
5-16	1340-1342	an	_	_	
5-17	1343-1346	die	Animated[12]	B	
5-18	1347-1358	Mitarbeiter	Animated[12]	I	
5-19	1359-1366	unseres	Animated[13]	B	
5-20	1367-1388	Bundestagspräsidenten	Animated[13]	I	
5-21	1388-1389	,	_	_	
5-22	1390-1393	der	_	B	
5-23	1394-1396	in	_	_	
5-24	1397-1403	Zeiten	_	B	
5-25	1404-1407	von	_	_	
5-26	1408-1414	Corona	_	B	
5-27	1415-1420	trotz	_	_	
5-28	1421-1428	größter	_	B	
5-29	1429-1436	Raumnot	_	I	
5-30	1437-1440	die	_	B	
5-31	1441-1452	Möglichkeit	_	I	
5-32	1453-1463	geschaffen	_	_	
5-33	1464-1467	hat	_	_	
5-34	1467-1468	,	_	_	
5-35	1469-1473	dass	_	_	
5-36	1474-1479	unser	Animated[14]	B	
5-37	1480-1502	Untersuchungsausschuss	Animated[14]	I	
5-38	1503-1505	in	_	_	
5-39	1506-1511	Würde	_	B	
5-40	1512-1515	und	_	_	
5-41	1516-1520	sehr	_	_	
5-42	1521-1531	vernünftig	_	_	
5-43	1531-1532	,	_	_	
5-44	1533-1536	was	_	B	
5-45	1537-1540	die	_	B	
5-46	1541-1555	Öffentlichkeit	_	I	
5-47	1556-1562	angeht	_	_	
5-48	1562-1563	,	_	_	
5-49	1564-1566	zu	_	_	
5-50	1567-1572	tagen	_	_	
5-51	1572-1573	.	_	_	
5-52	1574-1578	Auch	_	B	
5-53	1579-1584	dafür	_	I	
5-54	1585-1589	mein	_	I	
5-55	1590-1596	großes	_	I	
5-56	1597-1607	Dankeschön	_	I	
5-57	1607-1608	.	_	_	

#Text=Kommen wir jetzt zu den Fakten. Es hat mir natürlich gefallen, was zu den Wirtschaftsprüfern gesagt wurde, Frau Kiziltepe. Einen Satz habe ich aber schon kritisiert. Denn eines ist allen klar geworden: Wirecard ist nicht nur ein kriminelles System zur Bereicherung einiger weniger Akteure gewesen. Nein – und das haben Sie verschwiegen –, es war auch ein Staatsversagen auf allen politischen Ebenen, meine Damen und Herren.
6-1	1617-1623	Kommen	_	_	
6-2	1624-1627	wir	Animated	B	
6-3	1628-1633	jetzt	_	_	
6-4	1634-1636	zu	_	_	
6-5	1637-1640	den	_	B	
6-6	1641-1647	Fakten	_	I	
6-7	1647-1648	.	_	_	
6-8	1649-1651	Es	_	B	
6-9	1652-1655	hat	_	_	
6-10	1656-1659	mir	_	B	
6-11	1660-1669	natürlich	_	_	
6-12	1670-1678	gefallen	_	_	
6-13	1678-1679	,	_	_	
6-14	1680-1683	was	_	B	
6-15	1684-1686	zu	_	_	
6-16	1687-1690	den	Animated[15]	B	
6-17	1691-1709	Wirtschaftsprüfern	Animated[15]	I	
6-18	1710-1716	gesagt	_	_	
6-19	1717-1722	wurde	_	_	
6-20	1722-1723	,	_	_	
6-21	1724-1728	Frau	Animated[16]	B	
6-22	1729-1738	Kiziltepe	Animated[16]	I	
6-23	1738-1739	.	_	_	
6-24	1740-1745	Einen	_	B	
6-25	1746-1750	Satz	_	I	
6-26	1751-1755	habe	_	_	
6-27	1756-1759	ich	Animated	B	
6-28	1760-1764	aber	_	_	
6-29	1765-1770	schon	_	_	
6-30	1771-1781	kritisiert	_	_	
6-31	1781-1782	.	_	_	
6-32	1783-1787	Denn	_	_	
6-33	1788-1793	eines	_	B	
6-34	1794-1797	ist	_	_	
6-35	1798-1803	allen	_	B	
6-36	1804-1808	klar	_	_	
6-37	1809-1817	geworden	_	_	
6-38	1817-1818	:	_	_	
6-39	1819-1827	Wirecard	Animated	B	
6-40	1828-1831	ist	_	_	
6-41	1832-1837	nicht	Animated[17]	B	
6-42	1838-1841	nur	Animated[17]	I	
6-43	1842-1845	ein	Animated[17]	I	
6-44	1846-1857	kriminelles	Animated[17]	I	
6-45	1858-1864	System	Animated[17]	I	
6-46	1865-1868	zur	_	_	
6-47	1869-1881	Bereicherung	_	B	
6-48	1882-1889	einiger	Animated[18]	B	
6-49	1890-1897	weniger	Animated[18]	I	
6-50	1898-1905	Akteure	Animated[18]	I	
6-51	1906-1913	gewesen	_	_	
6-52	1913-1914	.	_	_	
6-53	1915-1919	Nein	_	_	
6-54	1920-1921	–	_	_	
6-55	1922-1925	und	_	_	
6-56	1926-1929	das	_	B	
6-57	1930-1935	haben	_	_	
6-58	1936-1939	Sie	_	B	
6-59	1940-1952	verschwiegen	_	_	
6-60	1953-1954	–	_	_	
6-61	1954-1955	,	_	_	
6-62	1956-1958	es	_	B	
6-63	1959-1962	war	_	_	
6-64	1963-1967	auch	_	B	
6-65	1968-1971	ein	_	I	
6-66	1972-1986	Staatsversagen	_	I	
6-67	1987-1990	auf	_	_	
6-68	1991-1996	allen	_	B	
6-69	1997-2008	politischen	_	I	
6-70	2009-2015	Ebenen	_	I	
6-71	2015-2016	,	_	_	
6-72	2017-2022	meine	Animated[19]	B	
6-73	2023-2028	Damen	Animated[19]	I	
6-74	2029-2032	und	_	_	
6-75	2033-2039	Herren	Animated	B	
6-76	2039-2040	.	_	_	

#Text=Ein weit verzweigtes Netz mit unzähligen Sicherungsinstanzen hat vollkommen versagt: Ministerien, Kanzleramt, die Bundesanstalt für Finanzdienstleistungsaufsicht, die Deutsche Prüfstelle für Rechnungslegung, die Abschlussprüferaufsichtsstelle, die Betriebsprüfung, der Aufsichtsrat, Nachrichtendienste und last, but not least natürlich genauso – Sie haben es gesagt – die Wirtschaftsprüfer. Das werden die Gerichte klären, meine Damen und Herren.
7-1	2051-2054	Ein	_	B	
7-2	2055-2059	weit	_	I	
7-3	2060-2071	verzweigtes	_	I	
7-4	2072-2076	Netz	_	I	
7-5	2077-2080	mit	_	_	
7-6	2081-2091	unzähligen	Animated[20]	B	
7-7	2092-2111	Sicherungsinstanzen	Animated[20]	I	
7-8	2112-2115	hat	_	_	
7-9	2116-2126	vollkommen	_	_	
7-10	2127-2134	versagt	_	_	
7-11	2134-2135	:	_	_	
7-12	2136-2147	Ministerien	Animated	B	
7-13	2147-2148	,	_	_	
7-14	2149-2159	Kanzleramt	Animated	B	
7-15	2159-2160	,	_	_	
7-16	2161-2164	die	Animated[21]	B	
7-17	2165-2178	Bundesanstalt	Animated[21]	I	
7-18	2179-2182	für	_	_	
7-19	2183-2212	Finanzdienstleistungsaufsicht	_	B	
7-20	2212-2213	,	_	_	
7-21	2214-2217	die	Animated[22]	B	
7-22	2218-2226	Deutsche	Animated[22]	I	
7-23	2227-2237	Prüfstelle	Animated[22]	I	
7-24	2238-2241	für	_	_	
7-25	2242-2257	Rechnungslegung	_	B	
7-26	2257-2258	,	_	_	
7-27	2259-2262	die	Animated[23]	B	
7-28	2263-2293	Abschlussprüferaufsichtsstelle	Animated[23]	I	
7-29	2293-2294	,	_	_	
7-30	2295-2298	die	Animated[24]	B	
7-31	2299-2314	Betriebsprüfung	Animated[24]	I	
7-32	2314-2315	,	_	_	
7-33	2316-2319	der	Animated[25]	B	
7-34	2320-2332	Aufsichtsrat	Animated[25]	I	
7-35	2332-2333	,	_	_	
7-36	2334-2352	Nachrichtendienste	Animated	B	
7-37	2353-2356	und	_	_	
7-38	2357-2361	last	_	B	
7-39	2361-2362	,	_	_	
7-40	2363-2366	but	_	_	
7-41	2367-2370	not	_	_	
7-42	2371-2376	least	_	_	
7-43	2377-2386	natürlich	_	_	
7-44	2387-2394	genauso	_	_	
7-45	2395-2396	–	_	_	
7-46	2397-2400	Sie	_	B	
7-47	2401-2406	haben	_	_	
7-48	2407-2409	es	_	B	
7-49	2410-2416	gesagt	_	_	
7-50	2417-2418	–	_	_	
7-51	2419-2422	die	Animated[26]	B	
7-52	2423-2440	Wirtschaftsprüfer	Animated[26]	I	
7-53	2440-2441	.	_	_	
7-54	2442-2445	Das	_	B	
7-55	2446-2452	werden	_	_	
7-56	2453-2456	die	Animated[27]	B	
7-57	2457-2465	Gerichte	Animated[27]	I	
7-58	2466-2472	klären	_	_	
7-59	2472-2473	,	_	_	
7-60	2474-2479	meine	Animated[28]	B	
7-61	2480-2485	Damen	Animated[28]	I	
7-62	2486-2489	und	_	_	
7-63	2490-2496	Herren	Animated	B	
7-64	2496-2497	.	_	_	

#Text=Am Ende steht aber ein Verlust von 20 Milliarden Euro für Anleger, für Menschen, die teilweise sogar ihre Altersvorsorge verloren haben. Würde eine Antiterrorabwehrmaßnahme derart versagen, meine Damen und Herren, würden am Ende Menschen sterben. Wir müssen uns hier im Hohen Hause die Frage stellen, ob wir sowas zulassen können. Hinterher ist man immer klüger – diesen Satz hab ich sehr oft von den Kolleginnen und Kollegen gehört –, das ist klar. Aber, meine Damen und Herren, die Bürger dürfen von verantwortungsvoller Politik, einer antizipierenden Politik, und einer verantwortungsbewussten Gesetzgebung erwarten, dass solche Konstellationen durch den Gesetzgeber vorausgeahnt werden und ein Lügenkonstrukt wie Wirecard verhindert worden wäre.
8-1	2510-2512	Am	_	_	
8-2	2513-2517	Ende	_	B	
8-3	2518-2523	steht	_	_	
8-4	2524-2528	aber	_	_	
8-5	2529-2532	ein	_	B	
8-6	2533-2540	Verlust	_	I	
8-7	2541-2544	von	_	_	
8-8	2545-2547	20	_	B	
8-9	2548-2558	Milliarden	_	I	
8-10	2559-2563	Euro	_	I	
8-11	2564-2567	für	_	_	
8-12	2568-2575	Anleger	Animated	B	
8-13	2575-2576	,	_	_	
8-14	2577-2580	für	_	_	
8-15	2581-2589	Menschen	Animated	B	
8-16	2589-2590	,	_	_	
8-17	2591-2594	die	_	B	
8-18	2595-2604	teilweise	_	_	
8-19	2605-2610	sogar	_	B	
8-20	2611-2615	ihre	_	I	
8-21	2616-2630	Altersvorsorge	_	I	
8-22	2631-2639	verloren	_	_	
8-23	2640-2645	haben	_	_	
8-24	2645-2646	.	_	_	
8-25	2647-2652	Würde	_	_	
8-26	2653-2657	eine	_	B	
8-27	2658-2682	Antiterrorabwehrmaßnahme	_	I	
8-28	2683-2689	derart	_	_	
8-29	2690-2698	versagen	_	_	
8-30	2698-2699	,	_	_	
8-31	2700-2705	meine	Animated[29]	B	
8-32	2706-2711	Damen	Animated[29]	I	
8-33	2712-2715	und	_	_	
8-34	2716-2722	Herren	Animated	B	
8-35	2722-2723	,	_	_	
8-36	2724-2730	würden	_	_	
8-37	2731-2733	am	_	_	
8-38	2734-2738	Ende	_	B	
8-39	2739-2747	Menschen	Animated	B	
8-40	2748-2755	sterben	_	_	
8-41	2755-2756	.	_	_	
8-42	2757-2760	Wir	Animated	B	
8-43	2761-2767	müssen	_	_	
8-44	2768-2771	uns	_	B	
8-45	2772-2776	hier	_	_	
8-46	2777-2779	im	_	_	
8-47	2780-2785	Hohen	Animated[30]	B	
8-48	2786-2791	Hause	Animated[30]	I	
8-49	2792-2795	die	_	B	
8-50	2796-2801	Frage	_	I	
8-51	2802-2809	stellen	_	_	
8-52	2809-2810	,	_	_	
8-53	2811-2813	ob	_	_	
8-54	2814-2817	wir	Animated	B	
8-55	2818-2823	sowas	_	B	
8-56	2824-2832	zulassen	_	_	
8-57	2833-2839	können	_	_	
8-58	2839-2840	.	_	_	
8-59	2841-2850	Hinterher	_	_	
8-60	2851-2854	ist	_	_	
8-61	2855-2858	man	Animated	B	
8-62	2859-2864	immer	_	_	
8-63	2865-2871	klüger	_	_	
8-64	2872-2873	–	_	_	
8-65	2874-2880	diesen	_	B	
8-66	2881-2885	Satz	_	I	
8-67	2886-2889	hab	_	_	
8-68	2890-2893	ich	Animated	B	
8-69	2894-2898	sehr	_	_	
8-70	2899-2902	oft	_	_	
8-71	2903-2906	von	_	_	
8-72	2907-2910	den	Animated[31]	B	
8-73	2911-2922	Kolleginnen	Animated[31]	I	
8-74	2923-2926	und	_	_	
8-75	2927-2935	Kollegen	Animated	B	
8-76	2936-2942	gehört	_	_	
8-77	2943-2944	–	_	_	
8-78	2944-2945	,	_	_	
8-79	2946-2949	das	_	B	
8-80	2950-2953	ist	_	_	
8-81	2954-2958	klar	_	_	
8-82	2958-2959	.	_	_	
8-83	2960-2964	Aber	_	_	
8-84	2964-2965	,	_	_	
8-85	2966-2971	meine	Animated[32]	B	
8-86	2972-2977	Damen	Animated[32]	I	
8-87	2978-2981	und	_	_	
8-88	2982-2988	Herren	Animated	B	
8-89	2988-2989	,	_	_	
8-90	2990-2993	die	Animated[33]	B	
8-91	2994-3000	Bürger	Animated[33]	I	
8-92	3001-3007	dürfen	_	_	
8-93	3008-3011	von	_	_	
8-94	3012-3032	verantwortungsvoller	_	B	
8-95	3033-3040	Politik	_	I	
8-96	3040-3041	,	_	_	
8-97	3042-3047	einer	_	B	
8-98	3048-3063	antizipierenden	_	I	
8-99	3064-3071	Politik	_	I	
8-100	3071-3072	,	_	_	
8-101	3073-3076	und	_	_	
8-102	3077-3082	einer	_	B	
8-103	3083-3106	verantwortungsbewussten	_	I	
8-104	3107-3119	Gesetzgebung	_	I	
8-105	3120-3128	erwarten	_	_	
8-106	3128-3129	,	_	_	
8-107	3130-3134	dass	_	_	
8-108	3135-3141	solche	_	B	
8-109	3142-3157	Konstellationen	_	I	
8-110	3158-3163	durch	_	_	
8-111	3164-3167	den	Animated[34]	B	
8-112	3168-3179	Gesetzgeber	Animated[34]	I	
8-113	3180-3192	vorausgeahnt	_	_	
8-114	3193-3199	werden	_	_	
8-115	3200-3203	und	_	_	
8-116	3204-3207	ein	_	B	
8-117	3208-3222	Lügenkonstrukt	_	I	
8-118	3223-3226	wie	_	I	
8-119	3227-3235	Wirecard	_	I	
8-120	3236-3246	verhindert	_	_	
8-121	3247-3253	worden	_	_	
8-122	3254-3258	wäre	_	_	
8-123	3258-3259	.	_	_	

#Text=Doch leider ist genau das Gegenteil eingetreten. Dieser riesengroße Skandal wurde massiv gedeckt; nicht zuletzt durch ein völlig unprofessionelles Agieren der BaFin bei Leerverkaufsverboten, wonach viele Anleger doch denken mussten, dass an den Vorwürfen gegen Wirecard von 2018 und 2019 nichts dran sein kann. Die Hauptverantwortung – dort sitzt der Kollege; dafür bin ich sehr dankbar – für den Erlass des Leerverkaufsverbots trägt nun einmal das BMF. Das muss an dieser Stelle in aller Klarheit und Deutlichkeit ausgesprochen werden, Herr Scholz.
9-1	3276-3280	Doch	_	_	
9-2	3281-3287	leider	_	_	
9-3	3288-3291	ist	_	_	
9-4	3292-3297	genau	_	_	
9-5	3298-3301	das	_	B	
9-6	3302-3311	Gegenteil	_	I	
9-7	3312-3323	eingetreten	_	_	
9-8	3323-3324	.	_	_	
9-9	3325-3331	Dieser	_	B	
9-10	3332-3343	riesengroße	_	I	
9-11	3344-3351	Skandal	_	I	
9-12	3352-3357	wurde	_	_	
9-13	3358-3364	massiv	_	_	
9-14	3365-3372	gedeckt	_	_	
9-15	3372-3373	;	_	_	
9-16	3374-3379	nicht	_	_	
9-17	3380-3387	zuletzt	_	_	
9-18	3388-3393	durch	_	_	
9-19	3394-3397	ein	_	B	
9-20	3398-3404	völlig	_	I	
9-21	3405-3422	unprofessionelles	_	I	
9-22	3423-3430	Agieren	_	I	
9-23	3431-3434	der	Animated[35]	B	
9-24	3435-3440	BaFin	Animated[35]	I	
9-25	3441-3444	bei	_	_	
9-26	3445-3465	Leerverkaufsverboten	_	B	
9-27	3465-3466	,	_	_	
9-28	3467-3473	wonach	_	_	
9-29	3474-3479	viele	Animated[36]	B	
9-30	3480-3487	Anleger	Animated[36]	I	
9-31	3488-3492	doch	_	_	
9-32	3493-3499	denken	_	_	
9-33	3500-3507	mussten	_	_	
9-34	3507-3508	,	_	_	
9-35	3509-3513	dass	_	_	
9-36	3514-3516	an	_	_	
9-37	3517-3520	den	_	B	
9-38	3521-3530	Vorwürfen	_	I	
9-39	3531-3536	gegen	_	_	
9-40	3537-3545	Wirecard	Animated	B	
9-41	3546-3549	von	_	_	
9-42	3550-3554	2018	_	_	
9-43	3555-3558	und	_	_	
9-44	3559-3563	2019	_	_	
9-45	3564-3570	nichts	_	B	
9-46	3571-3575	dran	_	_	
9-47	3576-3580	sein	_	_	
9-48	3581-3585	kann	_	_	
9-49	3585-3586	.	_	_	
9-50	3587-3590	Die	_	B	
9-51	3591-3609	Hauptverantwortung	_	I	
9-52	3610-3611	–	_	_	
9-53	3612-3616	dort	_	_	
9-54	3617-3622	sitzt	_	_	
9-55	3623-3626	der	Animated[37]	B	
9-56	3627-3634	Kollege	Animated[37]	I	
9-57	3634-3635	;	_	_	
9-58	3636-3641	dafür	_	_	
9-59	3642-3645	bin	_	_	
9-60	3646-3649	ich	Animated	B	
9-61	3650-3654	sehr	_	_	
9-62	3655-3662	dankbar	_	_	
9-63	3663-3664	–	_	_	
9-64	3665-3668	für	_	_	
9-65	3669-3672	den	_	B	
9-66	3673-3679	Erlass	_	I	
9-67	3680-3683	des	_	B	
9-68	3684-3703	Leerverkaufsverbots	_	I	
9-69	3704-3709	trägt	_	_	
9-70	3710-3713	nun	_	_	
9-71	3714-3720	einmal	_	_	
9-72	3721-3724	das	Animated[38]	B	
9-73	3725-3728	BMF	Animated[38]	I	
9-74	3728-3729	.	_	_	
9-75	3730-3733	Das	_	B	
9-76	3734-3738	muss	_	_	
9-77	3739-3741	an	_	_	
9-78	3742-3748	dieser	_	B	
9-79	3749-3755	Stelle	_	I	
9-80	3756-3758	in	_	_	
9-81	3759-3764	aller	_	B	
9-82	3765-3773	Klarheit	_	I	
9-83	3774-3777	und	_	_	
9-84	3778-3790	Deutlichkeit	_	B	
9-85	3791-3804	ausgesprochen	_	_	
9-86	3805-3811	werden	_	_	
9-87	3811-3812	,	_	_	
9-88	3813-3817	Herr	_	_	
9-89	3818-3824	Scholz	Animated	B	
9-90	3824-3825	.	_	_	

#Text=Wenn wir von Systemversagen sprechen, dann müssen wir an dieser Stelle auch von einem Demokratieversagen sprechen. Meine Damen und Herren, in Deutschland scheint eine Kultur von Pattex-Ministern Einzug gehalten zu haben. So gut wie jeder bleibt auf seinem Posten sitzen oder kleben, egal wie groß die Verfehlungen sind. Herr Scholz und Herr Scheuer stehen sinnbildlich dafür.
10-1	3835-3839	Wenn	_	_	
10-2	3840-3843	wir	Animated	B	
10-3	3844-3847	von	_	_	
10-4	3848-3862	Systemversagen	_	B	
10-5	3863-3871	sprechen	_	_	
10-6	3871-3872	,	_	_	
10-7	3873-3877	dann	_	_	
10-8	3878-3884	müssen	_	_	
10-9	3885-3888	wir	Animated	B	
10-10	3889-3891	an	_	_	
10-11	3892-3898	dieser	_	B	
10-12	3899-3905	Stelle	_	I	
10-13	3906-3910	auch	_	_	
10-14	3911-3914	von	_	_	
10-15	3915-3920	einem	_	B	
10-16	3921-3939	Demokratieversagen	_	I	
10-17	3940-3948	sprechen	_	_	
10-18	3948-3949	.	_	_	
10-19	3950-3955	Meine	Animated[39]	B	
10-20	3956-3961	Damen	Animated[39]	I	
10-21	3962-3965	und	_	_	
10-22	3966-3972	Herren	Animated	B	
10-23	3972-3973	,	_	_	
10-24	3974-3976	in	_	_	
10-25	3977-3988	Deutschland	_	B	
10-26	3989-3996	scheint	_	_	
10-27	3997-4001	eine	_	B	
10-28	4002-4008	Kultur	_	I	
10-29	4009-4012	von	_	_	
10-30	4013-4029	Pattex-Ministern	Animated	B	
10-31	4030-4036	Einzug	_	B	
10-32	4037-4045	gehalten	_	_	
10-33	4046-4048	zu	_	_	
10-34	4049-4054	haben	_	_	
10-35	4054-4055	.	_	_	
10-36	4056-4058	So	_	_	
10-37	4059-4062	gut	_	_	
10-38	4063-4066	wie	_	_	
10-39	4067-4072	jeder	_	_	
10-40	4073-4079	bleibt	_	_	
10-41	4080-4083	auf	_	_	
10-42	4084-4090	seinem	_	B	
10-43	4091-4097	Posten	_	I	
10-44	4098-4104	sitzen	_	_	
10-45	4105-4109	oder	_	_	
10-46	4110-4116	kleben	_	_	
10-47	4116-4117	,	_	_	
10-48	4118-4122	egal	_	_	
10-49	4123-4126	wie	_	_	
10-50	4127-4131	groß	_	_	
10-51	4132-4135	die	_	B	
10-52	4136-4148	Verfehlungen	_	I	
10-53	4149-4153	sind	_	_	
10-54	4153-4154	.	_	_	
10-55	4155-4159	Herr	Animated[40]	B	
10-56	4160-4166	Scholz	Animated[40]	I	
10-57	4167-4170	und	_	_	
10-58	4171-4175	Herr	Animated[41]	B	
10-59	4176-4183	Scheuer	Animated[41]	I	
10-60	4184-4190	stehen	_	_	
10-61	4191-4203	sinnbildlich	_	_	
10-62	4204-4209	dafür	_	_	
10-63	4209-4210	.	_	_	

#Text=Das ist eine Unkultur der Großen Koalition, die unser gesamtes Politsystem belastet. Sie zeichnet quasi ein Sittengemälde unserer Demokratie und Gesellschaft der untersten Güte.
11-1	4218-4221	Das	_	B	
11-2	4222-4225	ist	_	_	
11-3	4226-4230	eine	_	B	
11-4	4231-4239	Unkultur	_	I	
11-5	4240-4243	der	Animated[42]	B	
11-6	4244-4250	Großen	Animated[42]	I	
11-7	4251-4260	Koalition	Animated[42]	I	
11-8	4260-4261	,	_	_	
11-9	4262-4265	die	_	B	
11-10	4266-4271	unser	_	B	
11-11	4272-4280	gesamtes	_	I	
11-12	4281-4292	Politsystem	_	I	
11-13	4293-4301	belastet	_	_	
11-14	4301-4302	.	_	_	
11-15	4303-4306	Sie	_	B	
11-16	4307-4315	zeichnet	_	_	
11-17	4316-4321	quasi	_	B	
11-18	4322-4325	ein	_	I	
11-19	4326-4339	Sittengemälde	_	I	
11-20	4340-4347	unserer	Animated[43]	B	
11-21	4348-4358	Demokratie	Animated[43]	I	
11-22	4359-4362	und	_	_	
11-23	4363-4375	Gesellschaft	Animated	B	
11-24	4376-4379	der	_	B	
11-25	4380-4389	untersten	_	I	
11-26	4390-4394	Güte	_	I	
11-27	4394-4395	.	_	_	

#Text=Im Fall Wirecard will niemand Verantwortung übernehmen. Es gab zwar einige Bauernopfer – das begrüßen wir – wie den Chef der BaFin, seine Stellvertreterin oder den Chef der APAS, aber fest steht auch, dass nicht einmal ein Staatssekretär in dieser Affäre seinen Hut nehmen musste. Ja, Sie konnten sich nicht mal dazu durchringen – Frau Kiziltepe sprach von einem Glücksfall –, sich bei den Geschädigten zu entschuldigen, meine Damen und Herren. Was ist das für eine Kultur und eine Ethik in unserem Lande?
12-1	4399-4401	Im	_	_	
12-2	4402-4406	Fall	Animated[44]	B	
12-3	4407-4415	Wirecard	Animated[44]	I	
12-4	4416-4420	will	_	_	
12-5	4421-4428	niemand	Animated	B	
12-6	4429-4442	Verantwortung	_	B	
12-7	4443-4453	übernehmen	_	_	
12-8	4453-4454	.	_	_	
12-9	4455-4457	Es	_	_	
12-10	4458-4461	gab	_	_	
12-11	4462-4466	zwar	_	_	
12-12	4467-4473	einige	Animated[45]	B	
12-13	4474-4485	Bauernopfer	Animated[45]	I	
12-14	4486-4487	–	_	_	
12-15	4488-4491	das	_	B	
12-16	4492-4500	begrüßen	_	_	
12-17	4501-4504	wir	Animated	B	
12-18	4505-4506	–	_	_	
12-19	4507-4510	wie	Animated[46]	B	
12-20	4511-4514	den	Animated[46]	I	
12-21	4515-4519	Chef	Animated[46]	I	
12-22	4520-4523	der	Animated[47]	B	
12-23	4524-4529	BaFin	Animated[47]	I	
12-24	4529-4530	,	_	_	
12-25	4531-4536	seine	Animated[48]	B	
12-26	4537-4553	Stellvertreterin	Animated[48]	I	
12-27	4554-4558	oder	_	_	
12-28	4559-4562	den	Animated[49]	B	
12-29	4563-4567	Chef	Animated[49]	I	
12-30	4568-4571	der	Animated[50]	B	
12-31	4572-4576	APAS	Animated[50]	I	
12-32	4576-4577	,	_	_	
12-33	4578-4582	aber	_	_	
12-34	4583-4587	fest	_	_	
12-35	4588-4593	steht	_	_	
12-36	4594-4598	auch	_	_	
12-37	4598-4599	,	_	_	
12-38	4600-4604	dass	_	_	
12-39	4605-4610	nicht	Animated[51]	B	
12-40	4611-4617	einmal	Animated[51]	I	
12-41	4618-4621	ein	Animated[51]	I	
12-42	4622-4636	Staatssekretär	Animated[51]	I	
12-43	4637-4639	in	_	_	
12-44	4640-4646	dieser	_	B	
12-45	4647-4653	Affäre	_	I	
12-46	4654-4660	seinen	_	B	
12-47	4661-4664	Hut	_	I	
12-48	4665-4671	nehmen	_	_	
12-49	4672-4678	musste	_	_	
12-50	4678-4679	.	_	_	
12-51	4680-4682	Ja	_	_	
12-52	4682-4683	,	_	_	
12-53	4684-4687	Sie	_	B	
12-54	4688-4695	konnten	_	_	
12-55	4696-4700	sich	_	B	
12-56	4701-4706	nicht	_	_	
12-57	4707-4710	mal	_	_	
12-58	4711-4715	dazu	_	_	
12-59	4716-4727	durchringen	_	_	
12-60	4728-4729	–	_	_	
12-61	4730-4734	Frau	Animated[52]	B	
12-62	4735-4744	Kiziltepe	Animated[52]	I	
12-63	4745-4751	sprach	_	_	
12-64	4752-4755	von	_	_	
12-65	4756-4761	einem	_	B	
12-66	4762-4772	Glücksfall	_	I	
12-67	4773-4774	–	_	_	
12-68	4774-4775	,	_	_	
12-69	4776-4780	sich	_	B	
12-70	4781-4784	bei	_	_	
12-71	4785-4788	den	Animated[53]	B	
12-72	4789-4801	Geschädigten	Animated[53]	I	
12-73	4802-4804	zu	_	_	
12-74	4805-4818	entschuldigen	_	_	
12-75	4818-4819	,	_	_	
12-76	4820-4825	meine	Animated[54]	B	
12-77	4826-4831	Damen	Animated[54]	I	
12-78	4832-4835	und	_	_	
12-79	4836-4842	Herren	Animated	B	
12-80	4842-4843	.	_	_	
12-81	4844-4847	Was	_	B	
12-82	4848-4851	ist	_	_	
12-83	4852-4855	das	_	B	
12-84	4856-4859	für	_	_	
12-85	4860-4864	eine	_	B	
12-86	4865-4871	Kultur	_	I	
12-87	4872-4875	und	_	_	
12-88	4876-4880	eine	_	B	
12-89	4881-4886	Ethik	_	I	
12-90	4887-4889	in	_	_	
12-91	4890-4897	unserem	_	B	
12-92	4898-4903	Lande	_	I	
12-93	4903-4904	?	_	_	

#Text=Deshalb muss ich an dieser Stelle nochmals klar sagen: Herr Scholz, treten Sie als Minister endlich zurück! Schlagen Sie es sich aus dem Kopf, Kanzler dieser Republik zu werden! Das Fass ist übergelaufen, und das bei ausgeschlagenem Boden, meine Damen und Herren.
13-1	4915-4922	Deshalb	_	_	
13-2	4923-4927	muss	_	_	
13-3	4928-4931	ich	Animated	B	
13-4	4932-4934	an	_	_	
13-5	4935-4941	dieser	_	B	
13-6	4942-4948	Stelle	_	I	
13-7	4949-4957	nochmals	_	_	
13-8	4958-4962	klar	_	_	
13-9	4963-4968	sagen	_	_	
13-10	4968-4969	:	_	_	
13-11	4970-4974	Herr	_	_	
13-12	4975-4981	Scholz	Animated	B	
13-13	4981-4982	,	_	_	
13-14	4983-4989	treten	_	_	
13-15	4990-4993	Sie	_	B	
13-16	4994-4997	als	_	_	
13-17	4998-5006	Minister	Animated	B	
13-18	5007-5014	endlich	_	_	
13-19	5015-5021	zurück	_	_	
13-20	5021-5022	!	_	_	
13-21	5023-5031	Schlagen	_	_	
13-22	5032-5035	Sie	_	B	
13-23	5036-5038	es	_	B	
13-24	5039-5043	sich	_	B	
13-25	5044-5047	aus	_	_	
13-26	5048-5051	dem	_	B	
13-27	5052-5056	Kopf	_	I	
13-28	5056-5057	,	_	_	
13-29	5058-5065	Kanzler	Animated	B	
13-30	5066-5072	dieser	Animated[55]	B	
13-31	5073-5081	Republik	Animated[55]	I	
13-32	5082-5084	zu	_	_	
13-33	5085-5091	werden	_	_	
13-34	5091-5092	!	_	_	
13-35	5093-5096	Das	_	B	
13-36	5097-5101	Fass	_	I	
13-37	5102-5105	ist	_	_	
13-38	5106-5118	übergelaufen	_	_	
13-39	5118-5119	,	_	_	
13-40	5120-5123	und	_	_	
13-41	5124-5127	das	_	_	
13-42	5128-5131	bei	_	_	
13-43	5132-5147	ausgeschlagenem	_	B	
13-44	5148-5153	Boden	_	I	
13-45	5153-5154	,	_	_	
13-46	5155-5160	meine	Animated[56]	B	
13-47	5161-5166	Damen	Animated[56]	I	
13-48	5167-5170	und	_	_	
13-49	5171-5177	Herren	Animated	B	
13-50	5177-5178	.	_	_	

#Text=Und Frau Merkel – sie ist nicht hier –: Wenn Herr Scholz nicht gewillt ist, von sich aus zurückzutreten, dann wäre es an Ihnen als Kanzlerin der Bundesrepublik Deutschland, Herrn Scholz umgehend freizustellen. Machen Sie endlich Gebrauch von Ihrer Richtlinienkompetenz! In der Flüchtlingskrise war das doch auch möglich. Hier wäre es aber tatsächlich mal richtig, meine Damen und Herren.
14-1	5187-5190	Und	_	_	
14-2	5191-5195	Frau	Animated[57]	B	
14-3	5196-5202	Merkel	Animated[57]	I	
14-4	5203-5204	–	_	_	
14-5	5205-5208	sie	_	B	
14-6	5209-5212	ist	_	_	
14-7	5213-5218	nicht	_	_	
14-8	5219-5223	hier	_	_	
14-9	5224-5225	–	_	_	
14-10	5225-5226	:	_	_	
14-11	5227-5231	Wenn	_	_	
14-12	5232-5236	Herr	Animated[58]	B	
14-13	5237-5243	Scholz	Animated[58]	I	
14-14	5244-5249	nicht	_	_	
14-15	5250-5257	gewillt	_	_	
14-16	5258-5261	ist	_	_	
14-17	5261-5262	,	_	_	
14-18	5263-5266	von	_	_	
14-19	5267-5271	sich	_	B	
14-20	5272-5275	aus	_	_	
14-21	5276-5290	zurückzutreten	_	_	
14-22	5290-5291	,	_	_	
14-23	5292-5296	dann	_	_	
14-24	5297-5301	wäre	_	_	
14-25	5302-5304	es	_	B	
14-26	5305-5307	an	_	_	
14-27	5308-5313	Ihnen	_	B	
14-28	5314-5317	als	_	_	
14-29	5318-5327	Kanzlerin	Animated	B	
14-30	5328-5331	der	Animated[59]	B	
14-31	5332-5346	Bundesrepublik	Animated[59]	I	
14-32	5347-5358	Deutschland	Animated[59]	I	
14-33	5358-5359	,	_	_	
14-34	5360-5365	Herrn	Animated[60]	B	
14-35	5366-5372	Scholz	Animated[60]	I	
14-36	5373-5381	umgehend	_	_	
14-37	5382-5395	freizustellen	_	_	
14-38	5395-5396	.	_	_	
14-39	5397-5403	Machen	_	_	
14-40	5404-5407	Sie	_	B	
14-41	5408-5415	endlich	_	_	
14-42	5416-5424	Gebrauch	_	B	
14-43	5425-5428	von	_	_	
14-44	5429-5434	Ihrer	_	B	
14-45	5435-5455	Richtlinienkompetenz	_	I	
14-46	5455-5456	!	_	_	
14-47	5457-5459	In	_	_	
14-48	5460-5463	der	_	B	
14-49	5464-5480	Flüchtlingskrise	_	I	
14-50	5481-5484	war	_	_	
14-51	5485-5488	das	_	B	
14-52	5489-5493	doch	_	_	
14-53	5494-5498	auch	_	_	
14-54	5499-5506	möglich	_	_	
14-55	5506-5507	.	_	_	
14-56	5508-5512	Hier	_	_	
14-57	5513-5517	wäre	_	_	
14-58	5518-5520	es	_	B	
14-59	5521-5525	aber	_	_	
14-60	5526-5537	tatsächlich	_	_	
14-61	5538-5541	mal	_	_	
14-62	5542-5549	richtig	_	_	
14-63	5549-5550	,	_	_	
14-64	5551-5556	meine	_	_	
14-65	5557-5562	Damen	_	_	
14-66	5563-5566	und	_	_	
14-67	5567-5573	Herren	Animated	B	
14-68	5573-5574	.	_	_	

#Text=Sehr geehrte Damen und Herren, wir sollten uns aber auch nicht davon täuschen lassen, was ja oft gesagt wurde, dass die Gesetzgebung bestimmte Mittel einfach nicht hergegeben hat und Wirecard deshalb passieren konnte. Das ist nicht der Fall. Nein, es gab auch damals schon hoheitliche Befugnisse und Möglichkeiten, die aber – und auch das hat der Ausschuss sehr deutlich gezeigt – einfach nicht genutzt worden sind. Verantwortlich war dafür der Mann, der jetzt auch noch Interimspräsident der BaFin geworden ist, namens Herr Röseler. Auch das ist ein Schlag ins Gesicht der Geschädigten, meine Damen und Herren.
15-1	5584-5588	Sehr	Animated[61]	B	
15-2	5589-5596	geehrte	Animated[61]	I	
15-3	5597-5602	Damen	Animated[61]	I	
15-4	5603-5606	und	_	_	
15-5	5607-5613	Herren	Animated	B	
15-6	5613-5614	,	_	_	
15-7	5615-5618	wir	Animated	B	
15-8	5619-5626	sollten	_	_	
15-9	5627-5630	uns	_	B	
15-10	5631-5635	aber	_	_	
15-11	5636-5640	auch	_	_	
15-12	5641-5646	nicht	_	_	
15-13	5647-5652	davon	_	_	
15-14	5653-5661	täuschen	_	_	
15-15	5662-5668	lassen	_	_	
15-16	5668-5669	,	_	_	
15-17	5670-5673	was	_	B	
15-18	5674-5676	ja	_	_	
15-19	5677-5680	oft	_	_	
15-20	5681-5687	gesagt	_	_	
15-21	5688-5693	wurde	_	_	
15-22	5693-5694	,	_	_	
15-23	5695-5699	dass	_	_	
15-24	5700-5703	die	_	B	
15-25	5704-5716	Gesetzgebung	_	I	
15-26	5717-5726	bestimmte	_	B	
15-27	5727-5733	Mittel	_	I	
15-28	5734-5741	einfach	_	_	
15-29	5742-5747	nicht	_	_	
15-30	5748-5758	hergegeben	_	_	
15-31	5759-5762	hat	_	_	
15-32	5763-5766	und	_	_	
15-33	5767-5775	Wirecard	Animated	B	
15-34	5776-5783	deshalb	_	_	
15-35	5784-5793	passieren	_	_	
15-36	5794-5800	konnte	_	_	
15-37	5800-5801	.	_	_	
15-38	5802-5805	Das	_	B	
15-39	5806-5809	ist	_	_	
15-40	5810-5815	nicht	_	_	
15-41	5816-5819	der	_	B	
15-42	5820-5824	Fall	_	I	
15-43	5824-5825	.	_	_	
15-44	5826-5830	Nein	_	_	
15-45	5830-5831	,	_	_	
15-46	5832-5834	es	_	_	
15-47	5835-5838	gab	_	_	
15-48	5839-5843	auch	_	_	
15-49	5844-5850	damals	_	_	
15-50	5851-5856	schon	_	_	
15-51	5857-5868	hoheitliche	_	B	
15-52	5869-5879	Befugnisse	_	I	
15-53	5880-5883	und	_	_	
15-54	5884-5897	Möglichkeiten	_	B	
15-55	5897-5898	,	_	_	
15-56	5899-5902	die	_	B	
15-57	5903-5907	aber	_	_	
15-58	5908-5909	–	_	_	
15-59	5910-5913	und	_	_	
15-60	5914-5918	auch	_	B	
15-61	5919-5922	das	_	I	
15-62	5923-5926	hat	_	_	
15-63	5927-5930	der	Animated[62]	B	
15-64	5931-5940	Ausschuss	Animated[62]	I	
15-65	5941-5945	sehr	_	_	
15-66	5946-5954	deutlich	_	_	
15-67	5955-5962	gezeigt	_	_	
15-68	5963-5964	–	_	_	
15-69	5965-5972	einfach	_	_	
15-70	5973-5978	nicht	_	_	
15-71	5979-5986	genutzt	_	_	
15-72	5987-5993	worden	_	_	
15-73	5994-5998	sind	_	_	
15-74	5998-5999	.	_	_	
15-75	6000-6014	Verantwortlich	_	_	
15-76	6015-6018	war	_	_	
15-77	6019-6024	dafür	_	_	
15-78	6025-6028	der	Animated[63]	B	
15-79	6029-6033	Mann	Animated[63]	I	
15-80	6033-6034	,	_	_	
15-81	6035-6038	der	_	B	
15-82	6039-6044	jetzt	_	_	
15-83	6045-6049	auch	_	_	
15-84	6050-6054	noch	_	_	
15-85	6055-6072	Interimspräsident	Animated	B	
15-86	6073-6076	der	Animated[64]	B	
15-87	6077-6082	BaFin	Animated[64]	I	
15-88	6083-6091	geworden	_	_	
15-89	6092-6095	ist	_	_	
15-90	6095-6096	,	_	_	
15-91	6097-6103	namens	_	_	
15-92	6104-6108	Herr	Animated[65]	B	
15-93	6109-6116	Röseler	Animated[65]	I	
15-94	6116-6117	.	_	_	
15-95	6118-6122	Auch	_	B	
15-96	6123-6126	das	_	I	
15-97	6127-6130	ist	_	_	
15-98	6131-6134	ein	_	B	
15-99	6135-6141	Schlag	_	I	
15-100	6142-6145	ins	_	_	
15-101	6146-6153	Gesicht	_	B	
15-102	6154-6157	der	Animated[66]	B	
15-103	6158-6170	Geschädigten	Animated[66]	I	
15-104	6170-6171	,	_	_	
15-105	6172-6177	meine	Animated[67]	B	
15-106	6178-6183	Damen	Animated[67]	I	
15-107	6184-6187	und	_	_	
15-108	6188-6194	Herren	Animated	B	
15-109	6194-6195	.	_	_	

#Text=Genauso wenig nachvollziehbar ist für mich die fehlende Selbstkritik in Ministerien und im Kanzleramt. Beim Thema Compliance-Regelungen haben alle ein Bild abgegeben, das zu meiner Schulzeit zu einer glatten Sechs geführt hätte. Der Staat kann nicht von Unternehmen das verlangen, was er anscheinend sich selbst nicht auferlegen will. Er hat auf Sicherungssysteme wie Compliance vollkommen verzichtet. Meine Damen und Herren, Sie sehen, es gibt noch unzählige Baustellen, die wir zusammen bewältigen müssen.
16-1	6209-6216	Genauso	_	_	
16-2	6217-6222	wenig	_	_	
16-3	6223-6238	nachvollziehbar	_	_	
16-4	6239-6242	ist	_	_	
16-5	6243-6246	für	_	_	
16-6	6247-6251	mich	_	B	
16-7	6252-6255	die	_	B	
16-8	6256-6264	fehlende	_	I	
16-9	6265-6277	Selbstkritik	_	I	
16-10	6278-6280	in	_	_	
16-11	6281-6292	Ministerien	Animated	B	
16-12	6293-6296	und	_	_	
16-13	6297-6299	im	_	_	
16-14	6300-6310	Kanzleramt	Animated	B	
16-15	6310-6311	.	_	_	
16-16	6312-6316	Beim	_	_	
16-17	6317-6322	Thema	_	B	
16-18	6323-6344	Compliance-Regelungen	_	I	
16-19	6345-6350	haben	_	_	
16-20	6351-6355	alle	_	B	
16-21	6356-6359	ein	_	B	
16-22	6360-6364	Bild	_	I	
16-23	6365-6374	abgegeben	_	_	
16-24	6374-6375	,	_	_	
16-25	6376-6379	das	_	B	
16-26	6380-6382	zu	_	_	
16-27	6383-6389	meiner	_	B	
16-28	6390-6399	Schulzeit	_	I	
16-29	6400-6402	zu	_	_	
16-30	6403-6408	einer	_	B	
16-31	6409-6416	glatten	_	I	
16-32	6417-6422	Sechs	_	I	
16-33	6423-6430	geführt	_	_	
16-34	6431-6436	hätte	_	_	
16-35	6436-6437	.	_	_	
16-36	6438-6441	Der	Animated[68]	B	
16-37	6442-6447	Staat	Animated[68]	I	
16-38	6448-6452	kann	_	_	
16-39	6453-6458	nicht	_	_	
16-40	6459-6462	von	_	_	
16-41	6463-6474	Unternehmen	Animated	B	
16-42	6475-6478	das	_	B	
16-43	6479-6488	verlangen	_	_	
16-44	6488-6489	,	_	_	
16-45	6490-6493	was	_	B	
16-46	6494-6496	er	_	B	
16-47	6497-6508	anscheinend	_	_	
16-48	6509-6513	sich	_	B	
16-49	6514-6520	selbst	_	_	
16-50	6521-6526	nicht	_	_	
16-51	6527-6537	auferlegen	_	_	
16-52	6538-6542	will	_	_	
16-53	6542-6543	.	_	_	
16-54	6544-6546	Er	_	B	
16-55	6547-6550	hat	_	_	
16-56	6551-6554	auf	_	_	
16-57	6555-6572	Sicherungssysteme	_	B	
16-58	6573-6576	wie	_	_	
16-59	6577-6587	Compliance	_	_	
16-60	6588-6598	vollkommen	_	_	
16-61	6599-6609	verzichtet	_	_	
16-62	6609-6610	.	_	_	
16-63	6611-6616	Meine	Animated[69]	B	
16-64	6617-6622	Damen	Animated[69]	I	
16-65	6623-6626	und	_	_	
16-66	6627-6633	Herren	Animated	B	
16-67	6633-6634	,	_	_	
16-68	6635-6638	Sie	_	B	
16-69	6639-6644	sehen	_	_	
16-70	6644-6645	,	_	_	
16-71	6646-6648	es	_	_	
16-72	6649-6653	gibt	_	_	
16-73	6654-6658	noch	_	_	
16-74	6659-6668	unzählige	_	B	
16-75	6669-6679	Baustellen	_	I	
16-76	6679-6680	,	_	_	
16-77	6681-6684	die	_	B	
16-78	6685-6688	wir	Animated	B	
16-79	6689-6697	zusammen	_	_	
16-80	6698-6708	bewältigen	_	_	
16-81	6709-6715	müssen	_	_	
16-82	6715-6716	.	_	_	

#Text=Den Oppositionsparteien, insbesondere der FDP, den Grünen und der Linken, kann ich hier zumindest eine Sache nicht ersparen: Dass die Regierungsparteien einen schnellen Abschluss wollten, liegt natürlich auf der Hand. Weder CDU und CSU noch SPD wollten, dass wir weitermachen. Ende September ist Bundestagswahl. Da wollte man diesen Ballast natürlich schnell loswerden. Eine Debatte im September wäre da nicht angezeigt gewesen. Aber, meine Damen und Herren der Oppositionsparteien, was haben Sie denn davon? Oder wollten die FDP und die Grünen mögliche Koalitionsverhandlungen nach der Bundestagswahl nicht belasten? Ich weiß es nicht. Ich weiß nur, dass eine weitere Beweisaufnahme nach dem PUA-Gesetz möglich gewesen wäre und dass wir, nur um mal einen Namen zu nennen, uns auch gerne mit Dr. Wolfgang Schäuble unterhalten hätten, der nämlich bis 2017 Finanzminister dieser Republik war.
17-1	6727-6730	Den	Animated[70]	B	
17-2	6731-6750	Oppositionsparteien	Animated[70]	I	
17-3	6750-6751	,	_	_	
17-4	6752-6764	insbesondere	Animated[71]	B	
17-5	6765-6768	der	Animated[71]	I	
17-6	6769-6772	FDP	Animated[71]	I	
17-7	6772-6773	,	_	_	
17-8	6774-6777	den	Animated[72]	B	
17-9	6778-6784	Grünen	Animated[72]	I	
17-10	6785-6788	und	_	_	
17-11	6789-6792	der	Animated[73]	B	
17-12	6793-6799	Linken	Animated[73]	I	
17-13	6799-6800	,	_	_	
17-14	6801-6805	kann	_	_	
17-15	6806-6809	ich	Animated	B	
17-16	6810-6814	hier	_	_	
17-17	6815-6824	zumindest	_	_	
17-18	6825-6829	eine	_	B	
17-19	6830-6835	Sache	_	I	
17-20	6836-6841	nicht	_	_	
17-21	6842-6850	ersparen	_	_	
17-22	6850-6851	:	_	_	
17-23	6852-6856	Dass	_	_	
17-24	6857-6860	die	Animated[74]	B	
17-25	6861-6879	Regierungsparteien	Animated[74]	I	
17-26	6880-6885	einen	_	B	
17-27	6886-6895	schnellen	_	I	
17-28	6896-6905	Abschluss	_	I	
17-29	6906-6913	wollten	_	_	
17-30	6913-6914	,	_	_	
17-31	6915-6920	liegt	_	_	
17-32	6921-6930	natürlich	_	_	
17-33	6931-6934	auf	_	_	
17-34	6935-6938	der	_	B	
17-35	6939-6943	Hand	_	I	
17-36	6943-6944	.	_	_	
17-37	6945-6950	Weder	Animated[75]	B	
17-38	6951-6954	CDU	Animated[75]	I	
17-39	6955-6958	und	_	_	
17-40	6959-6962	CSU	Animated	B	
17-41	6963-6967	noch	_	_	
17-42	6968-6971	SPD	Animated	B	
17-43	6972-6979	wollten	_	_	
17-44	6979-6980	,	_	_	
17-45	6981-6985	dass	_	_	
17-46	6986-6989	wir	Animated	B	
17-47	6990-7002	weitermachen	_	_	
17-48	7002-7003	.	_	_	
17-49	7004-7008	Ende	_	B	
17-50	7009-7018	September	_	I	
17-51	7019-7022	ist	_	_	
17-52	7023-7037	Bundestagswahl	_	B	
17-53	7037-7038	.	_	_	
17-54	7039-7041	Da	_	_	
17-55	7042-7048	wollte	_	_	
17-56	7049-7052	man	Animated	B	
17-57	7053-7059	diesen	_	B	
17-58	7060-7067	Ballast	_	I	
17-59	7068-7077	natürlich	_	_	
17-60	7078-7085	schnell	_	_	
17-61	7086-7095	loswerden	_	_	
17-62	7095-7096	.	_	_	
17-63	7097-7101	Eine	_	B	
17-64	7102-7109	Debatte	_	I	
17-65	7110-7112	im	_	_	
17-66	7113-7122	September	_	B	
17-67	7123-7127	wäre	_	_	
17-68	7128-7130	da	_	_	
17-69	7131-7136	nicht	_	_	
17-70	7137-7146	angezeigt	_	_	
17-71	7147-7154	gewesen	_	_	
17-72	7154-7155	.	_	_	
17-73	7156-7160	Aber	_	_	
17-74	7160-7161	,	_	_	
17-75	7162-7167	meine	_	_	
17-76	7168-7173	Damen	_	_	
17-77	7174-7177	und	_	_	
17-78	7178-7184	Herren	Animated	B	
17-79	7185-7188	der	Animated[76]	B	
17-80	7189-7208	Oppositionsparteien	Animated[76]	I	
17-81	7208-7209	,	_	_	
17-82	7210-7213	was	_	B	
17-83	7214-7219	haben	_	_	
17-84	7220-7223	Sie	_	B	
17-85	7224-7228	denn	_	_	
17-86	7229-7234	davon	_	_	
17-87	7234-7235	?	_	_	
17-88	7236-7240	Oder	_	_	
17-89	7241-7248	wollten	_	_	
17-90	7249-7252	die	Animated[77]	B	
17-91	7253-7256	FDP	Animated[77]	I	
17-92	7257-7260	und	_	_	
17-93	7261-7264	die	Animated[78]	B	
17-94	7265-7271	Grünen	Animated[78]	I	
17-95	7272-7280	mögliche	_	B	
17-96	7281-7304	Koalitionsverhandlungen	_	I	
17-97	7305-7309	nach	_	_	
17-98	7310-7313	der	_	B	
17-99	7314-7328	Bundestagswahl	_	I	
17-100	7329-7334	nicht	_	_	
17-101	7335-7343	belasten	_	_	
17-102	7343-7344	?	_	_	
17-103	7345-7348	Ich	Animated	B	
17-104	7349-7353	weiß	_	_	
17-105	7354-7356	es	_	B	
17-106	7357-7362	nicht	_	_	
17-107	7362-7363	.	_	_	
17-108	7364-7367	Ich	Animated	B	
17-109	7368-7372	weiß	_	_	
17-110	7373-7376	nur	_	_	
17-111	7376-7377	,	_	_	
17-112	7378-7382	dass	_	_	
17-113	7383-7387	eine	_	B	
17-114	7388-7395	weitere	_	I	
17-115	7396-7410	Beweisaufnahme	_	I	
17-116	7411-7415	nach	_	_	
17-117	7416-7419	dem	_	B	
17-118	7420-7430	PUA-Gesetz	_	I	
17-119	7431-7438	möglich	_	_	
17-120	7439-7446	gewesen	_	_	
17-121	7447-7451	wäre	_	_	
17-122	7452-7455	und	_	_	
17-123	7456-7460	dass	_	_	
17-124	7461-7464	wir	Animated	B	
17-125	7464-7465	,	_	_	
17-126	7466-7469	nur	_	_	
17-127	7470-7472	um	_	_	
17-128	7473-7476	mal	_	_	
17-129	7477-7482	einen	_	B	
17-130	7483-7488	Namen	_	I	
17-131	7489-7491	zu	_	_	
17-132	7492-7498	nennen	_	_	
17-133	7498-7499	,	_	_	
17-134	7500-7503	uns	_	B	
17-135	7504-7508	auch	_	_	
17-136	7509-7514	gerne	_	_	
17-137	7515-7518	mit	_	_	
17-138	7519-7522	Dr.	Animated[79]	B	
17-139	7523-7531	Wolfgang	Animated[79]	I	
17-140	7532-7540	Schäuble	Animated[79]	I	
17-141	7541-7552	unterhalten	_	_	
17-142	7553-7559	hätten	_	_	
17-143	7559-7560	,	_	_	
17-144	7561-7564	der	_	B	
17-145	7565-7572	nämlich	_	_	
17-146	7573-7576	bis	_	_	
17-147	7577-7581	2017	_	_	
17-148	7582-7596	Finanzminister	Animated	B	
17-149	7597-7603	dieser	Animated[80]	B	
17-150	7604-7612	Republik	Animated[80]	I	
17-151	7613-7616	war	_	_	
17-152	7616-7617	.	_	_	

#Text=Aber – das sei zum Schluss erwähnt – ich bin mir sicher, dass wir von den Kollegen in Österreich zu diesem Thema noch etwas hören werden. Ich prophezeie deshalb schon jetzt einen Fortsetzungsroman zu Wirecard in der nächsten Legislaturperiode. Viel zu viele Dinge wie FIU und das Versagen der Geheimdienste sind ungeklärt geblieben.
18-1	7639-7643	Aber	_	_	
18-2	7644-7645	–	_	_	
18-3	7646-7649	das	_	B	
18-4	7650-7653	sei	_	_	
18-5	7654-7657	zum	_	_	
18-6	7658-7665	Schluss	_	B	
18-7	7666-7673	erwähnt	_	_	
18-8	7674-7675	–	_	_	
18-9	7676-7679	ich	Animated	B	
18-10	7680-7683	bin	_	_	
18-11	7684-7687	mir	_	B	
18-12	7688-7694	sicher	_	_	
18-13	7694-7695	,	_	_	
18-14	7696-7700	dass	_	_	
18-15	7701-7704	wir	Animated	B	
18-16	7705-7708	von	_	_	
18-17	7709-7712	den	Animated[81]	B	
18-18	7713-7721	Kollegen	Animated[81]	I	
18-19	7722-7724	in	_	_	
18-20	7725-7735	Österreich	_	B	
18-21	7736-7738	zu	_	_	
18-22	7739-7745	diesem	_	B	
18-23	7746-7751	Thema	_	I	
18-24	7752-7756	noch	_	B	
18-25	7757-7762	etwas	_	I	
18-26	7763-7768	hören	_	_	
18-27	7769-7775	werden	_	_	
18-28	7775-7776	.	_	_	
18-29	7777-7780	Ich	Animated	B	
18-30	7781-7791	prophezeie	_	_	
18-31	7792-7799	deshalb	_	_	
18-32	7800-7805	schon	_	_	
18-33	7806-7811	jetzt	_	_	
18-34	7812-7817	einen	_	B	
18-35	7818-7835	Fortsetzungsroman	_	I	
18-36	7836-7838	zu	_	_	
18-37	7839-7847	Wirecard	Animated	B	
18-38	7848-7850	in	_	_	
18-39	7851-7854	der	_	B	
18-40	7855-7863	nächsten	_	I	
18-41	7864-7881	Legislaturperiode	_	I	
18-42	7881-7882	.	_	_	
18-43	7883-7887	Viel	_	B	
18-44	7888-7890	zu	_	I	
18-45	7891-7896	viele	_	I	
18-46	7897-7902	Dinge	_	I	
18-47	7903-7906	wie	_	_	
18-48	7907-7910	FIU	_	_	
18-49	7911-7914	und	_	_	
18-50	7915-7918	das	_	B	
18-51	7919-7927	Versagen	_	I	
18-52	7928-7931	der	Animated[82]	B	
18-53	7932-7945	Geheimdienste	Animated[82]	I	
18-54	7946-7950	sind	_	_	
18-55	7951-7960	ungeklärt	_	_	
18-56	7961-7970	geblieben	_	_	
18-57	7970-7971	.	_	_	

#Text=Wir werden uns auf jeden Fall weiter konstruktiv – wie mit dem 107 Seiten starken Sondervotum; da haben wir bewiesen, dass wir uns konstruktiv hier eingebracht haben – an der Aufklärung beteiligen. Ich wage die Prognose: Wir sind hier noch nicht am Ende. Und das sind wir nach wie vor den Geschädigten schuldig.
19-1	7976-7979	Wir	Animated	B	
19-2	7980-7986	werden	_	_	
19-3	7987-7990	uns	_	B	
19-4	7991-7994	auf	_	_	
19-5	7995-8000	jeden	_	B	
19-6	8001-8005	Fall	_	I	
19-7	8006-8012	weiter	_	_	
19-8	8013-8024	konstruktiv	_	_	
19-9	8025-8026	–	_	_	
19-10	8027-8030	wie	_	_	
19-11	8031-8034	mit	_	_	
19-12	8035-8038	dem	_	B	
19-13	8039-8042	107	_	I	
19-14	8043-8049	Seiten	_	I	
19-15	8050-8057	starken	_	I	
19-16	8058-8069	Sondervotum	_	I	
19-17	8069-8070	;	_	_	
19-18	8071-8073	da	_	_	
19-19	8074-8079	haben	_	_	
19-20	8080-8083	wir	Animated	B	
19-21	8084-8092	bewiesen	_	_	
19-22	8092-8093	,	_	_	
19-23	8094-8098	dass	_	_	
19-24	8099-8102	wir	Animated	B	
19-25	8103-8106	uns	_	B	
19-26	8107-8118	konstruktiv	_	_	
19-27	8119-8123	hier	_	_	
19-28	8124-8135	eingebracht	_	_	
19-29	8136-8141	haben	_	_	
19-30	8142-8143	–	_	_	
19-31	8144-8146	an	_	_	
19-32	8147-8150	der	_	B	
19-33	8151-8161	Aufklärung	_	I	
19-34	8162-8172	beteiligen	_	_	
19-35	8172-8173	.	_	_	
19-36	8174-8177	Ich	Animated	B	
19-37	8178-8182	wage	_	_	
19-38	8183-8186	die	_	B	
19-39	8187-8195	Prognose	_	I	
19-40	8195-8196	:	_	_	
19-41	8197-8200	Wir	Animated	B	
19-42	8201-8205	sind	_	_	
19-43	8206-8210	hier	_	_	
19-44	8211-8215	noch	_	_	
19-45	8216-8221	nicht	_	_	
19-46	8222-8224	am	_	_	
19-47	8225-8229	Ende	_	B	
19-48	8229-8230	.	_	_	
19-49	8231-8234	Und	_	_	
19-50	8235-8238	das	_	B	
19-51	8239-8243	sind	_	_	
19-52	8244-8247	wir	Animated	B	
19-53	8248-8252	nach	_	_	
19-54	8253-8256	wie	_	_	
19-55	8257-8260	vor	_	_	
19-56	8261-8264	den	Animated[83]	B	
19-57	8265-8277	Geschädigten	Animated[83]	I	
19-58	8278-8286	schuldig	_	_	
19-59	8286-8287	.	_	_	

#Text=Ich bedanke mich.
20-1	8294-8297	Ich	Animated	B	
20-2	8298-8305	bedanke	_	_	
20-3	8306-8310	mich	_	B	
20-4	8310-8311	.	_	_	

#Text=Danke. – Das Wort geht an Matthias Hauer von der CDU/CSU-Fraktion.
21-1	8313-8318	Danke	_	_	
21-2	8318-8319	.	_	_	
21-3	8320-8321	–	_	_	
21-4	8322-8325	Das	_	B	
21-5	8326-8330	Wort	_	I	
21-6	8331-8335	geht	_	_	
21-7	8336-8338	an	_	_	
21-8	8339-8347	Matthias	Animated[84]	B	
21-9	8348-8353	Hauer	Animated[84]	I	
21-10	8354-8357	von	_	_	
21-11	8358-8361	der	Animated[85]	B	
21-12	8362-8365	CDU	Animated[85]	I	
21-13	8365-8366	/	_	_	
21-14	8366-8378	CSU-Fraktion	Animated	B	
21-15	8378-8379	.	_	_	
