#FORMAT=WebAnno TSV 3.3
#T_SP=webanno.custom.Animacy|Animated
#T_SP=webanno.custom.CustomChunk|Chunk


#Text=Herr Müller, Ihren Appell habe ich verstanden. Aber noch mal ganz konkret: Wir haben gesehen, dass der Müll in Malaysia herumlag; es gibt doch diese Fälle. Wir wissen, dass Malaysia einen Teil des Mülls nach Amerika oder nach Kanada zurückschicken will. Ich würde gerne an Sie appellieren und Sie fragen: Gibt es nicht die Möglichkeit, solche Fälle durch Ihr Ministerium zu verfolgen, sodass wir ganz konkret sagen können, wer das überhaupt war? Am Ende müssen wir doch ein Zeichen setzen. Wir haben hier eine gute Recyclingindustrie, und wir haben ein vernünftiges Sammelverfahren. Aber diese Fälle müssten einmal aufgeklärt werden. Ich würde mir wünschen, dass da auch von Ihrem Ministerium eine gewisse Unterstützung kommen würde, sodass wir den Sachen nachgehen können.
1-1	0-4	Herr	_	_	
1-2	5-11	Müller	Animated	B	
1-3	11-12	,	_	_	
1-4	13-18	Ihren	_	B	
1-5	19-25	Appell	_	I	
1-6	26-30	habe	_	_	
1-7	31-34	ich	Animated	B	
1-8	35-45	verstanden	_	_	
1-9	45-46	.	_	_	
1-10	47-51	Aber	_	_	
1-11	52-56	noch	_	_	
1-12	57-60	mal	_	_	
1-13	61-65	ganz	_	_	
1-14	66-73	konkret	_	_	
1-15	73-74	:	_	_	
1-16	75-78	Wir	Animated	B	
1-17	79-84	haben	_	_	
1-18	85-92	gesehen	_	_	
1-19	92-93	,	_	_	
1-20	94-98	dass	_	_	
1-21	99-102	der	_	B	
1-22	103-107	Müll	_	I	
1-23	108-110	in	_	_	
1-24	111-119	Malaysia	_	B	
1-25	120-128	herumlag	_	_	
1-26	128-129	;	_	_	
1-27	130-132	es	_	_	
1-28	133-137	gibt	_	_	
1-29	138-142	doch	_	_	
1-30	143-148	diese	_	B	
1-31	149-154	Fälle	_	I	
1-32	154-155	.	_	_	
1-33	156-159	Wir	Animated	B	
1-34	160-166	wissen	_	_	
1-35	166-167	,	_	_	
1-36	168-172	dass	_	_	
1-37	173-181	Malaysia	Animated	B	
1-38	182-187	einen	_	B	
1-39	188-192	Teil	_	I	
1-40	193-196	des	_	B	
1-41	197-202	Mülls	_	I	
1-42	203-207	nach	_	_	
1-43	208-215	Amerika	_	B	
1-44	216-220	oder	_	_	
1-45	221-225	nach	_	_	
1-46	226-232	Kanada	_	B	
1-47	233-247	zurückschicken	_	_	
1-48	248-252	will	_	_	
1-49	252-253	.	_	_	
1-50	254-257	Ich	Animated	B	
1-51	258-263	würde	_	_	
1-52	264-269	gerne	_	_	
1-53	270-272	an	_	_	
1-54	273-276	Sie	_	B	
1-55	277-288	appellieren	_	_	
1-56	289-292	und	_	_	
1-57	293-296	Sie	_	B	
1-58	297-303	fragen	_	_	
1-59	303-304	:	_	_	
1-60	305-309	Gibt	_	_	
1-61	310-312	es	_	_	
1-62	313-318	nicht	_	_	
1-63	319-322	die	_	B	
1-64	323-334	Möglichkeit	_	I	
1-65	334-335	,	_	_	
1-66	336-342	solche	_	B	
1-67	343-348	Fälle	_	I	
1-68	349-354	durch	_	_	
1-69	355-358	Ihr	Animated[1]	B	
1-70	359-370	Ministerium	Animated[1]	I	
1-71	371-373	zu	_	_	
1-72	374-383	verfolgen	_	_	
1-73	383-384	,	_	_	
1-74	385-391	sodass	_	_	
1-75	392-395	wir	Animated	B	
1-76	396-400	ganz	_	_	
1-77	401-408	konkret	_	_	
1-78	409-414	sagen	_	_	
1-79	415-421	können	_	_	
1-80	421-422	,	_	_	
1-81	423-426	wer	_	B	
1-82	427-430	das	_	B	
1-83	431-440	überhaupt	_	_	
1-84	441-444	war	_	_	
1-85	444-445	?	_	_	
1-86	446-448	Am	_	_	
1-87	449-453	Ende	_	B	
1-88	454-460	müssen	_	_	
1-89	461-464	wir	Animated	B	
1-90	465-469	doch	_	_	
1-91	470-473	ein	_	B	
1-92	474-481	Zeichen	_	I	
1-93	482-488	setzen	_	_	
1-94	488-489	.	_	_	
1-95	490-493	Wir	Animated	B	
1-96	494-499	haben	_	_	
1-97	500-504	hier	_	_	
1-98	505-509	eine	Animated[2]	B	
1-99	510-514	gute	Animated[2]	I	
1-100	515-533	Recyclingindustrie	Animated[2]	I	
1-101	533-534	,	_	_	
1-102	535-538	und	_	_	
1-103	539-542	wir	Animated	B	
1-104	543-548	haben	_	_	
1-105	549-552	ein	_	B	
1-106	553-565	vernünftiges	_	I	
1-107	566-581	Sammelverfahren	_	I	
1-108	581-582	.	_	_	
1-109	583-587	Aber	_	_	
1-110	588-593	diese	_	B	
1-111	594-599	Fälle	_	I	
1-112	600-607	müssten	_	_	
1-113	608-614	einmal	_	_	
1-114	615-625	aufgeklärt	_	_	
1-115	626-632	werden	_	_	
1-116	632-633	.	_	_	
1-117	634-637	Ich	Animated	B	
1-118	638-643	würde	_	_	
1-119	644-647	mir	_	B	
1-120	648-656	wünschen	_	_	
1-121	656-657	,	_	_	
1-122	658-662	dass	_	_	
1-123	663-665	da	_	_	
1-124	666-670	auch	_	_	
1-125	671-674	von	_	_	
1-126	675-680	Ihrem	Animated[3]	B	
1-127	681-692	Ministerium	Animated[3]	I	
1-128	693-697	eine	_	B	
1-129	698-705	gewisse	_	I	
1-130	706-719	Unterstützung	_	I	
1-131	720-726	kommen	_	_	
1-132	727-732	würde	_	_	
1-133	732-733	,	_	_	
1-134	734-740	sodass	_	_	
1-135	741-744	wir	Animated	B	
1-136	745-748	den	_	B	
1-137	749-755	Sachen	_	I	
1-138	756-765	nachgehen	_	_	
1-139	766-772	können	_	_	
1-140	772-773	.	_	_	
