#FORMAT=WebAnno TSV 3.3
#T_SP=webanno.custom.Animacy|Animated
#T_SP=webanno.custom.CustomChunk|Chunk


#Text=Sehr geehrter Herr Präsident! Liebe Kolleginnen und Kollegen! Direkt zu Beginn meiner Rede möchte ich daran erinnern, dass das Entwicklungsministerium seit dem Jahr 2015 eine Neudefinition vorgenommen hat, die die sechs größten Schwellenländer betrifft. Wir sprechen hier nämlich nicht mehr von der klassischen Entwicklungszusammenarbeit und von Entwicklungsländern, sondern von globalen Entwicklungspartnern. Diese Neudefinition hat auch dazu geführt, dass es keine klassische Entwicklungsförderung bzw. Entwicklungszusammenarbeit mehr gibt. Betroffen sind davon die sechs größten Schwellenländer, also Brasilien, China, Indien, Indonesien, Mexiko und Südafrika.
1-1	0-4	Sehr	Animated[1]	B	
1-2	5-13	geehrter	Animated[1]	I	
1-3	14-18	Herr	Animated[1]	I	
1-4	19-28	Präsident	Animated[1]	I	
1-5	28-29	!	_	_	
1-6	30-35	Liebe	_	B	
1-7	36-47	Kolleginnen	_	_	
1-8	48-51	und	_	_	
1-9	52-60	Kollegen	Animated	B	
1-10	60-61	!	_	_	
1-11	62-68	Direkt	_	_	
1-12	69-71	zu	_	_	
1-13	72-78	Beginn	_	B	
1-14	79-85	meiner	_	B	
1-15	86-90	Rede	_	I	
1-16	91-97	möchte	_	_	
1-17	98-101	ich	_	B	
1-18	102-107	daran	_	_	
1-19	108-116	erinnern	_	_	
1-20	116-117	,	_	_	
1-21	118-122	dass	_	_	
1-22	123-126	das	Animated[2]	B	
1-23	127-150	Entwicklungsministerium	Animated[2]	I	
1-24	151-155	seit	_	_	
1-25	156-159	dem	_	B	
1-26	160-164	Jahr	_	I	
1-27	165-169	2015	_	_	
1-28	170-174	eine	_	B	
1-29	175-188	Neudefinition	_	I	
1-30	189-200	vorgenommen	_	_	
1-31	201-204	hat	_	_	
1-32	204-205	,	_	_	
1-33	206-209	die	_	B	
1-34	210-213	die	Animated[3]	B	
1-35	214-219	sechs	Animated[3]	I	
1-36	220-227	größten	Animated[3]	I	
1-37	228-243	Schwellenländer	Animated[3]	I	
1-38	244-252	betrifft	_	_	
1-39	252-253	.	_	_	
1-40	254-257	Wir	Animated	B	
1-41	258-266	sprechen	_	_	
1-42	267-271	hier	_	_	
1-43	272-279	nämlich	_	_	
1-44	280-285	nicht	_	_	
1-45	286-290	mehr	_	_	
1-46	291-294	von	_	_	
1-47	295-298	der	_	B	
1-48	299-310	klassischen	_	I	
1-49	311-337	Entwicklungszusammenarbeit	_	I	
1-50	338-341	und	_	_	
1-51	342-345	von	_	_	
1-52	346-365	Entwicklungsländern	Animated	B	
1-53	365-366	,	_	_	
1-54	367-374	sondern	_	_	
1-55	375-378	von	_	_	
1-56	379-387	globalen	Animated[4]	B	
1-57	388-408	Entwicklungspartnern	Animated[4]	I	
1-58	408-409	.	_	_	
1-59	410-415	Diese	_	B	
1-60	416-429	Neudefinition	_	I	
1-61	430-433	hat	_	_	
1-62	434-438	auch	_	_	
1-63	439-443	dazu	_	_	
1-64	444-451	geführt	_	_	
1-65	451-452	,	_	_	
1-66	453-457	dass	_	_	
1-67	458-460	es	_	_	
1-68	461-466	keine	_	B	
1-69	467-477	klassische	_	I	
1-70	478-499	Entwicklungsförderung	_	I	
1-71	500-504	bzw.	_	_	
1-72	505-531	Entwicklungszusammenarbeit	_	B	
1-73	532-536	mehr	_	_	
1-74	537-541	gibt	_	_	
1-75	541-542	.	_	_	
1-76	543-552	Betroffen	_	_	
1-77	553-557	sind	_	_	
1-78	558-563	davon	_	_	
1-79	564-567	die	Animated[5]	B	
1-80	568-573	sechs	Animated[5]	I	
1-81	574-581	größten	Animated[5]	I	
1-82	582-597	Schwellenländer	Animated[5]	I	
1-83	597-598	,	_	_	
1-84	599-603	also	Animated[6]	B	
1-85	604-613	Brasilien	Animated[6]	I	
1-86	613-614	,	_	_	
1-87	615-620	China	Animated	B	
1-88	620-621	,	_	_	
1-89	622-628	Indien	Animated	B	
1-90	628-629	,	_	_	
1-91	630-640	Indonesien	Animated	B	
1-92	640-641	,	_	_	
1-93	642-648	Mexiko	Animated	B	
1-94	649-652	und	_	_	
1-95	653-662	Südafrika	Animated	B	
1-96	662-663	.	_	_	

#Text=Ich möchte darauf hinweisen, dass es richtig war, hier diese Neudefinition einzuführen. Schließlich wollen wir nicht, dass die Zusammenarbeit mit diesen Ländern endet; denn eine Beendigung der Zusammenarbeit mit ihnen würde nicht nur ihre wirtschaftlichen Perspektiven schmälern und Fluchtbewegungen begünstigen, sondern auch unsere heimische, unsere eigene Wirtschaft schädigen. Diese Länder bieten nämlich große Wachstumsmärkte und sind auch für den Export sehr wichtig.
2-1	679-682	Ich	Animated	B	
2-2	683-689	möchte	_	_	
2-3	690-696	darauf	_	_	
2-4	697-706	hinweisen	_	_	
2-5	706-707	,	_	_	
2-6	708-712	dass	_	_	
2-7	713-715	es	_	B	
2-8	716-723	richtig	_	_	
2-9	724-727	war	_	_	
2-10	727-728	,	_	_	
2-11	729-733	hier	_	_	
2-12	734-739	diese	_	B	
2-13	740-753	Neudefinition	_	I	
2-14	754-765	einzuführen	_	_	
2-15	765-766	.	_	_	
2-16	767-778	Schließlich	_	_	
2-17	779-785	wollen	_	_	
2-18	786-789	wir	Animated	B	
2-19	790-795	nicht	_	_	
2-20	795-796	,	_	_	
2-21	797-801	dass	_	_	
2-22	802-805	die	_	B	
2-23	806-820	Zusammenarbeit	_	I	
2-24	821-824	mit	_	_	
2-25	825-831	diesen	Animated[7]	B	
2-26	832-839	Ländern	Animated[7]	I	
2-27	840-845	endet	_	_	
2-28	845-846	;	_	_	
2-29	847-851	denn	_	_	
2-30	852-856	eine	_	B	
2-31	857-867	Beendigung	_	I	
2-32	868-871	der	_	B	
2-33	872-886	Zusammenarbeit	_	I	
2-34	887-890	mit	_	_	
2-35	891-896	ihnen	_	B	
2-36	897-902	würde	_	_	
2-37	903-908	nicht	_	_	
2-38	909-912	nur	_	_	
2-39	913-917	ihre	_	B	
2-40	918-934	wirtschaftlichen	_	I	
2-41	935-947	Perspektiven	_	I	
2-42	948-957	schmälern	_	_	
2-43	958-961	und	_	_	
2-44	962-978	Fluchtbewegungen	_	B	
2-45	979-990	begünstigen	_	_	
2-46	990-991	,	_	_	
2-47	992-999	sondern	_	_	
2-48	1000-1004	auch	_	_	
2-49	1005-1011	unsere	_	_	
2-50	1012-1021	heimische	_	_	
2-51	1021-1022	,	_	_	
2-52	1023-1029	unsere	_	B	
2-53	1030-1036	eigene	_	I	
2-54	1037-1047	Wirtschaft	_	I	
2-55	1048-1057	schädigen	_	_	
2-56	1057-1058	.	_	_	
2-57	1059-1064	Diese	Animated[8]	B	
2-58	1065-1071	Länder	Animated[8]	I	
2-59	1072-1078	bieten	_	_	
2-60	1079-1086	nämlich	_	_	
2-61	1087-1092	große	_	B	
2-62	1093-1108	Wachstumsmärkte	_	I	
2-63	1109-1112	und	_	_	
2-64	1113-1117	sind	_	_	
2-65	1118-1122	auch	_	_	
2-66	1123-1126	für	_	_	
2-67	1127-1130	den	_	B	
2-68	1131-1137	Export	_	I	
2-69	1138-1142	sehr	_	_	
2-70	1143-1150	wichtig	_	_	
2-71	1150-1151	.	_	_	

#Text=Liebe Kolleginnen und Kollegen, die Welt ist heute ein globales Dorf. Gegenseitige Abhängigkeiten waren nie so groß wie heute. Noch nie waren wir alle so eng miteinander vernetzt. Ich möchte das deutlich machen. Unser Handeln hat einen Einfluss auf die Regionen. Es ist bereits angesprochen worden. Das gilt schon allein beim Thema Lieferketten – ob das die Textilbranche betrifft, ob das der Kaffee ist, ob es um den Kakao geht; da gibt es ganz viele unterschiedliche Dinge. Unser Handeln hat also einen Einfluss auf die Regionen. Die Entwicklung in diesen Ländern hat am Ende aber auch einen Einfluss auf uns.
3-1	1161-1166	Liebe	_	B	
3-2	1167-1178	Kolleginnen	_	_	
3-3	1179-1182	und	_	_	
3-4	1183-1191	Kollegen	Animated	B	
3-5	1191-1192	,	_	_	
3-6	1193-1196	die	Animated[9]	B	
3-7	1197-1201	Welt	Animated[9]	I	
3-8	1202-1205	ist	_	_	
3-9	1206-1211	heute	_	_	
3-10	1212-1215	ein	Animated[10]	B	
3-11	1216-1224	globales	Animated[10]	I	
3-12	1225-1229	Dorf	Animated[10]	I	
3-13	1229-1230	.	_	_	
3-14	1231-1243	Gegenseitige	_	B	
3-15	1244-1258	Abhängigkeiten	_	I	
3-16	1259-1264	waren	_	_	
3-17	1265-1268	nie	_	_	
3-18	1269-1271	so	_	_	
3-19	1272-1276	groß	_	_	
3-20	1277-1280	wie	_	_	
3-21	1281-1286	heute	_	_	
3-22	1286-1287	.	_	_	
3-23	1288-1292	Noch	_	_	
3-24	1293-1296	nie	_	_	
3-25	1297-1302	waren	_	_	
3-26	1303-1306	wir	Animated	B	
3-27	1307-1311	alle	_	B	
3-28	1312-1314	so	_	_	
3-29	1315-1318	eng	_	_	
3-30	1319-1330	miteinander	_	_	
3-31	1331-1339	vernetzt	_	_	
3-32	1339-1340	.	_	_	
3-33	1341-1344	Ich	Animated	B	
3-34	1345-1351	möchte	_	_	
3-35	1352-1355	das	_	B	
3-36	1356-1364	deutlich	_	_	
3-37	1365-1371	machen	_	_	
3-38	1371-1372	.	_	_	
3-39	1373-1378	Unser	_	B	
3-40	1379-1386	Handeln	_	I	
3-41	1387-1390	hat	_	_	
3-42	1391-1396	einen	_	B	
3-43	1397-1405	Einfluss	_	I	
3-44	1406-1409	auf	_	_	
3-45	1410-1413	die	Animated[11]	B	
3-46	1414-1422	Regionen	Animated[11]	I	
3-47	1422-1423	.	_	_	
3-48	1424-1426	Es	_	B	
3-49	1427-1430	ist	_	_	
3-50	1431-1438	bereits	_	_	
3-51	1439-1451	angesprochen	_	_	
3-52	1452-1458	worden	_	_	
3-53	1458-1459	.	_	_	
3-54	1460-1463	Das	_	B	
3-55	1464-1468	gilt	_	_	
3-56	1469-1474	schon	_	_	
3-57	1475-1481	allein	_	_	
3-58	1482-1486	beim	_	_	
3-59	1487-1492	Thema	_	B	
3-60	1493-1505	Lieferketten	_	I	
3-61	1506-1507	–	_	_	
3-62	1508-1510	ob	_	_	
3-63	1511-1514	das	_	B	
3-64	1515-1518	die	Animated[12]	B	
3-65	1519-1532	Textilbranche	Animated[12]	I	
3-66	1533-1541	betrifft	_	_	
3-67	1541-1542	,	_	_	
3-68	1543-1545	ob	_	_	
3-69	1546-1549	das	_	B	
3-70	1550-1553	der	_	B	
3-71	1554-1560	Kaffee	_	I	
3-72	1561-1564	ist	_	_	
3-73	1564-1565	,	_	_	
3-74	1566-1568	ob	_	_	
3-75	1569-1571	es	_	_	
3-76	1572-1574	um	_	_	
3-77	1575-1578	den	_	B	
3-78	1579-1584	Kakao	_	I	
3-79	1585-1589	geht	_	_	
3-80	1589-1590	;	_	_	
3-81	1591-1593	da	_	_	
3-82	1594-1598	gibt	_	_	
3-83	1599-1601	es	_	_	
3-84	1602-1606	ganz	_	B	
3-85	1607-1612	viele	_	I	
3-86	1613-1629	unterschiedliche	_	I	
3-87	1630-1635	Dinge	_	I	
3-88	1635-1636	.	_	_	
3-89	1637-1642	Unser	_	B	
3-90	1643-1650	Handeln	_	I	
3-91	1651-1654	hat	_	_	
3-92	1655-1659	also	_	_	
3-93	1660-1665	einen	_	B	
3-94	1666-1674	Einfluss	_	I	
3-95	1675-1678	auf	_	_	
3-96	1679-1682	die	Animated[13]	B	
3-97	1683-1691	Regionen	Animated[13]	I	
3-98	1691-1692	.	_	_	
3-99	1693-1696	Die	_	B	
3-100	1697-1708	Entwicklung	_	I	
3-101	1709-1711	in	_	_	
3-102	1712-1718	diesen	Animated[14]	B	
3-103	1719-1726	Ländern	Animated[14]	I	
3-104	1727-1730	hat	_	_	
3-105	1731-1733	am	_	_	
3-106	1734-1738	Ende	_	B	
3-107	1739-1743	aber	_	_	
3-108	1744-1748	auch	_	B	
3-109	1749-1754	einen	_	I	
3-110	1755-1763	Einfluss	_	I	
3-111	1764-1767	auf	_	_	
3-112	1768-1771	uns	_	B	
3-113	1771-1772	.	_	_	

#Text=Wir sehen doch die großen Herausforderungen, vor denen wir stehen: Klimawandel, Ernährungssicherung, Wasserknappheit – dieses Thema spielt in einigen Ländern schon eine große Rolle – und daraus resultierend natürlich auch die Migration. All das sind globale Herausforderungen, denen wir uns stellen müssen, und hier sind globale Lösungen gefragt.
4-1	1786-1789	Wir	Animated	B	
4-2	1790-1795	sehen	_	_	
4-3	1796-1800	doch	_	_	
4-4	1801-1804	die	_	B	
4-5	1805-1811	großen	_	I	
4-6	1812-1829	Herausforderungen	_	I	
4-7	1829-1830	,	_	_	
4-8	1831-1834	vor	_	_	
4-9	1835-1840	denen	_	B	
4-10	1841-1844	wir	Animated	B	
4-11	1845-1851	stehen	_	_	
4-12	1851-1852	:	_	_	
4-13	1853-1864	Klimawandel	_	B	
4-14	1864-1865	,	_	_	
4-15	1866-1885	Ernährungssicherung	_	B	
4-16	1885-1886	,	_	_	
4-17	1887-1902	Wasserknappheit	_	B	
4-18	1903-1904	–	_	_	
4-19	1905-1911	dieses	_	B	
4-20	1912-1917	Thema	_	I	
4-21	1918-1924	spielt	_	_	
4-22	1925-1927	in	_	_	
4-23	1928-1935	einigen	Animated[15]	B	
4-24	1936-1943	Ländern	Animated[15]	I	
4-25	1944-1949	schon	_	_	
4-26	1950-1954	eine	_	B	
4-27	1955-1960	große	_	I	
4-28	1961-1966	Rolle	_	I	
4-29	1967-1968	–	_	_	
4-30	1969-1972	und	_	_	
4-31	1973-1979	daraus	_	_	
4-32	1980-1992	resultierend	_	_	
4-33	1993-2002	natürlich	_	_	
4-34	2003-2007	auch	_	B	
4-35	2008-2011	die	_	I	
4-36	2012-2021	Migration	_	I	
4-37	2021-2022	.	_	_	
4-38	2023-2026	All	_	B	
4-39	2027-2030	das	_	I	
4-40	2031-2035	sind	_	_	
4-41	2036-2043	globale	_	B	
4-42	2044-2061	Herausforderungen	_	I	
4-43	2061-2062	,	_	_	
4-44	2063-2068	denen	_	B	
4-45	2069-2072	wir	Animated	B	
4-46	2073-2076	uns	_	B	
4-47	2077-2084	stellen	_	_	
4-48	2085-2091	müssen	_	_	
4-49	2091-2092	,	_	_	
4-50	2093-2096	und	_	_	
4-51	2097-2101	hier	_	_	
4-52	2102-2106	sind	_	_	
4-53	2107-2114	globale	_	B	
4-54	2115-2123	Lösungen	_	I	
4-55	2124-2131	gefragt	_	_	
4-56	2131-2132	.	_	_	

#Text=Ich möchte ein Beispiel anführen, das unser Entwicklungsminister Gerd Müller immer wieder anspricht, und zwar bezogen auf den Energiebereich: Wir wissen, dass die Bevölkerungszahl in Afrika und Indien steigt. Wir wissen, dass es dort über 600 Millionen Haushalte gibt, die bis heute keine einzige Steckdose haben. Diese Länder werden in den nächsten Jahren verstärkt Energie nachfragen. Wenn diese Länder ihren Energiehunger mit Kohle stillen wollen, ja, dann brauchen wir uns über das 1,5-Grad-Ziel gar nicht mehr zu unterhalten. Es würden dann über 1 000 neue Kohlekraftwerke gebaut, sofern wir es im Rahmen unserer Partnerschaften nicht schaffen, die Länder davon zu überzeugen, auf erneuerbare Energien zu setzen.
5-1	2141-2144	Ich	Animated	B	
5-2	2145-2151	möchte	_	_	
5-3	2152-2155	ein	_	B	
5-4	2156-2164	Beispiel	_	I	
5-5	2165-2173	anführen	_	_	
5-6	2173-2174	,	_	_	
5-7	2175-2178	das	_	B	
5-8	2179-2184	unser	Animated[16]	B	
5-9	2185-2205	Entwicklungsminister	Animated[16]	I	
5-10	2206-2210	Gerd	Animated[16]	I	
5-11	2211-2217	Müller	Animated[16]	I	
5-12	2218-2223	immer	_	_	
5-13	2224-2230	wieder	_	_	
5-14	2231-2240	anspricht	_	_	
5-15	2240-2241	,	_	_	
5-16	2242-2245	und	_	_	
5-17	2246-2250	zwar	_	_	
5-18	2251-2258	bezogen	_	_	
5-19	2259-2262	auf	_	_	
5-20	2263-2266	den	_	B	
5-21	2267-2281	Energiebereich	_	I	
5-22	2281-2282	:	_	_	
5-23	2283-2286	Wir	Animated	B	
5-24	2287-2293	wissen	_	_	
5-25	2293-2294	,	_	_	
5-26	2295-2299	dass	_	_	
5-27	2300-2303	die	_	B	
5-28	2304-2320	Bevölkerungszahl	_	I	
5-29	2321-2323	in	_	_	
5-30	2324-2330	Afrika	_	B	
5-31	2331-2334	und	_	_	
5-32	2335-2341	Indien	_	B	
5-33	2342-2348	steigt	_	_	
5-34	2348-2349	.	_	_	
5-35	2350-2353	Wir	Animated	B	
5-36	2354-2360	wissen	_	_	
5-37	2360-2361	,	_	_	
5-38	2362-2366	dass	_	_	
5-39	2367-2369	es	_	_	
5-40	2370-2374	dort	_	_	
5-41	2375-2379	über	Animated[17]	B	
5-42	2380-2383	600	Animated[17]	I	
5-43	2384-2393	Millionen	Animated[17]	I	
5-44	2394-2403	Haushalte	Animated[17]	I	
5-45	2404-2408	gibt	_	_	
5-46	2408-2409	,	_	_	
5-47	2410-2413	die	_	B	
5-48	2414-2417	bis	_	_	
5-49	2418-2423	heute	_	_	
5-50	2424-2429	keine	_	B	
5-51	2430-2437	einzige	_	I	
5-52	2438-2447	Steckdose	_	I	
5-53	2448-2453	haben	_	_	
5-54	2453-2454	.	_	_	
5-55	2455-2460	Diese	Animated[18]	B	
5-56	2461-2467	Länder	Animated[18]	I	
5-57	2468-2474	werden	_	_	
5-58	2475-2477	in	_	_	
5-59	2478-2481	den	_	B	
5-60	2482-2490	nächsten	_	I	
5-61	2491-2497	Jahren	_	I	
5-62	2498-2507	verstärkt	_	_	
5-63	2508-2515	Energie	_	B	
5-64	2516-2526	nachfragen	_	_	
5-65	2526-2527	.	_	_	
5-66	2528-2532	Wenn	_	_	
5-67	2533-2538	diese	Animated[19]	B	
5-68	2539-2545	Länder	Animated[19]	I	
5-69	2546-2551	ihren	_	B	
5-70	2552-2565	Energiehunger	_	I	
5-71	2566-2569	mit	_	_	
5-72	2570-2575	Kohle	_	B	
5-73	2576-2583	stillen	_	_	
5-74	2584-2590	wollen	_	_	
5-75	2590-2591	,	_	_	
5-76	2592-2594	ja	_	_	
5-77	2594-2595	,	_	_	
5-78	2596-2600	dann	_	_	
5-79	2601-2609	brauchen	_	_	
5-80	2610-2613	wir	Animated	B	
5-81	2614-2617	uns	_	B	
5-82	2618-2622	über	_	_	
5-83	2623-2626	das	_	B	
5-84	2627-2640	1,5-Grad-Ziel	_	I	
5-85	2641-2644	gar	_	_	
5-86	2645-2650	nicht	_	_	
5-87	2651-2655	mehr	_	_	
5-88	2656-2658	zu	_	_	
5-89	2659-2670	unterhalten	_	_	
5-90	2670-2671	.	_	_	
5-91	2672-2674	Es	_	B	
5-92	2675-2681	würden	_	_	
5-93	2682-2686	dann	_	_	
5-94	2687-2691	über	_	_	
5-95	2692-2693	1	_	B	
5-96	2694-2697	000	_	I	
5-97	2698-2702	neue	_	I	
5-98	2703-2718	Kohlekraftwerke	_	I	
5-99	2719-2725	gebaut	_	_	
5-100	2725-2726	,	_	_	
5-101	2727-2733	sofern	_	_	
5-102	2734-2737	wir	Animated	B	
5-103	2738-2740	es	_	B	
5-104	2741-2743	im	_	_	
5-105	2744-2750	Rahmen	_	B	
5-106	2751-2758	unserer	Animated[20]	B	
5-107	2759-2774	Partnerschaften	Animated[20]	I	
5-108	2775-2780	nicht	_	_	
5-109	2781-2789	schaffen	_	_	
5-110	2789-2790	,	_	_	
5-111	2791-2794	die	Animated[21]	B	
5-112	2795-2801	Länder	Animated[21]	I	
5-113	2802-2807	davon	_	_	
5-114	2808-2810	zu	_	_	
5-115	2811-2821	überzeugen	_	_	
5-116	2821-2822	,	_	_	
5-117	2823-2826	auf	_	_	
5-118	2827-2838	erneuerbare	_	B	
5-119	2839-2847	Energien	_	I	
5-120	2848-2850	zu	_	_	
5-121	2851-2857	setzen	_	_	
5-122	2857-2858	.	_	_	

#Text=Deswegen kommt diesen Ländern eine Schlüsselrolle beim Klimaschutz zu, und deswegen möchte ich Unterstützung und Zusammenarbeit; denn das ist der richtige Weg und eben nicht die Abschottung und die Beendigung der Kooperationen.
6-1	2875-2883	Deswegen	_	_	
6-2	2884-2889	kommt	_	_	
6-3	2890-2896	diesen	Animated[22]	B	
6-4	2897-2904	Ländern	Animated[22]	I	
6-5	2905-2909	eine	_	B	
6-6	2910-2924	Schlüsselrolle	_	I	
6-7	2925-2929	beim	_	_	
6-8	2930-2941	Klimaschutz	_	B	
6-9	2942-2944	zu	_	_	
6-10	2944-2945	,	_	_	
6-11	2946-2949	und	_	_	
6-12	2950-2958	deswegen	_	_	
6-13	2959-2965	möchte	_	_	
6-14	2966-2969	ich	Animated	B	
6-15	2970-2983	Unterstützung	_	B	
6-16	2984-2987	und	_	_	
6-17	2988-3002	Zusammenarbeit	_	B	
6-18	3002-3003	;	_	_	
6-19	3004-3008	denn	_	_	
6-20	3009-3012	das	_	B	
6-21	3013-3016	ist	_	_	
6-22	3017-3020	der	_	B	
6-23	3021-3029	richtige	_	I	
6-24	3030-3033	Weg	_	I	
6-25	3034-3037	und	_	_	
6-26	3038-3042	eben	_	B	
6-27	3043-3048	nicht	_	I	
6-28	3049-3052	die	_	I	
6-29	3053-3064	Abschottung	_	I	
6-30	3065-3068	und	_	_	
6-31	3069-3072	die	_	B	
6-32	3073-3083	Beendigung	_	I	
6-33	3084-3087	der	Animated[23]	B	
6-34	3088-3101	Kooperationen	Animated[23]	I	
6-35	3101-3102	.	_	_	

#Text=Liebe Kolleginnen und Kollegen, die Schwellenländer zeichnen sich dadurch aus – das ist richtig –, dass sie in den letzten Jahren eine rasante wirtschaftliche Entwicklung vollzogen haben – das ist auch gut so –, dass sie teils auch in sozialer und politischer Hinsicht eine rasante Entwicklung gemacht haben. Aber – das ist vorhin schon angeklungen – weder das Pro-Kopf-Einkommen ist mit dem von Industriestaaten vergleichbar, noch ist das Thema Nachhaltigkeit im Bewusstsein verankert, noch ist die Breitenwirkung des Wachstums gesichert; von den sozialen Ungleichgewichten in den Ländern will ich gar nicht sprechen. Deswegen gibt es diese neue Form der Entwicklungszusammenarbeit. Diese Form der Partnerschaft ist wichtig, um all das besser in den Griff zu bekommen. Damit stellen wir uns diesen Herausforderungen.
7-1	3106-3111	Liebe	_	B	
7-2	3112-3123	Kolleginnen	_	_	
7-3	3124-3127	und	_	_	
7-4	3128-3136	Kollegen	Animated	B	
7-5	3136-3137	,	_	_	
7-6	3138-3141	die	Animated[24]	B	
7-7	3142-3157	Schwellenländer	Animated[24]	I	
7-8	3158-3166	zeichnen	_	_	
7-9	3167-3171	sich	_	B	
7-10	3172-3179	dadurch	_	_	
7-11	3180-3183	aus	_	_	
7-12	3184-3185	–	_	_	
7-13	3186-3189	das	_	B	
7-14	3190-3193	ist	_	_	
7-15	3194-3201	richtig	_	_	
7-16	3202-3203	–	_	_	
7-17	3203-3204	,	_	_	
7-18	3205-3209	dass	_	_	
7-19	3210-3213	sie	_	B	
7-20	3214-3216	in	_	_	
7-21	3217-3220	den	_	B	
7-22	3221-3228	letzten	_	I	
7-23	3229-3235	Jahren	_	I	
7-24	3236-3240	eine	_	B	
7-25	3241-3248	rasante	_	I	
7-26	3249-3264	wirtschaftliche	_	I	
7-27	3265-3276	Entwicklung	_	I	
7-28	3277-3286	vollzogen	_	_	
7-29	3287-3292	haben	_	_	
7-30	3293-3294	–	_	_	
7-31	3295-3298	das	_	B	
7-32	3299-3302	ist	_	_	
7-33	3303-3307	auch	_	_	
7-34	3308-3311	gut	_	_	
7-35	3312-3314	so	_	_	
7-36	3315-3316	–	_	_	
7-37	3316-3317	,	_	_	
7-38	3318-3322	dass	_	_	
7-39	3323-3326	sie	_	B	
7-40	3327-3332	teils	_	_	
7-41	3333-3337	auch	_	_	
7-42	3338-3340	in	_	_	
7-43	3341-3349	sozialer	_	B	
7-44	3350-3353	und	_	I	
7-45	3354-3365	politischer	_	I	
7-46	3366-3374	Hinsicht	_	I	
7-47	3375-3379	eine	_	B	
7-48	3380-3387	rasante	_	I	
7-49	3388-3399	Entwicklung	_	I	
7-50	3400-3407	gemacht	_	_	
7-51	3408-3413	haben	_	_	
7-52	3413-3414	.	_	_	
7-53	3415-3419	Aber	_	_	
7-54	3420-3421	–	_	_	
7-55	3422-3425	das	_	B	
7-56	3426-3429	ist	_	_	
7-57	3430-3436	vorhin	_	_	
7-58	3437-3442	schon	_	_	
7-59	3443-3454	angeklungen	_	_	
7-60	3455-3456	–	_	_	
7-61	3457-3462	weder	_	B	
7-62	3463-3466	das	_	I	
7-63	3467-3485	Pro-Kopf-Einkommen	_	I	
7-64	3486-3489	ist	_	_	
7-65	3490-3493	mit	_	_	
7-66	3494-3497	dem	_	_	
7-67	3498-3501	von	_	_	
7-68	3502-3518	Industriestaaten	Animated	B	
7-69	3519-3531	vergleichbar	_	_	
7-70	3531-3532	,	_	_	
7-71	3533-3537	noch	_	_	
7-72	3538-3541	ist	_	_	
7-73	3542-3545	das	_	B	
7-74	3546-3551	Thema	_	I	
7-75	3552-3566	Nachhaltigkeit	_	I	
7-76	3567-3569	im	_	_	
7-77	3570-3581	Bewusstsein	_	B	
7-78	3582-3591	verankert	_	_	
7-79	3591-3592	,	_	_	
7-80	3593-3597	noch	_	_	
7-81	3598-3601	ist	_	_	
7-82	3602-3605	die	_	B	
7-83	3606-3620	Breitenwirkung	_	I	
7-84	3621-3624	des	_	B	
7-85	3625-3634	Wachstums	_	I	
7-86	3635-3644	gesichert	_	_	
7-87	3644-3645	;	_	_	
7-88	3646-3649	von	_	_	
7-89	3650-3653	den	_	B	
7-90	3654-3662	sozialen	_	I	
7-91	3663-3680	Ungleichgewichten	_	I	
7-92	3681-3683	in	_	_	
7-93	3684-3687	den	Animated[25]	B	
7-94	3688-3695	Ländern	Animated[25]	I	
7-95	3696-3700	will	_	_	
7-96	3701-3704	ich	Animated	B	
7-97	3705-3708	gar	_	_	
7-98	3709-3714	nicht	_	_	
7-99	3715-3723	sprechen	_	_	
7-100	3723-3724	.	_	_	
7-101	3725-3733	Deswegen	_	_	
7-102	3734-3738	gibt	_	_	
7-103	3739-3741	es	_	_	
7-104	3742-3747	diese	_	B	
7-105	3748-3752	neue	_	I	
7-106	3753-3757	Form	_	I	
7-107	3758-3761	der	_	B	
7-108	3762-3788	Entwicklungszusammenarbeit	_	I	
7-109	3788-3789	.	_	_	
7-110	3790-3795	Diese	_	B	
7-111	3796-3800	Form	_	I	
7-112	3801-3804	der	Animated[26]	B	
7-113	3805-3818	Partnerschaft	Animated[26]	I	
7-114	3819-3822	ist	_	_	
7-115	3823-3830	wichtig	_	_	
7-116	3830-3831	,	_	_	
7-117	3832-3834	um	_	_	
7-118	3835-3838	all	_	B	
7-119	3839-3842	das	_	I	
7-120	3843-3849	besser	_	_	
7-121	3850-3852	in	_	_	
7-122	3853-3856	den	_	B	
7-123	3857-3862	Griff	_	I	
7-124	3863-3865	zu	_	_	
7-125	3866-3874	bekommen	_	_	
7-126	3874-3875	.	_	_	
7-127	3876-3881	Damit	_	_	
7-128	3882-3889	stellen	_	_	
7-129	3890-3893	wir	Animated	B	
7-130	3894-3897	uns	_	B	
7-131	3898-3904	diesen	_	B	
7-132	3905-3922	Herausforderungen	_	I	
7-133	3922-3923	.	_	_	

#Text=Wir sehen natürlich, dass sich die wirtschaftlichen und auch die politischen Machtzentren verschieben; aber wir sehen auch, dass Schwellenländer mitgestalten wollen. Wir müssen sie in die Pflicht nehmen, Verantwortung in der Welt mit zu übernehmen. Ich denke hier insbesondere an Brasilien, ich denke an China, ich denke an Indien und auch an Südafrika. Es ist wichtig, dass wir mit diesen Ländern kooperieren, mit ihnen im Dialog und im Austausch bleiben.
8-1	3936-3939	Wir	Animated	B	
8-2	3940-3945	sehen	_	_	
8-3	3946-3955	natürlich	_	_	
8-4	3955-3956	,	_	_	
8-5	3957-3961	dass	_	_	
8-6	3962-3966	sich	_	B	
8-7	3967-3970	die	_	_	
8-8	3971-3987	wirtschaftlichen	_	_	
8-9	3988-3991	und	_	_	
8-10	3992-3996	auch	Animated[27]	B	
8-11	3997-4000	die	Animated[27]	I	
8-12	4001-4012	politischen	Animated[27]	I	
8-13	4013-4025	Machtzentren	Animated[27]	I	
8-14	4026-4037	verschieben	_	_	
8-15	4037-4038	;	_	_	
8-16	4039-4043	aber	_	_	
8-17	4044-4047	wir	Animated	B	
8-18	4048-4053	sehen	_	_	
8-19	4054-4058	auch	_	_	
8-20	4058-4059	,	_	_	
8-21	4060-4064	dass	_	_	
8-22	4065-4080	Schwellenländer	Animated	B	
8-23	4081-4093	mitgestalten	_	_	
8-24	4094-4100	wollen	_	_	
8-25	4100-4101	.	_	_	
8-26	4102-4105	Wir	Animated	B	
8-27	4106-4112	müssen	_	_	
8-28	4113-4116	sie	_	B	
8-29	4117-4119	in	_	_	
8-30	4120-4123	die	_	B	
8-31	4124-4131	Pflicht	_	I	
8-32	4132-4138	nehmen	_	_	
8-33	4138-4139	,	_	_	
8-34	4140-4153	Verantwortung	_	B	
8-35	4154-4156	in	_	_	
8-36	4157-4160	der	Animated[28]	B	
8-37	4161-4165	Welt	Animated[28]	I	
8-38	4166-4169	mit	_	_	
8-39	4170-4172	zu	_	_	
8-40	4173-4183	übernehmen	_	_	
8-41	4183-4184	.	_	_	
8-42	4185-4188	Ich	Animated	B	
8-43	4189-4194	denke	_	_	
8-44	4195-4199	hier	_	_	
8-45	4200-4212	insbesondere	_	_	
8-46	4213-4215	an	_	_	
8-47	4216-4225	Brasilien	Animated	B	
8-48	4225-4226	,	_	_	
8-49	4227-4230	ich	Animated	B	
8-50	4231-4236	denke	_	_	
8-51	4237-4239	an	_	_	
8-52	4240-4245	China	Animated	B	
8-53	4245-4246	,	_	_	
8-54	4247-4250	ich	Animated	B	
8-55	4251-4256	denke	_	_	
8-56	4257-4259	an	_	_	
8-57	4260-4266	Indien	Animated	B	
8-58	4267-4270	und	_	_	
8-59	4271-4275	auch	_	_	
8-60	4276-4278	an	_	_	
8-61	4279-4288	Südafrika	Animated	B	
8-62	4288-4289	.	_	_	
8-63	4290-4292	Es	_	B	
8-64	4293-4296	ist	_	_	
8-65	4297-4304	wichtig	_	_	
8-66	4304-4305	,	_	_	
8-67	4306-4310	dass	_	_	
8-68	4311-4314	wir	Animated	B	
8-69	4315-4318	mit	_	_	
8-70	4319-4325	diesen	Animated[29]	B	
8-71	4326-4333	Ländern	Animated[29]	I	
8-72	4334-4345	kooperieren	_	_	
8-73	4345-4346	,	_	_	
8-74	4347-4350	mit	_	_	
8-75	4351-4356	ihnen	_	B	
8-76	4357-4359	im	_	_	
8-77	4360-4366	Dialog	_	B	
8-78	4367-4370	und	_	_	
8-79	4371-4373	im	_	_	
8-80	4374-4383	Austausch	_	B	
8-81	4384-4391	bleiben	_	_	
8-82	4391-4392	.	_	_	

#Text=Selbstverständlich kann man die Aktivitäten Chinas kritisch hinterfragen. Aber wir müssen auch zur Kenntnis nehmen, dass insbesondere viele Afrikaner in den Chinesen Vorbilder sehen, weil China in den letzten Jahren eine so rasante Entwicklung hingelegt hat. Genau deswegen ist es wichtig, dass wir mit den Chinesen kooperieren und dabei deutlich machen, dass es uns bei der Zusammenarbeit um verschiedene Schwerpunkte geht, nämlich um Rechtsstaatlichkeit, um Menschenrechte, um Nachhaltigkeit, um Umwelt- und Klimaschutz und auch um die Umsetzung der Agenda 2030.
9-1	4405-4423	Selbstverständlich	_	_	
9-2	4424-4428	kann	_	_	
9-3	4429-4432	man	Animated	B	
9-4	4433-4436	die	_	B	
9-5	4437-4448	Aktivitäten	_	I	
9-6	4449-4455	Chinas	Animated	B	
9-7	4456-4464	kritisch	_	_	
9-8	4465-4477	hinterfragen	_	_	
9-9	4477-4478	.	_	_	
9-10	4479-4483	Aber	_	_	
9-11	4484-4487	wir	Animated	B	
9-12	4488-4494	müssen	_	_	
9-13	4495-4499	auch	_	_	
9-14	4500-4503	zur	_	_	
9-15	4504-4512	Kenntnis	_	B	
9-16	4513-4519	nehmen	_	_	
9-17	4519-4520	,	_	_	
9-18	4521-4525	dass	_	_	
9-19	4526-4538	insbesondere	Animated[30]	B	
9-20	4539-4544	viele	Animated[30]	I	
9-21	4545-4554	Afrikaner	Animated[30]	I	
9-22	4555-4557	in	_	_	
9-23	4558-4561	den	Animated[31]	B	
9-24	4562-4570	Chinesen	Animated[31]	I	
9-25	4571-4580	Vorbilder	Animated	B	
9-26	4581-4586	sehen	_	_	
9-27	4586-4587	,	_	_	
9-28	4588-4592	weil	_	_	
9-29	4593-4598	China	Animated	B	
9-30	4599-4601	in	_	_	
9-31	4602-4605	den	_	B	
9-32	4606-4613	letzten	_	I	
9-33	4614-4620	Jahren	_	I	
9-34	4621-4625	eine	_	B	
9-35	4626-4628	so	_	I	
9-36	4629-4636	rasante	_	I	
9-37	4637-4648	Entwicklung	_	I	
9-38	4649-4658	hingelegt	_	_	
9-39	4659-4662	hat	_	_	
9-40	4662-4663	.	_	_	
9-41	4664-4669	Genau	_	_	
9-42	4670-4678	deswegen	_	_	
9-43	4679-4682	ist	_	_	
9-44	4683-4685	es	_	B	
9-45	4686-4693	wichtig	_	_	
9-46	4693-4694	,	_	_	
9-47	4695-4699	dass	_	_	
9-48	4700-4703	wir	Animated	B	
9-49	4704-4707	mit	_	_	
9-50	4708-4711	den	Animated[32]	B	
9-51	4712-4720	Chinesen	Animated[32]	I	
9-52	4721-4732	kooperieren	_	_	
9-53	4733-4736	und	_	_	
9-54	4737-4742	dabei	_	_	
9-55	4743-4751	deutlich	_	_	
9-56	4752-4758	machen	_	_	
9-57	4758-4759	,	_	_	
9-58	4760-4764	dass	_	_	
9-59	4765-4767	es	_	_	
9-60	4768-4771	uns	_	B	
9-61	4772-4775	bei	_	_	
9-62	4776-4779	der	_	B	
9-63	4780-4794	Zusammenarbeit	_	I	
9-64	4795-4797	um	_	_	
9-65	4798-4810	verschiedene	_	B	
9-66	4811-4823	Schwerpunkte	_	I	
9-67	4824-4828	geht	_	_	
9-68	4828-4829	,	_	_	
9-69	4830-4837	nämlich	_	_	
9-70	4838-4840	um	_	_	
9-71	4841-4860	Rechtsstaatlichkeit	_	B	
9-72	4860-4861	,	_	_	
9-73	4862-4864	um	_	_	
9-74	4865-4879	Menschenrechte	_	B	
9-75	4879-4880	,	_	_	
9-76	4881-4883	um	_	_	
9-77	4884-4898	Nachhaltigkeit	_	B	
9-78	4898-4899	,	_	_	
9-79	4900-4902	um	_	_	
9-80	4903-4910	Umwelt-	_	B	
9-81	4911-4914	und	_	I	
9-82	4915-4926	Klimaschutz	_	I	
9-83	4927-4930	und	_	_	
9-84	4931-4935	auch	_	_	
9-85	4936-4938	um	_	_	
9-86	4939-4942	die	_	B	
9-87	4943-4952	Umsetzung	_	I	
9-88	4953-4956	der	_	B	
9-89	4957-4963	Agenda	_	I	
9-90	4964-4969	2030.	_	B	

#Text=Herr Präsident, ich komme zum Schluss. – Liebe Kolleginnen und Kollegen, die Zusammenarbeit mit Schwellenländern liegt in unserem eigenen Interesse. Ich möchte darauf hinweisen: In einem globalen Dorf müssen wir die globalen Herausforderungen gemeinsam angehen; die können wir nur gemeinsam meistern.
10-1	4980-4984	Herr	_	_	
10-2	4985-4994	Präsident	Animated	B	
10-3	4994-4995	,	_	_	
10-4	4996-4999	ich	Animated	B	
10-5	5000-5005	komme	_	_	
10-6	5006-5009	zum	_	_	
10-7	5010-5017	Schluss	_	B	
10-8	5017-5018	.	_	_	
10-9	5019-5020	–	_	_	
10-10	5021-5026	Liebe	_	B	
10-11	5027-5038	Kolleginnen	_	_	
10-12	5039-5042	und	_	_	
10-13	5043-5051	Kollegen	Animated	B	
10-14	5051-5052	,	_	_	
10-15	5053-5056	die	_	B	
10-16	5057-5071	Zusammenarbeit	_	I	
10-17	5072-5075	mit	_	_	
10-18	5076-5092	Schwellenländern	Animated	B	
10-19	5093-5098	liegt	_	_	
10-20	5099-5101	in	_	_	
10-21	5102-5109	unserem	_	B	
10-22	5110-5117	eigenen	_	I	
10-23	5118-5127	Interesse	_	I	
10-24	5127-5128	.	_	_	
10-25	5129-5132	Ich	Animated	B	
10-26	5133-5139	möchte	_	_	
10-27	5140-5146	darauf	_	_	
10-28	5147-5156	hinweisen	_	_	
10-29	5156-5157	:	_	_	
10-30	5158-5160	In	_	_	
10-31	5161-5166	einem	Animated[33]	B	
10-32	5167-5175	globalen	Animated[33]	I	
10-33	5176-5180	Dorf	Animated[33]	I	
10-34	5181-5187	müssen	_	_	
10-35	5188-5191	wir	Animated	B	
10-36	5192-5195	die	_	B	
10-37	5196-5204	globalen	_	I	
10-38	5205-5222	Herausforderungen	_	I	
10-39	5223-5232	gemeinsam	_	_	
10-40	5233-5240	angehen	_	_	
10-41	5240-5241	;	_	_	
10-42	5242-5245	die	_	B	
10-43	5246-5252	können	_	_	
10-44	5253-5256	wir	Animated	B	
10-45	5257-5260	nur	_	_	
10-46	5261-5270	gemeinsam	_	_	
10-47	5271-5279	meistern	_	_	
10-48	5279-5280	.	_	_	

#Text=Wir überweisen den Antrag in den Ausschuss; aber ich plädiere heute schon für Ablehnung.
11-1	5288-5291	Wir	Animated	B	
11-2	5292-5302	überweisen	_	_	
11-3	5303-5306	den	_	B	
11-4	5307-5313	Antrag	_	I	
11-5	5314-5316	in	_	_	
11-6	5317-5320	den	Animated[34]	B	
11-7	5321-5330	Ausschuss	Animated[34]	I	
11-8	5330-5331	;	_	_	
11-9	5332-5336	aber	_	_	
11-10	5337-5340	ich	Animated	B	
11-11	5341-5349	plädiere	_	_	
11-12	5350-5355	heute	_	_	
11-13	5356-5361	schon	_	_	
11-14	5362-5365	für	_	_	
11-15	5366-5375	Ablehnung	_	B	
11-16	5375-5376	.	_	_	

#Text=Danke schön.
12-1	5379-5384	Danke	_	_	
12-2	5385-5390	schön	_	_	
12-3	5390-5391	.	_	_	

#Text=Nächster Redner ist der Kollege Dietmar Friedhoff, AfD.
13-1	5393-5401	Nächster	Animated[35]	B	
13-2	5402-5408	Redner	Animated[35]	I	
13-3	5409-5412	ist	_	_	
13-4	5413-5416	der	Animated[36]	B	
13-5	5417-5424	Kollege	Animated[36]	I	
13-6	5425-5432	Dietmar	Animated[36]	I	
13-7	5433-5442	Friedhoff	Animated[36]	I	
13-8	5442-5443	,	_	_	
13-9	5444-5448	AfD.	Animated	B	
