#FORMAT=WebAnno TSV 3.3
#T_SP=webanno.custom.Animacy|Animated
#T_SP=webanno.custom.CustomChunk|Chunk


#Text=Vielen Dank. – Herr Präsident! Liebe Kolleginnen und Kollegen! Wie soeben stimmen wir an jedem Donnerstag in den Sitzungswochen über die Petitionen ab. Hinter den Petitionen – heute sind es 384 – verbirgt sich sehr viel Arbeit der Mitarbeiterinnen und Mitarbeiter im Petitionsausschuss, aber auch von den Mitarbeiterinnen und Mitarbeitern in unserem Büro. Das muss alles vorbereitet werden. Deshalb denke ich, so kurz vor Weihnachten ist es gut, einmal Danke zu sagen. Vielen Dank!
1-1	0-6	Vielen	_	_	
1-2	7-11	Dank	_	_	
1-3	11-12	.	_	_	
1-4	13-14	–	Animated[1]	B	
1-5	15-19	Herr	Animated[1]	I	
1-6	20-29	Präsident	Animated[1]	I	
1-7	29-30	!	_	_	
1-8	31-36	Liebe	_	B	
1-9	37-48	Kolleginnen	_	_	
1-10	49-52	und	_	_	
1-11	53-61	Kollegen	Animated	B	
1-12	61-62	!	_	_	
1-13	63-66	Wie	_	_	
1-14	67-73	soeben	_	_	
1-15	74-81	stimmen	_	_	
1-16	82-85	wir	Animated	B	
1-17	86-88	an	_	_	
1-18	89-94	jedem	_	B	
1-19	95-105	Donnerstag	_	I	
1-20	106-108	in	_	_	
1-21	109-112	den	_	B	
1-22	113-127	Sitzungswochen	_	I	
1-23	128-132	über	_	_	
1-24	133-136	die	_	B	
1-25	137-147	Petitionen	_	I	
1-26	148-150	ab	_	_	
1-27	150-151	.	_	_	
1-28	152-158	Hinter	_	_	
1-29	159-162	den	_	B	
1-30	163-173	Petitionen	_	I	
1-31	174-175	–	_	_	
1-32	176-181	heute	_	_	
1-33	182-186	sind	_	_	
1-34	187-189	es	_	B	
1-35	190-193	384	_	_	
1-36	194-195	–	_	_	
1-37	196-204	verbirgt	_	_	
1-38	205-209	sich	_	B	
1-39	210-214	sehr	_	B	
1-40	215-219	viel	_	I	
1-41	220-226	Arbeit	_	I	
1-42	227-230	der	Animated[2]	B	
1-43	231-247	Mitarbeiterinnen	Animated[2]	I	
1-44	248-251	und	_	_	
1-45	252-263	Mitarbeiter	Animated	B	
1-46	264-266	im	_	_	
1-47	267-285	Petitionsausschuss	Animated	B	
1-48	285-286	,	_	_	
1-49	287-291	aber	_	_	
1-50	292-296	auch	_	_	
1-51	297-300	von	_	_	
1-52	301-304	den	Animated[3]	B	
1-53	305-321	Mitarbeiterinnen	Animated[3]	I	
1-54	322-325	und	_	_	
1-55	326-338	Mitarbeitern	Animated	B	
1-56	339-341	in	_	_	
1-57	342-349	unserem	_	B	
1-58	350-354	Büro	_	I	
1-59	354-355	.	_	_	
1-60	356-359	Das	_	B	
1-61	360-364	muss	_	_	
1-62	365-370	alles	_	B	
1-63	371-382	vorbereitet	_	_	
1-64	383-389	werden	_	_	
1-65	389-390	.	_	_	
1-66	391-398	Deshalb	_	_	
1-67	399-404	denke	_	_	
1-68	405-408	ich	Animated	B	
1-69	408-409	,	_	_	
1-70	410-412	so	_	_	
1-71	413-417	kurz	_	_	
1-72	418-421	vor	_	_	
1-73	422-433	Weihnachten	_	B	
1-74	434-437	ist	_	_	
1-75	438-440	es	_	B	
1-76	441-444	gut	_	_	
1-77	444-445	,	_	_	
1-78	446-452	einmal	_	_	
1-79	453-458	Danke	_	B	
1-80	459-461	zu	_	_	
1-81	462-467	sagen	_	_	
1-82	467-468	.	_	_	
1-83	469-475	Vielen	_	_	
1-84	476-480	Dank	_	_	
1-85	480-481	!	_	_	

#Text=In aller Regel ist es so, dass die Besucher der Website oder die Fernsehzuschauer gar nicht mitbekommen, worüber hier wir beschließen; und ich wage die steile These, dass auch nicht jeder unserer Kollegen hier weiß, worum es im Einzelnen geht.
2-1	493-495	In	_	_	
2-2	496-501	aller	_	B	
2-3	502-507	Regel	_	I	
2-4	508-511	ist	_	_	
2-5	512-514	es	_	B	
2-6	515-517	so	_	_	
2-7	517-518	,	_	_	
2-8	519-523	dass	_	_	
2-9	524-527	die	Animated[4]	B	
2-10	528-536	Besucher	Animated[4]	I	
2-11	537-540	der	_	B	
2-12	541-548	Website	_	I	
2-13	549-553	oder	_	_	
2-14	554-557	die	Animated[5]	B	
2-15	558-574	Fernsehzuschauer	Animated[5]	I	
2-16	575-578	gar	_	_	
2-17	579-584	nicht	_	_	
2-18	585-596	mitbekommen	_	_	
2-19	596-597	,	_	_	
2-20	598-605	worüber	_	_	
2-21	606-610	hier	_	_	
2-22	611-614	wir	Animated	B	
2-23	615-626	beschließen	_	_	
2-24	626-627	;	_	_	
2-25	628-631	und	_	_	
2-26	632-635	ich	Animated	B	
2-27	636-640	wage	_	_	
2-28	641-644	die	_	B	
2-29	645-651	steile	_	I	
2-30	652-657	These	_	I	
2-31	657-658	,	_	_	
2-32	659-663	dass	_	_	
2-33	664-668	auch	_	B	
2-34	669-674	nicht	_	I	
2-35	675-680	jeder	_	I	
2-36	681-688	unserer	Animated[6]	B	
2-37	689-697	Kollegen	Animated[6]	I	
2-38	698-702	hier	_	_	
2-39	703-707	weiß	_	_	
2-40	707-708	,	_	_	
2-41	709-714	worum	_	_	
2-42	715-717	es	_	_	
2-43	718-720	im	_	_	
2-44	721-730	Einzelnen	_	B	
2-45	731-735	geht	_	_	
2-46	735-736	.	_	_	

#Text=Deshalb finde ich es ganz wunderbar, wenn wir ab und zu eine Petition hervorheben und den Zuschauern deutlich machen können, worum es dabei geht. Das machen wir immer dann, wenn wir uns im Petitionsausschuss einig sind, wenn alle Mitglieder des Ausschusses dafür stimmen, dass wir einen Sachverhalt der Regierung zur Erwägung oder zur Berücksichtigung übergeben, also der Regierung nahelegen, dass sie sich darum kümmert.
3-1	743-750	Deshalb	_	_	
3-2	751-756	finde	_	_	
3-3	757-760	ich	Animated	B	
3-4	761-763	es	_	B	
3-5	764-768	ganz	_	_	
3-6	769-778	wunderbar	_	_	
3-7	778-779	,	_	_	
3-8	780-784	wenn	_	_	
3-9	785-788	wir	Animated	B	
3-10	789-791	ab	_	_	
3-11	792-795	und	_	_	
3-12	796-798	zu	_	_	
3-13	799-803	eine	_	B	
3-14	804-812	Petition	_	I	
3-15	813-824	hervorheben	_	_	
3-16	825-828	und	_	_	
3-17	829-832	den	Animated[7]	B	
3-18	833-843	Zuschauern	Animated[7]	I	
3-19	844-852	deutlich	_	_	
3-20	853-859	machen	_	_	
3-21	860-866	können	_	_	
3-22	866-867	,	_	_	
3-23	868-873	worum	_	_	
3-24	874-876	es	_	_	
3-25	877-882	dabei	_	_	
3-26	883-887	geht	_	_	
3-27	887-888	.	_	_	
3-28	889-892	Das	_	B	
3-29	893-899	machen	_	_	
3-30	900-903	wir	Animated	B	
3-31	904-909	immer	_	_	
3-32	910-914	dann	_	_	
3-33	914-915	,	_	_	
3-34	916-920	wenn	_	_	
3-35	921-924	wir	Animated	B	
3-36	925-928	uns	_	B	
3-37	929-931	im	_	_	
3-38	932-950	Petitionsausschuss	Animated	B	
3-39	951-956	einig	_	_	
3-40	957-961	sind	_	_	
3-41	961-962	,	_	_	
3-42	963-967	wenn	_	_	
3-43	968-972	alle	Animated[8]	B	
3-44	973-983	Mitglieder	Animated[8]	I	
3-45	984-987	des	Animated[9]	B	
3-46	988-999	Ausschusses	Animated[9]	I	
3-47	1000-1005	dafür	_	_	
3-48	1006-1013	stimmen	_	_	
3-49	1013-1014	,	_	_	
3-50	1015-1019	dass	_	_	
3-51	1020-1023	wir	_	B	
3-52	1024-1029	einen	_	B	
3-53	1030-1041	Sachverhalt	_	I	
3-54	1042-1045	der	Animated[10]	B	
3-55	1046-1055	Regierung	Animated[10]	I	
3-56	1056-1059	zur	_	_	
3-57	1060-1068	Erwägung	_	B	
3-58	1069-1073	oder	_	_	
3-59	1074-1077	zur	_	_	
3-60	1078-1094	Berücksichtigung	_	B	
3-61	1095-1104	übergeben	_	_	
3-62	1104-1105	,	_	_	
3-63	1106-1110	also	_	_	
3-64	1111-1114	der	Animated[11]	B	
3-65	1115-1124	Regierung	Animated[11]	I	
3-66	1125-1134	nahelegen	_	_	
3-67	1134-1135	,	_	_	
3-68	1136-1140	dass	_	_	
3-69	1141-1144	sie	_	B	
3-70	1145-1149	sich	_	B	
3-71	1150-1155	darum	_	_	
3-72	1156-1163	kümmert	_	_	
3-73	1163-1164	.	_	_	

#Text=Worum handelt es sich hier? Vielleicht erinnern Sie sich noch: Zur Jahreswende gab es einen Brand im Krefelder Zoo. Es war sehr tragisch. Über 50 Tiere sind damals ums Leben gekommen, darunter auch 8 Menschenaffen. Es war sehr traurig, und viele Bürgerinnen und Bürger und die Mitarbeiter im Tierpark waren sehr bedrückt.
4-1	1174-1179	Worum	_	_	
4-2	1180-1187	handelt	_	_	
4-3	1188-1190	es	_	_	
4-4	1191-1195	sich	_	B	
4-5	1196-1200	hier	_	_	
4-6	1200-1201	?	_	_	
4-7	1202-1212	Vielleicht	_	_	
4-8	1213-1221	erinnern	_	_	
4-9	1222-1225	Sie	_	B	
4-10	1226-1230	sich	_	B	
4-11	1231-1235	noch	_	_	
4-12	1235-1236	:	_	_	
4-13	1237-1240	Zur	_	_	
4-14	1241-1252	Jahreswende	_	B	
4-15	1253-1256	gab	_	_	
4-16	1257-1259	es	_	_	
4-17	1260-1265	einen	_	B	
4-18	1266-1271	Brand	_	I	
4-19	1272-1274	im	_	_	
4-20	1275-1284	Krefelder	_	B	
4-21	1285-1288	Zoo	_	I	
4-22	1288-1289	.	_	_	
4-23	1290-1292	Es	_	B	
4-24	1293-1296	war	_	_	
4-25	1297-1301	sehr	_	_	
4-26	1302-1310	tragisch	_	_	
4-27	1310-1311	.	_	_	
4-28	1312-1316	Über	Animated[12]	B	
4-29	1317-1319	50	Animated[12]	I	
4-30	1320-1325	Tiere	Animated[12]	I	
4-31	1326-1330	sind	_	_	
4-32	1331-1337	damals	_	_	
4-33	1338-1341	ums	_	_	
4-34	1342-1347	Leben	_	B	
4-35	1348-1356	gekommen	_	_	
4-36	1356-1357	,	_	_	
4-37	1358-1366	darunter	_	_	
4-38	1367-1371	auch	_	_	
4-39	1372-1373	8	_	_	
4-40	1374-1387	Menschenaffen	_	_	
4-41	1387-1388	.	_	_	
4-42	1389-1391	Es	_	B	
4-43	1392-1395	war	_	_	
4-44	1396-1400	sehr	_	_	
4-45	1401-1408	traurig	_	_	
4-46	1408-1409	,	_	_	
4-47	1410-1413	und	_	_	
4-48	1414-1419	viele	Animated[13]	B	
4-49	1420-1431	Bürgerinnen	Animated[13]	I	
4-50	1432-1435	und	_	_	
4-51	1436-1442	Bürger	Animated	B	
4-52	1443-1446	und	_	_	
4-53	1447-1450	die	Animated[14]	B	
4-54	1451-1462	Mitarbeiter	Animated[14]	I	
4-55	1463-1465	im	_	_	
4-56	1466-1474	Tierpark	_	B	
4-57	1475-1480	waren	_	_	
4-58	1481-1485	sehr	_	_	
4-59	1486-1494	bedrückt	_	_	
4-60	1494-1495	.	_	_	

#Text=Ursache für den Brand war eine sogenannte Himmelslaterne. Das sind aufsteigende Ballons, die mit festen oder flüssigen Brennstoffen befüllt werden. Sie sind wirklich brandgefährlich; im schlimmsten Sinne des Wortes. Diesen Vorfall nahmen die Petenten zum Anlass, zu handeln. Die Nutzung von Himmelslaternen ist schon seit 2009 verboten, aber sie werden immer noch auf Plattformen des Onlinehandels vertrieben. Deshalb wollten die Petenten, dass auch dieser Vertrieb verboten wird. Und das möchten wir, die Mitglieder des Petitionsausschusses, der Regierung ins Stammbuch schreiben: Bitte verbieten Sie auch den Vertrieb, damit ein solch schrecklicher Vorfall wie der in Krefeld nicht wieder vorkommt.
5-1	1504-1511	Ursache	_	B	
5-2	1512-1515	für	_	_	
5-3	1516-1519	den	_	B	
5-4	1520-1525	Brand	_	I	
5-5	1526-1529	war	_	_	
5-6	1530-1534	eine	_	B	
5-7	1535-1545	sogenannte	_	I	
5-8	1546-1560	Himmelslaterne	_	I	
5-9	1560-1561	.	_	_	
5-10	1562-1565	Das	_	B	
5-11	1566-1570	sind	_	_	
5-12	1571-1583	aufsteigende	_	B	
5-13	1584-1591	Ballons	_	I	
5-14	1591-1592	,	_	_	
5-15	1593-1596	die	_	B	
5-16	1597-1600	mit	_	_	
5-17	1601-1607	festen	_	B	
5-18	1608-1612	oder	_	I	
5-19	1613-1622	flüssigen	_	I	
5-20	1623-1635	Brennstoffen	_	I	
5-21	1636-1643	befüllt	_	_	
5-22	1644-1650	werden	_	_	
5-23	1650-1651	.	_	_	
5-24	1652-1655	Sie	_	B	
5-25	1656-1660	sind	_	_	
5-26	1661-1669	wirklich	_	_	
5-27	1670-1685	brandgefährlich	_	_	
5-28	1685-1686	;	_	_	
5-29	1687-1689	im	_	_	
5-30	1690-1701	schlimmsten	_	B	
5-31	1702-1707	Sinne	_	I	
5-32	1708-1711	des	_	B	
5-33	1712-1718	Wortes	_	I	
5-34	1718-1719	.	_	_	
5-35	1720-1726	Diesen	_	B	
5-36	1727-1734	Vorfall	_	I	
5-37	1735-1741	nahmen	_	_	
5-38	1742-1745	die	Animated[15]	B	
5-39	1746-1754	Petenten	Animated[15]	I	
5-40	1755-1758	zum	_	_	
5-41	1759-1765	Anlass	_	B	
5-42	1765-1766	,	_	_	
5-43	1767-1769	zu	_	_	
5-44	1770-1777	handeln	_	_	
5-45	1777-1778	.	_	_	
5-46	1779-1782	Die	_	B	
5-47	1783-1790	Nutzung	_	I	
5-48	1791-1794	von	_	_	
5-49	1795-1810	Himmelslaternen	_	B	
5-50	1811-1814	ist	_	_	
5-51	1815-1820	schon	_	_	
5-52	1821-1825	seit	_	_	
5-53	1826-1830	2009	_	_	
5-54	1831-1839	verboten	_	_	
5-55	1839-1840	,	_	_	
5-56	1841-1845	aber	_	_	
5-57	1846-1849	sie	_	B	
5-58	1850-1856	werden	_	_	
5-59	1857-1862	immer	_	_	
5-60	1863-1867	noch	_	_	
5-61	1868-1871	auf	_	_	
5-62	1872-1883	Plattformen	_	B	
5-63	1884-1887	des	_	B	
5-64	1888-1901	Onlinehandels	_	I	
5-65	1902-1912	vertrieben	_	_	
5-66	1912-1913	.	_	_	
5-67	1914-1921	Deshalb	_	_	
5-68	1922-1929	wollten	_	_	
5-69	1930-1933	die	Animated[16]	B	
5-70	1934-1942	Petenten	Animated[16]	I	
5-71	1942-1943	,	_	_	
5-72	1944-1948	dass	_	_	
5-73	1949-1953	auch	_	B	
5-74	1954-1960	dieser	_	I	
5-75	1961-1969	Vertrieb	_	I	
5-76	1970-1978	verboten	_	_	
5-77	1979-1983	wird	_	_	
5-78	1983-1984	.	_	_	
5-79	1985-1988	Und	_	_	
5-80	1989-1992	das	_	B	
5-81	1993-2000	möchten	_	_	
5-82	2001-2004	wir	Animated	B	
5-83	2004-2005	,	_	_	
5-84	2006-2009	die	Animated[17]	B	
5-85	2010-2020	Mitglieder	Animated[17]	I	
5-86	2021-2024	des	Animated[18]	B	
5-87	2025-2045	Petitionsausschusses	Animated[18]	I	
5-88	2045-2046	,	_	_	
5-89	2047-2050	der	Animated[19]	B	
5-90	2051-2060	Regierung	Animated[19]	I	
5-91	2061-2064	ins	_	_	
5-92	2065-2074	Stammbuch	_	B	
5-93	2075-2084	schreiben	_	_	
5-94	2084-2085	:	_	_	
5-95	2086-2091	Bitte	_	_	
5-96	2092-2101	verbieten	_	_	
5-97	2102-2105	Sie	_	B	
5-98	2106-2110	auch	_	B	
5-99	2111-2114	den	_	I	
5-100	2115-2123	Vertrieb	_	I	
5-101	2123-2124	,	_	_	
5-102	2125-2130	damit	_	_	
5-103	2131-2134	ein	_	B	
5-104	2135-2140	solch	_	I	
5-105	2141-2154	schrecklicher	_	I	
5-106	2155-2162	Vorfall	_	I	
5-107	2163-2166	wie	_	B	
5-108	2167-2170	der	_	I	
5-109	2171-2173	in	_	_	
5-110	2174-2181	Krefeld	_	B	
5-111	2182-2187	nicht	_	_	
5-112	2188-2194	wieder	_	_	
5-113	2195-2203	vorkommt	_	_	
5-114	2203-2204	.	_	_	

#Text=Vielen Dank.
6-1	2221-2227	Vielen	_	_	
6-2	2228-2232	Dank	_	_	
6-3	2232-2233	.	_	_	
