#FORMAT=WebAnno TSV 3.3
#T_SP=webanno.custom.Animacy|Animated
#T_SP=webanno.custom.CustomChunk|Chunk


#Text=Herr Präsident! Liebe Kolleginnen und Kollegen! Meine Damen und Herren! Worum geht oder – besser gesagt – ging es eigentlich insgesamt bei diesem Gesetz? Es ging um ein Versandhandelsverbot für rezeptpflichtige Medikamente. So stand es zunächst einmal im Koalitionsvertrag. So will es im Übrigen auch die Frau Ministerin Huml in Bayern. So will es der Bundesrat. So gilt es in etwa drei Viertel der EU-Staaten. Und so steht es in dem Antrag meiner Fraktion, der Linken, nach wie vor.
1-1	0-4	Herr	Animated[1]	B	
1-2	5-14	Präsident	Animated[1]	I	
1-3	14-15	!	_	_	
1-4	16-21	Liebe	_	B	
1-5	22-33	Kolleginnen	_	_	
1-6	34-37	und	_	_	
1-7	38-46	Kollegen	Animated	B	
1-8	46-47	!	_	_	
1-9	48-53	Meine	Animated[2]	B	
1-10	54-59	Damen	Animated[2]	I	
1-11	60-63	und	_	_	
1-12	64-70	Herren	Animated	B	
1-13	70-71	!	_	_	
1-14	72-77	Worum	_	_	
1-15	78-82	geht	_	_	
1-16	83-87	oder	_	_	
1-17	88-89	–	_	_	
1-18	90-96	besser	_	_	
1-19	97-103	gesagt	_	_	
1-20	104-105	–	_	_	
1-21	106-110	ging	_	_	
1-22	111-113	es	_	_	
1-23	114-124	eigentlich	_	_	
1-24	125-134	insgesamt	_	_	
1-25	135-138	bei	_	_	
1-26	139-145	diesem	_	B	
1-27	146-152	Gesetz	_	I	
1-28	152-153	?	_	_	
1-29	154-156	Es	_	_	
1-30	157-161	ging	_	_	
1-31	162-164	um	_	_	
1-32	165-168	ein	_	B	
1-33	169-189	Versandhandelsverbot	_	I	
1-34	190-193	für	_	_	
1-35	194-210	rezeptpflichtige	_	B	
1-36	211-222	Medikamente	_	I	
1-37	222-223	.	_	_	
1-38	224-226	So	_	_	
1-39	227-232	stand	_	_	
1-40	233-235	es	_	_	
1-41	236-244	zunächst	_	_	
1-42	245-251	einmal	_	_	
1-43	252-254	im	_	_	
1-44	255-272	Koalitionsvertrag	_	B	
1-45	272-273	.	_	_	
1-46	274-276	So	_	_	
1-47	277-281	will	_	_	
1-48	282-284	es	_	_	
1-49	285-287	im	_	_	
1-50	288-295	Übrigen	_	B	
1-51	296-300	auch	Animated[3]	B	
1-52	301-304	die	Animated[3]	I	
1-53	305-309	Frau	Animated[3]	I	
1-54	310-320	Ministerin	Animated[3]	I	
1-55	321-325	Huml	Animated	B	
1-56	326-328	in	_	_	
1-57	329-335	Bayern	_	B	
1-58	335-336	.	_	_	
1-59	337-339	So	_	_	
1-60	340-344	will	_	_	
1-61	345-347	es	_	B	
1-62	348-351	der	Animated[4]	B	
1-63	352-361	Bundesrat	Animated[4]	I	
1-64	361-362	.	_	_	
1-65	363-365	So	_	_	
1-66	366-370	gilt	_	_	
1-67	371-373	es	_	_	
1-68	374-376	in	_	_	
1-69	377-381	etwa	_	B	
1-70	382-386	drei	_	I	
1-71	387-394	Viertel	_	I	
1-72	395-398	der	Animated[5]	B	
1-73	399-409	EU-Staaten	Animated[5]	I	
1-74	409-410	.	_	_	
1-75	411-414	Und	_	_	
1-76	415-417	so	_	_	
1-77	418-423	steht	_	_	
1-78	424-426	es	_	B	
1-79	427-429	in	_	_	
1-80	430-433	dem	_	B	
1-81	434-440	Antrag	_	I	
1-82	441-447	meiner	Animated[6]	B	
1-83	448-456	Fraktion	Animated[6]	I	
1-84	456-457	,	_	_	
1-85	458-461	der	Animated[7]	B	
1-86	462-468	Linken	Animated[7]	I	
1-87	468-469	,	_	_	
1-88	470-474	nach	_	_	
1-89	475-478	wie	_	_	
1-90	479-482	vor	_	_	
1-91	482-483	.	_	_	

#Text=Warum ist das wichtig? Wichtig ist das deswegen, weil Arzneimittel keine Waren sind wie jede andere Ware, weil es Beratungsbedarf und hohe Qualitätsanforderungen gibt. Insbesondere kranke Menschen brauchen Apotheken vor Ort, wo sie beraten und bei der Handhabung ihrer Medikamente unterstützt werden, unter anderem auch in Bezug auf Unverträglichkeiten, auch am Wochenende und auch in der Nacht.
2-1	496-501	Warum	_	_	
2-2	502-505	ist	_	_	
2-3	506-509	das	_	B	
2-4	510-517	wichtig	_	_	
2-5	517-518	?	_	_	
2-6	519-526	Wichtig	_	_	
2-7	527-530	ist	_	_	
2-8	531-534	das	_	B	
2-9	535-543	deswegen	_	_	
2-10	543-544	,	_	_	
2-11	545-549	weil	_	_	
2-12	550-562	Arzneimittel	_	B	
2-13	563-568	keine	_	B	
2-14	569-574	Waren	_	I	
2-15	575-579	sind	_	_	
2-16	580-583	wie	_	_	
2-17	584-588	jede	_	_	
2-18	589-595	andere	_	_	
2-19	596-600	Ware	_	_	
2-20	600-601	,	_	_	
2-21	602-606	weil	_	_	
2-22	607-609	es	_	_	
2-23	610-625	Beratungsbedarf	_	B	
2-24	626-629	und	_	_	
2-25	630-634	hohe	_	B	
2-26	635-657	Qualitätsanforderungen	_	I	
2-27	658-662	gibt	_	_	
2-28	662-663	.	_	_	
2-29	664-676	Insbesondere	Animated[8]	B	
2-30	677-683	kranke	Animated[8]	I	
2-31	684-692	Menschen	Animated[8]	I	
2-32	693-701	brauchen	_	_	
2-33	702-711	Apotheken	_	B	
2-34	712-715	vor	_	_	
2-35	716-719	Ort	_	B	
2-36	719-720	,	_	_	
2-37	721-723	wo	_	_	
2-38	724-727	sie	_	B	
2-39	728-735	beraten	_	_	
2-40	736-739	und	_	_	
2-41	740-743	bei	_	_	
2-42	744-747	der	_	B	
2-43	748-758	Handhabung	_	I	
2-44	759-764	ihrer	_	B	
2-45	765-776	Medikamente	_	I	
2-46	777-788	unterstützt	_	_	
2-47	789-795	werden	_	_	
2-48	795-796	,	_	_	
2-49	797-802	unter	_	_	
2-50	803-810	anderem	_	B	
2-51	811-815	auch	_	_	
2-52	816-818	in	_	_	
2-53	819-824	Bezug	_	B	
2-54	825-828	auf	_	_	
2-55	829-848	Unverträglichkeiten	_	B	
2-56	848-849	,	_	_	
2-57	850-854	auch	_	_	
2-58	855-857	am	_	_	
2-59	858-868	Wochenende	_	B	
2-60	869-872	und	_	_	
2-61	873-877	auch	_	_	
2-62	878-880	in	_	_	
2-63	881-884	der	_	B	
2-64	885-890	Nacht	_	I	
2-65	890-891	.	_	_	

#Text=Zum Erhalt dieser Apotheken, die im Wettbewerb stehen mit den Onlineversandapotheken, braucht es gleich lange Spieße als unbedingte Voraussetzung. Das Prinzip hierzu ist die Gleichpreisigkeit; die haben wir aber in diesem Gesetz nicht bei Selbstzahlern und Privatversicherten. Eine Schnäppchenjagd im Internet und nur im Notfall die Apotheke vor Ort heranziehen – das führt zu einer existenziellen Bedrohung der Apotheken vor Ort.
3-1	900-903	Zum	_	_	
3-2	904-910	Erhalt	_	B	
3-3	911-917	dieser	_	B	
3-4	918-927	Apotheken	_	I	
3-5	927-928	,	_	_	
3-6	929-932	die	_	B	
3-7	933-935	im	_	_	
3-8	936-946	Wettbewerb	_	B	
3-9	947-953	stehen	_	_	
3-10	954-957	mit	_	_	
3-11	958-961	den	_	B	
3-12	962-984	Onlineversandapotheken	_	I	
3-13	984-985	,	_	_	
3-14	986-993	braucht	_	_	
3-15	994-996	es	_	_	
3-16	997-1003	gleich	_	B	
3-17	1004-1009	lange	_	I	
3-18	1010-1016	Spieße	_	I	
3-19	1017-1020	als	_	_	
3-20	1021-1031	unbedingte	_	B	
3-21	1032-1045	Voraussetzung	_	I	
3-22	1045-1046	.	_	_	
3-23	1047-1050	Das	_	B	
3-24	1051-1058	Prinzip	_	I	
3-25	1059-1065	hierzu	_	_	
3-26	1066-1069	ist	_	_	
3-27	1070-1073	die	_	B	
3-28	1074-1091	Gleichpreisigkeit	_	I	
3-29	1091-1092	;	_	_	
3-30	1093-1096	die	_	B	
3-31	1097-1102	haben	_	_	
3-32	1103-1106	wir	Animated	B	
3-33	1107-1111	aber	_	_	
3-34	1112-1114	in	_	_	
3-35	1115-1121	diesem	_	B	
3-36	1122-1128	Gesetz	_	I	
3-37	1129-1134	nicht	Animated[9]	B	
3-38	1135-1138	bei	Animated[9]	I	
3-39	1139-1152	Selbstzahlern	Animated[9]	I	
3-40	1153-1156	und	_	_	
3-41	1157-1175	Privatversicherten	Animated	B	
3-42	1175-1176	.	_	_	
3-43	1177-1181	Eine	_	B	
3-44	1182-1197	Schnäppchenjagd	_	I	
3-45	1198-1200	im	_	_	
3-46	1201-1209	Internet	_	B	
3-47	1210-1213	und	_	_	
3-48	1214-1217	nur	_	_	
3-49	1218-1220	im	_	_	
3-50	1221-1228	Notfall	_	B	
3-51	1229-1232	die	_	B	
3-52	1233-1241	Apotheke	_	I	
3-53	1242-1245	vor	_	_	
3-54	1246-1249	Ort	_	B	
3-55	1250-1261	heranziehen	_	_	
3-56	1262-1263	–	_	B	
3-57	1264-1267	das	_	I	
3-58	1268-1273	führt	_	_	
3-59	1274-1276	zu	_	_	
3-60	1277-1282	einer	_	B	
3-61	1283-1297	existenziellen	_	I	
3-62	1298-1307	Bedrohung	_	I	
3-63	1308-1311	der	_	B	
3-64	1312-1321	Apotheken	_	I	
3-65	1322-1325	vor	_	_	
3-66	1326-1329	Ort	_	B	
3-67	1329-1330	.	_	_	

#Text=Studien belegen die katastrophalen Auswirkungen, die ein Anstieg des Onlineversandhandels hätte, auch die von Spahn in Auftrag gegebene IGES-Studie, die das E-Rezept als Gamechanger sieht. Die Kombination von E-Rezept und Onlinehandel führt genau zu einem solchen enormen Druck auf die Apotheken vor Ort, und es werden viele davon dem Druck nicht standhalten können.
4-1	1337-1344	Studien	_	B	
4-2	1345-1352	belegen	_	_	
4-3	1353-1356	die	_	B	
4-4	1357-1371	katastrophalen	_	I	
4-5	1372-1384	Auswirkungen	_	I	
4-6	1384-1385	,	_	_	
4-7	1386-1389	die	_	B	
4-8	1390-1393	ein	_	B	
4-9	1394-1401	Anstieg	_	I	
4-10	1402-1405	des	_	B	
4-11	1406-1426	Onlineversandhandels	_	I	
4-12	1427-1432	hätte	_	_	
4-13	1432-1433	,	_	_	
4-14	1434-1438	auch	_	_	
4-15	1439-1442	die	_	_	
4-16	1443-1446	von	_	_	
4-17	1447-1452	Spahn	Animated	B	
4-18	1453-1455	in	_	_	
4-19	1456-1463	Auftrag	_	B	
4-20	1464-1472	gegebene	_	_	
4-21	1473-1484	IGES-Studie	_	_	
4-22	1484-1485	,	_	_	
4-23	1486-1489	die	_	B	
4-24	1490-1493	das	_	B	
4-25	1494-1502	E-Rezept	_	I	
4-26	1503-1506	als	_	_	
4-27	1507-1518	Gamechanger	_	B	
4-28	1519-1524	sieht	_	_	
4-29	1524-1525	.	_	_	
4-30	1526-1529	Die	_	B	
4-31	1530-1541	Kombination	_	I	
4-32	1542-1545	von	_	_	
4-33	1546-1554	E-Rezept	_	B	
4-34	1555-1558	und	_	_	
4-35	1559-1571	Onlinehandel	_	B	
4-36	1572-1577	führt	_	_	
4-37	1578-1583	genau	_	_	
4-38	1584-1586	zu	_	_	
4-39	1587-1592	einem	_	B	
4-40	1593-1600	solchen	_	I	
4-41	1601-1608	enormen	_	I	
4-42	1609-1614	Druck	_	I	
4-43	1615-1618	auf	_	_	
4-44	1619-1622	die	_	B	
4-45	1623-1632	Apotheken	_	I	
4-46	1633-1636	vor	_	_	
4-47	1637-1640	Ort	_	B	
4-48	1640-1641	,	_	_	
4-49	1642-1645	und	_	_	
4-50	1646-1648	es	_	B	
4-51	1649-1655	werden	_	_	
4-52	1656-1661	viele	_	B	
4-53	1662-1667	davon	_	_	
4-54	1668-1671	dem	_	B	
4-55	1672-1677	Druck	_	I	
4-56	1678-1683	nicht	_	_	
4-57	1684-1695	standhalten	_	_	
4-58	1696-1702	können	_	_	
4-59	1702-1703	.	_	_	

#Text=Insofern ist das Gesetz eine Mogelpackung. Es steht vorne „Vor-Ort-Apotheken-Stärkungsgesetz“ drauf; aber das ist nicht der Inhalt des Gesetzes. Daran ändern auch die Vergütungen für pharmazeutische Dienstleistungen nichts, die im Wesentlichen aufgenommen worden sind, um den Apothekerverband zu befrieden.
5-1	1710-1718	Insofern	_	_	
5-2	1719-1722	ist	_	_	
5-3	1723-1726	das	_	B	
5-4	1727-1733	Gesetz	_	I	
5-5	1734-1738	eine	_	B	
5-6	1739-1751	Mogelpackung	_	I	
5-7	1751-1752	.	_	_	
5-8	1753-1755	Es	_	B	
5-9	1756-1761	steht	_	_	
5-10	1762-1767	vorne	_	_	
5-11	1768-1769	„	_	B	
5-12	1769-1802	Vor-Ort-Apotheken-Stärkungsgesetz	_	I	
5-13	1802-1803	“	_	_	
5-14	1804-1809	drauf	_	_	
5-15	1809-1810	;	_	_	
5-16	1811-1815	aber	_	_	
5-17	1816-1819	das	_	B	
5-18	1820-1823	ist	_	_	
5-19	1824-1829	nicht	_	_	
5-20	1830-1833	der	_	B	
5-21	1834-1840	Inhalt	_	I	
5-22	1841-1844	des	_	B	
5-23	1845-1853	Gesetzes	_	I	
5-24	1853-1854	.	_	_	
5-25	1855-1860	Daran	_	_	
5-26	1861-1867	ändern	_	_	
5-27	1868-1872	auch	_	B	
5-28	1873-1876	die	_	I	
5-29	1877-1888	Vergütungen	_	I	
5-30	1889-1892	für	_	_	
5-31	1893-1908	pharmazeutische	_	B	
5-32	1909-1925	Dienstleistungen	_	I	
5-33	1926-1932	nichts	_	B	
5-34	1932-1933	,	_	_	
5-35	1934-1937	die	_	B	
5-36	1938-1940	im	_	_	
5-37	1941-1953	Wesentlichen	_	B	
5-38	1954-1965	aufgenommen	_	_	
5-39	1966-1972	worden	_	_	
5-40	1973-1977	sind	_	_	
5-41	1977-1978	,	_	_	
5-42	1979-1981	um	_	_	
5-43	1982-1985	den	Animated[10]	B	
5-44	1986-2002	Apothekerverband	Animated[10]	I	
5-45	2003-2005	zu	_	_	
5-46	2006-2015	befrieden	_	_	
5-47	2015-2016	.	_	_	

#Text=Wie ist die 180-Grad-Wende der Koalition zu erklären? Es werden verfassungsrechtliche und europarechtliche Bedenken angeführt – haben wir gerade gehört –; das macht stutzig. Die Mehrheit in diesem Hause lässt sich bei anderen Gelegenheiten davon wenig beeindrucken. Bei der Wahlrechtsreform beispielsweise, da hat man sich wenig davon beeindrucken lassen.
6-1	2025-2028	Wie	_	_	
6-2	2029-2032	ist	_	_	
6-3	2033-2036	die	_	B	
6-4	2037-2051	180-Grad-Wende	_	I	
6-5	2052-2055	der	Animated[11]	B	
6-6	2056-2065	Koalition	Animated[11]	I	
6-7	2066-2068	zu	_	_	
6-8	2069-2077	erklären	_	_	
6-9	2077-2078	?	_	_	
6-10	2079-2081	Es	_	_	
6-11	2082-2088	werden	_	_	
6-12	2089-2110	verfassungsrechtliche	_	B	
6-13	2111-2114	und	_	I	
6-14	2115-2131	europarechtliche	_	I	
6-15	2132-2140	Bedenken	_	I	
6-16	2141-2150	angeführt	_	_	
6-17	2151-2152	–	_	_	
6-18	2153-2158	haben	_	_	
6-19	2159-2162	wir	Animated	B	
6-20	2163-2169	gerade	_	_	
6-21	2170-2176	gehört	_	_	
6-22	2177-2178	–	_	_	
6-23	2178-2179	;	_	_	
6-24	2180-2183	das	_	B	
6-25	2184-2189	macht	_	_	
6-26	2190-2197	stutzig	_	_	
6-27	2197-2198	.	_	_	
6-28	2199-2202	Die	_	B	
6-29	2203-2211	Mehrheit	_	I	
6-30	2212-2214	in	_	_	
6-31	2215-2221	diesem	Animated[12]	B	
6-32	2222-2227	Hause	Animated[12]	I	
6-33	2228-2233	lässt	_	_	
6-34	2234-2238	sich	_	B	
6-35	2239-2242	bei	_	_	
6-36	2243-2250	anderen	_	B	
6-37	2251-2264	Gelegenheiten	_	I	
6-38	2265-2270	davon	_	_	
6-39	2271-2276	wenig	_	_	
6-40	2277-2289	beeindrucken	_	_	
6-41	2289-2290	.	_	_	
6-42	2291-2294	Bei	_	_	
6-43	2295-2298	der	_	B	
6-44	2299-2315	Wahlrechtsreform	_	I	
6-45	2316-2330	beispielsweise	_	_	
6-46	2330-2331	,	_	_	
6-47	2332-2334	da	_	_	
6-48	2335-2338	hat	_	_	
6-49	2339-2342	man	Animated	B	
6-50	2343-2347	sich	_	B	
6-51	2348-2353	wenig	_	B	
6-52	2354-2359	davon	_	_	
6-53	2360-2372	beeindrucken	_	_	
6-54	2373-2379	lassen	_	_	
6-55	2379-2380	.	_	_	

#Text=Ich möchte im Zusammenhang mit dieser 180-Grad-Wende in der Frage des Versandhandels vom Koalitionsvertrag bis zum Gesetz zumindest mal erwähnen, dass Europas größtes Onlinemedizinversandhaus DocMorris ein regelmäßiger Sponsor Ihrer Parteitage und Festivitäten wie Spargelfahrten war und ist.
7-1	2387-2390	Ich	Animated	B	
7-2	2391-2397	möchte	_	_	
7-3	2398-2400	im	_	_	
7-4	2401-2413	Zusammenhang	_	B	
7-5	2414-2417	mit	_	_	
7-6	2418-2424	dieser	_	B	
7-7	2425-2439	180-Grad-Wende	_	I	
7-8	2440-2442	in	_	_	
7-9	2443-2446	der	_	B	
7-10	2447-2452	Frage	_	I	
7-11	2453-2456	des	_	B	
7-12	2457-2471	Versandhandels	_	I	
7-13	2472-2475	vom	_	_	
7-14	2476-2493	Koalitionsvertrag	_	B	
7-15	2494-2497	bis	_	_	
7-16	2498-2501	zum	_	_	
7-17	2502-2508	Gesetz	_	B	
7-18	2509-2518	zumindest	_	_	
7-19	2519-2522	mal	_	_	
7-20	2523-2531	erwähnen	_	_	
7-21	2531-2532	,	_	_	
7-22	2533-2537	dass	_	_	
7-23	2538-2545	Europas	_	B	
7-24	2546-2553	größtes	_	_	
7-25	2554-2578	Onlinemedizinversandhaus	_	_	
7-26	2579-2588	DocMorris	Animated	B	
7-27	2589-2592	ein	Animated[13]	B	
7-28	2593-2605	regelmäßiger	Animated[13]	I	
7-29	2606-2613	Sponsor	Animated[13]	I	
7-30	2614-2619	Ihrer	_	B	
7-31	2620-2630	Parteitage	_	I	
7-32	2631-2634	und	_	_	
7-33	2635-2647	Festivitäten	_	B	
7-34	2648-2651	wie	_	_	
7-35	2652-2666	Spargelfahrten	_	_	
7-36	2667-2670	war	_	_	
7-37	2671-2674	und	_	_	
7-38	2675-2678	ist	_	_	
7-39	2678-2679	.	_	_	

#Text=Und dass zuletzt die drei Kandidaten für den CDU-Vorsitz auf einer Veranstaltung der Jungen Union mit Masken aufgetreten sind, auf denen das Logo von DocMorris prangte:
8-1	2682-2685	Und	_	_	
8-2	2686-2690	dass	_	_	
8-3	2691-2698	zuletzt	_	_	
8-4	2699-2702	die	Animated[14]	B	
8-5	2703-2707	drei	Animated[14]	I	
8-6	2708-2718	Kandidaten	Animated[14]	I	
8-7	2719-2722	für	_	_	
8-8	2723-2726	den	Animated[15]	B	
8-9	2727-2738	CDU-Vorsitz	Animated[15]	I	
8-10	2739-2742	auf	_	_	
8-11	2743-2748	einer	_	B	
8-12	2749-2762	Veranstaltung	_	I	
8-13	2763-2766	der	Animated[16]	B	
8-14	2767-2773	Jungen	Animated[16]	I	
8-15	2774-2779	Union	Animated[16]	I	
8-16	2780-2783	mit	_	_	
8-17	2784-2790	Masken	_	B	
8-18	2791-2802	aufgetreten	_	_	
8-19	2803-2807	sind	_	_	
8-20	2807-2808	,	_	_	
8-21	2809-2812	auf	_	_	
8-22	2813-2818	denen	_	B	
8-23	2819-2822	das	_	B	
8-24	2823-2827	Logo	_	I	
8-25	2828-2831	von	_	_	
8-26	2832-2841	DocMorris	Animated	B	
8-27	2842-2849	prangte	_	_	
8-28	2849-2850	:	_	_	

#Text=was das vielleicht mit dieser Wende zu tun haben kann – ein Schelm, wer Böses dabei denkt.
9-1	2853-2856	was	_	B	
9-2	2857-2860	das	_	B	
9-3	2861-2871	vielleicht	_	_	
9-4	2872-2875	mit	_	_	
9-5	2876-2882	dieser	_	B	
9-6	2883-2888	Wende	_	I	
9-7	2889-2891	zu	_	_	
9-8	2892-2895	tun	_	_	
9-9	2896-2901	haben	_	_	
9-10	2902-2906	kann	_	_	
9-11	2907-2908	–	_	_	
9-12	2909-2912	ein	Animated[17]	B	
9-13	2913-2919	Schelm	Animated[17]	I	
9-14	2919-2920	,	_	_	
9-15	2921-2924	wer	_	B	
9-16	2925-2930	Böses	_	B	
9-17	2931-2936	dabei	_	_	
9-18	2937-2942	denkt	_	_	
9-19	2942-2943	.	_	_	

#Text=Wir werden diese 180-Grad-Wende auf jeden Fall nicht mitmachen, also das Gesetz ablehnen.
10-1	2946-2949	Wir	Animated	B	
10-2	2950-2956	werden	_	_	
10-3	2957-2962	diese	_	B	
10-4	2963-2977	180-Grad-Wende	_	I	
10-5	2978-2981	auf	_	_	
10-6	2982-2987	jeden	_	B	
10-7	2988-2992	Fall	_	I	
10-8	2993-2998	nicht	_	_	
10-9	2999-3008	mitmachen	_	_	
10-10	3008-3009	,	_	_	
10-11	3010-3014	also	_	_	
10-12	3015-3018	das	_	B	
10-13	3019-3025	Gesetz	_	I	
10-14	3026-3034	ablehnen	_	_	
10-15	3034-3035	.	_	_	

#Text=Vielen Dank.
11-1	3038-3044	Vielen	_	_	
11-2	3045-3049	Dank	_	_	
11-3	3049-3050	.	_	_	

#Text=Ach so, eins noch: Ich werde jetzt gleich mal rausgehen müssen, um an der namentlichen Abstimmung teilzunehmen. Das ist das Problem, wenn man nur eine halbe Stunde für die Abstimmung zulässt und die genau in die Debattenzeit fällt.
12-1	3052-3055	Ach	_	_	
12-2	3056-3058	so	_	_	
12-3	3058-3059	,	_	_	
12-4	3060-3064	eins	_	B	
12-5	3065-3069	noch	_	_	
12-6	3069-3070	:	_	_	
12-7	3071-3074	Ich	Animated	B	
12-8	3075-3080	werde	_	_	
12-9	3081-3086	jetzt	_	_	
12-10	3087-3093	gleich	_	_	
12-11	3094-3097	mal	_	_	
12-12	3098-3107	rausgehen	_	_	
12-13	3108-3114	müssen	_	_	
12-14	3114-3115	,	_	_	
12-15	3116-3118	um	_	_	
12-16	3119-3121	an	_	_	
12-17	3122-3125	der	_	B	
12-18	3126-3138	namentlichen	_	I	
12-19	3139-3149	Abstimmung	_	I	
12-20	3150-3162	teilzunehmen	_	_	
12-21	3162-3163	.	_	_	
12-22	3164-3167	Das	_	B	
12-23	3168-3171	ist	_	_	
12-24	3172-3175	das	_	B	
12-25	3176-3183	Problem	_	I	
12-26	3183-3184	,	_	_	
12-27	3185-3189	wenn	_	_	
12-28	3190-3193	man	Animated	B	
12-29	3194-3197	nur	_	B	
12-30	3198-3202	eine	_	I	
12-31	3203-3208	halbe	_	I	
12-32	3209-3215	Stunde	_	I	
12-33	3216-3219	für	_	_	
12-34	3220-3223	die	_	B	
12-35	3224-3234	Abstimmung	_	I	
12-36	3235-3242	zulässt	_	_	
12-37	3243-3246	und	_	_	
12-38	3247-3250	die	_	B	
12-39	3251-3256	genau	_	_	
12-40	3257-3259	in	_	_	
12-41	3260-3263	die	_	B	
12-42	3264-3276	Debattenzeit	_	I	
12-43	3277-3282	fällt	_	_	
12-44	3282-3283	.	_	_	

#Text=Das will ich nur ganz kurz sagen. Es ist keine Unhöflichkeit, dass ich gleich gehe.
13-1	3290-3293	Das	_	B	
13-2	3294-3298	will	_	_	
13-3	3299-3302	ich	Animated	B	
13-4	3303-3306	nur	_	_	
13-5	3307-3311	ganz	_	_	
13-6	3312-3316	kurz	_	_	
13-7	3317-3322	sagen	_	_	
13-8	3322-3323	.	_	_	
13-9	3324-3326	Es	_	B	
13-10	3327-3330	ist	_	_	
13-11	3331-3336	keine	_	B	
13-12	3337-3350	Unhöflichkeit	_	I	
13-13	3350-3351	,	_	_	
13-14	3352-3356	dass	_	_	
13-15	3357-3360	ich	Animated	B	
13-16	3361-3367	gleich	_	_	
13-17	3368-3372	gehe	_	_	
13-18	3372-3373	.	_	_	

#Text=Lieber Herr Kollege Weinberg, das war ein ganz wichtiger Hinweis. – Liebe Kolleginnen und Kollegen, wir schließen demnächst die Abstimmung, natürlich nachdem der Kollege Weinberg abgestimmt hat. Sollte noch jemand da sein, der das Bedürfnis hat, abzustimmen, und es noch nicht gemacht hat, der hat jetzt Gelegenheit. Wie gesagt: wenige Minuten.
14-1	3377-3383	Lieber	_	_	
14-2	3384-3388	Herr	_	_	
14-3	3389-3396	Kollege	Animated[18]	B	
14-4	3397-3405	Weinberg	Animated[18]	I	
14-5	3405-3406	,	_	_	
14-6	3407-3410	das	_	_	
14-7	3411-3414	war	_	_	
14-8	3415-3418	ein	_	B	
14-9	3419-3423	ganz	_	I	
14-10	3424-3433	wichtiger	_	I	
14-11	3434-3441	Hinweis	_	I	
14-12	3441-3442	.	_	_	
14-13	3443-3444	–	_	_	
14-14	3445-3450	Liebe	_	B	
14-15	3451-3462	Kolleginnen	_	_	
14-16	3463-3466	und	_	_	
14-17	3467-3475	Kollegen	Animated	B	
14-18	3475-3476	,	_	_	
14-19	3477-3480	wir	Animated	B	
14-20	3481-3490	schließen	_	_	
14-21	3491-3500	demnächst	_	_	
14-22	3501-3504	die	_	B	
14-23	3505-3515	Abstimmung	_	I	
14-24	3515-3516	,	_	_	
14-25	3517-3526	natürlich	_	_	
14-26	3527-3534	nachdem	_	_	
14-27	3535-3538	der	Animated[19]	B	
14-28	3539-3546	Kollege	Animated[19]	I	
14-29	3547-3555	Weinberg	Animated[19]	I	
14-30	3556-3566	abgestimmt	_	_	
14-31	3567-3570	hat	_	_	
14-32	3570-3571	.	_	_	
14-33	3572-3578	Sollte	_	_	
14-34	3579-3583	noch	_	B	
14-35	3584-3590	jemand	Animated	I	
14-36	3591-3593	da	_	_	
14-37	3594-3598	sein	_	_	
14-38	3598-3599	,	_	_	
14-39	3600-3603	der	_	B	
14-40	3604-3607	das	_	B	
14-41	3608-3617	Bedürfnis	_	I	
14-42	3618-3621	hat	_	_	
14-43	3621-3622	,	_	_	
14-44	3623-3634	abzustimmen	_	_	
14-45	3634-3635	,	_	_	
14-46	3636-3639	und	_	_	
14-47	3640-3642	es	_	B	
14-48	3643-3647	noch	_	_	
14-49	3648-3653	nicht	_	_	
14-50	3654-3661	gemacht	_	_	
14-51	3662-3665	hat	_	_	
14-52	3665-3666	,	_	_	
14-53	3667-3670	der	_	_	
14-54	3671-3674	hat	_	_	
14-55	3675-3680	jetzt	_	_	
14-56	3681-3692	Gelegenheit	_	B	
14-57	3692-3693	.	_	_	
14-58	3694-3697	Wie	_	_	
14-59	3698-3704	gesagt	_	_	
14-60	3704-3705	:	_	_	
14-61	3706-3712	wenige	_	B	
14-62	3713-3720	Minuten	_	I	
14-63	3720-3721	.	_	_	

#Text=Jetzt kommt als nächste Rednerin die Kollegin Kordula Schulz-Asche für Bündnis 90/Die Grünen.
15-1	3734-3739	Jetzt	_	_	
15-2	3740-3745	kommt	_	_	
15-3	3746-3749	als	_	_	
15-4	3750-3757	nächste	Animated[20]	B	
15-5	3758-3766	Rednerin	Animated[20]	I	
15-6	3767-3770	die	Animated[21]	B	
15-7	3771-3779	Kollegin	Animated[21]	I	
15-8	3780-3787	Kordula	Animated[21]	I	
15-9	3788-3800	Schulz-Asche	Animated[21]	I	
15-10	3801-3804	für	_	_	
15-11	3805-3812	Bündnis	_	B	
15-12	3813-3815	90	_	_	
15-13	3815-3816	/	_	_	
15-14	3816-3819	Die	Animated[22]	B	
15-15	3820-3826	Grünen	Animated[22]	I	
15-16	3826-3827	.	_	_	
