#FORMAT=WebAnno TSV 3.3
#T_SP=webanno.custom.Animacy|Animated
#T_SP=webanno.custom.CustomChunk|Chunk


#Text=Herr Präsident! Verehrte Kolleginnen und Kollegen! Immer wenn ich abends zurück ins Camp komme, habe ich das Gefühl, etwas Sinnvolles gemacht zu haben. – Das sagte ein Soldat ganz offen bei einer Begegnung, die sich im Rahmen einer Reise von Mitgliedern des Verteidigungsausschusses unter der Leitung des damaligen Staatssekretärs Grübel ergab.
1-1	0-4	Herr	Animated[1]	B	
1-2	5-14	Präsident	Animated[1]	I	
1-3	14-15	!	_	_	
1-4	16-24	Verehrte	Animated[2]	B	
1-5	25-36	Kolleginnen	Animated[2]	I	
1-6	37-40	und	_	_	
1-7	41-49	Kollegen	Animated	B	
1-8	49-50	!	_	_	
1-9	51-56	Immer	_	_	
1-10	57-61	wenn	_	_	
1-11	62-65	ich	Animated	B	
1-12	66-72	abends	_	_	
1-13	73-79	zurück	_	_	
1-14	80-83	ins	_	_	
1-15	84-88	Camp	_	B	
1-16	89-94	komme	_	_	
1-17	94-95	,	_	_	
1-18	96-100	habe	_	_	
1-19	101-104	ich	Animated	B	
1-20	105-108	das	_	B	
1-21	109-115	Gefühl	_	I	
1-22	115-116	,	_	_	
1-23	117-122	etwas	_	B	
1-24	123-133	Sinnvolles	_	I	
1-25	134-141	gemacht	_	_	
1-26	142-144	zu	_	_	
1-27	145-150	haben	_	_	
1-28	150-151	.	_	_	
1-29	152-153	–	_	_	
1-30	154-157	Das	_	B	
1-31	158-163	sagte	_	_	
1-32	164-167	ein	Animated[3]	B	
1-33	168-174	Soldat	Animated[3]	I	
1-34	175-179	ganz	_	_	
1-35	180-185	offen	_	_	
1-36	186-189	bei	_	_	
1-37	190-195	einer	_	B	
1-38	196-205	Begegnung	_	I	
1-39	205-206	,	_	_	
1-40	207-210	die	_	B	
1-41	211-215	sich	_	B	
1-42	216-218	im	_	_	
1-43	219-225	Rahmen	_	B	
1-44	226-231	einer	_	B	
1-45	232-237	Reise	_	I	
1-46	238-241	von	_	_	
1-47	242-253	Mitgliedern	Animated	B	
1-48	254-257	des	Animated[4]	B	
1-49	258-282	Verteidigungsausschusses	Animated[4]	I	
1-50	283-288	unter	_	_	
1-51	289-292	der	_	B	
1-52	293-300	Leitung	_	I	
1-53	301-304	des	Animated[5]	B	
1-54	305-314	damaligen	Animated[5]	I	
1-55	315-330	Staatssekretärs	Animated[5]	I	
1-56	331-337	Grübel	Animated[5]	I	
1-57	338-343	ergab	_	_	
1-58	343-344	.	_	_	

#Text=Die Soldatinnen und Soldaten, die wir dort trafen, empfinden ihre Tätigkeit unisono als sinnvoll und sehr erfüllend. Es wurde betont, wie wertschätzend die Kurden dem deutschen Engagement gegenüberstehen. – Zitat: Der beste Einsatz, in dem ich je war. – Auch seitens der zentralirakischen Streitkräfte wurde die Wertschätzung für das deutsche Engagement hervorgehoben, ebenso wie der Bedarf einer entsprechenden Weiterführung des Einsatzes mit einer Fokussierung auf den Zentralirak.
2-1	352-355	Die	Animated[6]	B	
2-2	356-367	Soldatinnen	Animated[6]	I	
2-3	368-371	und	_	_	
2-4	372-380	Soldaten	Animated	B	
2-5	380-381	,	_	_	
2-6	382-385	die	_	B	
2-7	386-389	wir	Animated	B	
2-8	390-394	dort	_	_	
2-9	395-401	trafen	_	_	
2-10	401-402	,	_	_	
2-11	403-412	empfinden	_	_	
2-12	413-417	ihre	_	B	
2-13	418-427	Tätigkeit	_	I	
2-14	428-435	unisono	_	_	
2-15	436-439	als	_	_	
2-16	440-448	sinnvoll	_	_	
2-17	449-452	und	_	_	
2-18	453-457	sehr	_	_	
2-19	458-467	erfüllend	_	_	
2-20	467-468	.	_	_	
2-21	469-471	Es	_	B	
2-22	472-477	wurde	_	_	
2-23	478-484	betont	_	_	
2-24	484-485	,	_	_	
2-25	486-489	wie	_	_	
2-26	490-503	wertschätzend	_	_	
2-27	504-507	die	Animated[7]	B	
2-28	508-514	Kurden	Animated[7]	I	
2-29	515-518	dem	_	B	
2-30	519-528	deutschen	_	I	
2-31	529-539	Engagement	_	I	
2-32	540-555	gegenüberstehen	_	_	
2-33	555-556	.	_	_	
2-34	557-558	–	_	B	
2-35	559-564	Zitat	_	I	
2-36	564-565	:	_	_	
2-37	566-569	Der	_	B	
2-38	570-575	beste	_	I	
2-39	576-583	Einsatz	_	I	
2-40	583-584	,	_	_	
2-41	585-587	in	_	_	
2-42	588-591	dem	_	B	
2-43	592-595	ich	Animated	B	
2-44	596-598	je	_	_	
2-45	599-602	war	_	_	
2-46	602-603	.	_	_	
2-47	604-605	–	_	_	
2-48	606-610	Auch	_	_	
2-49	611-618	seitens	_	_	
2-50	619-622	der	Animated[8]	B	
2-51	623-640	zentralirakischen	Animated[8]	I	
2-52	641-653	Streitkräfte	Animated[8]	I	
2-53	654-659	wurde	_	_	
2-54	660-663	die	_	B	
2-55	664-677	Wertschätzung	_	I	
2-56	678-681	für	_	_	
2-57	682-685	das	_	B	
2-58	686-694	deutsche	_	I	
2-59	695-705	Engagement	_	I	
2-60	706-719	hervorgehoben	_	_	
2-61	719-720	,	_	_	
2-62	721-727	ebenso	_	_	
2-63	728-731	wie	_	_	
2-64	732-735	der	_	_	
2-65	736-742	Bedarf	_	_	
2-66	743-748	einer	_	B	
2-67	749-763	entsprechenden	_	I	
2-68	764-777	Weiterführung	_	I	
2-69	778-781	des	_	B	
2-70	782-791	Einsatzes	_	I	
2-71	792-795	mit	_	_	
2-72	796-801	einer	_	B	
2-73	802-814	Fokussierung	_	I	
2-74	815-818	auf	_	_	
2-75	819-822	den	_	B	
2-76	823-834	Zentralirak	_	I	
2-77	834-835	.	_	_	

#Text=Mir ist sehr wohl bewusst, wie umstritten dieser Einsatz ist – auch hier in diesem Hohen Hause. Deshalb ist es mir ein Anliegen, Sie zu überzeugen – gerade vor dem Hintergrund der Eindrücke, die ich vor Ort gewinnen konnte.
3-1	846-849	Mir	_	B	
3-2	850-853	ist	_	_	
3-3	854-858	sehr	_	_	
3-4	859-863	wohl	_	_	
3-5	864-871	bewusst	_	_	
3-6	871-872	,	_	_	
3-7	873-876	wie	_	_	
3-8	877-887	umstritten	_	_	
3-9	888-894	dieser	_	B	
3-10	895-902	Einsatz	_	I	
3-11	903-906	ist	_	_	
3-12	907-908	–	_	_	
3-13	909-913	auch	_	_	
3-14	914-918	hier	_	_	
3-15	919-921	in	_	_	
3-16	922-928	diesem	_	B	
3-17	929-934	Hohen	_	I	
3-18	935-940	Hause	_	I	
3-19	940-941	.	_	_	
3-20	942-949	Deshalb	_	_	
3-21	950-953	ist	_	_	
3-22	954-956	es	_	B	
3-23	957-960	mir	_	B	
3-24	961-964	ein	_	B	
3-25	965-973	Anliegen	_	I	
3-26	973-974	,	_	_	
3-27	975-978	Sie	_	B	
3-28	979-981	zu	_	_	
3-29	982-992	überzeugen	_	_	
3-30	993-994	–	_	_	
3-31	995-1001	gerade	_	_	
3-32	1002-1005	vor	_	_	
3-33	1006-1009	dem	_	B	
3-34	1010-1021	Hintergrund	_	I	
3-35	1022-1025	der	_	B	
3-36	1026-1035	Eindrücke	_	I	
3-37	1035-1036	,	_	_	
3-38	1037-1040	die	_	B	
3-39	1041-1044	ich	Animated	B	
3-40	1045-1048	vor	_	_	
3-41	1049-1052	Ort	_	B	
3-42	1053-1061	gewinnen	_	_	
3-43	1062-1068	konnte	_	_	
3-44	1068-1069	.	_	_	

#Text=Ich bin davon überzeugt: Der Irak kann trotz seiner unruhigen Geschichte ein Hoffnungsträger für die Region sein. Vor Ort wurde deutlich: Die Bereitschaft zur gesellschaftlichen Veränderung ist zurzeit im Irak gegeben. Der Wunsch nach nationaler Einheit und wirtschaftlichem Aufschwung überwiegt die innerirakischen Spannungen.
4-1	1075-1078	Ich	Animated	B	
4-2	1079-1082	bin	_	_	
4-3	1083-1088	davon	_	_	
4-4	1089-1098	überzeugt	_	_	
4-5	1098-1099	:	_	_	
4-6	1100-1103	Der	Animated[9]	B	
4-7	1104-1108	Irak	Animated[9]	I	
4-8	1109-1113	kann	_	_	
4-9	1114-1119	trotz	_	_	
4-10	1120-1126	seiner	_	B	
4-11	1127-1136	unruhigen	_	I	
4-12	1137-1147	Geschichte	_	I	
4-13	1148-1151	ein	Animated[10]	B	
4-14	1152-1167	Hoffnungsträger	Animated[10]	I	
4-15	1168-1171	für	_	_	
4-16	1172-1175	die	_	B	
4-17	1176-1182	Region	_	I	
4-18	1183-1187	sein	_	_	
4-19	1187-1188	.	_	_	
4-20	1189-1192	Vor	_	_	
4-21	1193-1196	Ort	_	B	
4-22	1197-1202	wurde	_	_	
4-23	1203-1211	deutlich	_	_	
4-24	1211-1212	:	_	_	
4-25	1213-1216	Die	_	B	
4-26	1217-1229	Bereitschaft	_	I	
4-27	1230-1233	zur	_	_	
4-28	1234-1252	gesellschaftlichen	_	B	
4-29	1253-1264	Veränderung	_	I	
4-30	1265-1268	ist	_	_	
4-31	1269-1276	zurzeit	_	_	
4-32	1277-1279	im	_	_	
4-33	1280-1284	Irak	_	B	
4-34	1285-1292	gegeben	_	_	
4-35	1292-1293	.	_	_	
4-36	1294-1297	Der	_	B	
4-37	1298-1304	Wunsch	_	I	
4-38	1305-1309	nach	_	_	
4-39	1310-1320	nationaler	_	B	
4-40	1321-1328	Einheit	_	I	
4-41	1329-1332	und	_	_	
4-42	1333-1349	wirtschaftlichem	_	B	
4-43	1350-1360	Aufschwung	_	I	
4-44	1361-1370	überwiegt	_	_	
4-45	1371-1374	die	_	B	
4-46	1375-1390	innerirakischen	_	I	
4-47	1391-1401	Spannungen	_	I	
4-48	1401-1402	.	_	_	

#Text=Wir können den Irak dabei begleiten über das Zurückschlagen eines gemeinsamen Feindes und das Erkennen, dass wirtschaftlicher Aufschwung und gesellschaftliches Zusammenwachsen besser als kriegerische Auseinandersetzungen sind und der Pfad zur nationalen Einheit beschritten werden kann. Ich kann das nicht versprechen. Aber die Möglichkeit, ein Land bei der Stabilisierung in dieser Region, die so sehr in Flammen steht, zu begleiten, sollten wir nicht ungenutzt lassen.
5-1	1408-1411	Wir	Animated	B	
5-2	1412-1418	können	_	_	
5-3	1419-1422	den	_	B	
5-4	1423-1427	Irak	_	I	
5-5	1428-1433	dabei	_	_	
5-6	1434-1443	begleiten	_	_	
5-7	1444-1448	über	_	_	
5-8	1449-1452	das	_	B	
5-9	1453-1467	Zurückschlagen	_	I	
5-10	1468-1473	eines	Animated[11]	B	
5-11	1474-1485	gemeinsamen	Animated[11]	I	
5-12	1486-1493	Feindes	Animated[11]	I	
5-13	1494-1497	und	_	_	
5-14	1498-1501	das	_	B	
5-15	1502-1510	Erkennen	_	I	
5-16	1510-1511	,	_	_	
5-17	1512-1516	dass	_	_	
5-18	1517-1533	wirtschaftlicher	_	B	
5-19	1534-1544	Aufschwung	_	I	
5-20	1545-1548	und	_	_	
5-21	1549-1567	gesellschaftliches	_	B	
5-22	1568-1583	Zusammenwachsen	_	I	
5-23	1584-1590	besser	_	_	
5-24	1591-1594	als	_	_	
5-25	1595-1607	kriegerische	_	_	
5-26	1608-1628	Auseinandersetzungen	_	_	
5-27	1629-1633	sind	_	_	
5-28	1634-1637	und	_	_	
5-29	1638-1641	der	_	B	
5-30	1642-1646	Pfad	_	I	
5-31	1647-1650	zur	_	_	
5-32	1651-1661	nationalen	_	B	
5-33	1662-1669	Einheit	_	I	
5-34	1670-1681	beschritten	_	_	
5-35	1682-1688	werden	_	_	
5-36	1689-1693	kann	_	_	
5-37	1693-1694	.	_	_	
5-38	1695-1698	Ich	Animated	B	
5-39	1699-1703	kann	_	_	
5-40	1704-1707	das	_	B	
5-41	1708-1713	nicht	_	_	
5-42	1714-1725	versprechen	_	_	
5-43	1725-1726	.	_	_	
5-44	1727-1731	Aber	_	_	
5-45	1732-1735	die	_	B	
5-46	1736-1747	Möglichkeit	_	I	
5-47	1747-1748	,	_	_	
5-48	1749-1752	ein	Animated[12]	B	
5-49	1753-1757	Land	Animated[12]	I	
5-50	1758-1761	bei	_	_	
5-51	1762-1765	der	_	B	
5-52	1766-1780	Stabilisierung	_	I	
5-53	1781-1783	in	_	_	
5-54	1784-1790	dieser	_	B	
5-55	1791-1797	Region	_	I	
5-56	1797-1798	,	_	_	
5-57	1799-1802	die	_	B	
5-58	1803-1805	so	_	_	
5-59	1806-1810	sehr	_	_	
5-60	1811-1813	in	_	_	
5-61	1814-1821	Flammen	_	B	
5-62	1822-1827	steht	_	_	
5-63	1827-1828	,	_	_	
5-64	1829-1831	zu	_	_	
5-65	1832-1841	begleiten	_	_	
5-66	1841-1842	,	_	_	
5-67	1843-1850	sollten	_	_	
5-68	1851-1854	wir	Animated	B	
5-69	1855-1860	nicht	_	_	
5-70	1861-1870	ungenutzt	_	_	
5-71	1871-1877	lassen	_	_	
5-72	1877-1878	.	_	_	

#Text=Der militärische Sieg über den IS gilt als möglicher Wendepunkt für die Herstellung einer verlorengegangenen, vielleicht nie existenten Einheit des Landes. Aber: Noch ist der IS nicht vollständig besiegt, lediglich zurückgedrängt.
6-1	1887-1890	Der	_	B	
6-2	1891-1903	militärische	_	I	
6-3	1904-1908	Sieg	_	I	
6-4	1909-1913	über	_	_	
6-5	1914-1917	den	Animated[13]	B	
6-6	1918-1920	IS	Animated[13]	I	
6-7	1921-1925	gilt	_	_	
6-8	1926-1929	als	_	_	
6-9	1930-1939	möglicher	_	B	
6-10	1940-1950	Wendepunkt	_	I	
6-11	1951-1954	für	_	_	
6-12	1955-1958	die	_	B	
6-13	1959-1970	Herstellung	_	I	
6-14	1971-1976	einer	_	B	
6-15	1977-1995	verlorengegangenen	_	I	
6-16	1995-1996	,	_	I	
6-17	1997-2007	vielleicht	_	I	
6-18	2008-2011	nie	_	I	
6-19	2012-2022	existenten	_	I	
6-20	2023-2030	Einheit	_	I	
6-21	2031-2034	des	Animated[14]	B	
6-22	2035-2041	Landes	Animated[14]	I	
6-23	2041-2042	.	_	_	
6-24	2043-2047	Aber	_	_	
6-25	2047-2048	:	_	_	
6-26	2049-2053	Noch	_	_	
6-27	2054-2057	ist	_	_	
6-28	2058-2061	der	Animated[15]	B	
6-29	2062-2064	IS	Animated[15]	I	
6-30	2065-2070	nicht	_	_	
6-31	2071-2082	vollständig	_	_	
6-32	2083-2090	besiegt	_	_	
6-33	2090-2091	,	_	_	
6-34	2092-2101	lediglich	_	_	
6-35	2102-2116	zurückgedrängt	_	_	
6-36	2116-2117	.	_	_	

#Text=Auf der Reise wurde uns gezeigt, wie es dem IS gelungen ist, aus einem einfachen Lkw einen Panzer zu bauen, indem sie Stahlplatten darauf verschweißten und an das Fahrzeug anbrachten. Dieses Kriegsgerät kann nur noch wie ein Panzer bekämpft werden. Es wurde auch wie einer eingesetzt, manchmal sogar über eine handelsübliche Drohne gesteuert, die man bei Toys “R“ Us für 30 Euro erstehen kann.
7-1	2123-2126	Auf	_	_	
7-2	2127-2130	der	_	B	
7-3	2131-2136	Reise	_	I	
7-4	2137-2142	wurde	_	_	
7-5	2143-2146	uns	_	B	
7-6	2147-2154	gezeigt	_	_	
7-7	2154-2155	,	_	_	
7-8	2156-2159	wie	_	_	
7-9	2160-2162	es	_	B	
7-10	2163-2166	dem	Animated[16]	B	
7-11	2167-2169	IS	Animated[16]	I	
7-12	2170-2178	gelungen	_	_	
7-13	2179-2182	ist	_	_	
7-14	2182-2183	,	_	_	
7-15	2184-2187	aus	_	_	
7-16	2188-2193	einem	_	B	
7-17	2194-2203	einfachen	_	I	
7-18	2204-2207	Lkw	_	I	
7-19	2208-2213	einen	_	B	
7-20	2214-2220	Panzer	_	I	
7-21	2221-2223	zu	_	_	
7-22	2224-2229	bauen	_	_	
7-23	2229-2230	,	_	_	
7-24	2231-2236	indem	_	_	
7-25	2237-2240	sie	_	B	
7-26	2241-2253	Stahlplatten	_	B	
7-27	2254-2260	darauf	_	_	
7-28	2261-2274	verschweißten	_	_	
7-29	2275-2278	und	_	_	
7-30	2279-2281	an	_	_	
7-31	2282-2285	das	_	B	
7-32	2286-2294	Fahrzeug	_	I	
7-33	2295-2305	anbrachten	_	_	
7-34	2305-2306	.	_	_	
7-35	2307-2313	Dieses	_	B	
7-36	2314-2325	Kriegsgerät	_	I	
7-37	2326-2330	kann	_	_	
7-38	2331-2334	nur	_	_	
7-39	2335-2339	noch	_	_	
7-40	2340-2343	wie	_	B	
7-41	2344-2347	ein	_	I	
7-42	2348-2354	Panzer	_	I	
7-43	2355-2363	bekämpft	_	_	
7-44	2364-2370	werden	_	_	
7-45	2370-2371	.	_	_	
7-46	2372-2374	Es	_	B	
7-47	2375-2380	wurde	_	_	
7-48	2381-2385	auch	_	_	
7-49	2386-2389	wie	_	_	
7-50	2390-2395	einer	_	_	
7-51	2396-2406	eingesetzt	_	_	
7-52	2406-2407	,	_	_	
7-53	2408-2416	manchmal	_	_	
7-54	2417-2422	sogar	_	_	
7-55	2423-2427	über	_	_	
7-56	2428-2432	eine	_	B	
7-57	2433-2447	handelsübliche	_	I	
7-58	2448-2454	Drohne	_	I	
7-59	2455-2464	gesteuert	_	_	
7-60	2464-2465	,	_	_	
7-61	2466-2469	die	_	B	
7-62	2470-2473	man	Animated	B	
7-63	2474-2477	bei	_	_	
7-64	2478-2482	Toys	_	B	
7-65	2483-2484	“	_	_	
7-66	2484-2485	R	_	_	
7-67	2485-2486	“	_	_	
7-68	2487-2489	Us	_	_	
7-69	2490-2493	für	_	_	
7-70	2494-2496	30	_	B	
7-71	2497-2501	Euro	_	I	
7-72	2502-2510	erstehen	_	_	
7-73	2511-2515	kann	_	_	
7-74	2515-2516	.	_	_	

#Text=Dass der IS mit solch simplen Mitteln effektive Kriegsgeräte herstellen und nutzen kann, konnte ich mir vorher nicht vorstellen. Jetzt habe ich die Absolutheit des Zerstörungswillens des „Islamischen Staates“ gesehen. Das hat mich wirklich nachhaltig beeindruckt. Umso wichtiger war und ist eine effektive militärische Ausbildung kurdischer und irakischer Streitkräfte und eine Unterstützung derselben im Kampf gegen den IS, damit sich der Irak in Zukunft selber gegen solche Bedrohungen schützen kann.
8-1	2527-2531	Dass	_	_	
8-2	2532-2535	der	Animated[17]	B	
8-3	2536-2538	IS	Animated[17]	I	
8-4	2539-2542	mit	_	_	
8-5	2543-2548	solch	_	B	
8-6	2549-2556	simplen	_	I	
8-7	2557-2564	Mitteln	_	I	
8-8	2565-2574	effektive	_	B	
8-9	2575-2587	Kriegsgeräte	_	I	
8-10	2588-2598	herstellen	_	_	
8-11	2599-2602	und	_	_	
8-12	2603-2609	nutzen	_	_	
8-13	2610-2614	kann	_	_	
8-14	2614-2615	,	_	_	
8-15	2616-2622	konnte	_	_	
8-16	2623-2626	ich	Animated	B	
8-17	2627-2630	mir	_	B	
8-18	2631-2637	vorher	_	_	
8-19	2638-2643	nicht	_	_	
8-20	2644-2654	vorstellen	_	_	
8-21	2654-2655	.	_	_	
8-22	2656-2661	Jetzt	_	_	
8-23	2662-2666	habe	_	_	
8-24	2667-2670	ich	Animated	B	
8-25	2671-2674	die	_	B	
8-26	2675-2686	Absolutheit	_	I	
8-27	2687-2690	des	_	B	
8-28	2691-2709	Zerstörungswillens	_	I	
8-29	2710-2713	des	Animated[18]	B	
8-30	2714-2715	„	Animated[18]	I	
8-31	2715-2726	Islamischen	Animated[18]	I	
8-32	2727-2734	Staates	Animated[18]	I	
8-33	2734-2735	“	_	_	
8-34	2736-2743	gesehen	_	_	
8-35	2743-2744	.	_	_	
8-36	2745-2748	Das	_	B	
8-37	2749-2752	hat	_	_	
8-38	2753-2757	mich	_	B	
8-39	2758-2766	wirklich	_	_	
8-40	2767-2777	nachhaltig	_	_	
8-41	2778-2789	beeindruckt	_	_	
8-42	2789-2790	.	_	_	
8-43	2791-2795	Umso	_	_	
8-44	2796-2805	wichtiger	_	_	
8-45	2806-2809	war	_	_	
8-46	2810-2813	und	_	_	
8-47	2814-2817	ist	_	_	
8-48	2818-2822	eine	_	B	
8-49	2823-2832	effektive	_	I	
8-50	2833-2845	militärische	_	I	
8-51	2846-2856	Ausbildung	_	I	
8-52	2857-2867	kurdischer	_	B	
8-53	2868-2871	und	_	I	
8-54	2872-2882	irakischer	_	I	
8-55	2883-2895	Streitkräfte	_	I	
8-56	2896-2899	und	_	_	
8-57	2900-2904	eine	_	B	
8-58	2905-2918	Unterstützung	_	I	
8-59	2919-2928	derselben	_	_	
8-60	2929-2931	im	_	_	
8-61	2932-2937	Kampf	_	B	
8-62	2938-2943	gegen	_	_	
8-63	2944-2947	den	Animated[19]	B	
8-64	2948-2950	IS	Animated[19]	I	
8-65	2950-2951	,	_	_	
8-66	2952-2957	damit	_	_	
8-67	2958-2962	sich	_	B	
8-68	2963-2966	der	Animated[20]	B	
8-69	2967-2971	Irak	Animated[20]	I	
8-70	2972-2974	in	_	_	
8-71	2975-2982	Zukunft	_	B	
8-72	2983-2989	selber	_	_	
8-73	2990-2995	gegen	_	_	
8-74	2996-3002	solche	_	B	
8-75	3003-3014	Bedrohungen	_	I	
8-76	3015-3023	schützen	_	_	
8-77	3024-3028	kann	_	_	
8-78	3028-3029	.	_	_	

#Text=Die Bundeswehr hat diese Aufgaben erfolgreich gemeistert. Und ich bin mir sicher, dass sie auch die Aufgaben des veränderten Mandates erfolgreich ausführen wird. Es geht um Aufklärung, See- und Luftraumüberwachung sowie den Austausch und Abgleich von Lage­informationen. Doch die wichtigste Aufgabe wird die Durchführung von spezialisierten militärischen Ausbildungslehrgängen sein. Die Bundeswehr wird konkret die Ausbilder auf irakischer Seite ausbilden. Außerdem sollen die Fähigkeiten der regulären irakischen Streit- und Sicherheitskräfte, besonders der zentralirakischen Streitkräfte, ausgebaut werden: im Bereich von ABC-Schutz, Sanität, Logistik und Minenräumung.
9-1	3038-3041	Die	Animated[21]	B	
9-2	3042-3052	Bundeswehr	Animated[21]	I	
9-3	3053-3056	hat	_	_	
9-4	3057-3062	diese	_	B	
9-5	3063-3071	Aufgaben	_	I	
9-6	3072-3083	erfolgreich	_	_	
9-7	3084-3094	gemeistert	_	_	
9-8	3094-3095	.	_	_	
9-9	3096-3099	Und	_	_	
9-10	3100-3103	ich	Animated	B	
9-11	3104-3107	bin	_	_	
9-12	3108-3111	mir	_	B	
9-13	3112-3118	sicher	_	_	
9-14	3118-3119	,	_	_	
9-15	3120-3124	dass	_	_	
9-16	3125-3128	sie	_	B	
9-17	3129-3133	auch	_	B	
9-18	3134-3137	die	_	I	
9-19	3138-3146	Aufgaben	_	I	
9-20	3147-3150	des	Animated[22]	B	
9-21	3151-3162	veränderten	Animated[22]	I	
9-22	3163-3171	Mandates	Animated[22]	I	
9-23	3172-3183	erfolgreich	_	_	
9-24	3184-3193	ausführen	_	_	
9-25	3194-3198	wird	_	_	
9-26	3198-3199	.	_	_	
9-27	3200-3202	Es	_	_	
9-28	3203-3207	geht	_	_	
9-29	3208-3210	um	_	_	
9-30	3211-3221	Aufklärung	_	B	
9-31	3221-3222	,	_	_	
9-32	3223-3227	See-	_	B	
9-33	3228-3231	und	_	I	
9-34	3232-3251	Luftraumüberwachung	_	I	
9-35	3252-3257	sowie	_	_	
9-36	3258-3261	den	_	B	
9-37	3262-3271	Austausch	_	I	
9-38	3272-3275	und	_	_	
9-39	3276-3284	Abgleich	_	B	
9-40	3285-3288	von	_	_	
9-41	3289-3307	Lage­informationen	_	B	
9-42	3307-3308	.	_	_	
9-43	3309-3313	Doch	_	_	
9-44	3314-3317	die	_	B	
9-45	3318-3328	wichtigste	_	I	
9-46	3329-3336	Aufgabe	_	I	
9-47	3337-3341	wird	_	_	
9-48	3342-3345	die	_	B	
9-49	3346-3358	Durchführung	_	I	
9-50	3359-3362	von	_	_	
9-51	3363-3378	spezialisierten	_	B	
9-52	3379-3392	militärischen	_	I	
9-53	3393-3414	Ausbildungslehrgängen	_	I	
9-54	3415-3419	sein	_	_	
9-55	3419-3420	.	_	_	
9-56	3421-3424	Die	Animated[23]	B	
9-57	3425-3435	Bundeswehr	Animated[23]	I	
9-58	3436-3440	wird	_	_	
9-59	3441-3448	konkret	_	_	
9-60	3449-3452	die	Animated[24]	B	
9-61	3453-3462	Ausbilder	Animated[24]	I	
9-62	3463-3466	auf	_	_	
9-63	3467-3477	irakischer	_	B	
9-64	3478-3483	Seite	_	I	
9-65	3484-3493	ausbilden	_	_	
9-66	3493-3494	.	_	_	
9-67	3495-3503	Außerdem	_	_	
9-68	3504-3510	sollen	_	_	
9-69	3511-3514	die	_	B	
9-70	3515-3526	Fähigkeiten	_	I	
9-71	3527-3530	der	Animated[25]	B	
9-72	3531-3540	regulären	Animated[25]	I	
9-73	3541-3551	irakischen	Animated[25]	I	
9-74	3552-3559	Streit-	Animated[25]	I	
9-75	3560-3563	und	Animated[25]	I	
9-76	3564-3581	Sicherheitskräfte	Animated[25]	I	
9-77	3581-3582	,	_	_	
9-78	3583-3592	besonders	Animated[26]	B	
9-79	3593-3596	der	Animated[26]	I	
9-80	3597-3614	zentralirakischen	Animated[26]	I	
9-81	3615-3627	Streitkräfte	Animated[26]	I	
9-82	3627-3628	,	_	_	
9-83	3629-3638	ausgebaut	_	_	
9-84	3639-3645	werden	_	_	
9-85	3645-3646	:	_	_	
9-86	3647-3649	im	_	_	
9-87	3650-3657	Bereich	_	B	
9-88	3658-3661	von	_	_	
9-89	3662-3672	ABC-Schutz	_	B	
9-90	3672-3673	,	_	_	
9-91	3674-3681	Sanität	_	B	
9-92	3681-3682	,	_	_	
9-93	3683-3691	Logistik	_	B	
9-94	3692-3695	und	_	_	
9-95	3696-3708	Minenräumung	_	B	
9-96	3708-3709	.	_	_	

#Text=Wie erfolgreich die Bundeswehr dies bereits in Irakisch-Kurdistan getan hat, davon konnten wir uns auf der Reise überzeugen. Diese Arbeit nun in den Zentralirak auszudehnen, ist folgerichtig. Wir haben gezeigt, dass wir die Aufgabe meistern können. Der Irak wünscht sich ein solches Engagement. Wir können den Irak auf seinem Weg beraten und begleiten.
10-1	3723-3726	Wie	_	_	
10-2	3727-3738	erfolgreich	_	_	
10-3	3739-3742	die	Animated[27]	B	
10-4	3743-3753	Bundeswehr	Animated[27]	I	
10-5	3754-3758	dies	_	B	
10-6	3759-3766	bereits	_	_	
10-7	3767-3769	in	_	_	
10-8	3770-3788	Irakisch-Kurdistan	_	B	
10-9	3789-3794	getan	_	_	
10-10	3795-3798	hat	_	_	
10-11	3798-3799	,	_	_	
10-12	3800-3805	davon	_	_	
10-13	3806-3813	konnten	_	_	
10-14	3814-3817	wir	Animated	B	
10-15	3818-3821	uns	_	B	
10-16	3822-3825	auf	_	_	
10-17	3826-3829	der	_	B	
10-18	3830-3835	Reise	_	I	
10-19	3836-3846	überzeugen	_	_	
10-20	3846-3847	.	_	_	
10-21	3848-3853	Diese	_	B	
10-22	3854-3860	Arbeit	_	I	
10-23	3861-3864	nun	_	_	
10-24	3865-3867	in	_	_	
10-25	3868-3871	den	_	B	
10-26	3872-3883	Zentralirak	_	I	
10-27	3884-3895	auszudehnen	_	_	
10-28	3895-3896	,	_	_	
10-29	3897-3900	ist	_	_	
10-30	3901-3913	folgerichtig	_	_	
10-31	3913-3914	.	_	_	
10-32	3915-3918	Wir	Animated	B	
10-33	3919-3924	haben	_	_	
10-34	3925-3932	gezeigt	_	_	
10-35	3932-3933	,	_	_	
10-36	3934-3938	dass	_	_	
10-37	3939-3942	wir	Animated	B	
10-38	3943-3946	die	_	B	
10-39	3947-3954	Aufgabe	_	I	
10-40	3955-3963	meistern	_	_	
10-41	3964-3970	können	_	_	
10-42	3970-3971	.	_	_	
10-43	3972-3975	Der	Animated[28]	B	
10-44	3976-3980	Irak	Animated[28]	I	
10-45	3981-3988	wünscht	_	_	
10-46	3989-3993	sich	_	B	
10-47	3994-3997	ein	_	B	
10-48	3998-4005	solches	_	I	
10-49	4006-4016	Engagement	_	I	
10-50	4016-4017	.	_	_	
10-51	4018-4021	Wir	Animated	B	
10-52	4022-4028	können	_	_	
10-53	4029-4032	den	Animated[29]	B	
10-54	4033-4037	Irak	Animated[29]	I	
10-55	4038-4041	auf	_	_	
10-56	4042-4048	seinem	_	B	
10-57	4049-4052	Weg	_	I	
10-58	4053-4060	beraten	_	_	
10-59	4061-4064	und	_	_	
10-60	4065-4074	begleiten	_	_	
10-61	4074-4075	.	_	_	

#Text=Die Stabilität des Iraks hat nicht nur für die Iraker selbst, sondern auch für Deutschland eine hohe Bedeutung; denn es geht um die Stabilisierung der Region und damit um die Bekämpfung des internationalen Terrors. Auch das Engagement in Erbil muss beibehalten werden. Die deutsche Präsenz auf beiden Seiten, auf kurdischer wie zentralirakischer Seite, wirkt als stützender Faktor und hat erheblich dazu beigetragen, dass die Spannungen, die nach dem Referendum der Kurden entstanden, nicht noch weiter eskalierten.
11-1	4084-4087	Die	_	B	
11-2	4088-4098	Stabilität	_	I	
11-3	4099-4102	des	Animated[30]	B	
11-4	4103-4108	Iraks	Animated[30]	I	
11-5	4109-4112	hat	_	_	
11-6	4113-4118	nicht	_	_	
11-7	4119-4122	nur	_	_	
11-8	4123-4126	für	_	_	
11-9	4127-4130	die	Animated[31]	B	
11-10	4131-4137	Iraker	Animated[31]	I	
11-11	4138-4144	selbst	_	_	
11-12	4144-4145	,	_	_	
11-13	4146-4153	sondern	_	_	
11-14	4154-4158	auch	_	_	
11-15	4159-4162	für	_	_	
11-16	4163-4174	Deutschland	_	B	
11-17	4175-4179	eine	_	B	
11-18	4180-4184	hohe	_	I	
11-19	4185-4194	Bedeutung	_	I	
11-20	4194-4195	;	_	_	
11-21	4196-4200	denn	_	_	
11-22	4201-4203	es	_	_	
11-23	4204-4208	geht	_	_	
11-24	4209-4211	um	_	_	
11-25	4212-4215	die	_	B	
11-26	4216-4230	Stabilisierung	_	I	
11-27	4231-4234	der	Animated[32]	B	
11-28	4235-4241	Region	Animated[32]	I	
11-29	4242-4245	und	_	_	
11-30	4246-4251	damit	_	_	
11-31	4252-4254	um	_	_	
11-32	4255-4258	die	_	B	
11-33	4259-4269	Bekämpfung	_	I	
11-34	4270-4273	des	Animated[33]	B	
11-35	4274-4289	internationalen	Animated[33]	I	
11-36	4290-4297	Terrors	Animated[33]	I	
11-37	4297-4298	.	_	_	
11-38	4299-4303	Auch	_	B	
11-39	4304-4307	das	_	I	
11-40	4308-4318	Engagement	_	I	
11-41	4319-4321	in	_	_	
11-42	4322-4327	Erbil	_	B	
11-43	4328-4332	muss	_	_	
11-44	4333-4344	beibehalten	_	_	
11-45	4345-4351	werden	_	_	
11-46	4351-4352	.	_	_	
11-47	4353-4356	Die	_	B	
11-48	4357-4365	deutsche	_	I	
11-49	4366-4373	Präsenz	_	I	
11-50	4374-4377	auf	_	_	
11-51	4378-4384	beiden	_	B	
11-52	4385-4391	Seiten	_	I	
11-53	4391-4392	,	_	_	
11-54	4393-4396	auf	_	_	
11-55	4397-4407	kurdischer	_	B	
11-56	4408-4411	wie	_	I	
11-57	4412-4429	zentralirakischer	_	I	
11-58	4430-4435	Seite	_	I	
11-59	4435-4436	,	_	_	
11-60	4437-4442	wirkt	_	_	
11-61	4443-4446	als	_	_	
11-62	4447-4457	stützender	_	B	
11-63	4458-4464	Faktor	_	I	
11-64	4465-4468	und	_	_	
11-65	4469-4472	hat	_	_	
11-66	4473-4482	erheblich	_	_	
11-67	4483-4487	dazu	_	_	
11-68	4488-4499	beigetragen	_	_	
11-69	4499-4500	,	_	_	
11-70	4501-4505	dass	_	_	
11-71	4506-4509	die	_	B	
11-72	4510-4520	Spannungen	_	I	
11-73	4520-4521	,	_	_	
11-74	4522-4525	die	_	B	
11-75	4526-4530	nach	_	_	
11-76	4531-4534	dem	_	B	
11-77	4535-4545	Referendum	_	I	
11-78	4546-4549	der	Animated[34]	B	
11-79	4550-4556	Kurden	Animated[34]	I	
11-80	4557-4567	entstanden	_	_	
11-81	4567-4568	,	_	_	
11-82	4569-4574	nicht	_	_	
11-83	4575-4579	noch	_	_	
11-84	4580-4586	weiter	_	_	
11-85	4587-4598	eskalierten	_	_	
11-86	4598-4599	.	_	_	

#Text=Ich fasse zusammen: Das deutsche Engagement kann im Irak dazu beitragen, den IS gänzlich zu besiegen. Es kann dazu beitragen, die irakischen Streitkräfte wieder auf eigene Beine zu stellen, und es kann dazu beitragen, das Land zu stabilisieren – ein unschätzbarer Wert in einer Region, die so sehr in Unruhe geraten ist.
12-1	4610-4613	Ich	Animated	B	
12-2	4614-4619	fasse	_	_	
12-3	4620-4628	zusammen	_	_	
12-4	4628-4629	:	_	_	
12-5	4630-4633	Das	_	B	
12-6	4634-4642	deutsche	_	I	
12-7	4643-4653	Engagement	_	I	
12-8	4654-4658	kann	_	_	
12-9	4659-4661	im	_	_	
12-10	4662-4666	Irak	_	B	
12-11	4667-4671	dazu	_	_	
12-12	4672-4681	beitragen	_	_	
12-13	4681-4682	,	_	_	
12-14	4683-4686	den	Animated[35]	B	
12-15	4687-4689	IS	Animated[35]	I	
12-16	4690-4698	gänzlich	_	_	
12-17	4699-4701	zu	_	_	
12-18	4702-4710	besiegen	_	_	
12-19	4710-4711	.	_	_	
12-20	4712-4714	Es	_	B	
12-21	4715-4719	kann	_	_	
12-22	4720-4724	dazu	_	_	
12-23	4725-4734	beitragen	_	_	
12-24	4734-4735	,	_	_	
12-25	4736-4739	die	Animated[36]	B	
12-26	4740-4750	irakischen	Animated[36]	I	
12-27	4751-4763	Streitkräfte	Animated[36]	I	
12-28	4764-4770	wieder	_	_	
12-29	4771-4774	auf	_	_	
12-30	4775-4781	eigene	_	B	
12-31	4782-4787	Beine	_	I	
12-32	4788-4790	zu	_	_	
12-33	4791-4798	stellen	_	_	
12-34	4798-4799	,	_	_	
12-35	4800-4803	und	_	_	
12-36	4804-4806	es	_	B	
12-37	4807-4811	kann	_	_	
12-38	4812-4816	dazu	_	_	
12-39	4817-4826	beitragen	_	_	
12-40	4826-4827	,	_	_	
12-41	4828-4831	das	_	B	
12-42	4832-4836	Land	_	I	
12-43	4837-4839	zu	_	_	
12-44	4840-4853	stabilisieren	_	_	
12-45	4854-4855	–	_	_	
12-46	4856-4859	ein	_	B	
12-47	4860-4873	unschätzbarer	_	I	
12-48	4874-4878	Wert	_	I	
12-49	4879-4881	in	_	_	
12-50	4882-4887	einer	_	B	
12-51	4888-4894	Region	_	I	
12-52	4894-4895	,	_	_	
12-53	4896-4899	die	_	B	
12-54	4900-4902	so	_	_	
12-55	4903-4907	sehr	_	_	
12-56	4908-4910	in	_	_	
12-57	4911-4917	Unruhe	_	B	
12-58	4918-4925	geraten	_	_	
12-59	4926-4929	ist	_	_	
12-60	4929-4930	.	_	_	

#Text=Der Einsatz ist bis Ende Oktober 2018 begrenzt. Das ist absolut sinnvoll. Dann können wir prüfen, ob mit dem Mandat die Aufgaben erfüllt werden, und es gegebenenfalls anpassen, sofern das Hohe Haus das möchte. Wir können auch überprüfen, ob dieses Engagement vonseiten des Iraks im Nachgang der Wahlen im Mai 2018 noch gewünscht ist.
13-1	4939-4942	Der	_	B	
13-2	4943-4950	Einsatz	_	I	
13-3	4951-4954	ist	_	_	
13-4	4955-4958	bis	_	_	
13-5	4959-4963	Ende	_	B	
13-6	4964-4971	Oktober	_	I	
13-7	4972-4976	2018	_	_	
13-8	4977-4985	begrenzt	_	_	
13-9	4985-4986	.	_	_	
13-10	4987-4990	Das	_	B	
13-11	4991-4994	ist	_	_	
13-12	4995-5002	absolut	_	_	
13-13	5003-5011	sinnvoll	_	_	
13-14	5011-5012	.	_	_	
13-15	5013-5017	Dann	_	_	
13-16	5018-5024	können	_	_	
13-17	5025-5028	wir	Animated	B	
13-18	5029-5035	prüfen	_	_	
13-19	5035-5036	,	_	_	
13-20	5037-5039	ob	_	_	
13-21	5040-5043	mit	_	_	
13-22	5044-5047	dem	Animated[37]	B	
13-23	5048-5054	Mandat	Animated[37]	I	
13-24	5055-5058	die	_	B	
13-25	5059-5067	Aufgaben	_	I	
13-26	5068-5075	erfüllt	_	_	
13-27	5076-5082	werden	_	_	
13-28	5082-5083	,	_	_	
13-29	5084-5087	und	_	_	
13-30	5088-5090	es	_	B	
13-31	5091-5105	gegebenenfalls	_	_	
13-32	5106-5114	anpassen	_	_	
13-33	5114-5115	,	_	_	
13-34	5116-5122	sofern	_	_	
13-35	5123-5126	das	_	B	
13-36	5127-5131	Hohe	_	I	
13-37	5132-5136	Haus	_	I	
13-38	5137-5140	das	_	B	
13-39	5141-5147	möchte	_	_	
13-40	5147-5148	.	_	_	
13-41	5149-5152	Wir	Animated	B	
13-42	5153-5159	können	_	_	
13-43	5160-5164	auch	_	_	
13-44	5165-5175	überprüfen	_	_	
13-45	5175-5176	,	_	_	
13-46	5177-5179	ob	_	_	
13-47	5180-5186	dieses	_	B	
13-48	5187-5197	Engagement	_	I	
13-49	5198-5207	vonseiten	_	_	
13-50	5208-5211	des	Animated[38]	B	
13-51	5212-5217	Iraks	Animated[38]	I	
13-52	5218-5220	im	_	_	
13-53	5221-5229	Nachgang	_	B	
13-54	5230-5233	der	_	B	
13-55	5234-5240	Wahlen	_	I	
13-56	5241-5243	im	_	_	
13-57	5244-5247	Mai	_	B	
13-58	5248-5252	2018	_	_	
13-59	5253-5257	noch	_	_	
13-60	5258-5267	gewünscht	_	_	
13-61	5268-5271	ist	_	_	
13-62	5271-5272	.	_	_	

#Text=Frau Kollegin, denken Sie an Ihre Redezeit.
14-1	5281-5285	Frau	Animated[39]	B	
14-2	5286-5294	Kollegin	Animated[39]	I	
14-3	5294-5295	,	_	_	
14-4	5296-5302	denken	_	_	
14-5	5303-5306	Sie	_	B	
14-6	5307-5309	an	_	_	
14-7	5310-5314	Ihre	_	B	
14-8	5315-5323	Redezeit	_	I	
14-9	5323-5324	.	_	_	

#Text=Ich bin beim letzten und besten Satz.
15-1	5327-5330	Ich	Animated	B	
15-2	5331-5334	bin	_	_	
15-3	5335-5339	beim	_	_	
15-4	5340-5347	letzten	_	B	
15-5	5348-5351	und	_	I	
15-6	5352-5358	besten	_	I	
15-7	5359-5363	Satz	_	I	
15-8	5363-5364	.	_	_	

#Text=Beim letzten Satz? Mal gucken, was der letzte Satz ist.
16-1	5366-5370	Beim	_	_	
16-2	5371-5378	letzten	_	B	
16-3	5379-5383	Satz	_	I	
16-4	5383-5384	?	_	_	
16-5	5385-5388	Mal	_	_	
16-6	5389-5395	gucken	_	_	
16-7	5395-5396	,	_	_	
16-8	5397-5400	was	_	B	
16-9	5401-5404	der	_	B	
16-10	5405-5411	letzte	_	I	
16-11	5412-5416	Satz	_	I	
16-12	5417-5420	ist	_	_	
16-13	5420-5421	.	_	_	

#Text=Deshalb, liebe Kolleginnen und Kollegen, lassen Sie uns etwas Sinnvolles tun und dem Mandat zustimmen.
17-1	5425-5432	Deshalb	_	_	
17-2	5432-5433	,	_	_	
17-3	5434-5439	liebe	Animated[40]	B	
17-4	5440-5451	Kolleginnen	Animated[40]	I	
17-5	5452-5455	und	_	_	
17-6	5456-5464	Kollegen	Animated	B	
17-7	5464-5465	,	_	_	
17-8	5466-5472	lassen	_	_	
17-9	5473-5476	Sie	_	B	
17-10	5477-5480	uns	_	B	
17-11	5481-5486	etwas	_	B	
17-12	5487-5497	Sinnvolles	_	I	
17-13	5498-5501	tun	_	_	
17-14	5502-5505	und	_	_	
17-15	5506-5509	dem	Animated[41]	B	
17-16	5510-5516	Mandat	Animated[41]	I	
17-17	5517-5526	zustimmen	_	_	
17-18	5526-5527	.	_	_	

#Text=Vielen Dank.
18-1	5531-5537	Vielen	_	_	
18-2	5538-5542	Dank	_	_	
18-3	5542-5543	.	_	_	

#Text=Der war gut. – Dann erteile ich das Wort dem Kollegen Rüdiger Lucassen, AfD-Fraktion.
19-1	5545-5548	Der	_	B	
19-2	5549-5552	war	_	_	
19-3	5553-5556	gut	_	_	
19-4	5556-5557	.	_	_	
19-5	5558-5559	–	_	_	
19-6	5560-5564	Dann	_	_	
19-7	5565-5572	erteile	_	_	
19-8	5573-5576	ich	Animated	B	
19-9	5577-5580	das	_	B	
19-10	5581-5585	Wort	_	I	
19-11	5586-5589	dem	Animated[42]	B	
19-12	5590-5598	Kollegen	Animated[42]	I	
19-13	5599-5606	Rüdiger	Animated[42]	I	
19-14	5607-5615	Lucassen	Animated[42]	I	
19-15	5615-5616	,	_	_	
19-16	5617-5629	AfD-Fraktion	Animated	B	
19-17	5629-5630	.	_	_	
