#FORMAT=WebAnno TSV 3.3
#T_SP=webanno.custom.Animacy|Animated
#T_SP=webanno.custom.CustomChunk|Chunk


#Text=Frau Präsidentin! Liebe Kolleginnen und Kollegen! Dass ich mir vor meiner ersten Rede dieses unterschwellige EU-Bashing der Hobbypatrioten der AfD anhören musste,
1-1	0-4	Frau	Animated[1]	B	
1-2	5-16	Präsidentin	Animated[1]	I	
1-3	16-17	!	_	_	
1-4	18-23	Liebe	_	B	
1-5	24-35	Kolleginnen	_	_	
1-6	36-39	und	_	_	
1-7	40-48	Kollegen	Animated	B	
1-8	48-49	!	_	_	
1-9	50-54	Dass	_	_	
1-10	55-58	ich	Animated	B	
1-11	59-62	mir	_	B	
1-12	63-66	vor	_	_	
1-13	67-73	meiner	_	B	
1-14	74-80	ersten	_	I	
1-15	81-85	Rede	_	I	
1-16	86-92	dieses	_	B	
1-17	93-108	unterschwellige	_	I	
1-18	109-119	EU-Bashing	_	I	
1-19	120-123	der	_	B	
1-20	124-138	Hobbypatrioten	_	I	
1-21	139-142	der	Animated[2]	B	
1-22	143-146	AfD	Animated[2]	I	
1-23	147-154	anhören	_	_	
1-24	155-161	musste	_	_	
1-25	161-162	,	_	_	

#Text=ist hier wahrscheinlich gang und gäbe, aber für mich erst mal gewöhnungsbedürftig.
2-1	166-169	ist	_	_	
2-2	170-174	hier	_	_	
2-3	175-189	wahrscheinlich	_	_	
2-4	190-194	gang	_	B	
2-5	195-198	und	_	_	
2-6	199-203	gäbe	_	_	
2-7	203-204	,	_	_	
2-8	205-209	aber	_	_	
2-9	210-213	für	_	_	
2-10	214-218	mich	_	B	
2-11	219-223	erst	_	_	
2-12	224-227	mal	_	_	
2-13	228-247	gewöhnungsbedürftig	_	_	
2-14	247-248	.	_	_	

#Text=Zur Sache: Das Problem, liebe Kolleginnen und Kollegen, liegt auf dem Tisch und ist symptomatisch für die Schlafwagenpolitik der letzten Jahre. Reformen über Reformen wurden vergeigt oder ausgesessen – so auch hier. Erst nachdem der Bundesrechnungshof den Finger gehoben und Deutschland nun eine EU-Klage am Hals hat, wird gehandelt.
3-1	251-254	Zur	_	_	
3-2	255-260	Sache	_	B	
3-3	260-261	:	_	_	
3-4	262-265	Das	_	B	
3-5	266-273	Problem	_	I	
3-6	273-274	,	_	_	
3-7	275-280	liebe	Animated[3]	B	
3-8	281-292	Kolleginnen	Animated[3]	I	
3-9	293-296	und	_	_	
3-10	297-305	Kollegen	Animated	B	
3-11	305-306	,	_	_	
3-12	307-312	liegt	_	_	
3-13	313-316	auf	_	_	
3-14	317-320	dem	_	B	
3-15	321-326	Tisch	_	I	
3-16	327-330	und	_	_	
3-17	331-334	ist	_	_	
3-18	335-348	symptomatisch	_	_	
3-19	349-352	für	_	_	
3-20	353-356	die	_	B	
3-21	357-375	Schlafwagenpolitik	_	I	
3-22	376-379	der	_	B	
3-23	380-387	letzten	_	I	
3-24	388-393	Jahre	_	I	
3-25	393-394	.	_	_	
3-26	395-403	Reformen	_	B	
3-27	404-408	über	_	_	
3-28	409-417	Reformen	_	B	
3-29	418-424	wurden	_	_	
3-30	425-433	vergeigt	_	_	
3-31	434-438	oder	_	_	
3-32	439-450	ausgesessen	_	_	
3-33	451-452	–	_	_	
3-34	453-455	so	_	_	
3-35	456-460	auch	_	_	
3-36	461-465	hier	_	_	
3-37	465-466	.	_	_	
3-38	467-471	Erst	_	_	
3-39	472-479	nachdem	_	_	
3-40	480-483	der	Animated[4]	B	
3-41	484-502	Bundesrechnungshof	Animated[4]	I	
3-42	503-506	den	_	B	
3-43	507-513	Finger	_	I	
3-44	514-521	gehoben	_	_	
3-45	522-525	und	_	_	
3-46	526-537	Deutschland	Animated	B	
3-47	538-541	nun	_	_	
3-48	542-546	eine	_	B	
3-49	547-555	EU-Klage	_	I	
3-50	556-558	am	_	_	
3-51	559-563	Hals	_	B	
3-52	564-567	hat	_	_	
3-53	567-568	,	_	_	
3-54	569-573	wird	_	_	
3-55	574-583	gehandelt	_	_	
3-56	583-584	.	_	_	

#Text=Die Probleme mit der Pauschalisierung, liebe Kolleginnen und Kollegen, sind ja längst bekannt. Die Reformen hätten, wie gesagt, schon früher angegangen werden müssen, um eine Lösung zu finden, die praktikabel ist und die vor allen Dingen die Praxis der hart schuftenden Landwirte irgendwie abbildet.
4-1	592-595	Die	_	B	
4-2	596-604	Probleme	_	I	
4-3	605-608	mit	_	_	
4-4	609-612	der	_	B	
4-5	613-629	Pauschalisierung	_	I	
4-6	629-630	,	_	_	
4-7	631-636	liebe	Animated[5]	B	
4-8	637-648	Kolleginnen	Animated[5]	I	
4-9	649-652	und	_	_	
4-10	653-661	Kollegen	Animated	B	
4-11	661-662	,	_	_	
4-12	663-667	sind	_	_	
4-13	668-670	ja	_	_	
4-14	671-677	längst	_	_	
4-15	678-685	bekannt	_	_	
4-16	685-686	.	_	_	
4-17	687-690	Die	_	B	
4-18	691-699	Reformen	_	I	
4-19	700-706	hätten	_	_	
4-20	706-707	,	_	_	
4-21	708-711	wie	_	_	
4-22	712-718	gesagt	_	_	
4-23	718-719	,	_	_	
4-24	720-725	schon	_	_	
4-25	726-732	früher	_	_	
4-26	733-743	angegangen	_	_	
4-27	744-750	werden	_	_	
4-28	751-757	müssen	_	_	
4-29	757-758	,	_	_	
4-30	759-761	um	_	_	
4-31	762-766	eine	_	B	
4-32	767-773	Lösung	_	I	
4-33	774-776	zu	_	_	
4-34	777-783	finden	_	_	
4-35	783-784	,	_	_	
4-36	785-788	die	_	B	
4-37	789-800	praktikabel	_	_	
4-38	801-804	ist	_	_	
4-39	805-808	und	_	_	
4-40	809-812	die	_	B	
4-41	813-816	vor	_	_	
4-42	817-822	allen	_	B	
4-43	823-829	Dingen	_	I	
4-44	830-833	die	_	B	
4-45	834-840	Praxis	_	I	
4-46	841-844	der	Animated[6]	B	
4-47	845-849	hart	Animated[6]	I	
4-48	850-861	schuftenden	Animated[6]	I	
4-49	862-871	Landwirte	Animated[6]	I	
4-50	872-881	irgendwie	_	_	
4-51	882-890	abbildet	_	_	
4-52	890-891	.	_	_	

#Text=Liebe Kollegin Tillmann, ich glaube, die amtierende Bundesregierung hat diesen Gesetzentwurf im Oktober beschlossen. Insofern verstehe ich Ihre Kritik überhaupt nicht.
5-1	900-905	Liebe	_	B	
5-2	906-914	Kollegin	Animated[7]	B	
5-3	915-923	Tillmann	Animated[7]	I	
5-4	923-924	,	_	_	
5-5	925-928	ich	Animated	B	
5-6	929-935	glaube	_	_	
5-7	935-936	,	_	_	
5-8	937-940	die	Animated[8]	B	
5-9	941-951	amtierende	Animated[8]	I	
5-10	952-967	Bundesregierung	Animated[8]	I	
5-11	968-971	hat	_	_	
5-12	972-978	diesen	_	B	
5-13	979-992	Gesetzentwurf	_	I	
5-14	993-995	im	_	_	
5-15	996-1003	Oktober	_	B	
5-16	1004-1015	beschlossen	_	_	
5-17	1015-1016	.	_	_	
5-18	1017-1025	Insofern	_	_	
5-19	1026-1034	verstehe	_	_	
5-20	1035-1038	ich	Animated	B	
5-21	1039-1043	Ihre	_	B	
5-22	1044-1050	Kritik	_	I	
5-23	1051-1060	überhaupt	_	_	
5-24	1061-1066	nicht	_	_	
5-25	1066-1067	.	_	_	

#Text=Was jetzt vorliegt, ist vielleicht EU-klagebeständig, aber handwerklich, liebe Kolleginnen und Kollegen – ich bin kein Landwirt, aber Finanzpolitiker –, wirklich schlecht gemacht. Ich will aus Zeitgründen auf zwei Sachen eingehen:
6-1	1072-1075	Was	_	B	
6-2	1076-1081	jetzt	_	_	
6-3	1082-1090	vorliegt	_	_	
6-4	1090-1091	,	_	_	
6-5	1092-1095	ist	_	_	
6-6	1096-1106	vielleicht	_	_	
6-7	1107-1124	EU-klagebeständig	_	_	
6-8	1124-1125	,	_	_	
6-9	1126-1130	aber	_	_	
6-10	1131-1143	handwerklich	_	_	
6-11	1143-1144	,	_	_	
6-12	1145-1150	liebe	_	_	
6-13	1151-1162	Kolleginnen	_	_	
6-14	1163-1166	und	_	_	
6-15	1167-1175	Kollegen	Animated	B	
6-16	1176-1177	–	_	_	
6-17	1178-1181	ich	Animated	B	
6-18	1182-1185	bin	_	_	
6-19	1186-1190	kein	Animated[9]	B	
6-20	1191-1199	Landwirt	Animated[9]	I	
6-21	1199-1200	,	_	_	
6-22	1201-1205	aber	_	_	
6-23	1206-1221	Finanzpolitiker	Animated	B	
6-24	1222-1223	–	_	_	
6-25	1223-1224	,	_	_	
6-26	1225-1233	wirklich	_	_	
6-27	1234-1242	schlecht	_	_	
6-28	1243-1250	gemacht	_	_	
6-29	1250-1251	.	_	_	
6-30	1252-1255	Ich	Animated	B	
6-31	1256-1260	will	_	_	
6-32	1261-1264	aus	_	_	
6-33	1265-1276	Zeitgründen	_	B	
6-34	1277-1280	auf	_	_	
6-35	1281-1285	zwei	_	B	
6-36	1286-1292	Sachen	_	I	
6-37	1293-1301	eingehen	_	_	
6-38	1301-1302	:	_	_	

#Text=Erstens wird gerade den kleinen Landwirten durch diesen niedrigen Steuersatz in die Kasse gegriffen. Dieser Pauschalisierungssatz fällt nämlich nur deshalb so niedrig aus, weil in die Berechnung die großen, profitablen Firmen nicht mehr einfließen; denn sie sind nach der neuen Pauschalisierungsregel im Umsatzsteuergesetz bei einem Umsatz von mehr als 600 000 Euro raus aus dem Geschäft. Also: Die Berechnung ist falsch.
7-1	1310-1317	Erstens	_	_	
7-2	1318-1322	wird	_	_	
7-3	1323-1329	gerade	Animated[10]	B	
7-4	1330-1333	den	Animated[10]	I	
7-5	1334-1341	kleinen	Animated[10]	I	
7-6	1342-1352	Landwirten	Animated[10]	I	
7-7	1353-1358	durch	_	_	
7-8	1359-1365	diesen	_	B	
7-9	1366-1375	niedrigen	_	I	
7-10	1376-1386	Steuersatz	_	I	
7-11	1387-1389	in	_	_	
7-12	1390-1393	die	_	B	
7-13	1394-1399	Kasse	_	I	
7-14	1400-1409	gegriffen	_	_	
7-15	1409-1410	.	_	_	
7-16	1411-1417	Dieser	_	B	
7-17	1418-1439	Pauschalisierungssatz	_	I	
7-18	1440-1445	fällt	_	_	
7-19	1446-1453	nämlich	_	_	
7-20	1454-1457	nur	_	_	
7-21	1458-1465	deshalb	_	_	
7-22	1466-1468	so	_	_	
7-23	1469-1476	niedrig	_	_	
7-24	1477-1480	aus	_	_	
7-25	1480-1481	,	_	_	
7-26	1482-1486	weil	_	_	
7-27	1487-1489	in	_	_	
7-28	1490-1493	die	_	B	
7-29	1494-1504	Berechnung	_	I	
7-30	1505-1508	die	Animated[11]	B	
7-31	1509-1515	großen	Animated[11]	I	
7-32	1515-1516	,	Animated[11]	I	
7-33	1517-1528	profitablen	Animated[11]	I	
7-34	1529-1535	Firmen	Animated[11]	I	
7-35	1536-1541	nicht	_	_	
7-36	1542-1546	mehr	_	_	
7-37	1547-1557	einfließen	_	_	
7-38	1557-1558	;	_	_	
7-39	1559-1563	denn	_	_	
7-40	1564-1567	sie	_	B	
7-41	1568-1572	sind	_	_	
7-42	1573-1577	nach	_	_	
7-43	1578-1581	der	_	B	
7-44	1582-1587	neuen	_	I	
7-45	1588-1610	Pauschalisierungsregel	_	I	
7-46	1611-1613	im	_	_	
7-47	1614-1632	Umsatzsteuergesetz	_	B	
7-48	1633-1636	bei	_	_	
7-49	1637-1642	einem	_	B	
7-50	1643-1649	Umsatz	_	I	
7-51	1650-1653	von	_	_	
7-52	1654-1658	mehr	_	B	
7-53	1659-1662	als	_	I	
7-54	1663-1666	600	_	I	
7-55	1666-1667	 	_	I	
7-56	1667-1670	000	_	I	
7-57	1671-1675	Euro	_	I	
7-58	1676-1680	raus	_	_	
7-59	1681-1684	aus	_	_	
7-60	1685-1688	dem	_	B	
7-61	1689-1697	Geschäft	_	I	
7-62	1697-1698	.	_	_	
7-63	1699-1703	Also	_	_	
7-64	1703-1704	:	_	_	
7-65	1705-1708	Die	_	B	
7-66	1709-1719	Berechnung	_	I	
7-67	1720-1723	ist	_	_	
7-68	1724-1730	falsch	_	_	
7-69	1730-1731	.	_	_	

#Text=Nehmen wir zweitens die Umsetzung zum 1. Januar. Die ist ja völlig realitätsfremd, weil das Wirtschaftsjahr für Land- und Forstwirtschaft eben schon – das ist bereits gesagt worden – im Juli beginnt. Das heißt: Buchungschaos und Mehrkosten sind vorprogrammiert. Liebe Kolleginnen und Kollegen, das sage nicht ich, sondern das sagen die Fachverbände.
8-1	1741-1747	Nehmen	_	_	
8-2	1748-1751	wir	Animated	B	
8-3	1752-1760	zweitens	_	_	
8-4	1761-1764	die	_	B	
8-5	1765-1774	Umsetzung	_	I	
8-6	1775-1778	zum	_	_	
8-7	1779-1781	1.	_	B	
8-8	1782-1788	Januar	_	I	
8-9	1788-1789	.	_	_	
8-10	1790-1793	Die	_	B	
8-11	1794-1797	ist	_	_	
8-12	1798-1800	ja	_	_	
8-13	1801-1807	völlig	_	_	
8-14	1808-1822	realitätsfremd	_	_	
8-15	1822-1823	,	_	_	
8-16	1824-1828	weil	_	_	
8-17	1829-1832	das	_	B	
8-18	1833-1848	Wirtschaftsjahr	_	I	
8-19	1849-1852	für	_	_	
8-20	1853-1858	Land-	_	B	
8-21	1859-1862	und	_	I	
8-22	1863-1878	Forstwirtschaft	_	I	
8-23	1879-1883	eben	_	_	
8-24	1884-1889	schon	_	_	
8-25	1890-1891	–	_	B	
8-26	1892-1895	das	_	I	
8-27	1896-1899	ist	_	_	
8-28	1900-1907	bereits	_	_	
8-29	1908-1914	gesagt	_	_	
8-30	1915-1921	worden	_	_	
8-31	1922-1923	–	_	_	
8-32	1924-1926	im	_	_	
8-33	1927-1931	Juli	_	B	
8-34	1932-1939	beginnt	_	_	
8-35	1939-1940	.	_	_	
8-36	1941-1944	Das	_	B	
8-37	1945-1950	heißt	_	_	
8-38	1950-1951	:	_	_	
8-39	1952-1965	Buchungschaos	_	B	
8-40	1966-1969	und	_	_	
8-41	1970-1980	Mehrkosten	_	B	
8-42	1981-1985	sind	_	_	
8-43	1986-2001	vorprogrammiert	_	_	
8-44	2001-2002	.	_	_	
8-45	2003-2008	Liebe	_	B	
8-46	2009-2020	Kolleginnen	_	_	
8-47	2021-2024	und	_	_	
8-48	2025-2033	Kollegen	Animated	B	
8-49	2033-2034	,	_	_	
8-50	2035-2038	das	_	B	
8-51	2039-2043	sage	_	_	
8-52	2044-2049	nicht	_	_	
8-53	2050-2053	ich	Animated	B	
8-54	2053-2054	,	_	_	
8-55	2055-2062	sondern	_	_	
8-56	2063-2066	das	_	B	
8-57	2067-2072	sagen	_	_	
8-58	2073-2076	die	Animated[12]	B	
8-59	2077-2089	Fachverbände	Animated[12]	I	
8-60	2089-2090	.	_	_	

#Text=Angesichts von nur einem Tag Beteiligung in einem Gesetzgebungsverfahren muss ich wirklich sagen: Das ist kein Bundestagsniveau.
9-1	2099-2109	Angesichts	_	_	
9-2	2110-2113	von	_	_	
9-3	2114-2117	nur	_	B	
9-4	2118-2123	einem	_	I	
9-5	2124-2127	Tag	_	I	
9-6	2128-2139	Beteiligung	_	B	
9-7	2140-2142	in	_	_	
9-8	2143-2148	einem	_	B	
9-9	2149-2171	Gesetzgebungsverfahren	_	I	
9-10	2172-2176	muss	_	_	
9-11	2177-2180	ich	Animated	B	
9-12	2181-2189	wirklich	_	_	
9-13	2190-2195	sagen	_	_	
9-14	2195-2196	:	_	_	
9-15	2197-2200	Das	_	B	
9-16	2201-2204	ist	_	_	
9-17	2205-2209	kein	_	B	
9-18	2210-2226	Bundestagsniveau	_	I	
9-19	2226-2227	.	_	_	

#Text=Insofern, meine Damen und Herren, ist bei großen Teilen dieses Gesetzentwurfs handwerklich schlecht gearbeitet worden, und das werden wir im Hauptausschuss nacharbeiten.
10-1	2230-2238	Insofern	_	_	
10-2	2238-2239	,	_	_	
10-3	2240-2245	meine	Animated[13]	B	
10-4	2246-2251	Damen	Animated[13]	I	
10-5	2252-2255	und	_	_	
10-6	2256-2262	Herren	Animated	B	
10-7	2262-2263	,	_	_	
10-8	2264-2267	ist	_	_	
10-9	2268-2271	bei	_	_	
10-10	2272-2278	großen	_	B	
10-11	2279-2285	Teilen	_	I	
10-12	2286-2292	dieses	_	B	
10-13	2293-2307	Gesetzentwurfs	_	I	
10-14	2308-2320	handwerklich	_	_	
10-15	2321-2329	schlecht	_	_	
10-16	2330-2340	gearbeitet	_	_	
10-17	2341-2347	worden	_	_	
10-18	2347-2348	,	_	_	
10-19	2349-2352	und	_	_	
10-20	2353-2356	das	_	B	
10-21	2357-2363	werden	_	_	
10-22	2364-2367	wir	Animated	B	
10-23	2368-2370	im	_	_	
10-24	2371-2385	Hauptausschuss	Animated	B	
10-25	2386-2398	nacharbeiten	_	_	
10-26	2398-2399	.	_	_	

#Text=Vielen Dank.
11-1	2404-2410	Vielen	_	_	
11-2	2411-2415	Dank	_	_	
11-3	2415-2416	.	_	_	

#Text=Vielen Dank, Herr Kollege. – Für die SPD-Fraktion erhält jetzt das Wort die Kollegin Cansel Kiziltepe.
12-1	2418-2424	Vielen	_	_	
12-2	2425-2429	Dank	_	_	
12-3	2429-2430	,	_	_	
12-4	2431-2435	Herr	Animated[14]	B	
12-5	2436-2443	Kollege	Animated[14]	I	
12-6	2443-2444	.	_	_	
12-7	2445-2446	–	_	_	
12-8	2447-2450	Für	_	_	
12-9	2451-2454	die	Animated[15]	B	
12-10	2455-2467	SPD-Fraktion	Animated[15]	I	
12-11	2468-2474	erhält	_	_	
12-12	2475-2480	jetzt	_	_	
12-13	2481-2484	das	_	B	
12-14	2485-2489	Wort	_	I	
12-15	2490-2493	die	Animated[16]	B	
12-16	2494-2502	Kollegin	Animated[16]	I	
12-17	2503-2509	Cansel	Animated[16]	I	
12-18	2510-2519	Kiziltepe	Animated[16]	I	
12-19	2519-2520	.	_	_	
