#FORMAT=WebAnno TSV 3.3
#T_SP=webanno.custom.Animacy|Animated
#T_SP=webanno.custom.CustomChunk|Chunk


#Text=Herr Präsident! Meine sehr verehrten Damen und Herren! Liebe Kolleginnen! Liebe Kollegen! Die landwirtschaftlichen Betriebe in Deutschland erzeugen weltweit die hochwertigsten Lebensmittel. Sie erfüllen dabei die allerhöchsten Umweltstandards in den Bereichen Biodiversität und Trinkwasserqualität und viele andere umweltpolitische Anforderungen. Etwa jeder siebte Erwerbstätige in Deutschland ist mittelbar oder unmittelbar im Agrarbereich tätig. Insbesondere in sogenannten strukturschwachen Regionen und in Krisenzeiten sind es häufig genug unsere mittelständischen, familiengeführten landwirtschaftlichen Betriebe, die Menschen einen sicheren Arbeitsplatz gewähren. Ich sage unumwunden: Ich bin stolz auf die Landwirte in Deutschland und die tollen Leistungen, die sie jahrein, jahraus für uns erbringen.
1-1	0-4	Herr	Animated[1]	B	
1-2	5-14	Präsident	Animated[1]	I	
1-3	14-15	!	_	_	
1-4	16-21	Meine	Animated[2]	B	
1-5	22-26	sehr	Animated[2]	I	
1-6	27-36	verehrten	Animated[2]	I	
1-7	37-42	Damen	Animated[2]	I	
1-8	43-46	und	_	_	
1-9	47-53	Herren	Animated	B	
1-10	53-54	!	_	_	
1-11	55-60	Liebe	Animated[3]	B	
1-12	61-72	Kolleginnen	Animated[3]	I	
1-13	72-73	!	_	_	
1-14	74-79	Liebe	Animated[4]	B	
1-15	80-88	Kollegen	Animated[4]	I	
1-16	88-89	!	_	_	
1-17	90-93	Die	Animated[5]	B	
1-18	94-114	landwirtschaftlichen	Animated[5]	I	
1-19	115-123	Betriebe	Animated[5]	I	
1-20	124-126	in	_	_	
1-21	127-138	Deutschland	_	B	
1-22	139-147	erzeugen	_	_	
1-23	148-156	weltweit	_	_	
1-24	157-160	die	_	B	
1-25	161-175	hochwertigsten	_	I	
1-26	176-188	Lebensmittel	_	I	
1-27	188-189	.	_	_	
1-28	190-193	Sie	_	B	
1-29	194-202	erfüllen	_	_	
1-30	203-208	dabei	_	_	
1-31	209-212	die	_	B	
1-32	213-226	allerhöchsten	_	I	
1-33	227-242	Umweltstandards	_	I	
1-34	243-245	in	_	_	
1-35	246-249	den	_	B	
1-36	250-259	Bereichen	_	I	
1-37	260-273	Biodiversität	_	I	
1-38	274-277	und	_	_	
1-39	278-297	Trinkwasserqualität	_	B	
1-40	298-301	und	_	_	
1-41	302-307	viele	_	B	
1-42	308-314	andere	_	I	
1-43	315-331	umweltpolitische	_	I	
1-44	332-345	Anforderungen	_	I	
1-45	345-346	.	_	_	
1-46	347-351	Etwa	Animated[6]	B	
1-47	352-357	jeder	Animated[6]	I	
1-48	358-364	siebte	Animated[6]	I	
1-49	365-378	Erwerbstätige	Animated[6]	I	
1-50	379-381	in	_	_	
1-51	382-393	Deutschland	_	B	
1-52	394-397	ist	_	_	
1-53	398-407	mittelbar	_	_	
1-54	408-412	oder	_	_	
1-55	413-424	unmittelbar	_	_	
1-56	425-427	im	_	_	
1-57	428-440	Agrarbereich	_	B	
1-58	441-446	tätig	_	_	
1-59	446-447	.	_	_	
1-60	448-460	Insbesondere	_	_	
1-61	461-463	in	_	_	
1-62	464-475	sogenannten	_	B	
1-63	476-493	strukturschwachen	_	I	
1-64	494-502	Regionen	_	I	
1-65	503-506	und	_	_	
1-66	507-509	in	_	_	
1-67	510-522	Krisenzeiten	_	B	
1-68	523-527	sind	_	_	
1-69	528-530	es	_	B	
1-70	531-537	häufig	_	_	
1-71	538-543	genug	Animated[7]	B	
1-72	544-550	unsere	Animated[7]	I	
1-73	551-568	mittelständischen	Animated[7]	I	
1-74	568-569	,	Animated[7]	I	
1-75	570-587	familiengeführten	Animated[7]	I	
1-76	588-608	landwirtschaftlichen	Animated[7]	I	
1-77	609-617	Betriebe	Animated[7]	I	
1-78	617-618	,	_	_	
1-79	619-622	die	_	_	
1-80	623-631	Menschen	Animated	B	
1-81	632-637	einen	_	B	
1-82	638-646	sicheren	_	I	
1-83	647-659	Arbeitsplatz	_	I	
1-84	660-668	gewähren	_	_	
1-85	668-669	.	_	_	
1-86	670-673	Ich	Animated	B	
1-87	674-678	sage	_	_	
1-88	679-689	unumwunden	_	_	
1-89	689-690	:	_	_	
1-90	691-694	Ich	Animated	B	
1-91	695-698	bin	_	_	
1-92	699-704	stolz	_	_	
1-93	705-708	auf	_	_	
1-94	709-712	die	Animated[8]	B	
1-95	713-722	Landwirte	Animated[8]	I	
1-96	723-725	in	_	_	
1-97	726-737	Deutschland	_	B	
1-98	738-741	und	_	_	
1-99	742-745	die	_	B	
1-100	746-752	tollen	_	I	
1-101	753-763	Leistungen	_	I	
1-102	763-764	,	_	_	
1-103	765-768	die	_	B	
1-104	769-772	sie	_	B	
1-105	773-780	jahrein	_	_	
1-106	780-781	,	_	_	
1-107	782-789	jahraus	_	_	
1-108	790-793	für	_	_	
1-109	794-797	uns	_	B	
1-110	798-807	erbringen	_	_	
1-111	807-808	.	_	_	

#Text=Trotzdem fühlen sich viele Landwirte gegenwärtig von der Politik ein Stück weit im Stich gelassen, vielleicht auch, weil sie das Gefühl haben, dass sie von einem Teil der Gesellschaft – häufig genug übrigens von dem Teil, der gerade nicht auf dem Land, sondern in den Städten wohnt – sozusagen als Buhmann für eine ganze Reihe von gesellschaftlichen Herausforderungen, die wir eigentlich gemeinsam bewältigen müssten, abgestempelt werden: Boden-, Luft- und Gewässerreinhaltung, Tierschutz, MRSA, Artenvielfalt. Es ist leicht, mehr Fläche für Nutztiere zu fordern oder andere Standards erhöhen zu wollen. Wenn man aber gleichzeitig beim Discounter um die Ecke nur 99 Cent für eine Putenbrust ausgeben will, dann sind das zwei Punkte, die nicht zueinanderpassen. Wer höhere Standards fordert, muss auch bereit sein, einen höheren Preis für die entsprechenden Leistungen und Produkte zu bezahlen, meine Damen und Herren.
2-1	823-831	Trotzdem	_	_	
2-2	832-838	fühlen	_	_	
2-3	839-843	sich	_	B	
2-4	844-849	viele	Animated[9]	B	
2-5	850-859	Landwirte	Animated[9]	I	
2-6	860-871	gegenwärtig	_	_	
2-7	872-875	von	_	_	
2-8	876-879	der	_	B	
2-9	880-887	Politik	_	I	
2-10	888-891	ein	_	_	
2-11	892-897	Stück	_	_	
2-12	898-902	weit	_	_	
2-13	903-905	im	_	_	
2-14	906-911	Stich	_	B	
2-15	912-920	gelassen	_	_	
2-16	920-921	,	_	_	
2-17	922-932	vielleicht	_	_	
2-18	933-937	auch	_	_	
2-19	937-938	,	_	_	
2-20	939-943	weil	_	_	
2-21	944-947	sie	_	B	
2-22	948-951	das	_	B	
2-23	952-958	Gefühl	_	I	
2-24	959-964	haben	_	_	
2-25	964-965	,	_	_	
2-26	966-970	dass	_	_	
2-27	971-974	sie	_	B	
2-28	975-978	von	_	_	
2-29	979-984	einem	_	B	
2-30	985-989	Teil	_	I	
2-31	990-993	der	Animated[10]	B	
2-32	994-1006	Gesellschaft	Animated[10]	I	
2-33	1007-1008	–	_	_	
2-34	1009-1015	häufig	_	_	
2-35	1016-1021	genug	_	_	
2-36	1022-1030	übrigens	_	_	
2-37	1031-1034	von	_	_	
2-38	1035-1038	dem	_	B	
2-39	1039-1043	Teil	_	I	
2-40	1043-1044	,	_	_	
2-41	1045-1048	der	_	B	
2-42	1049-1055	gerade	_	_	
2-43	1056-1061	nicht	_	_	
2-44	1062-1065	auf	_	_	
2-45	1066-1069	dem	_	B	
2-46	1070-1074	Land	_	I	
2-47	1074-1075	,	_	_	
2-48	1076-1083	sondern	_	_	
2-49	1084-1086	in	_	_	
2-50	1087-1090	den	_	B	
2-51	1091-1098	Städten	_	I	
2-52	1099-1104	wohnt	_	_	
2-53	1105-1106	–	_	_	
2-54	1107-1116	sozusagen	_	_	
2-55	1117-1120	als	_	_	
2-56	1121-1128	Buhmann	Animated	B	
2-57	1129-1132	für	_	_	
2-58	1133-1137	eine	_	B	
2-59	1138-1143	ganze	_	I	
2-60	1144-1149	Reihe	_	I	
2-61	1150-1153	von	_	_	
2-62	1154-1172	gesellschaftlichen	_	B	
2-63	1173-1190	Herausforderungen	_	I	
2-64	1190-1191	,	_	_	
2-65	1192-1195	die	_	B	
2-66	1196-1199	wir	Animated	B	
2-67	1200-1210	eigentlich	_	_	
2-68	1211-1220	gemeinsam	_	_	
2-69	1221-1231	bewältigen	_	_	
2-70	1232-1239	müssten	_	_	
2-71	1239-1240	,	_	_	
2-72	1241-1253	abgestempelt	_	_	
2-73	1254-1260	werden	_	_	
2-74	1260-1261	:	_	_	
2-75	1262-1268	Boden-	_	B	
2-76	1268-1269	,	_	I	
2-77	1270-1275	Luft-	_	I	
2-78	1276-1279	und	_	I	
2-79	1280-1299	Gewässerreinhaltung	_	I	
2-80	1299-1300	,	_	_	
2-81	1301-1311	Tierschutz	_	_	
2-82	1311-1312	,	_	_	
2-83	1313-1317	MRSA	_	B	
2-84	1317-1318	,	_	_	
2-85	1319-1332	Artenvielfalt	_	B	
2-86	1332-1333	.	_	_	
2-87	1334-1336	Es	_	B	
2-88	1337-1340	ist	_	_	
2-89	1341-1347	leicht	_	_	
2-90	1347-1348	,	_	_	
2-91	1349-1353	mehr	_	B	
2-92	1354-1360	Fläche	_	I	
2-93	1361-1364	für	_	_	
2-94	1365-1374	Nutztiere	_	B	
2-95	1375-1377	zu	_	_	
2-96	1378-1385	fordern	_	_	
2-97	1386-1390	oder	_	_	
2-98	1391-1397	andere	_	B	
2-99	1398-1407	Standards	_	I	
2-100	1408-1415	erhöhen	_	_	
2-101	1416-1418	zu	_	_	
2-102	1419-1425	wollen	_	_	
2-103	1425-1426	.	_	_	
2-104	1427-1431	Wenn	_	_	
2-105	1432-1435	man	Animated	B	
2-106	1436-1440	aber	_	_	
2-107	1441-1453	gleichzeitig	_	_	
2-108	1454-1458	beim	_	_	
2-109	1459-1469	Discounter	_	B	
2-110	1470-1472	um	_	_	
2-111	1473-1476	die	_	B	
2-112	1477-1481	Ecke	_	I	
2-113	1482-1485	nur	_	B	
2-114	1486-1488	99	_	I	
2-115	1489-1493	Cent	_	I	
2-116	1494-1497	für	_	_	
2-117	1498-1502	eine	_	B	
2-118	1503-1513	Putenbrust	_	I	
2-119	1514-1522	ausgeben	_	_	
2-120	1523-1527	will	_	_	
2-121	1527-1528	,	_	_	
2-122	1529-1533	dann	_	_	
2-123	1534-1538	sind	_	_	
2-124	1539-1542	das	_	_	
2-125	1543-1547	zwei	_	B	
2-126	1548-1554	Punkte	_	I	
2-127	1554-1555	,	_	_	
2-128	1556-1559	die	_	B	
2-129	1560-1565	nicht	_	_	
2-130	1566-1582	zueinanderpassen	_	_	
2-131	1582-1583	.	_	_	
2-132	1584-1587	Wer	_	B	
2-133	1588-1594	höhere	_	B	
2-134	1595-1604	Standards	_	I	
2-135	1605-1612	fordert	_	_	
2-136	1612-1613	,	_	_	
2-137	1614-1618	muss	_	_	
2-138	1619-1623	auch	_	_	
2-139	1624-1630	bereit	_	_	
2-140	1631-1635	sein	_	_	
2-141	1635-1636	,	_	_	
2-142	1637-1642	einen	_	B	
2-143	1643-1650	höheren	_	I	
2-144	1651-1656	Preis	_	I	
2-145	1657-1660	für	_	_	
2-146	1661-1664	die	_	B	
2-147	1665-1679	entsprechenden	_	I	
2-148	1680-1690	Leistungen	_	I	
2-149	1691-1694	und	_	_	
2-150	1695-1703	Produkte	_	B	
2-151	1704-1706	zu	_	_	
2-152	1707-1715	bezahlen	_	_	
2-153	1715-1716	,	_	_	
2-154	1717-1722	meine	Animated[11]	B	
2-155	1723-1728	Damen	Animated[11]	I	
2-156	1729-1732	und	_	_	
2-157	1733-1739	Herren	Animated	B	
2-158	1739-1740	.	_	_	

#Text=Meine Fraktion wird sich in den kommenden Jahren nicht an dem Bauern-Bashing, das immer mehr die Runde macht, beteiligen. Deswegen möchte ich auch nur ganz am Rande auf die, wie ich finde und wie wir finden, unsägliche Kampagne zu sprechen kommen, die es im letzten Jahr gegeben hat, als seitens des Umweltministeriums die „neuen Bauernregeln“ – die Branchenkenner werden sich erinnern – ausgegeben wurden. Ich kann mich nicht daran erinnern, dass sich jemals ein ganzer Berufszweig durch eine solche Kampagne derart gekränkt, diffamiert und dauerhaft in seiner Berufsehre verletzt gefühlt hat. Wer pauschal einen Berufszweig derart verunglimpft, der hat nie recht. Diese Kampagne seinerzeit ist unerträglich gewesen, meine Damen und Herren.
3-1	1763-1768	Meine	Animated[12]	B	
3-2	1769-1777	Fraktion	Animated[12]	I	
3-3	1778-1782	wird	_	_	
3-4	1783-1787	sich	_	B	
3-5	1788-1790	in	_	_	
3-6	1791-1794	den	_	B	
3-7	1795-1804	kommenden	_	I	
3-8	1805-1811	Jahren	_	I	
3-9	1812-1817	nicht	_	B	
3-10	1818-1820	an	_	I	
3-11	1821-1824	dem	_	I	
3-12	1825-1839	Bauern-Bashing	_	I	
3-13	1839-1840	,	_	_	
3-14	1841-1844	das	_	B	
3-15	1845-1850	immer	_	_	
3-16	1851-1855	mehr	_	_	
3-17	1856-1859	die	_	B	
3-18	1860-1865	Runde	_	I	
3-19	1866-1871	macht	_	_	
3-20	1871-1872	,	_	_	
3-21	1873-1883	beteiligen	_	_	
3-22	1883-1884	.	_	_	
3-23	1885-1893	Deswegen	_	_	
3-24	1894-1900	möchte	_	_	
3-25	1901-1904	ich	Animated	B	
3-26	1905-1909	auch	_	_	
3-27	1910-1913	nur	_	_	
3-28	1914-1918	ganz	_	_	
3-29	1919-1921	am	_	_	
3-30	1922-1927	Rande	_	B	
3-31	1928-1931	auf	_	_	
3-32	1932-1935	die	_	_	
3-33	1935-1936	,	_	_	
3-34	1937-1940	wie	_	_	
3-35	1941-1944	ich	Animated	B	
3-36	1945-1950	finde	_	_	
3-37	1951-1954	und	_	_	
3-38	1955-1958	wie	_	_	
3-39	1959-1962	wir	Animated	B	
3-40	1963-1969	finden	_	_	
3-41	1969-1970	,	_	_	
3-42	1971-1981	unsägliche	_	B	
3-43	1982-1990	Kampagne	_	I	
3-44	1991-1993	zu	_	_	
3-45	1994-2002	sprechen	_	_	
3-46	2003-2009	kommen	_	_	
3-47	2009-2010	,	_	_	
3-48	2011-2014	die	_	B	
3-49	2015-2017	es	_	B	
3-50	2018-2020	im	_	_	
3-51	2021-2028	letzten	_	B	
3-52	2029-2033	Jahr	_	I	
3-53	2034-2041	gegeben	_	_	
3-54	2042-2045	hat	_	_	
3-55	2045-2046	,	_	_	
3-56	2047-2050	als	_	_	
3-57	2051-2058	seitens	_	_	
3-58	2059-2062	des	Animated[13]	B	
3-59	2063-2081	Umweltministeriums	Animated[13]	I	
3-60	2082-2085	die	_	B	
3-61	2086-2087	„	_	I	
3-62	2087-2092	neuen	_	I	
3-63	2093-2105	Bauernregeln	_	I	
3-64	2105-2106	“	_	_	
3-65	2107-2108	–	_	_	
3-66	2109-2112	die	Animated[14]	B	
3-67	2113-2127	Branchenkenner	Animated[14]	I	
3-68	2128-2134	werden	_	_	
3-69	2135-2139	sich	_	B	
3-70	2140-2148	erinnern	_	_	
3-71	2149-2150	–	_	_	
3-72	2151-2161	ausgegeben	_	_	
3-73	2162-2168	wurden	_	_	
3-74	2168-2169	.	_	_	
3-75	2170-2173	Ich	Animated	B	
3-76	2174-2178	kann	_	_	
3-77	2179-2183	mich	_	B	
3-78	2184-2189	nicht	_	_	
3-79	2190-2195	daran	_	_	
3-80	2196-2204	erinnern	_	_	
3-81	2204-2205	,	_	_	
3-82	2206-2210	dass	_	_	
3-83	2211-2215	sich	_	B	
3-84	2216-2222	jemals	_	_	
3-85	2223-2226	ein	Animated[15]	B	
3-86	2227-2233	ganzer	Animated[15]	I	
3-87	2234-2245	Berufszweig	Animated[15]	I	
3-88	2246-2251	durch	_	_	
3-89	2252-2256	eine	_	B	
3-90	2257-2263	solche	_	I	
3-91	2264-2272	Kampagne	_	I	
3-92	2273-2279	derart	_	_	
3-93	2280-2288	gekränkt	_	_	
3-94	2288-2289	,	_	_	
3-95	2290-2300	diffamiert	_	_	
3-96	2301-2304	und	_	_	
3-97	2305-2314	dauerhaft	_	_	
3-98	2315-2317	in	_	_	
3-99	2318-2324	seiner	_	B	
3-100	2325-2335	Berufsehre	_	I	
3-101	2336-2344	verletzt	_	_	
3-102	2345-2352	gefühlt	_	_	
3-103	2353-2356	hat	_	_	
3-104	2356-2357	.	_	_	
3-105	2358-2361	Wer	_	B	
3-106	2362-2370	pauschal	_	_	
3-107	2371-2376	einen	_	B	
3-108	2377-2388	Berufszweig	_	I	
3-109	2389-2395	derart	_	_	
3-110	2396-2408	verunglimpft	_	_	
3-111	2408-2409	,	_	_	
3-112	2410-2413	der	_	_	
3-113	2414-2417	hat	_	_	
3-114	2418-2421	nie	_	_	
3-115	2422-2427	recht	_	B	
3-116	2427-2428	.	_	_	
3-117	2429-2434	Diese	_	B	
3-118	2435-2443	Kampagne	_	I	
3-119	2444-2454	seinerzeit	_	_	
3-120	2455-2458	ist	_	_	
3-121	2459-2471	unerträglich	_	_	
3-122	2472-2479	gewesen	_	_	
3-123	2479-2480	,	_	_	
3-124	2481-2486	meine	Animated[16]	B	
3-125	2487-2492	Damen	Animated[16]	I	
3-126	2493-2496	und	_	_	
3-127	2497-2503	Herren	Animated	B	
3-128	2503-2504	.	_	_	

#Text=Natürlich gibt es schwarze Schafe. Die gibt es in jedem Beruf, und die gibt es damit – das liegt in der Natur der Sache – auch unter Landwirten. Es gibt Höfe, auf denen gegen Auflagen verstoßen wird, auf denen das Tierschutzgesetz nicht eingehalten wird, auf denen gegen das Düngerecht verstoßen wird und viele andere Dinge mehr. Gegen all diese Entwicklungen muss im Einzelfall mit aller Entschlossenheit vorgegangen werden. Aber man darf kein Pauschalurteil fällen und über einen gesamten Berufsstand den Stab brechen. Ich behaupte, dass 99 Prozent aller Betriebe nicht nur akribisch alle Auflagen einhalten, sondern auch ein ganz vitales Interesse daran haben, dass das Tierwohl geachtet wird und dass Umweltschutz eine große Rolle spielt. Verstöße Einzelner für alle zu einem Bewertungsmaßstab zu machen, kann nie richtig sein. Deswegen sollten wir uns von dieser Diffamierung verabschieden.
4-1	2522-2531	Natürlich	_	_	
4-2	2532-2536	gibt	_	_	
4-3	2537-2539	es	_	_	
4-4	2540-2548	schwarze	Animated[17]	B	
4-5	2549-2555	Schafe	Animated[17]	I	
4-6	2555-2556	.	_	_	
4-7	2557-2560	Die	_	B	
4-8	2561-2565	gibt	_	_	
4-9	2566-2568	es	_	_	
4-10	2569-2571	in	_	_	
4-11	2572-2577	jedem	_	B	
4-12	2578-2583	Beruf	_	I	
4-13	2583-2584	,	_	_	
4-14	2585-2588	und	_	_	
4-15	2589-2592	die	_	B	
4-16	2593-2597	gibt	_	_	
4-17	2598-2600	es	_	_	
4-18	2601-2606	damit	_	_	
4-19	2607-2608	–	_	_	
4-20	2609-2612	das	_	B	
4-21	2613-2618	liegt	_	_	
4-22	2619-2621	in	_	_	
4-23	2622-2625	der	_	B	
4-24	2626-2631	Natur	_	I	
4-25	2632-2635	der	_	B	
4-26	2636-2641	Sache	_	I	
4-27	2642-2643	–	_	_	
4-28	2644-2648	auch	_	_	
4-29	2649-2654	unter	_	_	
4-30	2655-2665	Landwirten	Animated	B	
4-31	2665-2666	.	_	_	
4-32	2667-2669	Es	_	_	
4-33	2670-2674	gibt	_	_	
4-34	2675-2679	Höfe	_	B	
4-35	2679-2680	,	_	_	
4-36	2681-2684	auf	_	_	
4-37	2685-2690	denen	_	B	
4-38	2691-2696	gegen	_	_	
4-39	2697-2705	Auflagen	_	B	
4-40	2706-2715	verstoßen	_	_	
4-41	2716-2720	wird	_	_	
4-42	2720-2721	,	_	_	
4-43	2722-2725	auf	_	_	
4-44	2726-2731	denen	_	B	
4-45	2732-2735	das	_	B	
4-46	2736-2752	Tierschutzgesetz	_	I	
4-47	2753-2758	nicht	_	_	
4-48	2759-2770	eingehalten	_	_	
4-49	2771-2775	wird	_	_	
4-50	2775-2776	,	_	_	
4-51	2777-2780	auf	_	_	
4-52	2781-2786	denen	_	B	
4-53	2787-2792	gegen	_	_	
4-54	2793-2796	das	_	B	
4-55	2797-2807	Düngerecht	_	I	
4-56	2808-2817	verstoßen	_	_	
4-57	2818-2822	wird	_	_	
4-58	2823-2826	und	_	_	
4-59	2827-2832	viele	_	B	
4-60	2833-2839	andere	_	I	
4-61	2840-2845	Dinge	_	I	
4-62	2846-2850	mehr	_	_	
4-63	2850-2851	.	_	_	
4-64	2852-2857	Gegen	_	_	
4-65	2858-2861	all	_	B	
4-66	2862-2867	diese	_	I	
4-67	2868-2881	Entwicklungen	_	I	
4-68	2882-2886	muss	_	_	
4-69	2887-2889	im	_	_	
4-70	2890-2900	Einzelfall	_	B	
4-71	2901-2904	mit	_	_	
4-72	2905-2910	aller	_	B	
4-73	2911-2927	Entschlossenheit	_	I	
4-74	2928-2939	vorgegangen	_	_	
4-75	2940-2946	werden	_	_	
4-76	2946-2947	.	_	_	
4-77	2948-2952	Aber	_	_	
4-78	2953-2956	man	Animated	B	
4-79	2957-2961	darf	_	_	
4-80	2962-2966	kein	_	B	
4-81	2967-2981	Pauschalurteil	_	I	
4-82	2982-2988	fällen	_	_	
4-83	2989-2992	und	_	_	
4-84	2993-2997	über	_	_	
4-85	2998-3003	einen	_	B	
4-86	3004-3012	gesamten	_	I	
4-87	3013-3024	Berufsstand	_	I	
4-88	3025-3028	den	_	B	
4-89	3029-3033	Stab	_	I	
4-90	3034-3041	brechen	_	_	
4-91	3041-3042	.	_	_	
4-92	3043-3046	Ich	Animated	B	
4-93	3047-3055	behaupte	_	_	
4-94	3055-3056	,	_	_	
4-95	3057-3061	dass	_	_	
4-96	3062-3064	99	_	B	
4-97	3065-3072	Prozent	_	I	
4-98	3073-3078	aller	Animated[18]	B	
4-99	3079-3087	Betriebe	Animated[18]	I	
4-100	3088-3093	nicht	_	_	
4-101	3094-3097	nur	_	_	
4-102	3098-3107	akribisch	_	_	
4-103	3108-3112	alle	_	B	
4-104	3113-3121	Auflagen	_	I	
4-105	3122-3131	einhalten	_	_	
4-106	3131-3132	,	_	_	
4-107	3133-3140	sondern	_	_	
4-108	3141-3145	auch	_	B	
4-109	3146-3149	ein	_	I	
4-110	3150-3154	ganz	_	I	
4-111	3155-3162	vitales	_	I	
4-112	3163-3172	Interesse	_	I	
4-113	3173-3178	daran	_	_	
4-114	3179-3184	haben	_	_	
4-115	3184-3185	,	_	_	
4-116	3186-3190	dass	_	_	
4-117	3191-3194	das	_	B	
4-118	3195-3203	Tierwohl	_	I	
4-119	3204-3212	geachtet	_	_	
4-120	3213-3217	wird	_	_	
4-121	3218-3221	und	_	_	
4-122	3222-3226	dass	_	_	
4-123	3227-3239	Umweltschutz	_	B	
4-124	3240-3244	eine	_	B	
4-125	3245-3250	große	_	I	
4-126	3251-3256	Rolle	_	I	
4-127	3257-3263	spielt	_	_	
4-128	3263-3264	.	_	_	
4-129	3265-3273	Verstöße	_	B	
4-130	3274-3283	Einzelner	_	I	
4-131	3284-3287	für	_	_	
4-132	3288-3292	alle	_	B	
4-133	3293-3295	zu	_	_	
4-134	3296-3301	einem	_	B	
4-135	3302-3319	Bewertungsmaßstab	_	I	
4-136	3320-3322	zu	_	_	
4-137	3323-3329	machen	_	_	
4-138	3329-3330	,	_	_	
4-139	3331-3335	kann	_	_	
4-140	3336-3339	nie	_	_	
4-141	3340-3347	richtig	_	_	
4-142	3348-3352	sein	_	_	
4-143	3352-3353	.	_	_	
4-144	3354-3362	Deswegen	_	_	
4-145	3363-3370	sollten	_	_	
4-146	3371-3374	wir	Animated	B	
4-147	3375-3378	uns	_	B	
4-148	3379-3382	von	_	_	
4-149	3383-3389	dieser	_	B	
4-150	3390-3402	Diffamierung	_	I	
4-151	3403-3416	verabschieden	_	_	
4-152	3416-3417	.	_	_	

#Text=Lassen Sie mich zum Abschluss noch zwei Worte über das Sondierungspapier von CDU, CSU und SPD und über die Rolle der Landwirtschaft, die darin formuliert ist, verlieren. Ich hätte nicht gedacht, meine Damen und Herren, dass in einem Papier, an dem die CSU beteiligt ist, das Wort „Landwirtschaft“ erst auf Seite 23 von 28 zum ersten Mal Erwähnung findet, dass Sie tatsächlich glauben, auf einer knappen DIN-A4-Seite einen so komplexen Bereich abarbeiten zu können, und vor allem, dass Sie kein einziges Wort der Wertschätzung für die Hunderttausenden von Landwirten finden.
5-1	3434-3440	Lassen	_	_	
5-2	3441-3444	Sie	_	B	
5-3	3445-3449	mich	_	B	
5-4	3450-3453	zum	_	_	
5-5	3454-3463	Abschluss	_	B	
5-6	3464-3468	noch	_	B	
5-7	3469-3473	zwei	_	I	
5-8	3474-3479	Worte	_	I	
5-9	3480-3484	über	_	_	
5-10	3485-3488	das	_	B	
5-11	3489-3506	Sondierungspapier	_	I	
5-12	3507-3510	von	_	_	
5-13	3511-3514	CDU	Animated	B	
5-14	3514-3515	,	_	_	
5-15	3516-3519	CSU	Animated	B	
5-16	3520-3523	und	_	_	
5-17	3524-3527	SPD	Animated	B	
5-18	3528-3531	und	_	_	
5-19	3532-3536	über	_	_	
5-20	3537-3540	die	_	B	
5-21	3541-3546	Rolle	_	I	
5-22	3547-3550	der	_	B	
5-23	3551-3565	Landwirtschaft	_	I	
5-24	3565-3566	,	_	_	
5-25	3567-3570	die	_	B	
5-26	3571-3576	darin	_	_	
5-27	3577-3587	formuliert	_	_	
5-28	3588-3591	ist	_	_	
5-29	3591-3592	,	_	_	
5-30	3593-3602	verlieren	_	_	
5-31	3602-3603	.	_	_	
5-32	3604-3607	Ich	Animated	B	
5-33	3608-3613	hätte	_	_	
5-34	3614-3619	nicht	_	_	
5-35	3620-3627	gedacht	_	_	
5-36	3627-3628	,	_	_	
5-37	3629-3634	meine	Animated[19]	B	
5-38	3635-3640	Damen	Animated[19]	I	
5-39	3641-3644	und	_	_	
5-40	3645-3651	Herren	Animated	B	
5-41	3651-3652	,	_	_	
5-42	3653-3657	dass	_	_	
5-43	3658-3660	in	_	_	
5-44	3661-3666	einem	_	B	
5-45	3667-3673	Papier	_	I	
5-46	3673-3674	,	_	_	
5-47	3675-3677	an	_	_	
5-48	3678-3681	dem	_	B	
5-49	3682-3685	die	Animated[20]	B	
5-50	3686-3689	CSU	Animated[20]	I	
5-51	3690-3699	beteiligt	_	_	
5-52	3700-3703	ist	_	_	
5-53	3703-3704	,	_	_	
5-54	3705-3708	das	_	B	
5-55	3709-3713	Wort	_	I	
5-56	3714-3715	„	_	I	
5-57	3715-3729	Landwirtschaft	_	I	
5-58	3729-3730	“	_	_	
5-59	3731-3735	erst	_	_	
5-60	3736-3739	auf	_	_	
5-61	3740-3745	Seite	_	B	
5-62	3746-3748	23	_	_	
5-63	3749-3752	von	_	_	
5-64	3753-3755	28	_	_	
5-65	3756-3759	zum	_	_	
5-66	3760-3766	ersten	_	B	
5-67	3767-3770	Mal	_	I	
5-68	3771-3780	Erwähnung	_	B	
5-69	3781-3787	findet	_	_	
5-70	3787-3788	,	_	_	
5-71	3789-3793	dass	_	_	
5-72	3794-3797	Sie	_	B	
5-73	3798-3809	tatsächlich	_	_	
5-74	3810-3817	glauben	_	_	
5-75	3817-3818	,	_	_	
5-76	3819-3822	auf	_	_	
5-77	3823-3828	einer	_	B	
5-78	3829-3836	knappen	_	I	
5-79	3837-3849	DIN-A4-Seite	_	I	
5-80	3850-3855	einen	_	B	
5-81	3856-3858	so	_	I	
5-82	3859-3868	komplexen	_	I	
5-83	3869-3876	Bereich	_	I	
5-84	3877-3887	abarbeiten	_	_	
5-85	3888-3890	zu	_	_	
5-86	3891-3897	können	_	_	
5-87	3897-3898	,	_	_	
5-88	3899-3902	und	_	_	
5-89	3903-3906	vor	_	_	
5-90	3907-3912	allem	_	B	
5-91	3912-3913	,	_	_	
5-92	3914-3918	dass	_	_	
5-93	3919-3922	Sie	_	B	
5-94	3923-3927	kein	_	B	
5-95	3928-3936	einziges	_	I	
5-96	3937-3941	Wort	_	I	
5-97	3942-3945	der	_	B	
5-98	3946-3959	Wertschätzung	_	I	
5-99	3960-3963	für	_	_	
5-100	3964-3967	die	_	B	
5-101	3968-3984	Hunderttausenden	_	I	
5-102	3985-3988	von	_	_	
5-103	3989-3999	Landwirten	Animated	B	
5-104	4000-4006	finden	_	_	
5-105	4006-4007	.	_	_	

#Text=Aber Sie haben ja noch die Gelegenheit, zu verhandeln. Vielleicht werden Koalitionsgespräche geführt. Dann haben Sie die Möglichkeit nachzubessern.
6-1	4023-4027	Aber	_	_	
6-2	4028-4031	Sie	_	B	
6-3	4032-4037	haben	_	_	
6-4	4038-4040	ja	_	_	
6-5	4041-4045	noch	_	_	
6-6	4046-4049	die	_	B	
6-7	4050-4061	Gelegenheit	_	I	
6-8	4061-4062	,	_	_	
6-9	4063-4065	zu	_	_	
6-10	4066-4076	verhandeln	_	_	
6-11	4076-4077	.	_	_	
6-12	4078-4088	Vielleicht	_	_	
6-13	4089-4095	werden	_	_	
6-14	4096-4115	Koalitionsgespräche	_	B	
6-15	4116-4123	geführt	_	_	
6-16	4123-4124	.	_	_	
6-17	4125-4129	Dann	_	_	
6-18	4130-4135	haben	_	_	
6-19	4136-4139	Sie	_	B	
6-20	4140-4143	die	_	B	
6-21	4144-4155	Möglichkeit	_	I	
6-22	4156-4169	nachzubessern	_	_	
6-23	4169-4170	.	_	_	

#Text=Meine Damen und Herren, was mich bei diesem Papier besonders hat aufhorchen lassen, ist eine Formulierung, die ich mit Erlaubnis des Präsidenten gerne zitieren möchte. Da steht geschrieben:
7-1	4175-4180	Meine	Animated[21]	B	
7-2	4181-4186	Damen	Animated[21]	I	
7-3	4187-4190	und	_	_	
7-4	4191-4197	Herren	Animated	B	
7-5	4197-4198	,	_	_	
7-6	4199-4202	was	_	B	
7-7	4203-4207	mich	_	B	
7-8	4208-4211	bei	_	_	
7-9	4212-4218	diesem	_	B	
7-10	4219-4225	Papier	_	I	
7-11	4226-4235	besonders	_	_	
7-12	4236-4239	hat	_	_	
7-13	4240-4250	aufhorchen	_	_	
7-14	4251-4257	lassen	_	_	
7-15	4257-4258	,	_	_	
7-16	4259-4262	ist	_	_	
7-17	4263-4267	eine	_	B	
7-18	4268-4280	Formulierung	_	I	
7-19	4280-4281	,	_	_	
7-20	4282-4285	die	_	B	
7-21	4286-4289	ich	_	B	
7-22	4290-4293	mit	_	_	
7-23	4294-4303	Erlaubnis	_	B	
7-24	4304-4307	des	Animated[22]	B	
7-25	4308-4319	Präsidenten	Animated[22]	I	
7-26	4320-4325	gerne	_	_	
7-27	4326-4334	zitieren	_	_	
7-28	4335-4341	möchte	_	_	
7-29	4341-4342	.	_	_	
7-30	4343-4345	Da	_	_	
7-31	4346-4351	steht	_	_	
7-32	4352-4363	geschrieben	_	_	
7-33	4363-4364	:	_	_	

#Text=Der gesellschaftlich geforderte Wandel in der Landwirtschaft und die veränderten Erwartungen der Verbraucher bedürfen einer finanziellen Förderung – national wie europäisch.
8-1	4370-4373	Der	_	B	
8-2	4374-4390	gesellschaftlich	_	I	
8-3	4391-4401	geforderte	_	I	
8-4	4402-4408	Wandel	_	I	
8-5	4409-4411	in	_	_	
8-6	4412-4415	der	_	B	
8-7	4416-4430	Landwirtschaft	_	I	
8-8	4431-4434	und	_	_	
8-9	4435-4438	die	_	B	
8-10	4439-4450	veränderten	_	I	
8-11	4451-4462	Erwartungen	_	I	
8-12	4463-4466	der	Animated[23]	B	
8-13	4467-4478	Verbraucher	Animated[23]	I	
8-14	4479-4487	bedürfen	_	_	
8-15	4488-4493	einer	_	B	
8-16	4494-4506	finanziellen	_	I	
8-17	4507-4516	Förderung	_	I	
8-18	4517-4518	–	_	_	
8-19	4519-4527	national	_	_	
8-20	4528-4531	wie	_	_	
8-21	4532-4542	europäisch	_	_	
8-22	4542-4543	.	_	_	

#Text=Meine sehr verehrten Damen und Herren, es ist doch nicht die Aufgabe von Sondierungspartnern, zu definieren, was gesellschaftlich gewünscht und gefordert wird, sondern das definieren die 80 Millionen Verbraucherinnen und Verbraucher in Deutschland.
9-1	4545-4550	Meine	_	_	
9-2	4551-4555	sehr	_	_	
9-3	4556-4565	verehrten	_	_	
9-4	4566-4571	Damen	_	_	
9-5	4572-4575	und	_	_	
9-6	4576-4582	Herren	Animated	B	
9-7	4582-4583	,	_	_	
9-8	4584-4586	es	_	B	
9-9	4587-4590	ist	_	_	
9-10	4591-4595	doch	_	_	
9-11	4596-4601	nicht	_	_	
9-12	4602-4605	die	_	B	
9-13	4606-4613	Aufgabe	_	I	
9-14	4614-4617	von	_	_	
9-15	4618-4637	Sondierungspartnern	Animated	B	
9-16	4637-4638	,	_	_	
9-17	4639-4641	zu	_	_	
9-18	4642-4652	definieren	_	_	
9-19	4652-4653	,	_	_	
9-20	4654-4657	was	_	B	
9-21	4658-4674	gesellschaftlich	_	_	
9-22	4675-4684	gewünscht	_	_	
9-23	4685-4688	und	_	_	
9-24	4689-4698	gefordert	_	_	
9-25	4699-4703	wird	_	_	
9-26	4703-4704	,	_	_	
9-27	4705-4712	sondern	_	_	
9-28	4713-4716	das	_	B	
9-29	4717-4727	definieren	_	_	
9-30	4728-4731	die	Animated[24]	B	
9-31	4732-4734	80	Animated[24]	I	
9-32	4735-4744	Millionen	Animated[24]	I	
9-33	4745-4761	Verbraucherinnen	Animated[24]	I	
9-34	4762-4765	und	_	_	
9-35	4766-4777	Verbraucher	Animated	B	
9-36	4778-4780	in	_	_	
9-37	4781-4792	Deutschland	_	B	
9-38	4792-4793	.	_	_	

#Text=Ich nenne Ihnen eine Zahl als Beispiel: Im Jahr 2017 hat der Umsatz von mit dem Biokennzeichen gekennzeichneten Lebensmitteln gerade einmal 5,7 Prozent des Gesamtumsatzes ausgemacht. 95 Prozent der Lebensmittel sind auf andere Weise erzeugt worden. Hier von einem gesellschaftlichen Wunsch nach finanzieller Förderung für andere Produktionsweisen zu sprechen, geht an der Realität der Gegenwart komplett vorbei.
10-1	4799-4802	Ich	Animated	B	
10-2	4803-4808	nenne	_	_	
10-3	4809-4814	Ihnen	_	B	
10-4	4815-4819	eine	_	B	
10-5	4820-4824	Zahl	_	I	
10-6	4825-4828	als	_	_	
10-7	4829-4837	Beispiel	_	B	
10-8	4837-4838	:	_	_	
10-9	4839-4841	Im	_	_	
10-10	4842-4846	Jahr	_	B	
10-11	4847-4851	2017	_	_	
10-12	4852-4855	hat	_	_	
10-13	4856-4859	der	_	B	
10-14	4860-4866	Umsatz	_	I	
10-15	4867-4870	von	_	_	
10-16	4871-4874	mit	_	_	
10-17	4875-4878	dem	_	B	
10-18	4879-4893	Biokennzeichen	_	I	
10-19	4894-4910	gekennzeichneten	_	_	
10-20	4911-4924	Lebensmitteln	_	_	
10-21	4925-4931	gerade	_	B	
10-22	4932-4938	einmal	_	I	
10-23	4939-4942	5,7	_	I	
10-24	4943-4950	Prozent	_	I	
10-25	4951-4954	des	_	B	
10-26	4955-4969	Gesamtumsatzes	_	I	
10-27	4970-4980	ausgemacht	_	_	
10-28	4980-4981	.	_	_	
10-29	4982-4984	95	_	B	
10-30	4985-4992	Prozent	_	I	
10-31	4993-4996	der	_	B	
10-32	4997-5009	Lebensmittel	_	I	
10-33	5010-5014	sind	_	_	
10-34	5015-5018	auf	_	_	
10-35	5019-5025	andere	_	B	
10-36	5026-5031	Weise	_	I	
10-37	5032-5039	erzeugt	_	_	
10-38	5040-5046	worden	_	_	
10-39	5046-5047	.	_	_	
10-40	5048-5052	Hier	_	_	
10-41	5053-5056	von	_	_	
10-42	5057-5062	einem	_	B	
10-43	5063-5081	gesellschaftlichen	_	I	
10-44	5082-5088	Wunsch	_	I	
10-45	5089-5093	nach	_	_	
10-46	5094-5106	finanzieller	_	B	
10-47	5107-5116	Förderung	_	I	
10-48	5117-5120	für	_	_	
10-49	5121-5127	andere	_	B	
10-50	5128-5145	Produktionsweisen	_	I	
10-51	5146-5148	zu	_	_	
10-52	5149-5157	sprechen	_	_	
10-53	5157-5158	,	_	_	
10-54	5159-5163	geht	_	_	
10-55	5164-5166	an	_	_	
10-56	5167-5170	der	_	B	
10-57	5171-5179	Realität	_	I	
10-58	5180-5183	der	_	B	
10-59	5184-5193	Gegenwart	_	I	
10-60	5194-5202	komplett	_	_	
10-61	5203-5209	vorbei	_	_	
10-62	5209-5210	.	_	_	

#Text=Ich glaube, wir merken auch bei dieser Debatte, dass wir in den nächsten Jahren beim Thema Landwirtschaft kontroverse Diskussionen führen werden. Ich glaube, das ist gut und auch eine Bereicherung für dieses Haus. Vielleicht können wir uns aber darauf verständigen, dass wir der Landwirtschaft über alle Fraktionsgrenzen hinweg wieder mehr Wertschätzung entgegenbringen, als das in den vergangenen vier Jahren der Fall gewesen ist. Ich darf das als eine der Aufgaben meiner Fraktion und derjenigen, die sich in meiner Fraktion mit diesem Thema beschäftigen, definieren.
11-1	5216-5219	Ich	Animated	B	
11-2	5220-5226	glaube	_	_	
11-3	5226-5227	,	_	_	
11-4	5228-5231	wir	Animated	B	
11-5	5232-5238	merken	_	_	
11-6	5239-5243	auch	_	_	
11-7	5244-5247	bei	_	_	
11-8	5248-5254	dieser	_	B	
11-9	5255-5262	Debatte	_	I	
11-10	5262-5263	,	_	_	
11-11	5264-5268	dass	_	_	
11-12	5269-5272	wir	Animated	B	
11-13	5273-5275	in	_	_	
11-14	5276-5279	den	_	B	
11-15	5280-5288	nächsten	_	I	
11-16	5289-5295	Jahren	_	I	
11-17	5296-5300	beim	_	_	
11-18	5301-5306	Thema	_	B	
11-19	5307-5321	Landwirtschaft	_	I	
11-20	5322-5333	kontroverse	_	B	
11-21	5334-5346	Diskussionen	_	I	
11-22	5347-5353	führen	_	_	
11-23	5354-5360	werden	_	_	
11-24	5360-5361	.	_	_	
11-25	5362-5365	Ich	Animated	B	
11-26	5366-5372	glaube	_	_	
11-27	5372-5373	,	_	_	
11-28	5374-5377	das	_	B	
11-29	5378-5381	ist	_	_	
11-30	5382-5385	gut	_	_	
11-31	5386-5389	und	_	_	
11-32	5390-5394	auch	_	B	
11-33	5395-5399	eine	_	I	
11-34	5400-5412	Bereicherung	_	I	
11-35	5413-5416	für	_	_	
11-36	5417-5423	dieses	_	B	
11-37	5424-5428	Haus	_	I	
11-38	5428-5429	.	_	_	
11-39	5430-5440	Vielleicht	_	_	
11-40	5441-5447	können	_	_	
11-41	5448-5451	wir	Animated	B	
11-42	5452-5455	uns	_	B	
11-43	5456-5460	aber	_	_	
11-44	5461-5467	darauf	_	_	
11-45	5468-5480	verständigen	_	_	
11-46	5480-5481	,	_	_	
11-47	5482-5486	dass	_	_	
11-48	5487-5490	wir	Animated	B	
11-49	5491-5494	der	_	B	
11-50	5495-5509	Landwirtschaft	_	I	
11-51	5510-5514	über	_	_	
11-52	5515-5519	alle	_	B	
11-53	5520-5536	Fraktionsgrenzen	_	I	
11-54	5537-5543	hinweg	_	_	
11-55	5544-5550	wieder	_	_	
11-56	5551-5555	mehr	_	B	
11-57	5556-5569	Wertschätzung	_	I	
11-58	5570-5585	entgegenbringen	_	_	
11-59	5585-5586	,	_	_	
11-60	5587-5590	als	_	_	
11-61	5591-5594	das	_	B	
11-62	5595-5597	in	_	_	
11-63	5598-5601	den	_	B	
11-64	5602-5613	vergangenen	_	I	
11-65	5614-5618	vier	_	I	
11-66	5619-5625	Jahren	_	I	
11-67	5626-5629	der	_	B	
11-68	5630-5634	Fall	_	I	
11-69	5635-5642	gewesen	_	_	
11-70	5643-5646	ist	_	_	
11-71	5646-5647	.	_	_	
11-72	5648-5651	Ich	Animated	B	
11-73	5652-5656	darf	_	_	
11-74	5657-5660	das	_	B	
11-75	5661-5664	als	_	_	
11-76	5665-5669	eine	_	B	
11-77	5670-5673	der	_	B	
11-78	5674-5682	Aufgaben	_	I	
11-79	5683-5689	meiner	Animated[25]	B	
11-80	5690-5698	Fraktion	Animated[25]	I	
11-81	5699-5702	und	_	_	
11-82	5703-5713	derjenigen	_	B	
11-83	5713-5714	,	_	_	
11-84	5715-5718	die	_	B	
11-85	5719-5723	sich	_	B	
11-86	5724-5726	in	_	_	
11-87	5727-5733	meiner	Animated[26]	B	
11-88	5734-5742	Fraktion	Animated[26]	I	
11-89	5743-5746	mit	_	_	
11-90	5747-5753	diesem	_	B	
11-91	5754-5759	Thema	_	I	
11-92	5760-5772	beschäftigen	_	_	
11-93	5772-5773	,	_	_	
11-94	5774-5784	definieren	_	_	
11-95	5784-5785	.	_	_	

#Text=Es ist eine ganz zentrale Herausforderung, der Landwirtschaft in diesem Hohen Hause wieder eine Stimme zu verleihen.
12-1	5797-5799	Es	_	B	
12-2	5800-5803	ist	_	_	
12-3	5804-5808	eine	_	B	
12-4	5809-5813	ganz	_	I	
12-5	5814-5822	zentrale	_	I	
12-6	5823-5838	Herausforderung	_	I	
12-7	5838-5839	,	_	_	
12-8	5840-5843	der	_	B	
12-9	5844-5858	Landwirtschaft	_	I	
12-10	5859-5861	in	_	_	
12-11	5862-5868	diesem	_	B	
12-12	5869-5874	Hohen	_	I	
12-13	5875-5880	Hause	_	I	
12-14	5881-5887	wieder	_	_	
12-15	5888-5892	eine	_	B	
12-16	5893-5899	Stimme	_	I	
12-17	5900-5902	zu	_	_	
12-18	5903-5912	verleihen	_	_	
12-19	5912-5913	.	_	_	

#Text=Vielen Dank für Ihre Aufmerksamkeit.
13-1	5916-5922	Vielen	_	_	
13-2	5923-5927	Dank	_	_	
13-3	5928-5931	für	_	_	
13-4	5932-5936	Ihre	_	B	
13-5	5937-5951	Aufmerksamkeit	_	I	
13-6	5951-5952	.	_	_	

#Text=Danke sehr. – Nächste Rednerin in der Debatte ist die Kollegin Amira Mohamed Ali von der Fraktion Die Linke. Auch für sie ist es die erste Rede im Deutschen Bundestag.
14-1	5954-5959	Danke	_	_	
14-2	5960-5964	sehr	_	_	
14-3	5964-5965	.	_	_	
14-4	5966-5967	–	_	B	
14-5	5968-5975	Nächste	Animated[27]	I	
14-6	5976-5984	Rednerin	Animated[27]	I	
14-7	5985-5987	in	_	_	
14-8	5988-5991	der	_	B	
14-9	5992-5999	Debatte	_	I	
14-10	6000-6003	ist	_	_	
14-11	6004-6007	die	Animated[28]	B	
14-12	6008-6016	Kollegin	Animated[28]	I	
14-13	6017-6022	Amira	Animated[28]	I	
14-14	6023-6030	Mohamed	Animated[28]	I	
14-15	6031-6034	Ali	Animated[28]	I	
14-16	6035-6038	von	_	_	
14-17	6039-6042	der	Animated[29]	B	
14-18	6043-6051	Fraktion	Animated[29]	I	
14-19	6052-6055	Die	Animated[30]	B	
14-20	6056-6061	Linke	Animated[30]	I	
14-21	6061-6062	.	_	_	
14-22	6063-6067	Auch	_	_	
14-23	6068-6071	für	_	_	
14-24	6072-6075	sie	_	B	
14-25	6076-6079	ist	_	_	
14-26	6080-6082	es	_	B	
14-27	6083-6086	die	_	B	
14-28	6087-6092	erste	_	I	
14-29	6093-6097	Rede	_	I	
14-30	6098-6100	im	_	_	
14-31	6101-6110	Deutschen	Animated[31]	B	
14-32	6111-6120	Bundestag	Animated[31]	I	
14-33	6120-6121	.	_	_	
