#FORMAT=WebAnno TSV 3.3
#T_SP=webanno.custom.Animacy|Animated
#T_SP=webanno.custom.CustomChunk|Chunk


#Text=Herr Präsident! Sehr geehrte Damen und Herren! Liebe Kolleginnen und Kollegen! Zu Beginn möchte ich – ich bin heute mehrfach adressiert worden – feststellen, dass ich das Mieterschutzgesetz der Ministerin sehr gut finde. Es ist ein erster wichtiger Schritt, um die soziale Funktion des Mietrechts weiter zu stärken.
1-1	0-4	Herr	Animated[1]	B	
1-2	5-14	Präsident	Animated[1]	I	
1-3	14-15	!	_	_	
1-4	16-20	Sehr	Animated[2]	B	
1-5	21-28	geehrte	Animated[2]	I	
1-6	29-34	Damen	Animated[2]	I	
1-7	35-38	und	_	_	
1-8	39-45	Herren	Animated	B	
1-9	45-46	!	_	_	
1-10	47-52	Liebe	Animated[3]	B	
1-11	53-64	Kolleginnen	Animated[3]	I	
1-12	65-68	und	_	_	
1-13	69-77	Kollegen	Animated	B	
1-14	77-78	!	_	_	
1-15	79-81	Zu	_	_	
1-16	82-88	Beginn	_	B	
1-17	89-95	möchte	_	_	
1-18	96-99	ich	Animated	B	
1-19	100-101	–	_	_	
1-20	102-105	ich	Animated	B	
1-21	106-109	bin	_	_	
1-22	110-115	heute	_	_	
1-23	116-124	mehrfach	_	_	
1-24	125-135	adressiert	_	_	
1-25	136-142	worden	_	_	
1-26	143-144	–	_	_	
1-27	145-156	feststellen	_	_	
1-28	156-157	,	_	_	
1-29	158-162	dass	_	_	
1-30	163-166	ich	Animated	B	
1-31	167-170	das	_	B	
1-32	171-189	Mieterschutzgesetz	_	I	
1-33	190-193	der	Animated[4]	B	
1-34	194-204	Ministerin	Animated[4]	I	
1-35	205-209	sehr	_	_	
1-36	210-213	gut	_	_	
1-37	214-219	finde	_	_	
1-38	219-220	.	_	_	
1-39	221-223	Es	_	B	
1-40	224-227	ist	_	_	
1-41	228-231	ein	_	B	
1-42	232-238	erster	_	I	
1-43	239-248	wichtiger	_	I	
1-44	249-256	Schritt	_	I	
1-45	256-257	,	_	_	
1-46	258-260	um	_	_	
1-47	261-264	die	_	B	
1-48	265-272	soziale	_	I	
1-49	273-281	Funktion	_	I	
1-50	282-285	des	_	B	
1-51	286-296	Mietrechts	_	I	
1-52	297-303	weiter	_	_	
1-53	304-306	zu	_	_	
1-54	307-314	stärken	_	_	
1-55	314-315	.	_	_	

#Text=Ich bin sehr zufrieden, weil der Gesetzentwurf zum Teil schon über einige Dinge, die wir im Koalitionsvertrag vereinbart haben, hinausgeht.
2-1	323-326	Ich	Animated	B	
2-2	327-330	bin	_	_	
2-3	331-335	sehr	_	_	
2-4	336-345	zufrieden	_	_	
2-5	345-346	,	_	_	
2-6	347-351	weil	_	_	
2-7	352-355	der	_	B	
2-8	356-369	Gesetzentwurf	_	I	
2-9	370-373	zum	_	_	
2-10	374-378	Teil	_	B	
2-11	379-384	schon	_	_	
2-12	385-389	über	_	_	
2-13	390-396	einige	_	B	
2-14	397-402	Dinge	_	I	
2-15	402-403	,	_	_	
2-16	404-407	die	_	B	
2-17	408-411	wir	Animated	B	
2-18	412-414	im	_	_	
2-19	415-432	Koalitionsvertrag	_	B	
2-20	433-443	vereinbart	_	_	
2-21	444-449	haben	_	_	
2-22	449-450	,	_	_	
2-23	451-461	hinausgeht	_	_	
2-24	461-462	.	_	_	

#Text=Zum Zweiten möchte ich sagen – wir wurden ja mehrfach angesprochen –: Die Situation auf vielen Wohnungsmärkten hat sich seit der Koalitionsvereinbarung noch verschärft.
3-1	467-470	Zum	_	_	
3-2	471-478	Zweiten	_	B	
3-3	479-485	möchte	_	_	
3-4	486-489	ich	Animated	B	
3-5	490-495	sagen	_	_	
3-6	496-497	–	_	_	
3-7	498-501	wir	Animated	B	
3-8	502-508	wurden	_	_	
3-9	509-511	ja	_	_	
3-10	512-520	mehrfach	_	_	
3-11	521-533	angesprochen	_	_	
3-12	534-535	–	_	_	
3-13	535-536	:	_	_	
3-14	537-540	Die	_	B	
3-15	541-550	Situation	_	I	
3-16	551-554	auf	_	_	
3-17	555-561	vielen	_	B	
3-18	562-577	Wohnungsmärkten	_	I	
3-19	578-581	hat	_	_	
3-20	582-586	sich	_	B	
3-21	587-591	seit	_	_	
3-22	592-595	der	_	B	
3-23	596-618	Koalitionsvereinbarung	_	I	
3-24	619-623	noch	_	_	
3-25	624-634	verschärft	_	_	
3-26	634-635	.	_	_	

#Text=Das Parlament sollte doch auf der Höhe der Zeit sein.
4-1	638-641	Das	Animated[5]	B	
4-2	642-651	Parlament	Animated[5]	I	
4-3	652-658	sollte	_	_	
4-4	659-663	doch	_	_	
4-5	664-667	auf	_	_	
4-6	668-671	der	_	B	
4-7	672-676	Höhe	_	I	
4-8	677-680	der	_	B	
4-9	681-685	Zeit	_	I	
4-10	686-690	sein	_	_	
4-11	690-691	.	_	_	

#Text=Deswegen bin ich der Meinung – das ist das berühmte Struck’sche Gesetz –: Wir sind als Parlament natürlich in der Verantwortung, zu schauen, was wir besser machen können, auch wenn der Gesetzentwurf schon sehr viel besser ist. Dazu haben wir uns geäußert; Herr Fechner hat dazu Stellung genommen. Wir sind der festen Überzeugung, dass wir noch einiges auf den Weg bringen müssen.
5-1	693-701	Deswegen	_	_	
5-2	702-705	bin	_	_	
5-3	706-709	ich	Animated	B	
5-4	710-713	der	_	B	
5-5	714-721	Meinung	_	I	
5-6	722-723	–	_	_	
5-7	724-727	das	_	B	
5-8	728-731	ist	_	_	
5-9	732-735	das	_	B	
5-10	736-744	berühmte	_	I	
5-11	745-751	Struck	_	I	
5-12	751-752	’	_	B	
5-13	752-756	sche	_	_	
5-14	757-763	Gesetz	_	_	
5-15	764-765	–	_	_	
5-16	765-766	:	_	_	
5-17	767-770	Wir	Animated	B	
5-18	771-775	sind	_	_	
5-19	776-779	als	_	_	
5-20	780-789	Parlament	Animated	B	
5-21	790-799	natürlich	_	_	
5-22	800-802	in	_	_	
5-23	803-806	der	_	B	
5-24	807-820	Verantwortung	_	I	
5-25	820-821	,	_	_	
5-26	822-824	zu	_	_	
5-27	825-832	schauen	_	_	
5-28	832-833	,	_	_	
5-29	834-837	was	_	B	
5-30	838-841	wir	Animated	B	
5-31	842-848	besser	_	_	
5-32	849-855	machen	_	_	
5-33	856-862	können	_	_	
5-34	862-863	,	_	_	
5-35	864-868	auch	_	_	
5-36	869-873	wenn	_	_	
5-37	874-877	der	_	B	
5-38	878-891	Gesetzentwurf	_	I	
5-39	892-897	schon	_	_	
5-40	898-902	sehr	_	_	
5-41	903-907	viel	_	_	
5-42	908-914	besser	_	_	
5-43	915-918	ist	_	_	
5-44	918-919	.	_	_	
5-45	920-924	Dazu	_	_	
5-46	925-930	haben	_	_	
5-47	931-934	wir	Animated	B	
5-48	935-938	uns	_	B	
5-49	939-947	geäußert	_	_	
5-50	947-948	;	_	_	
5-51	949-953	Herr	Animated[6]	B	
5-52	954-961	Fechner	Animated[6]	I	
5-53	962-965	hat	_	_	
5-54	966-970	dazu	_	_	
5-55	971-979	Stellung	_	B	
5-56	980-988	genommen	_	_	
5-57	988-989	.	_	_	
5-58	990-993	Wir	Animated	B	
5-59	994-998	sind	_	_	
5-60	999-1002	der	_	B	
5-61	1003-1009	festen	_	I	
5-62	1010-1021	Überzeugung	_	I	
5-63	1021-1022	,	_	_	
5-64	1023-1027	dass	_	_	
5-65	1028-1031	wir	Animated	B	
5-66	1032-1036	noch	_	_	
5-67	1037-1044	einiges	_	B	
5-68	1045-1048	auf	_	_	
5-69	1049-1052	den	_	B	
5-70	1053-1056	Weg	_	I	
5-71	1057-1064	bringen	_	_	
5-72	1065-1071	müssen	_	_	
5-73	1071-1072	.	_	_	

#Text=Was wollen wir erreichen? Wir wollen erreichen, dass Familien in der Nähe eines Kindergartens, in den sie ihr Kind schicken wollen, eine Wohnung finden. Wir wollen erreichen, dass Familien ein Kind in die Schule schicken können, die es auf kurzem Weg erreichen kann, also auch in ein Quartier ziehen können, in dem sie leben und ihre Nachbarschaft finden wollen. Deswegen wollen wir die Mietpreisbremse schärfen. Das erreichen wir durch die Transparenzpflicht und die vereinfachte Rüge.
6-1	1084-1087	Was	_	B	
6-2	1088-1094	wollen	_	_	
6-3	1095-1098	wir	Animated	B	
6-4	1099-1108	erreichen	_	_	
6-5	1108-1109	?	_	_	
6-6	1110-1113	Wir	Animated	B	
6-7	1114-1120	wollen	_	_	
6-8	1121-1130	erreichen	_	_	
6-9	1130-1131	,	_	_	
6-10	1132-1136	dass	_	_	
6-11	1137-1145	Familien	Animated	B	
6-12	1146-1148	in	_	_	
6-13	1149-1152	der	_	B	
6-14	1153-1157	Nähe	_	I	
6-15	1158-1163	eines	_	B	
6-16	1164-1177	Kindergartens	_	I	
6-17	1177-1178	,	_	_	
6-18	1179-1181	in	_	_	
6-19	1182-1185	den	_	B	
6-20	1186-1189	sie	_	B	
6-21	1190-1193	ihr	Animated[7]	B	
6-22	1194-1198	Kind	Animated[7]	I	
6-23	1199-1207	schicken	_	_	
6-24	1208-1214	wollen	_	_	
6-25	1214-1215	,	_	_	
6-26	1216-1220	eine	_	B	
6-27	1221-1228	Wohnung	_	I	
6-28	1229-1235	finden	_	_	
6-29	1235-1236	.	_	_	
6-30	1237-1240	Wir	Animated	B	
6-31	1241-1247	wollen	_	_	
6-32	1248-1257	erreichen	_	_	
6-33	1257-1258	,	_	_	
6-34	1259-1263	dass	_	_	
6-35	1264-1272	Familien	Animated	B	
6-36	1273-1276	ein	Animated[8]	B	
6-37	1277-1281	Kind	Animated[8]	I	
6-38	1282-1284	in	_	_	
6-39	1285-1288	die	_	B	
6-40	1289-1295	Schule	_	I	
6-41	1296-1304	schicken	_	_	
6-42	1305-1311	können	_	_	
6-43	1311-1312	,	_	_	
6-44	1313-1316	die	_	B	
6-45	1317-1319	es	_	B	
6-46	1320-1323	auf	_	_	
6-47	1324-1330	kurzem	_	B	
6-48	1331-1334	Weg	_	I	
6-49	1335-1344	erreichen	_	_	
6-50	1345-1349	kann	_	_	
6-51	1349-1350	,	_	_	
6-52	1351-1355	also	_	_	
6-53	1356-1360	auch	_	_	
6-54	1361-1363	in	_	_	
6-55	1364-1367	ein	_	B	
6-56	1368-1376	Quartier	_	I	
6-57	1377-1383	ziehen	_	_	
6-58	1384-1390	können	_	_	
6-59	1390-1391	,	_	_	
6-60	1392-1394	in	_	_	
6-61	1395-1398	dem	_	B	
6-62	1399-1402	sie	_	B	
6-63	1403-1408	leben	_	_	
6-64	1409-1412	und	_	_	
6-65	1413-1417	ihre	Animated[9]	B	
6-66	1418-1431	Nachbarschaft	Animated[9]	I	
6-67	1432-1438	finden	_	_	
6-68	1439-1445	wollen	_	_	
6-69	1445-1446	.	_	_	
6-70	1447-1455	Deswegen	_	_	
6-71	1456-1462	wollen	_	_	
6-72	1463-1466	wir	Animated	B	
6-73	1467-1470	die	_	B	
6-74	1471-1486	Mietpreisbremse	_	I	
6-75	1487-1495	schärfen	_	_	
6-76	1495-1496	.	_	_	
6-77	1497-1500	Das	_	B	
6-78	1501-1510	erreichen	_	_	
6-79	1511-1514	wir	Animated	B	
6-80	1515-1520	durch	_	_	
6-81	1521-1524	die	_	B	
6-82	1525-1543	Transparenzpflicht	_	I	
6-83	1544-1547	und	_	_	
6-84	1548-1551	die	_	B	
6-85	1552-1564	vereinfachte	_	I	
6-86	1565-1569	Rüge	_	I	
6-87	1569-1570	.	_	_	

#Text=Wir wollen außerdem erreichen, dass ältere Menschen nicht aus ihrem Quartier vertrieben werden.
7-1	1583-1586	Wir	Animated	B	
7-2	1587-1593	wollen	_	_	
7-3	1594-1602	außerdem	_	_	
7-4	1603-1612	erreichen	_	_	
7-5	1612-1613	,	_	_	
7-6	1614-1618	dass	_	_	
7-7	1619-1625	ältere	Animated[10]	B	
7-8	1626-1634	Menschen	Animated[10]	I	
7-9	1635-1640	nicht	_	_	
7-10	1641-1644	aus	_	_	
7-11	1645-1650	ihrem	_	B	
7-12	1651-1659	Quartier	_	I	
7-13	1660-1670	vertrieben	_	_	
7-14	1671-1677	werden	_	_	
7-15	1677-1678	.	_	_	

#Text=Wir wollen erreichen, dass ältere Menschen nicht aus einem Umfeld herausmodernisiert werden, von dem sie wissen: Hier kann ich mich auf die Nachbarschaft verlassen; ich kann mich darauf verlassen, dass ich in einer Nachbarschaft, in der ich 30 Jahre gelebt und gute Freunde gefunden habe, Unterstützung finde und zum Beispiel für mich eingekauft wird. – Das wollen wir erreichen. Wir sagen: Niemand darf herausmodernisiert werden.
8-1	1681-1684	Wir	Animated	B	
8-2	1685-1691	wollen	_	_	
8-3	1692-1701	erreichen	_	_	
8-4	1701-1702	,	_	_	
8-5	1703-1707	dass	_	_	
8-6	1708-1714	ältere	Animated[11]	B	
8-7	1715-1723	Menschen	Animated[11]	I	
8-8	1724-1729	nicht	_	_	
8-9	1730-1733	aus	_	_	
8-10	1734-1739	einem	_	B	
8-11	1740-1746	Umfeld	_	I	
8-12	1747-1765	herausmodernisiert	_	_	
8-13	1766-1772	werden	_	_	
8-14	1772-1773	,	_	_	
8-15	1774-1777	von	_	_	
8-16	1778-1781	dem	_	B	
8-17	1782-1785	sie	_	B	
8-18	1786-1792	wissen	_	_	
8-19	1792-1793	:	_	_	
8-20	1794-1798	Hier	_	_	
8-21	1799-1803	kann	_	_	
8-22	1804-1807	ich	Animated	B	
8-23	1808-1812	mich	_	B	
8-24	1813-1816	auf	_	_	
8-25	1817-1820	die	Animated[12]	B	
8-26	1821-1834	Nachbarschaft	Animated[12]	I	
8-27	1835-1844	verlassen	_	_	
8-28	1844-1845	;	_	_	
8-29	1846-1849	ich	Animated	B	
8-30	1850-1854	kann	_	_	
8-31	1855-1859	mich	_	B	
8-32	1860-1866	darauf	_	_	
8-33	1867-1876	verlassen	_	_	
8-34	1876-1877	,	_	_	
8-35	1878-1882	dass	_	_	
8-36	1883-1886	ich	Animated	B	
8-37	1887-1889	in	_	_	
8-38	1890-1895	einer	Animated[13]	B	
8-39	1896-1909	Nachbarschaft	Animated[13]	I	
8-40	1909-1910	,	_	_	
8-41	1911-1913	in	_	_	
8-42	1914-1917	der	_	B	
8-43	1918-1921	ich	Animated	B	
8-44	1922-1924	30	_	B	
8-45	1925-1930	Jahre	_	I	
8-46	1931-1937	gelebt	_	_	
8-47	1938-1941	und	_	_	
8-48	1942-1946	gute	Animated[14]	B	
8-49	1947-1954	Freunde	Animated[14]	I	
8-50	1955-1963	gefunden	_	_	
8-51	1964-1968	habe	_	_	
8-52	1968-1969	,	_	_	
8-53	1970-1983	Unterstützung	_	B	
8-54	1984-1989	finde	_	_	
8-55	1990-1993	und	_	_	
8-56	1994-1997	zum	_	_	
8-57	1998-2006	Beispiel	_	B	
8-58	2007-2010	für	_	_	
8-59	2011-2015	mich	_	B	
8-60	2016-2026	eingekauft	_	_	
8-61	2027-2031	wird	_	_	
8-62	2031-2032	.	_	_	
8-63	2033-2034	–	_	_	
8-64	2035-2038	Das	_	B	
8-65	2039-2045	wollen	_	_	
8-66	2046-2049	wir	Animated	B	
8-67	2050-2059	erreichen	_	_	
8-68	2059-2060	.	_	_	
8-69	2061-2064	Wir	Animated	B	
8-70	2065-2070	sagen	_	_	
8-71	2070-2071	:	_	_	
8-72	2072-2079	Niemand	Animated	B	
8-73	2080-2084	darf	_	_	
8-74	2085-2103	herausmodernisiert	_	_	
8-75	2104-2110	werden	_	_	
8-76	2110-2111	.	_	_	

#Text=Vor allen Dingen wollen wir erreichen, dass jemand nach einer Modernisierung,
9-1	2123-2126	Vor	_	_	
9-2	2127-2132	allen	_	B	
9-3	2133-2139	Dingen	_	I	
9-4	2140-2146	wollen	_	_	
9-5	2147-2150	wir	Animated	B	
9-6	2151-2160	erreichen	_	_	
9-7	2160-2161	,	_	_	
9-8	2162-2166	dass	_	_	
9-9	2167-2173	jemand	Animated	B	
9-10	2174-2178	nach	_	_	
9-11	2179-2184	einer	_	B	
9-12	2185-2199	Modernisierung	_	I	
9-13	2199-2200	,	_	_	

#Text=die wir ja alle wollen, eben nicht mehr 180 Euro zusätzlich, sondern nur noch 130 Euro zusätzlich zahlen muss. Besser wäre es noch, er müsste nur 100 Euro mehr Miete im Monat bezahlen – und das dauerhaft.
10-1	2203-2206	die	_	B	
10-2	2207-2210	wir	Animated	I	
10-3	2211-2213	ja	_	B	
10-4	2214-2218	alle	_	I	
10-5	2219-2225	wollen	_	_	
10-6	2225-2226	,	_	_	
10-7	2227-2231	eben	_	_	
10-8	2232-2237	nicht	_	_	
10-9	2238-2242	mehr	_	_	
10-10	2243-2246	180	_	_	
10-11	2247-2251	Euro	_	_	
10-12	2252-2262	zusätzlich	_	_	
10-13	2262-2263	,	_	_	
10-14	2264-2271	sondern	_	_	
10-15	2272-2275	nur	_	B	
10-16	2276-2280	noch	_	I	
10-17	2281-2284	130	_	I	
10-18	2285-2289	Euro	_	I	
10-19	2290-2300	zusätzlich	_	_	
10-20	2301-2307	zahlen	_	_	
10-21	2308-2312	muss	_	_	
10-22	2312-2313	.	_	_	
10-23	2314-2320	Besser	_	_	
10-24	2321-2325	wäre	_	_	
10-25	2326-2328	es	_	B	
10-26	2329-2333	noch	_	_	
10-27	2333-2334	,	_	_	
10-28	2335-2337	er	_	B	
10-29	2338-2344	müsste	_	_	
10-30	2345-2348	nur	_	B	
10-31	2349-2352	100	_	I	
10-32	2353-2357	Euro	_	I	
10-33	2358-2362	mehr	_	I	
10-34	2363-2368	Miete	_	I	
10-35	2369-2371	im	_	_	
10-36	2372-2377	Monat	_	B	
10-37	2378-2386	bezahlen	_	_	
10-38	2387-2388	–	_	_	
10-39	2389-2392	und	_	_	
10-40	2393-2396	das	_	B	
10-41	2397-2406	dauerhaft	_	_	
10-42	2406-2407	.	_	_	

#Text=Wer sagt, dass durch das Mieterschutzgesetz Investitionen verhindert werden, dem sage ich – die Kolleginnen und Kollegen haben das mehrfach gesagt –: Neubauten sind ausgenommen. Wir verhindern keine Investitionen. Die Zahl der Baugenehmigungen ist im ersten halben Jahr gestiegen. Das ist ein Erfolg der Großen Koalition.
11-1	2413-2416	Wer	_	B	
11-2	2417-2421	sagt	_	_	
11-3	2421-2422	,	_	_	
11-4	2423-2427	dass	_	_	
11-5	2428-2433	durch	_	_	
11-6	2434-2437	das	_	B	
11-7	2438-2456	Mieterschutzgesetz	_	I	
11-8	2457-2470	Investitionen	_	B	
11-9	2471-2481	verhindert	_	_	
11-10	2482-2488	werden	_	_	
11-11	2488-2489	,	_	_	
11-12	2490-2493	dem	_	B	
11-13	2494-2498	sage	_	_	
11-14	2499-2502	ich	Animated	B	
11-15	2503-2504	–	_	_	
11-16	2505-2508	die	Animated[15]	B	
11-17	2509-2520	Kolleginnen	Animated[15]	I	
11-18	2521-2524	und	_	_	
11-19	2525-2533	Kollegen	Animated	B	
11-20	2534-2539	haben	_	_	
11-21	2540-2543	das	_	_	
11-22	2544-2552	mehrfach	_	_	
11-23	2553-2559	gesagt	_	_	
11-24	2560-2561	–	_	_	
11-25	2561-2562	:	_	_	
11-26	2563-2572	Neubauten	_	B	
11-27	2573-2577	sind	_	_	
11-28	2578-2589	ausgenommen	_	_	
11-29	2589-2590	.	_	_	
11-30	2591-2594	Wir	Animated	B	
11-31	2595-2605	verhindern	_	_	
11-32	2606-2611	keine	_	B	
11-33	2612-2625	Investitionen	_	I	
11-34	2625-2626	.	_	_	
11-35	2627-2630	Die	_	B	
11-36	2631-2635	Zahl	_	I	
11-37	2636-2639	der	_	B	
11-38	2640-2656	Baugenehmigungen	_	I	
11-39	2657-2660	ist	_	_	
11-40	2661-2663	im	_	_	
11-41	2664-2670	ersten	_	B	
11-42	2671-2677	halben	_	I	
11-43	2678-2682	Jahr	_	I	
11-44	2683-2692	gestiegen	_	_	
11-45	2692-2693	.	_	_	
11-46	2694-2697	Das	_	B	
11-47	2698-2701	ist	_	_	
11-48	2702-2705	ein	_	B	
11-49	2706-2712	Erfolg	_	I	
11-50	2713-2716	der	Animated[16]	B	
11-51	2717-2723	Großen	Animated[16]	I	
11-52	2724-2733	Koalition	Animated[16]	I	
11-53	2733-2734	.	_	_	

#Text=Warum? Weil wir mehr Geld zur Verfügung stellen: Bis 2022 sind es 5 Milliarden Euro für den sozialen Wohnungsbau. Über das Baukindergeld haben wir noch gar nicht gesprochen. Es war nicht unser Lieblingsthema, aber wir haben mitgemacht, weil wir gesagt haben: Wir wollen, dass auch Familien Wohneigentum bilden können.
12-1	2742-2747	Warum	_	_	
12-2	2747-2748	?	_	_	
12-3	2749-2753	Weil	_	_	
12-4	2754-2757	wir	Animated	B	
12-5	2758-2762	mehr	_	B	
12-6	2763-2767	Geld	_	I	
12-7	2768-2771	zur	_	_	
12-8	2772-2781	Verfügung	_	B	
12-9	2782-2789	stellen	_	_	
12-10	2789-2790	:	_	_	
12-11	2791-2794	Bis	_	_	
12-12	2795-2799	2022	_	_	
12-13	2800-2804	sind	_	_	
12-14	2805-2807	es	_	B	
12-15	2808-2809	5	_	B	
12-16	2810-2820	Milliarden	_	I	
12-17	2821-2825	Euro	_	I	
12-18	2826-2829	für	_	_	
12-19	2830-2833	den	_	B	
12-20	2834-2842	sozialen	_	I	
12-21	2843-2854	Wohnungsbau	_	I	
12-22	2854-2855	.	_	_	
12-23	2856-2860	Über	_	_	
12-24	2861-2864	das	_	B	
12-25	2865-2878	Baukindergeld	_	I	
12-26	2879-2884	haben	_	_	
12-27	2885-2888	wir	Animated	B	
12-28	2889-2893	noch	_	_	
12-29	2894-2897	gar	_	_	
12-30	2898-2903	nicht	_	_	
12-31	2904-2914	gesprochen	_	_	
12-32	2914-2915	.	_	_	
12-33	2916-2918	Es	_	B	
12-34	2919-2922	war	_	_	
12-35	2923-2928	nicht	_	_	
12-36	2929-2934	unser	_	B	
12-37	2935-2949	Lieblingsthema	_	I	
12-38	2949-2950	,	_	_	
12-39	2951-2955	aber	_	_	
12-40	2956-2959	wir	Animated	B	
12-41	2960-2965	haben	_	_	
12-42	2966-2976	mitgemacht	_	_	
12-43	2976-2977	,	_	_	
12-44	2978-2982	weil	_	_	
12-45	2983-2986	wir	Animated	B	
12-46	2987-2993	gesagt	_	_	
12-47	2994-2999	haben	_	_	
12-48	2999-3000	:	_	_	
12-49	3001-3004	Wir	Animated	B	
12-50	3005-3011	wollen	_	_	
12-51	3011-3012	,	_	_	
12-52	3013-3017	dass	_	_	
12-53	3018-3022	auch	Animated[17]	B	
12-54	3023-3031	Familien	Animated[17]	I	
12-55	3032-3044	Wohneigentum	_	B	
12-56	3045-3051	bilden	_	_	
12-57	3052-3058	können	_	_	
12-58	3058-3059	.	_	_	

#Text=Ich kann Ihnen aber sagen: Es gibt daneben ein gutes Instrument. Das ist die Wohnungsbauprämie. Es gibt über 20 oder 30 Millionen Verträge. Das ist ein Instrument, das man noch ausbauen könnte. Wir haben also viel zu tun.
13-1	3069-3072	Ich	Animated	B	
13-2	3073-3077	kann	_	_	
13-3	3078-3083	Ihnen	_	B	
13-4	3084-3088	aber	_	_	
13-5	3089-3094	sagen	_	_	
13-6	3094-3095	:	_	_	
13-7	3096-3098	Es	_	_	
13-8	3099-3103	gibt	_	_	
13-9	3104-3111	daneben	_	_	
13-10	3112-3115	ein	_	B	
13-11	3116-3121	gutes	_	I	
13-12	3122-3132	Instrument	_	I	
13-13	3132-3133	.	_	_	
13-14	3134-3137	Das	_	B	
13-15	3138-3141	ist	_	_	
13-16	3142-3145	die	_	B	
13-17	3146-3163	Wohnungsbauprämie	_	I	
13-18	3163-3164	.	_	_	
13-19	3165-3167	Es	_	_	
13-20	3168-3172	gibt	_	_	
13-21	3173-3177	über	_	B	
13-22	3178-3180	20	_	I	
13-23	3181-3185	oder	_	I	
13-24	3186-3188	30	_	I	
13-25	3189-3198	Millionen	_	I	
13-26	3199-3207	Verträge	_	I	
13-27	3207-3208	.	_	_	
13-28	3209-3212	Das	_	B	
13-29	3213-3216	ist	_	_	
13-30	3217-3220	ein	_	B	
13-31	3221-3231	Instrument	_	I	
13-32	3231-3232	,	_	_	
13-33	3233-3236	das	_	B	
13-34	3237-3240	man	Animated	B	
13-35	3241-3245	noch	_	_	
13-36	3246-3254	ausbauen	_	_	
13-37	3255-3261	könnte	_	_	
13-38	3261-3262	.	_	_	
13-39	3263-3266	Wir	Animated	B	
13-40	3267-3272	haben	_	_	
13-41	3273-3277	also	_	_	
13-42	3278-3282	viel	_	B	
13-43	3283-3285	zu	_	_	
13-44	3286-3289	tun	_	_	
13-45	3289-3290	.	_	_	

#Text=Ich glaube nicht an die unsichtbare Hand des Marktes. Wer hier immer noch erzählt: „Der Markt wird es regeln“, irrt. Die Menschen, die gesagt haben, dass der Markt es schon regelt, sind inzwischen 300 Jahre tot. Wir fliegen inzwischen zum Mond.
14-1	3298-3301	Ich	Animated	B	
14-2	3302-3308	glaube	_	_	
14-3	3309-3314	nicht	_	_	
14-4	3315-3317	an	_	_	
14-5	3318-3321	die	_	B	
14-6	3322-3333	unsichtbare	_	I	
14-7	3334-3338	Hand	_	I	
14-8	3339-3342	des	Animated[18]	B	
14-9	3343-3350	Marktes	Animated[18]	I	
14-10	3350-3351	.	_	_	
14-11	3352-3355	Wer	_	B	
14-12	3356-3360	hier	_	_	
14-13	3361-3366	immer	_	_	
14-14	3367-3371	noch	_	_	
14-15	3372-3379	erzählt	_	_	
14-16	3379-3380	:	_	_	
14-17	3381-3382	„	_	_	
14-18	3382-3385	Der	Animated[19]	B	
14-19	3386-3391	Markt	Animated[19]	I	
14-20	3392-3396	wird	_	_	
14-21	3397-3399	es	_	B	
14-22	3400-3406	regeln	_	_	
14-23	3406-3407	“	_	_	
14-24	3407-3408	,	_	_	
14-25	3409-3413	irrt	_	_	
14-26	3413-3414	.	_	_	
14-27	3415-3418	Die	Animated[20]	B	
14-28	3419-3427	Menschen	Animated[20]	I	
14-29	3427-3428	,	_	_	
14-30	3429-3432	die	_	B	
14-31	3433-3439	gesagt	_	_	
14-32	3440-3445	haben	_	_	
14-33	3445-3446	,	_	_	
14-34	3447-3451	dass	_	_	
14-35	3452-3455	der	Animated[21]	B	
14-36	3456-3461	Markt	Animated[21]	I	
14-37	3462-3464	es	_	B	
14-38	3465-3470	schon	_	_	
14-39	3471-3477	regelt	_	_	
14-40	3477-3478	,	_	_	
14-41	3479-3483	sind	_	_	
14-42	3484-3494	inzwischen	_	_	
14-43	3495-3498	300	_	_	
14-44	3499-3504	Jahre	_	_	
14-45	3505-3508	tot	_	_	
14-46	3508-3509	.	_	_	
14-47	3510-3513	Wir	Animated	B	
14-48	3514-3521	fliegen	_	_	
14-49	3522-3532	inzwischen	_	_	
14-50	3533-3536	zum	_	_	
14-51	3537-3541	Mond	_	B	
14-52	3541-3542	.	_	_	

#Text=Ich glaube daran, dass wir ein Korrektiv brauchen. Ich glaube daran, dass wir Genossenschaften brauchen. Ich bin der Kollegin Winkelmeier-Becker sehr dankbar, dass sie das Thema aufgegriffen hat. Wir brauchen Genossenschaften und kommunale Wohnungsunternehmen als Korrektiv auf dem Markt.
15-1	3554-3557	Ich	Animated	B	
15-2	3558-3564	glaube	_	_	
15-3	3565-3570	daran	_	_	
15-4	3570-3571	,	_	_	
15-5	3572-3576	dass	_	_	
15-6	3577-3580	wir	Animated	B	
15-7	3581-3584	ein	_	B	
15-8	3585-3594	Korrektiv	_	I	
15-9	3595-3603	brauchen	_	_	
15-10	3603-3604	.	_	_	
15-11	3605-3608	Ich	Animated	B	
15-12	3609-3615	glaube	_	_	
15-13	3616-3621	daran	_	_	
15-14	3621-3622	,	_	_	
15-15	3623-3627	dass	_	_	
15-16	3628-3631	wir	Animated	B	
15-17	3632-3648	Genossenschaften	Animated	B	
15-18	3649-3657	brauchen	_	_	
15-19	3657-3658	.	_	_	
15-20	3659-3662	Ich	Animated	B	
15-21	3663-3666	bin	_	_	
15-22	3667-3670	der	Animated[22]	B	
15-23	3671-3679	Kollegin	Animated[22]	I	
15-24	3680-3698	Winkelmeier-Becker	Animated[22]	I	
15-25	3699-3703	sehr	_	_	
15-26	3704-3711	dankbar	_	_	
15-27	3711-3712	,	_	_	
15-28	3713-3717	dass	_	_	
15-29	3718-3721	sie	_	B	
15-30	3722-3725	das	_	B	
15-31	3726-3731	Thema	_	I	
15-32	3732-3744	aufgegriffen	_	_	
15-33	3745-3748	hat	_	_	
15-34	3748-3749	.	_	_	
15-35	3750-3753	Wir	Animated	B	
15-36	3754-3762	brauchen	_	_	
15-37	3763-3779	Genossenschaften	Animated	B	
15-38	3780-3783	und	_	_	
15-39	3784-3793	kommunale	Animated[23]	B	
15-40	3794-3813	Wohnungsunternehmen	Animated[23]	I	
15-41	3814-3817	als	_	_	
15-42	3818-3827	Korrektiv	_	B	
15-43	3828-3831	auf	_	_	
15-44	3832-3835	dem	_	B	
15-45	3836-3841	Markt	_	I	
15-46	3841-3842	.	_	_	

#Text=Wir haben im Koalitionsvertrag erreicht, dass wir diese Genossenschaften und die Menschen, die sich in ihnen engagieren wollen – eine Einlage ist eine Stimme – sowie die Kommunen, die entscheiden können, was vor Ort Sinn macht, stärken.
16-1	3850-3853	Wir	Animated	B	
16-2	3854-3859	haben	_	_	
16-3	3860-3862	im	_	_	
16-4	3863-3880	Koalitionsvertrag	_	B	
16-5	3881-3889	erreicht	_	_	
16-6	3889-3890	,	_	_	
16-7	3891-3895	dass	_	_	
16-8	3896-3899	wir	Animated[24]	B	
16-9	3900-3905	diese	Animated[24]	I	
16-10	3906-3922	Genossenschaften	Animated[24]	I	
16-11	3923-3926	und	_	_	
16-12	3927-3930	die	Animated[25]	B	
16-13	3931-3939	Menschen	Animated[25]	I	
16-14	3939-3940	,	_	_	
16-15	3941-3944	die	_	B	
16-16	3945-3949	sich	_	B	
16-17	3950-3952	in	_	_	
16-18	3953-3958	ihnen	_	B	
16-19	3959-3969	engagieren	_	_	
16-20	3970-3976	wollen	_	_	
16-21	3977-3978	–	_	_	
16-22	3979-3983	eine	_	B	
16-23	3984-3991	Einlage	_	I	
16-24	3992-3995	ist	_	_	
16-25	3996-4000	eine	_	B	
16-26	4001-4007	Stimme	_	I	
16-27	4008-4009	–	_	_	
16-28	4010-4015	sowie	_	_	
16-29	4016-4019	die	Animated[26]	B	
16-30	4020-4028	Kommunen	Animated[26]	I	
16-31	4028-4029	,	_	_	
16-32	4030-4033	die	_	B	
16-33	4034-4045	entscheiden	_	_	
16-34	4046-4052	können	_	_	
16-35	4052-4053	,	_	_	
16-36	4054-4057	was	_	B	
16-37	4058-4061	vor	_	_	
16-38	4062-4065	Ort	_	B	
16-39	4066-4070	Sinn	_	B	
16-40	4071-4076	macht	_	_	
16-41	4076-4077	,	_	_	
16-42	4078-4085	stärken	_	_	
16-43	4085-4086	.	_	_	

#Text=Herzlichen Dank. Glück auf!
17-1	4093-4103	Herzlichen	_	B	
17-2	4104-4108	Dank	_	I	
17-3	4108-4109	.	_	_	
17-4	4110-4115	Glück	_	B	
17-5	4116-4119	auf	_	_	
17-6	4119-4120	!	_	_	

#Text=Letzter Redner in dieser Debatte ist der Kollege Michael Frieser, CDU/CSU.
18-1	4123-4130	Letzter	Animated[27]	B	
18-2	4131-4137	Redner	Animated[27]	I	
18-3	4138-4140	in	_	_	
18-4	4141-4147	dieser	Animated[28]	B	
18-5	4148-4155	Debatte	Animated[28]	I	
18-6	4156-4159	ist	_	_	
18-7	4160-4163	der	Animated[29]	B	
18-8	4164-4171	Kollege	Animated[29]	I	
18-9	4172-4179	Michael	Animated[29]	I	
18-10	4180-4187	Frieser	Animated[29]	I	
18-11	4187-4188	,	_	_	
18-12	4189-4196	CDU/CSU	_	_	
18-13	4196-4197	.	_	_	
