#FORMAT=WebAnno TSV 3.3
#T_SP=webanno.custom.Animacy|Animated
#T_SP=webanno.custom.CustomChunk|Chunk


#Text=Sehr geehrter Herr Präsident! Liebe Kolleginnen und Kollegen! Vor allem: Sehr geehrte Frau Bundesverteidigungsministerin! Heute startet ja Ihr Job so richtig mit der Einbringung des Etats. Jetzt geht es also wirklich ans Eingemachte. Deshalb möchte ich die Gelegenheit nutzen, um Ihnen eine gute Zusammenarbeit anzubieten, sicher eine konstruktiv-kritische – das ist für uns Liberale ja ein roter Faden –, aber vor allem eine unvoreingenommene. Wir werden Sie nicht daran messen, was jetzt viele geschrieben haben, sondern daran, in welcher Art und Weise Sie diese Zusammenarbeit führen werden, und vor allem an Ihren Taten. Denn ergebnisoffen stellen wir uns diese Zusammenarbeit natürlich nicht vor. Wir haben klare Erwartungen an Sie als Verteidigungsministerin.
1-1	0-4	Sehr	Animated[1]	B	
1-2	5-13	geehrter	Animated[1]	I	
1-3	14-18	Herr	Animated[1]	I	
1-4	19-28	Präsident	Animated[1]	I	
1-5	28-29	!	_	_	
1-6	30-35	Liebe	_	B	
1-7	36-47	Kolleginnen	_	_	
1-8	48-51	und	_	_	
1-9	52-60	Kollegen	Animated	B	
1-10	60-61	!	_	_	
1-11	62-65	Vor	_	_	
1-12	66-71	allem	_	B	
1-13	71-72	:	_	_	
1-14	73-77	Sehr	Animated[2]	B	
1-15	78-85	geehrte	Animated[2]	I	
1-16	86-90	Frau	Animated[2]	I	
1-17	91-120	Bundesverteidigungsministerin	Animated[2]	I	
1-18	120-121	!	_	_	
1-19	122-127	Heute	_	_	
1-20	128-135	startet	_	_	
1-21	136-138	ja	_	_	
1-22	139-142	Ihr	_	B	
1-23	143-146	Job	_	I	
1-24	147-149	so	_	_	
1-25	150-157	richtig	_	_	
1-26	158-161	mit	_	_	
1-27	162-165	der	_	B	
1-28	166-177	Einbringung	_	I	
1-29	178-181	des	_	B	
1-30	182-187	Etats	_	I	
1-31	187-188	.	_	_	
1-32	189-194	Jetzt	_	_	
1-33	195-199	geht	_	_	
1-34	200-202	es	_	_	
1-35	203-207	also	_	_	
1-36	208-216	wirklich	_	_	
1-37	217-220	ans	_	_	
1-38	221-232	Eingemachte	_	B	
1-39	232-233	.	_	_	
1-40	234-241	Deshalb	_	_	
1-41	242-248	möchte	_	_	
1-42	249-252	ich	Animated	B	
1-43	253-256	die	_	B	
1-44	257-268	Gelegenheit	_	I	
1-45	269-275	nutzen	_	_	
1-46	275-276	,	_	_	
1-47	277-279	um	_	_	
1-48	280-285	Ihnen	_	B	
1-49	286-290	eine	_	B	
1-50	291-295	gute	_	I	
1-51	296-310	Zusammenarbeit	_	I	
1-52	311-321	anzubieten	_	_	
1-53	321-322	,	_	_	
1-54	323-329	sicher	_	_	
1-55	330-334	eine	_	B	
1-56	335-356	konstruktiv-kritische	_	I	
1-57	357-358	–	_	B	
1-58	359-362	das	_	I	
1-59	363-366	ist	_	_	
1-60	367-370	für	_	_	
1-61	371-374	uns	_	B	
1-62	375-383	Liberale	Animated	B	
1-63	384-386	ja	_	_	
1-64	387-390	ein	_	B	
1-65	391-396	roter	_	I	
1-66	397-402	Faden	_	I	
1-67	403-404	–	_	_	
1-68	404-405	,	_	_	
1-69	406-410	aber	_	_	
1-70	411-414	vor	_	_	
1-71	415-420	allem	_	B	
1-72	421-425	eine	_	_	
1-73	426-443	unvoreingenommene	_	_	
1-74	443-444	.	_	_	
1-75	445-448	Wir	Animated	B	
1-76	449-455	werden	_	_	
1-77	456-459	Sie	_	B	
1-78	460-465	nicht	_	_	
1-79	466-471	daran	_	_	
1-80	472-478	messen	_	_	
1-81	478-479	,	_	_	
1-82	480-483	was	_	B	
1-83	484-489	jetzt	_	_	
1-84	490-495	viele	_	B	
1-85	496-507	geschrieben	_	_	
1-86	508-513	haben	_	_	
1-87	513-514	,	_	_	
1-88	515-522	sondern	_	_	
1-89	523-528	daran	_	_	
1-90	528-529	,	_	_	
1-91	530-532	in	_	_	
1-92	533-540	welcher	_	_	
1-93	541-544	Art	_	B	
1-94	545-548	und	_	_	
1-95	549-554	Weise	_	B	
1-96	555-558	Sie	_	B	
1-97	559-564	diese	_	B	
1-98	565-579	Zusammenarbeit	_	I	
1-99	580-586	führen	_	_	
1-100	587-593	werden	_	_	
1-101	593-594	,	_	_	
1-102	595-598	und	_	_	
1-103	599-602	vor	_	_	
1-104	603-608	allem	_	B	
1-105	609-611	an	_	_	
1-106	612-617	Ihren	_	B	
1-107	618-623	Taten	_	I	
1-108	623-624	.	_	_	
1-109	625-629	Denn	_	_	
1-110	630-643	ergebnisoffen	_	_	
1-111	644-651	stellen	_	_	
1-112	652-655	wir	Animated	B	
1-113	656-659	uns	_	B	
1-114	660-665	diese	_	B	
1-115	666-680	Zusammenarbeit	_	I	
1-116	681-690	natürlich	_	_	
1-117	691-696	nicht	_	_	
1-118	697-700	vor	_	_	
1-119	700-701	.	_	_	
1-120	702-705	Wir	Animated	B	
1-121	706-711	haben	_	_	
1-122	712-717	klare	_	B	
1-123	718-729	Erwartungen	_	I	
1-124	730-732	an	_	_	
1-125	733-736	Sie	_	B	
1-126	737-740	als	_	_	
1-127	741-764	Verteidigungsministerin	Animated	B	
1-128	764-765	.	_	_	

#Text=Die erste Erwartung – da werfe ich einen Blick auf die Einnahmeseite – betrifft natürlich die NATO-Quote. Die Kanzlerin – sie hat es heute noch mal wiederholt –, Ihre Vorgängerin, aber auch Sie selbst haben den Partnern versprochen, dass wir 1,5 Prozent unserer Wirtschaftsleistung für Verteidigung ausgeben. Für uns Freie Demokraten ist klar: Der Zustand der Bundeswehr, aber vor allem unsere Sicherheit machen es zwingend erforderlich, dass wir kontinuierlich einen Aufwuchs bei den Verteidigungsausgaben vollziehen.
2-1	783-786	Die	_	B	
2-2	787-792	erste	_	I	
2-3	793-802	Erwartung	_	I	
2-4	803-804	–	_	_	
2-5	805-807	da	_	_	
2-6	808-813	werfe	_	_	
2-7	814-817	ich	Animated	B	
2-8	818-823	einen	_	B	
2-9	824-829	Blick	_	I	
2-10	830-833	auf	_	_	
2-11	834-837	die	_	B	
2-12	838-851	Einnahmeseite	_	I	
2-13	852-853	–	_	_	
2-14	854-862	betrifft	_	_	
2-15	863-872	natürlich	_	_	
2-16	873-876	die	_	B	
2-17	877-887	NATO-Quote	_	I	
2-18	887-888	.	_	_	
2-19	889-892	Die	Animated[3]	B	
2-20	893-902	Kanzlerin	Animated[3]	I	
2-21	903-904	–	_	_	
2-22	905-908	sie	_	B	
2-23	909-912	hat	_	_	
2-24	913-915	es	_	B	
2-25	916-921	heute	_	_	
2-26	922-926	noch	_	_	
2-27	927-930	mal	_	_	
2-28	931-941	wiederholt	_	_	
2-29	942-943	–	_	_	
2-30	943-944	,	_	_	
2-31	945-949	Ihre	Animated[4]	B	
2-32	950-961	Vorgängerin	Animated[4]	I	
2-33	961-962	,	_	_	
2-34	963-967	aber	_	_	
2-35	968-972	auch	_	B	
2-36	973-976	Sie	_	I	
2-37	977-983	selbst	_	_	
2-38	984-989	haben	_	_	
2-39	990-993	den	Animated[5]	B	
2-40	994-1002	Partnern	Animated[5]	I	
2-41	1003-1014	versprochen	_	_	
2-42	1014-1015	,	_	_	
2-43	1016-1020	dass	_	_	
2-44	1021-1024	wir	Animated	B	
2-45	1025-1028	1,5	_	B	
2-46	1029-1036	Prozent	_	I	
2-47	1037-1044	unserer	_	B	
2-48	1045-1064	Wirtschaftsleistung	_	I	
2-49	1065-1068	für	_	_	
2-50	1069-1081	Verteidigung	_	B	
2-51	1082-1090	ausgeben	_	_	
2-52	1090-1091	.	_	_	
2-53	1092-1095	Für	_	_	
2-54	1096-1099	uns	_	B	
2-55	1100-1105	Freie	Animated[6]	B	
2-56	1106-1116	Demokraten	Animated[6]	I	
2-57	1117-1120	ist	_	_	
2-58	1121-1125	klar	_	_	
2-59	1125-1126	:	_	_	
2-60	1127-1130	Der	_	B	
2-61	1131-1138	Zustand	_	I	
2-62	1139-1142	der	Animated[7]	B	
2-63	1143-1153	Bundeswehr	Animated[7]	I	
2-64	1153-1154	,	_	_	
2-65	1155-1159	aber	_	_	
2-66	1160-1163	vor	_	_	
2-67	1164-1169	allem	_	B	
2-68	1170-1176	unsere	_	_	
2-69	1177-1187	Sicherheit	_	_	
2-70	1188-1194	machen	_	_	
2-71	1195-1197	es	_	B	
2-72	1198-1206	zwingend	_	_	
2-73	1207-1219	erforderlich	_	_	
2-74	1219-1220	,	_	_	
2-75	1221-1225	dass	_	_	
2-76	1226-1229	wir	Animated	B	
2-77	1230-1244	kontinuierlich	_	_	
2-78	1245-1250	einen	_	B	
2-79	1251-1259	Aufwuchs	_	I	
2-80	1260-1263	bei	_	_	
2-81	1264-1267	den	_	B	
2-82	1268-1289	Verteidigungsausgaben	_	I	
2-83	1290-1300	vollziehen	_	_	
2-84	1300-1301	.	_	_	

#Text=Aber, Frau Ministerin, Sie müssen Ihren Ankündigungen auch endlich Taten folgen lassen. Wenn man sich die aktuelle Situation, die Realität, anschaut, dann stellt man fest, dass es leider andersherum ist: Zwar steigen die Ausgaben im Haushalt 2020 auf 1,39 Prozent des BIPs; aber in der mittelfristigen Finanzplanung, bis zum Ende des Zeithorizonts, fällt diese Quote eben auf 1,25 Prozent ab. Das ist genau das Gegenteil von dem, was Sie den Bürgerinnen und Bürgern, den Soldatinnen und Soldaten, aber vor allem auch unseren Partnern bei der NATO versprochen haben.
3-1	1311-1315	Aber	_	_	
3-2	1315-1316	,	_	_	
3-3	1317-1321	Frau	_	_	
3-4	1322-1332	Ministerin	Animated	B	
3-5	1332-1333	,	_	_	
3-6	1334-1337	Sie	_	B	
3-7	1338-1344	müssen	_	_	
3-8	1345-1350	Ihren	_	B	
3-9	1351-1364	Ankündigungen	_	I	
3-10	1365-1369	auch	_	_	
3-11	1370-1377	endlich	_	_	
3-12	1378-1383	Taten	_	B	
3-13	1384-1390	folgen	_	_	
3-14	1391-1397	lassen	_	_	
3-15	1397-1398	.	_	_	
3-16	1399-1403	Wenn	_	_	
3-17	1404-1407	man	Animated	B	
3-18	1408-1412	sich	_	B	
3-19	1413-1416	die	_	B	
3-20	1417-1425	aktuelle	_	I	
3-21	1426-1435	Situation	_	I	
3-22	1435-1436	,	_	_	
3-23	1437-1440	die	_	B	
3-24	1441-1449	Realität	_	I	
3-25	1449-1450	,	_	_	
3-26	1451-1459	anschaut	_	_	
3-27	1459-1460	,	_	_	
3-28	1461-1465	dann	_	_	
3-29	1466-1472	stellt	_	_	
3-30	1473-1476	man	Animated	B	
3-31	1477-1481	fest	_	_	
3-32	1481-1482	,	_	_	
3-33	1483-1487	dass	_	_	
3-34	1488-1490	es	_	B	
3-35	1491-1497	leider	_	_	
3-36	1498-1509	andersherum	_	_	
3-37	1510-1513	ist	_	_	
3-38	1513-1514	:	_	_	
3-39	1515-1519	Zwar	_	_	
3-40	1520-1527	steigen	_	_	
3-41	1528-1531	die	_	B	
3-42	1532-1540	Ausgaben	_	I	
3-43	1541-1543	im	_	_	
3-44	1544-1552	Haushalt	_	B	
3-45	1553-1557	2020	_	_	
3-46	1558-1561	auf	_	_	
3-47	1562-1566	1,39	_	B	
3-48	1567-1574	Prozent	_	I	
3-49	1575-1578	des	_	B	
3-50	1579-1583	BIPs	_	I	
3-51	1583-1584	;	_	_	
3-52	1585-1589	aber	_	_	
3-53	1590-1592	in	_	_	
3-54	1593-1596	der	_	B	
3-55	1597-1612	mittelfristigen	_	I	
3-56	1613-1626	Finanzplanung	_	I	
3-57	1626-1627	,	_	_	
3-58	1628-1631	bis	_	_	
3-59	1632-1635	zum	_	_	
3-60	1636-1640	Ende	_	B	
3-61	1641-1644	des	_	B	
3-62	1645-1658	Zeithorizonts	_	I	
3-63	1658-1659	,	_	_	
3-64	1660-1665	fällt	_	_	
3-65	1666-1671	diese	_	B	
3-66	1672-1677	Quote	_	I	
3-67	1678-1682	eben	_	_	
3-68	1683-1686	auf	_	_	
3-69	1687-1691	1,25	_	B	
3-70	1692-1699	Prozent	_	I	
3-71	1700-1702	ab	_	_	
3-72	1702-1703	.	_	_	
3-73	1704-1707	Das	_	B	
3-74	1708-1711	ist	_	_	
3-75	1712-1717	genau	_	B	
3-76	1718-1721	das	_	I	
3-77	1722-1731	Gegenteil	_	I	
3-78	1732-1735	von	_	_	
3-79	1736-1739	dem	_	B	
3-80	1739-1740	,	_	_	
3-81	1741-1744	was	_	B	
3-82	1745-1748	Sie	_	B	
3-83	1749-1752	den	Animated[8]	B	
3-84	1753-1764	Bürgerinnen	Animated[8]	I	
3-85	1765-1768	und	_	_	
3-86	1769-1776	Bürgern	Animated	B	
3-87	1776-1777	,	_	_	
3-88	1778-1781	den	Animated[9]	B	
3-89	1782-1793	Soldatinnen	Animated[9]	I	
3-90	1794-1797	und	_	_	
3-91	1798-1806	Soldaten	Animated	B	
3-92	1806-1807	,	_	_	
3-93	1808-1812	aber	_	_	
3-94	1813-1816	vor	_	_	
3-95	1817-1822	allem	_	B	
3-96	1823-1827	auch	_	_	
3-97	1828-1835	unseren	_	_	
3-98	1836-1844	Partnern	_	_	
3-99	1845-1848	bei	_	_	
3-100	1849-1852	der	Animated[10]	B	
3-101	1853-1857	NATO	Animated[10]	I	
3-102	1858-1869	versprochen	_	_	
3-103	1870-1875	haben	_	_	
3-104	1875-1876	.	_	_	

#Text=Wenn man das Ganze in Zahlen ausdrückt, reden wir, je nach Wirtschaftsleistung, die man zugrunde legt, von einer Differenz von bis zu 10 Milliarden Euro. Das sind ja keine kleinen Beträge. Da hilft es wenig, wenn die Kanzlerin den Eindruck erwecken möchte, dass die mittelfristige Finanzplanung nicht so ernst zu nehmen sei. Ihr Haus zeigt, dass die Wahrheit eine andere ist: Gerade die großen Rüstungsprojekte brauchen eine langfristige, solide, nachhaltige Finanzierung. Deshalb brauchen wir eine nachhaltige Planung, und wir erwarten von Ihnen auch, Frau Ministerin, dass Sie die Wende bei der Mittelausstattung im Bereich des Verteidigungsministeriums einleiten, und zwar nachhaltig.
4-1	1893-1897	Wenn	_	_	
4-2	1898-1901	man	Animated	B	
4-3	1902-1905	das	_	B	
4-4	1906-1911	Ganze	_	I	
4-5	1912-1914	in	_	_	
4-6	1915-1921	Zahlen	_	B	
4-7	1922-1931	ausdrückt	_	_	
4-8	1931-1932	,	_	_	
4-9	1933-1938	reden	_	_	
4-10	1939-1942	wir	Animated	B	
4-11	1942-1943	,	_	_	
4-12	1944-1946	je	_	_	
4-13	1947-1951	nach	_	_	
4-14	1952-1971	Wirtschaftsleistung	_	B	
4-15	1971-1972	,	_	_	
4-16	1973-1976	die	_	B	
4-17	1977-1980	man	Animated	B	
4-18	1981-1989	zugrunde	_	_	
4-19	1990-1994	legt	_	_	
4-20	1994-1995	,	_	_	
4-21	1996-1999	von	_	_	
4-22	2000-2005	einer	_	B	
4-23	2006-2015	Differenz	_	I	
4-24	2016-2019	von	_	_	
4-25	2020-2023	bis	_	B	
4-26	2024-2026	zu	_	I	
4-27	2027-2029	10	_	I	
4-28	2030-2040	Milliarden	_	I	
4-29	2041-2045	Euro	_	I	
4-30	2045-2046	.	_	_	
4-31	2047-2050	Das	_	B	
4-32	2051-2055	sind	_	_	
4-33	2056-2058	ja	_	_	
4-34	2059-2064	keine	_	B	
4-35	2065-2072	kleinen	_	I	
4-36	2073-2080	Beträge	_	I	
4-37	2080-2081	.	_	_	
4-38	2082-2084	Da	_	_	
4-39	2085-2090	hilft	_	_	
4-40	2091-2093	es	_	B	
4-41	2094-2099	wenig	_	B	
4-42	2099-2100	,	_	_	
4-43	2101-2105	wenn	_	_	
4-44	2106-2109	die	Animated[11]	B	
4-45	2110-2119	Kanzlerin	Animated[11]	I	
4-46	2120-2123	den	_	B	
4-47	2124-2132	Eindruck	_	I	
4-48	2133-2141	erwecken	_	_	
4-49	2142-2148	möchte	_	_	
4-50	2148-2149	,	_	_	
4-51	2150-2154	dass	_	_	
4-52	2155-2158	die	_	B	
4-53	2159-2173	mittelfristige	_	I	
4-54	2174-2187	Finanzplanung	_	I	
4-55	2188-2193	nicht	_	_	
4-56	2194-2196	so	_	_	
4-57	2197-2202	ernst	_	_	
4-58	2203-2205	zu	_	_	
4-59	2206-2212	nehmen	_	_	
4-60	2213-2216	sei	_	_	
4-61	2216-2217	.	_	_	
4-62	2218-2221	Ihr	Animated[12]	B	
4-63	2222-2226	Haus	Animated[12]	I	
4-64	2227-2232	zeigt	_	_	
4-65	2232-2233	,	_	_	
4-66	2234-2238	dass	_	_	
4-67	2239-2242	die	_	B	
4-68	2243-2251	Wahrheit	_	I	
4-69	2252-2256	eine	_	_	
4-70	2257-2263	andere	_	_	
4-71	2264-2267	ist	_	_	
4-72	2267-2268	:	_	_	
4-73	2269-2275	Gerade	_	B	
4-74	2276-2279	die	_	I	
4-75	2280-2286	großen	_	I	
4-76	2287-2303	Rüstungsprojekte	_	I	
4-77	2304-2312	brauchen	_	_	
4-78	2313-2317	eine	_	B	
4-79	2318-2330	langfristige	_	I	
4-80	2330-2331	,	_	I	
4-81	2332-2338	solide	_	I	
4-82	2338-2339	,	_	I	
4-83	2340-2351	nachhaltige	_	I	
4-84	2352-2364	Finanzierung	_	I	
4-85	2364-2365	.	_	_	
4-86	2366-2373	Deshalb	_	_	
4-87	2374-2382	brauchen	_	_	
4-88	2383-2386	wir	Animated	B	
4-89	2387-2391	eine	_	B	
4-90	2392-2403	nachhaltige	_	I	
4-91	2404-2411	Planung	_	I	
4-92	2411-2412	,	_	_	
4-93	2413-2416	und	_	_	
4-94	2417-2420	wir	Animated	B	
4-95	2421-2429	erwarten	_	_	
4-96	2430-2433	von	_	_	
4-97	2434-2439	Ihnen	_	B	
4-98	2440-2444	auch	_	_	
4-99	2444-2445	,	_	_	
4-100	2446-2450	Frau	Animated[13]	B	
4-101	2451-2461	Ministerin	Animated[13]	I	
4-102	2461-2462	,	_	_	
4-103	2463-2467	dass	_	_	
4-104	2468-2471	Sie	_	B	
4-105	2472-2475	die	_	B	
4-106	2476-2481	Wende	_	I	
4-107	2482-2485	bei	_	_	
4-108	2486-2489	der	_	B	
4-109	2490-2507	Mittelausstattung	_	I	
4-110	2508-2510	im	_	_	
4-111	2511-2518	Bereich	_	B	
4-112	2519-2522	des	Animated[14]	B	
4-113	2523-2548	Verteidigungsministeriums	Animated[14]	I	
4-114	2549-2558	einleiten	_	_	
4-115	2558-2559	,	_	_	
4-116	2560-2563	und	_	_	
4-117	2564-2568	zwar	_	_	
4-118	2569-2579	nachhaltig	_	_	
4-119	2579-2580	.	_	_	

#Text=Aber – damit komme ich zur zweiten Erwartungshaltung –: Diese Mittelausstattung an sich ist ja kein Selbstzweck, sondern sie hilft nur, wenn die Mittel oder – besser noch – das Material nachher auch bei der Truppe, bei den Soldatinnen und Soldaten ankommt. Deshalb ist die zweite Erwartung ganz klar: Wir möchten, dass Sie das Beschaffungswesen der Bundeswehr wieder auf Zack bringen. Fregatte 125: über Jahre verspätet; ferner ist kein Ausbildungszentrum vorhanden; der Puma kann nur bei der Ausbildung, aber nicht sonst eingesetzt werden; von unseren 53 Tiger-Hubschraubern waren im letzten Jahr im Durchschnitt nur 11,6 einsatzbereit. Allein diese kurze Aufzählung, die ich noch lange fortführen könnte, zeigt, welchen großen Problemen und Herausforderungen Sie auch im Bereich des Beschaffungswesens gegenüberstehen.
5-1	2600-2604	Aber	_	_	
5-2	2605-2606	–	_	_	
5-3	2607-2612	damit	_	_	
5-4	2613-2618	komme	_	_	
5-5	2619-2622	ich	Animated	B	
5-6	2623-2626	zur	_	_	
5-7	2627-2634	zweiten	_	B	
5-8	2635-2652	Erwartungshaltung	_	I	
5-9	2653-2654	–	_	_	
5-10	2654-2655	:	_	_	
5-11	2656-2661	Diese	_	B	
5-12	2662-2679	Mittelausstattung	_	I	
5-13	2680-2682	an	_	_	
5-14	2683-2687	sich	_	B	
5-15	2688-2691	ist	_	_	
5-16	2692-2694	ja	_	_	
5-17	2695-2699	kein	_	B	
5-18	2700-2711	Selbstzweck	_	I	
5-19	2711-2712	,	_	_	
5-20	2713-2720	sondern	_	_	
5-21	2721-2724	sie	_	B	
5-22	2725-2730	hilft	_	_	
5-23	2731-2734	nur	_	_	
5-24	2734-2735	,	_	_	
5-25	2736-2740	wenn	_	_	
5-26	2741-2744	die	_	B	
5-27	2745-2751	Mittel	_	I	
5-28	2752-2756	oder	_	_	
5-29	2757-2758	–	_	_	
5-30	2759-2765	besser	_	_	
5-31	2766-2770	noch	_	_	
5-32	2771-2772	–	_	_	
5-33	2773-2776	das	_	B	
5-34	2777-2785	Material	_	I	
5-35	2786-2793	nachher	_	_	
5-36	2794-2798	auch	_	_	
5-37	2799-2802	bei	_	_	
5-38	2803-2806	der	Animated[15]	B	
5-39	2807-2813	Truppe	Animated[15]	I	
5-40	2813-2814	,	_	_	
5-41	2815-2818	bei	_	_	
5-42	2819-2822	den	Animated[16]	B	
5-43	2823-2834	Soldatinnen	Animated[16]	I	
5-44	2835-2838	und	_	_	
5-45	2839-2847	Soldaten	Animated	B	
5-46	2848-2855	ankommt	_	_	
5-47	2855-2856	.	_	_	
5-48	2857-2864	Deshalb	_	_	
5-49	2865-2868	ist	_	_	
5-50	2869-2872	die	_	B	
5-51	2873-2879	zweite	_	I	
5-52	2880-2889	Erwartung	_	I	
5-53	2890-2894	ganz	_	_	
5-54	2895-2899	klar	_	_	
5-55	2899-2900	:	_	_	
5-56	2901-2904	Wir	Animated	B	
5-57	2905-2912	möchten	_	_	
5-58	2912-2913	,	_	_	
5-59	2914-2918	dass	_	_	
5-60	2919-2922	Sie	_	B	
5-61	2923-2926	das	Animated[17]	B	
5-62	2927-2944	Beschaffungswesen	Animated[17]	I	
5-63	2945-2948	der	Animated[18]	B	
5-64	2949-2959	Bundeswehr	Animated[18]	I	
5-65	2960-2966	wieder	_	_	
5-66	2967-2970	auf	_	_	
5-67	2971-2975	Zack	_	B	
5-68	2976-2983	bringen	_	_	
5-69	2983-2984	.	_	_	
5-70	2985-2993	Fregatte	_	B	
5-71	2994-2997	125	_	_	
5-72	2997-2998	:	_	_	
5-73	2999-3003	über	_	_	
5-74	3004-3009	Jahre	_	B	
5-75	3010-3019	verspätet	_	_	
5-76	3019-3020	;	_	_	
5-77	3021-3027	ferner	_	_	
5-78	3028-3031	ist	_	_	
5-79	3032-3036	kein	_	B	
5-80	3037-3055	Ausbildungszentrum	_	I	
5-81	3056-3065	vorhanden	_	_	
5-82	3065-3066	;	_	_	
5-83	3067-3070	der	_	B	
5-84	3071-3075	Puma	_	I	
5-85	3076-3080	kann	_	_	
5-86	3081-3084	nur	_	_	
5-87	3085-3088	bei	_	_	
5-88	3089-3092	der	_	B	
5-89	3093-3103	Ausbildung	_	I	
5-90	3103-3104	,	_	_	
5-91	3105-3109	aber	_	_	
5-92	3110-3115	nicht	_	_	
5-93	3116-3121	sonst	_	_	
5-94	3122-3132	eingesetzt	_	_	
5-95	3133-3139	werden	_	_	
5-96	3139-3140	;	_	_	
5-97	3141-3144	von	_	_	
5-98	3145-3152	unseren	_	B	
5-99	3153-3155	53	_	I	
5-100	3156-3175	Tiger-Hubschraubern	_	I	
5-101	3176-3181	waren	_	_	
5-102	3182-3184	im	_	_	
5-103	3185-3192	letzten	_	B	
5-104	3193-3197	Jahr	_	I	
5-105	3198-3200	im	_	_	
5-106	3201-3213	Durchschnitt	_	B	
5-107	3214-3217	nur	_	_	
5-108	3218-3222	11,6	_	_	
5-109	3223-3236	einsatzbereit	_	_	
5-110	3236-3237	.	_	_	
5-111	3238-3244	Allein	_	B	
5-112	3245-3250	diese	_	I	
5-113	3251-3256	kurze	_	I	
5-114	3257-3267	Aufzählung	_	I	
5-115	3267-3268	,	_	_	
5-116	3269-3272	die	_	B	
5-117	3273-3276	ich	_	B	
5-118	3277-3281	noch	_	_	
5-119	3282-3287	lange	_	_	
5-120	3288-3298	fortführen	_	_	
5-121	3299-3305	könnte	_	_	
5-122	3305-3306	,	_	_	
5-123	3307-3312	zeigt	_	_	
5-124	3312-3313	,	_	_	
5-125	3314-3321	welchen	_	B	
5-126	3322-3328	großen	_	I	
5-127	3329-3338	Problemen	_	I	
5-128	3339-3342	und	_	_	
5-129	3343-3360	Herausforderungen	_	B	
5-130	3361-3364	Sie	_	B	
5-131	3365-3369	auch	_	_	
5-132	3370-3372	im	_	_	
5-133	3373-3380	Bereich	_	B	
5-134	3381-3384	des	Animated[19]	B	
5-135	3385-3403	Beschaffungswesens	Animated[19]	I	
5-136	3404-3419	gegenüberstehen	_	_	
5-137	3419-3420	.	_	_	

#Text=Die Reaktionen aus Ihrem Haus sind bisher leider in die falsche Richtung gegangen. Ab diesem Jahr wird im Rüstungsbericht keine Auskunft mehr über die Einsatzbereitschaft der Waffensysteme gegeben. Das ist die falsche Botschaft, um mit so einem Problem umzugehen.
6-1	3439-3442	Die	_	B	
6-2	3443-3453	Reaktionen	_	I	
6-3	3454-3457	aus	_	_	
6-4	3458-3463	Ihrem	Animated[20]	B	
6-5	3464-3468	Haus	Animated[20]	I	
6-6	3469-3473	sind	_	_	
6-7	3474-3480	bisher	_	_	
6-8	3481-3487	leider	_	_	
6-9	3488-3490	in	_	_	
6-10	3491-3494	die	_	B	
6-11	3495-3502	falsche	_	I	
6-12	3503-3511	Richtung	_	I	
6-13	3512-3520	gegangen	_	_	
6-14	3520-3521	.	_	_	
6-15	3522-3524	Ab	_	_	
6-16	3525-3531	diesem	_	B	
6-17	3532-3536	Jahr	_	I	
6-18	3537-3541	wird	_	_	
6-19	3542-3544	im	_	_	
6-20	3545-3560	Rüstungsbericht	_	B	
6-21	3561-3566	keine	_	B	
6-22	3567-3575	Auskunft	_	I	
6-23	3576-3580	mehr	_	_	
6-24	3581-3585	über	_	_	
6-25	3586-3589	die	_	B	
6-26	3590-3609	Einsatzbereitschaft	_	I	
6-27	3610-3613	der	_	B	
6-28	3614-3627	Waffensysteme	_	I	
6-29	3628-3635	gegeben	_	_	
6-30	3635-3636	.	_	_	
6-31	3637-3640	Das	_	B	
6-32	3641-3644	ist	_	_	
6-33	3645-3648	die	_	B	
6-34	3649-3656	falsche	_	I	
6-35	3657-3666	Botschaft	_	I	
6-36	3666-3667	,	_	_	
6-37	3668-3670	um	_	_	
6-38	3671-3674	mit	_	_	
6-39	3675-3677	so	_	B	
6-40	3678-3683	einem	_	I	
6-41	3684-3691	Problem	_	I	
6-42	3692-3701	umzugehen	_	_	
6-43	3701-3702	.	_	_	

#Text=Frau Ministerin, was wir als Freie Demokraten auf gar keinen Fall akzeptieren werden, sind Einschränkungen der parlamentarischen Kontrollrechte. Das Problem des Beschaffungswesens der Bundeswehr liegt nicht in diesem Haus, sondern in Ihrem Haus, und dort ist es auch zu lösen.
7-1	3707-3711	Frau	Animated[21]	B	
7-2	3712-3722	Ministerin	Animated[21]	I	
7-3	3722-3723	,	_	_	
7-4	3724-3727	was	_	B	
7-5	3728-3731	wir	Animated	B	
7-6	3732-3735	als	_	_	
7-7	3736-3741	Freie	Animated[22]	B	
7-8	3742-3752	Demokraten	Animated[22]	I	
7-9	3753-3756	auf	_	_	
7-10	3757-3760	gar	_	B	
7-11	3761-3767	keinen	_	I	
7-12	3768-3772	Fall	_	I	
7-13	3773-3784	akzeptieren	_	_	
7-14	3785-3791	werden	_	_	
7-15	3791-3792	,	_	_	
7-16	3793-3797	sind	_	_	
7-17	3798-3813	Einschränkungen	_	B	
7-18	3814-3817	der	_	B	
7-19	3818-3835	parlamentarischen	_	I	
7-20	3836-3850	Kontrollrechte	_	I	
7-21	3850-3851	.	_	_	
7-22	3852-3855	Das	_	B	
7-23	3856-3863	Problem	_	I	
7-24	3864-3867	des	Animated[23]	B	
7-25	3868-3886	Beschaffungswesens	Animated[23]	I	
7-26	3887-3890	der	Animated[24]	B	
7-27	3891-3901	Bundeswehr	Animated[24]	I	
7-28	3902-3907	liegt	_	_	
7-29	3908-3913	nicht	_	_	
7-30	3914-3916	in	_	_	
7-31	3917-3923	diesem	Animated[25]	B	
7-32	3924-3928	Haus	Animated[25]	I	
7-33	3928-3929	,	_	_	
7-34	3930-3937	sondern	_	_	
7-35	3938-3940	in	_	_	
7-36	3941-3946	Ihrem	Animated[26]	B	
7-37	3947-3951	Haus	Animated[26]	I	
7-38	3951-3952	,	_	_	
7-39	3953-3956	und	_	_	
7-40	3957-3961	dort	_	_	
7-41	3962-3965	ist	_	_	
7-42	3966-3968	es	_	B	
7-43	3969-3973	auch	_	_	
7-44	3974-3976	zu	_	_	
7-45	3977-3982	lösen	_	_	
7-46	3982-3983	.	_	_	

#Text=Die dritte Erwartung, die ich ansprechen möchte, betrifft Cyber. Sie sind darauf kurz eingegangen. Unsere Partnernationen Frankreich, Großbritannien und die Vereinigten Staaten von Amerika haben schon frühzeitig umfangreiche Mittel zur Verfügung gestellt, um sich dieser neuen Herausforderung entgegenstellen zu können. Wir müssen da deutlich mehr machen; wir müssen in diesem Bereich nachziehen, vor allem mit Blick auf Nationen dieser Welt, die uns nicht so freundschaftlich gesinnt sind. Deshalb, Frau Ministerin, fordern wir Sie auf: Schließen Sie diese nationale Sicherheitslücke, und zwar möglichst zeitnah!
8-1	3990-3993	Die	_	B	
8-2	3994-4000	dritte	_	I	
8-3	4001-4010	Erwartung	_	I	
8-4	4010-4011	,	_	_	
8-5	4012-4015	die	_	B	
8-6	4016-4019	ich	Animated	B	
8-7	4020-4030	ansprechen	_	_	
8-8	4031-4037	möchte	_	_	
8-9	4037-4038	,	_	_	
8-10	4039-4047	betrifft	_	_	
8-11	4048-4053	Cyber	_	B	
8-12	4053-4054	.	_	_	
8-13	4055-4058	Sie	_	B	
8-14	4059-4063	sind	_	_	
8-15	4064-4070	darauf	_	_	
8-16	4071-4075	kurz	_	_	
8-17	4076-4087	eingegangen	_	_	
8-18	4087-4088	.	_	_	
8-19	4089-4095	Unsere	Animated[27]	B	
8-20	4096-4111	Partnernationen	Animated[27]	I	
8-21	4112-4122	Frankreich	Animated[27]	I	
8-22	4122-4123	,	_	_	
8-23	4124-4138	Großbritannien	Animated	B	
8-24	4139-4142	und	_	_	
8-25	4143-4146	die	Animated[28]	B	
8-26	4147-4158	Vereinigten	Animated[28]	I	
8-27	4159-4166	Staaten	Animated[28]	I	
8-28	4167-4170	von	_	_	
8-29	4171-4178	Amerika	Animated	B	
8-30	4179-4184	haben	_	_	
8-31	4185-4190	schon	_	_	
8-32	4191-4201	frühzeitig	_	_	
8-33	4202-4214	umfangreiche	_	B	
8-34	4215-4221	Mittel	_	I	
8-35	4222-4225	zur	_	_	
8-36	4226-4235	Verfügung	_	B	
8-37	4236-4244	gestellt	_	_	
8-38	4244-4245	,	_	_	
8-39	4246-4248	um	_	_	
8-40	4249-4253	sich	_	B	
8-41	4254-4260	dieser	_	B	
8-42	4261-4266	neuen	_	I	
8-43	4267-4282	Herausforderung	_	I	
8-44	4283-4298	entgegenstellen	_	_	
8-45	4299-4301	zu	_	_	
8-46	4302-4308	können	_	_	
8-47	4308-4309	.	_	_	
8-48	4310-4313	Wir	Animated	B	
8-49	4314-4320	müssen	_	_	
8-50	4321-4323	da	_	_	
8-51	4324-4332	deutlich	_	B	
8-52	4333-4337	mehr	_	I	
8-53	4338-4344	machen	_	_	
8-54	4344-4345	;	_	_	
8-55	4346-4349	wir	Animated	B	
8-56	4350-4356	müssen	_	_	
8-57	4357-4359	in	_	_	
8-58	4360-4366	diesem	_	B	
8-59	4367-4374	Bereich	_	I	
8-60	4375-4385	nachziehen	_	_	
8-61	4385-4386	,	_	_	
8-62	4387-4390	vor	_	_	
8-63	4391-4396	allem	_	B	
8-64	4397-4400	mit	_	_	
8-65	4401-4406	Blick	_	B	
8-66	4407-4410	auf	_	_	
8-67	4411-4419	Nationen	Animated	B	
8-68	4420-4426	dieser	_	B	
8-69	4427-4431	Welt	_	I	
8-70	4431-4432	,	_	_	
8-71	4433-4436	die	_	B	
8-72	4437-4440	uns	_	B	
8-73	4441-4446	nicht	_	_	
8-74	4447-4449	so	_	_	
8-75	4450-4466	freundschaftlich	_	_	
8-76	4467-4474	gesinnt	_	_	
8-77	4475-4479	sind	_	_	
8-78	4479-4480	.	_	_	
8-79	4481-4488	Deshalb	_	_	
8-80	4488-4489	,	_	_	
8-81	4490-4494	Frau	_	_	
8-82	4495-4505	Ministerin	Animated	B	
8-83	4505-4506	,	_	_	
8-84	4507-4514	fordern	_	_	
8-85	4515-4518	wir	Animated	B	
8-86	4519-4522	Sie	_	B	
8-87	4523-4526	auf	_	_	
8-88	4526-4527	:	_	_	
8-89	4528-4537	Schließen	_	_	
8-90	4538-4541	Sie	_	B	
8-91	4542-4547	diese	_	B	
8-92	4548-4557	nationale	_	I	
8-93	4558-4574	Sicherheitslücke	_	I	
8-94	4574-4575	,	_	_	
8-95	4576-4579	und	_	_	
8-96	4580-4584	zwar	_	_	
8-97	4585-4594	möglichst	_	_	
8-98	4595-4602	zeitnah	_	_	
8-99	4602-4603	!	_	_	

#Text=Ein letzter Bereich, den ich ansprechen möchte, ist die Art und Weise, wie in Ihrem Haus Entscheidungsprozesse und vor allem Kontrollsysteme funktionieren. Ich möchte jetzt nicht weiter auf die „Gorch Fock“ eingehen, aber vielleicht schauen Sie sich das noch einmal näher an. Ein anderes Beispiel ist die aktuelle Berichterstattung im Bereich des Bekleidungswesens. Das alles zusammengefasst macht deutlich: Es herrscht durchaus ein Kontrollverlust in Ihrem Ministerium. Wir erwarten, dass Sie die Kontrolle wieder ins Haus zurückholen. Das wird eine der härtesten Aufgaben. Uns haben Sie bei dieser Sache an Ihrer Seite. Aber Sie müssen liefern.
9-1	4620-4623	Ein	_	B	
9-2	4624-4631	letzter	_	I	
9-3	4632-4639	Bereich	_	I	
9-4	4639-4640	,	_	_	
9-5	4641-4644	den	_	B	
9-6	4645-4648	ich	Animated	B	
9-7	4649-4659	ansprechen	_	_	
9-8	4660-4666	möchte	_	_	
9-9	4666-4667	,	_	_	
9-10	4668-4671	ist	_	_	
9-11	4672-4675	die	_	B	
9-12	4676-4679	Art	_	I	
9-13	4680-4683	und	_	_	
9-14	4684-4689	Weise	_	B	
9-15	4689-4690	,	_	_	
9-16	4691-4694	wie	_	_	
9-17	4695-4697	in	_	_	
9-18	4698-4703	Ihrem	Animated[29]	B	
9-19	4704-4708	Haus	Animated[29]	I	
9-20	4709-4730	Entscheidungsprozesse	_	B	
9-21	4731-4734	und	_	_	
9-22	4735-4738	vor	_	_	
9-23	4739-4744	allem	_	B	
9-24	4745-4760	Kontrollsysteme	_	_	
9-25	4761-4774	funktionieren	_	_	
9-26	4774-4775	.	_	_	
9-27	4776-4779	Ich	Animated	B	
9-28	4780-4786	möchte	_	_	
9-29	4787-4792	jetzt	_	_	
9-30	4793-4798	nicht	_	_	
9-31	4799-4805	weiter	_	_	
9-32	4806-4809	auf	_	_	
9-33	4810-4813	die	_	B	
9-34	4814-4815	„	_	I	
9-35	4815-4820	Gorch	_	I	
9-36	4821-4825	Fock	_	I	
9-37	4825-4826	“	_	_	
9-38	4827-4835	eingehen	_	_	
9-39	4835-4836	,	_	_	
9-40	4837-4841	aber	_	_	
9-41	4842-4852	vielleicht	_	_	
9-42	4853-4860	schauen	_	_	
9-43	4861-4864	Sie	_	B	
9-44	4865-4869	sich	_	B	
9-45	4870-4873	das	_	B	
9-46	4874-4878	noch	_	_	
9-47	4879-4885	einmal	_	_	
9-48	4886-4891	näher	_	_	
9-49	4892-4894	an	_	_	
9-50	4894-4895	.	_	_	
9-51	4896-4899	Ein	_	B	
9-52	4900-4907	anderes	_	I	
9-53	4908-4916	Beispiel	_	I	
9-54	4917-4920	ist	_	_	
9-55	4921-4924	die	_	B	
9-56	4925-4933	aktuelle	_	I	
9-57	4934-4951	Berichterstattung	_	I	
9-58	4952-4954	im	_	_	
9-59	4955-4962	Bereich	_	B	
9-60	4963-4966	des	_	B	
9-61	4967-4984	Bekleidungswesens	_	I	
9-62	4984-4985	.	_	_	
9-63	4986-4989	Das	_	B	
9-64	4990-4995	alles	_	I	
9-65	4996-5011	zusammengefasst	_	_	
9-66	5012-5017	macht	_	_	
9-67	5018-5026	deutlich	_	_	
9-68	5026-5027	:	_	_	
9-69	5028-5030	Es	_	_	
9-70	5031-5039	herrscht	_	_	
9-71	5040-5048	durchaus	_	_	
9-72	5049-5052	ein	_	B	
9-73	5053-5068	Kontrollverlust	_	I	
9-74	5069-5071	in	_	_	
9-75	5072-5077	Ihrem	Animated[30]	B	
9-76	5078-5089	Ministerium	Animated[30]	I	
9-77	5089-5090	.	_	_	
9-78	5091-5094	Wir	Animated	B	
9-79	5095-5103	erwarten	_	_	
9-80	5103-5104	,	_	_	
9-81	5105-5109	dass	_	_	
9-82	5110-5113	Sie	_	B	
9-83	5114-5117	die	_	B	
9-84	5118-5127	Kontrolle	_	I	
9-85	5128-5134	wieder	_	_	
9-86	5135-5138	ins	_	_	
9-87	5139-5143	Haus	Animated	B	
9-88	5144-5155	zurückholen	_	_	
9-89	5155-5156	.	_	_	
9-90	5157-5160	Das	_	B	
9-91	5161-5165	wird	_	_	
9-92	5166-5170	eine	_	B	
9-93	5171-5174	der	_	B	
9-94	5175-5184	härtesten	_	I	
9-95	5185-5193	Aufgaben	_	I	
9-96	5193-5194	.	_	_	
9-97	5195-5198	Uns	_	B	
9-98	5199-5204	haben	_	_	
9-99	5205-5208	Sie	_	B	
9-100	5209-5212	bei	_	_	
9-101	5213-5219	dieser	_	B	
9-102	5220-5225	Sache	_	I	
9-103	5226-5228	an	_	_	
9-104	5229-5234	Ihrer	_	B	
9-105	5235-5240	Seite	_	I	
9-106	5240-5241	.	_	_	
9-107	5242-5246	Aber	_	_	
9-108	5247-5250	Sie	_	B	
9-109	5251-5257	müssen	_	_	
9-110	5258-5265	liefern	_	_	
9-111	5265-5266	.	_	_	

#Text=Vielen Dank für Ihre Aufmerksamkeit.
10-1	5283-5289	Vielen	_	_	
10-2	5290-5294	Dank	_	_	
10-3	5295-5298	für	_	_	
10-4	5299-5303	Ihre	_	B	
10-5	5304-5318	Aufmerksamkeit	_	I	
10-6	5318-5319	.	_	_	

#Text=Vielen Dank, Herr Kollege Klein. – Der nächste Redner: für die Fraktion Die Linke der Kollege Michael Leutert.
11-1	5321-5327	Vielen	_	_	
11-2	5328-5332	Dank	_	_	
11-3	5332-5333	,	_	_	
11-4	5334-5338	Herr	Animated[31]	B	
11-5	5339-5346	Kollege	Animated[31]	I	
11-6	5347-5352	Klein	Animated	B	
11-7	5352-5353	.	_	_	
11-8	5354-5355	–	Animated[32]	B	
11-9	5356-5359	Der	Animated[32]	I	
11-10	5360-5367	nächste	Animated[32]	I	
11-11	5368-5374	Redner	Animated[32]	I	
11-12	5374-5375	:	_	_	
11-13	5376-5379	für	_	_	
11-14	5380-5383	die	Animated[33]	B	
11-15	5384-5392	Fraktion	Animated[33]	I	
11-16	5393-5396	Die	Animated[34]	B	
11-17	5397-5402	Linke	Animated[34]	I	
11-18	5403-5406	der	Animated[35]	B	
11-19	5407-5414	Kollege	Animated[35]	I	
11-20	5415-5422	Michael	Animated[35]	I	
11-21	5423-5430	Leutert	Animated[35]	I	
11-22	5430-5431	.	_	_	
