#FORMAT=WebAnno TSV 3.3
#T_SP=webanno.custom.Animacy|Animated
#T_SP=webanno.custom.CustomChunk|Chunk


#Text=Sehr geehrter Herr Präsident! Liebe Kolleginnen und Kollegen! Meine Damen und Herren! Die deutsche Beteiligung an diesem Mandat hat vor allem drei wesentliche Komponenten: erstens Lufttransport und Luftbetankung, zweitens Aufklärung, wie wir schon hier thematisiert haben, und drittens die Ausbildungsmission, die wir im Irak haben.
1-1	0-4	Sehr	Animated[1]	B	
1-2	5-13	geehrter	Animated[1]	I	
1-3	14-18	Herr	Animated[1]	I	
1-4	19-28	Präsident	Animated[1]	I	
1-5	28-29	!	_	_	
1-6	30-35	Liebe	_	B	
1-7	36-47	Kolleginnen	_	_	
1-8	48-51	und	_	_	
1-9	52-60	Kollegen	Animated	B	
1-10	60-61	!	_	_	
1-11	62-67	Meine	Animated[2]	B	
1-12	68-73	Damen	Animated[2]	I	
1-13	74-77	und	_	_	
1-14	78-84	Herren	Animated	B	
1-15	84-85	!	_	_	
1-16	86-89	Die	_	B	
1-17	90-98	deutsche	_	I	
1-18	99-110	Beteiligung	_	I	
1-19	111-113	an	_	_	
1-20	114-120	diesem	Animated[3]	B	
1-21	121-127	Mandat	Animated[3]	I	
1-22	128-131	hat	_	_	
1-23	132-135	vor	_	_	
1-24	136-141	allem	_	B	
1-25	142-146	drei	_	_	
1-26	147-158	wesentliche	_	_	
1-27	159-170	Komponenten	_	_	
1-28	170-171	:	_	_	
1-29	172-179	erstens	_	B	
1-30	180-193	Lufttransport	_	I	
1-31	194-197	und	_	_	
1-32	198-211	Luftbetankung	_	B	
1-33	211-212	,	_	_	
1-34	213-221	zweitens	_	B	
1-35	222-232	Aufklärung	_	I	
1-36	232-233	,	_	_	
1-37	234-237	wie	_	_	
1-38	238-241	wir	Animated	B	
1-39	242-247	schon	_	_	
1-40	248-252	hier	_	_	
1-41	253-265	thematisiert	_	_	
1-42	266-271	haben	_	_	
1-43	271-272	,	_	_	
1-44	273-276	und	_	_	
1-45	277-285	drittens	_	B	
1-46	286-289	die	_	I	
1-47	290-308	Ausbildungsmission	_	I	
1-48	308-309	,	_	_	
1-49	310-313	die	_	B	
1-50	314-317	wir	Animated	B	
1-51	318-320	im	_	_	
1-52	321-325	Irak	_	B	
1-53	326-331	haben	_	_	
1-54	331-332	.	_	_	

#Text=Zum ersten Punkt. Wir setzen den Lufttransport von Jordanien aus fort. Ich glaube, das gibt uns allen ein gutes Gefühl, weil wir so in der Lage sind, unsere eigenen Kräfte in der Region selbstständig auszufliegen, wenn eine Krisensituation auftritt. Wir setzen auch die Luftbetankung fort. Hier frage ich mich allerdings: Für wen?
2-1	342-345	Zum	_	_	
2-2	346-352	ersten	_	B	
2-3	353-358	Punkt	_	I	
2-4	358-359	.	_	_	
2-5	360-363	Wir	Animated	B	
2-6	364-370	setzen	_	_	
2-7	371-374	den	_	B	
2-8	375-388	Lufttransport	_	I	
2-9	389-392	von	_	_	
2-10	393-402	Jordanien	_	B	
2-11	403-406	aus	_	_	
2-12	407-411	fort	_	_	
2-13	411-412	.	_	_	
2-14	413-416	Ich	Animated	B	
2-15	417-423	glaube	_	_	
2-16	423-424	,	_	_	
2-17	425-428	das	_	B	
2-18	429-433	gibt	_	_	
2-19	434-437	uns	_	B	
2-20	438-443	allen	_	B	
2-21	444-447	ein	_	B	
2-22	448-453	gutes	_	I	
2-23	454-460	Gefühl	_	I	
2-24	460-461	,	_	_	
2-25	462-466	weil	_	_	
2-26	467-470	wir	Animated	B	
2-27	471-473	so	_	_	
2-28	474-476	in	_	_	
2-29	477-480	der	_	B	
2-30	481-485	Lage	_	I	
2-31	486-490	sind	_	_	
2-32	490-491	,	_	_	
2-33	492-498	unsere	Animated[4]	B	
2-34	499-506	eigenen	Animated[4]	I	
2-35	507-513	Kräfte	Animated[4]	I	
2-36	514-516	in	_	_	
2-37	517-520	der	Animated[5]	B	
2-38	521-527	Region	Animated[5]	I	
2-39	528-541	selbstständig	_	_	
2-40	542-554	auszufliegen	_	_	
2-41	554-555	,	_	_	
2-42	556-560	wenn	_	_	
2-43	561-565	eine	_	B	
2-44	566-581	Krisensituation	_	I	
2-45	582-590	auftritt	_	_	
2-46	590-591	.	_	_	
2-47	592-595	Wir	Animated	B	
2-48	596-602	setzen	_	_	
2-49	603-607	auch	_	B	
2-50	608-611	die	_	I	
2-51	612-625	Luftbetankung	_	I	
2-52	626-630	fort	_	_	
2-53	630-631	.	_	_	
2-54	632-636	Hier	_	_	
2-55	637-642	frage	_	_	
2-56	643-646	ich	Animated	B	
2-57	647-651	mich	_	B	
2-58	652-662	allerdings	_	_	
2-59	662-663	:	_	_	
2-60	664-667	Für	_	_	
2-61	668-671	wen	_	B	
2-62	671-672	?	_	_	

#Text=Dazu komme ich gleich noch.
3-1	683-687	Dazu	_	_	
3-2	688-693	komme	_	_	
3-3	694-697	ich	Animated	B	
3-4	698-704	gleich	_	_	
3-5	705-709	noch	_	_	
3-6	709-710	.	_	_	

#Text=Der zweite Punkt ist: Tornado-Aufklärungsflugzeuge. Wir haben dort – das wurde erwähnt – über 15 000 Flüge absolviert. Die Koalition hat entschieden, dass sie diese Aufklärungsflüge einstellen will. Das finde ich äußerst bedauerlich; denn diese Aufklärungsflüge waren sehr wichtig, um zu evaluieren: Wo ist der „Islamische Staat“ noch präsent? Wo ist er nicht mehr präsent? Wo handelt er? Er ist nicht mehr in territorialer Struktur vor Ort. Die Tausenden Kämpfer sind in den Untergrund gegangen. Umso wichtiger ist es ja, dort Luftaufklärung zu machen.
4-1	712-715	Der	_	B	
4-2	716-722	zweite	_	I	
4-3	723-728	Punkt	_	I	
4-4	729-732	ist	_	_	
4-5	732-733	:	_	_	
4-6	734-762	Tornado-Aufklärungsflugzeuge	_	B	
4-7	762-763	.	_	_	
4-8	764-767	Wir	Animated	B	
4-9	768-773	haben	_	_	
4-10	774-778	dort	_	_	
4-11	779-780	–	_	_	
4-12	781-784	das	_	B	
4-13	785-790	wurde	_	_	
4-14	791-798	erwähnt	_	_	
4-15	799-800	–	_	_	
4-16	801-805	über	_	_	
4-17	806-808	15	_	B	
4-18	808-809	 	_	I	
4-19	809-812	000	_	I	
4-20	813-818	Flüge	_	I	
4-21	819-829	absolviert	_	_	
4-22	829-830	.	_	_	
4-23	831-834	Die	Animated[6]	B	
4-24	835-844	Koalition	Animated[6]	I	
4-25	845-848	hat	_	_	
4-26	849-860	entschieden	_	_	
4-27	860-861	,	_	_	
4-28	862-866	dass	_	_	
4-29	867-870	sie	_	B	
4-30	871-876	diese	_	B	
4-31	877-893	Aufklärungsflüge	_	I	
4-32	894-904	einstellen	_	_	
4-33	905-909	will	_	_	
4-34	909-910	.	_	_	
4-35	911-914	Das	_	B	
4-36	915-920	finde	_	_	
4-37	921-924	ich	Animated	B	
4-38	925-932	äußerst	_	_	
4-39	933-944	bedauerlich	_	_	
4-40	944-945	;	_	_	
4-41	946-950	denn	_	_	
4-42	951-956	diese	_	B	
4-43	957-973	Aufklärungsflüge	_	I	
4-44	974-979	waren	_	_	
4-45	980-984	sehr	_	_	
4-46	985-992	wichtig	_	_	
4-47	992-993	,	_	_	
4-48	994-996	um	_	_	
4-49	997-999	zu	_	_	
4-50	1000-1010	evaluieren	_	_	
4-51	1010-1011	:	_	_	
4-52	1012-1014	Wo	_	_	
4-53	1015-1018	ist	_	_	
4-54	1019-1022	der	Animated[7]	B	
4-55	1023-1024	„	Animated[7]	I	
4-56	1024-1034	Islamische	Animated[7]	I	
4-57	1035-1040	Staat	Animated[7]	I	
4-58	1040-1041	“	_	_	
4-59	1042-1046	noch	_	_	
4-60	1047-1054	präsent	_	_	
4-61	1054-1055	?	_	_	
4-62	1056-1058	Wo	_	_	
4-63	1059-1062	ist	_	_	
4-64	1063-1065	er	_	B	
4-65	1066-1071	nicht	_	_	
4-66	1072-1076	mehr	_	_	
4-67	1077-1084	präsent	_	_	
4-68	1084-1085	?	_	_	
4-69	1086-1088	Wo	_	_	
4-70	1089-1096	handelt	_	_	
4-71	1097-1099	er	_	B	
4-72	1099-1100	?	_	_	
4-73	1101-1103	Er	_	B	
4-74	1104-1107	ist	_	_	
4-75	1108-1113	nicht	_	B	
4-76	1114-1118	mehr	_	I	
4-77	1119-1121	in	_	I	
4-78	1122-1135	territorialer	_	I	
4-79	1136-1144	Struktur	_	I	
4-80	1145-1148	vor	_	_	
4-81	1149-1152	Ort	_	B	
4-82	1152-1153	.	_	_	
4-83	1154-1157	Die	Animated[8]	B	
4-84	1158-1167	Tausenden	Animated[8]	I	
4-85	1168-1175	Kämpfer	Animated[8]	I	
4-86	1176-1180	sind	_	_	
4-87	1181-1183	in	_	_	
4-88	1184-1187	den	_	B	
4-89	1188-1198	Untergrund	_	I	
4-90	1199-1207	gegangen	_	_	
4-91	1207-1208	.	_	_	
4-92	1209-1213	Umso	_	_	
4-93	1214-1223	wichtiger	_	_	
4-94	1224-1227	ist	_	_	
4-95	1228-1230	es	_	B	
4-96	1231-1233	ja	_	_	
4-97	1233-1234	,	_	_	
4-98	1235-1239	dort	_	_	
4-99	1240-1254	Luftaufklärung	_	B	
4-100	1255-1257	zu	_	_	
4-101	1258-1264	machen	_	_	
4-102	1264-1265	.	_	_	

#Text=Diese Luftaufklärung will die Koalition jetzt Ende des Monats einstellen. Italien wird sie nicht Ende des Monats übernehmen; das hat die Ministerin gerade schon angesprochen. Das heißt, diese Aufklärungsfunktion wird nicht wahrgenommen. Das ist doch etwas, was den „Islamischen Staat“ stärken wird, und das ist doch etwas, was wir doch nicht einfach so stehen lassen können. Ich habe hier dazu noch keine Begründung gehört; denn Herr Annen, der einzige Redner, der Mitglied der SPD-Fraktion ist, hat dazu leider nichts gesagt. Das hätte ich von Ihnen, Herr Annen, eigentlich erwartet. Dass wir diese Aufklärungsrolle einstellen, ist ein Zeichen an die Region, dass wir diese Mission vielleicht nicht mehr ganz so ernst nehmen, wie sie ernst genommen werden müsste. Sie haben selber ausgeführt, dass der „Islamische Staat“ stärker wird. Und wir tragen nicht dazu bei, diesen Prozess aufzuhalten. Das kritisieren wir.
5-1	1285-1290	Diese	_	B	
5-2	1291-1305	Luftaufklärung	_	I	
5-3	1306-1310	will	_	_	
5-4	1311-1314	die	Animated[9]	B	
5-5	1315-1324	Koalition	Animated[9]	I	
5-6	1325-1330	jetzt	_	_	
5-7	1331-1335	Ende	_	B	
5-8	1336-1339	des	_	B	
5-9	1340-1346	Monats	_	I	
5-10	1347-1357	einstellen	_	_	
5-11	1357-1358	.	_	_	
5-12	1359-1366	Italien	Animated	B	
5-13	1367-1371	wird	_	_	
5-14	1372-1375	sie	_	B	
5-15	1376-1381	nicht	_	_	
5-16	1382-1386	Ende	_	B	
5-17	1387-1390	des	_	B	
5-18	1391-1397	Monats	_	I	
5-19	1398-1408	übernehmen	_	_	
5-20	1408-1409	;	_	_	
5-21	1410-1413	das	_	B	
5-22	1414-1417	hat	_	_	
5-23	1418-1421	die	Animated[10]	B	
5-24	1422-1432	Ministerin	Animated[10]	I	
5-25	1433-1439	gerade	_	_	
5-26	1440-1445	schon	_	_	
5-27	1446-1458	angesprochen	_	_	
5-28	1458-1459	.	_	_	
5-29	1460-1463	Das	_	B	
5-30	1464-1469	heißt	_	_	
5-31	1469-1470	,	_	_	
5-32	1471-1476	diese	_	B	
5-33	1477-1496	Aufklärungsfunktion	_	I	
5-34	1497-1501	wird	_	_	
5-35	1502-1507	nicht	_	_	
5-36	1508-1520	wahrgenommen	_	_	
5-37	1520-1521	.	_	_	
5-38	1522-1525	Das	_	B	
5-39	1526-1529	ist	_	_	
5-40	1530-1534	doch	_	_	
5-41	1535-1540	etwas	_	B	
5-42	1540-1541	,	_	_	
5-43	1542-1545	was	_	B	
5-44	1546-1549	den	Animated[11]	B	
5-45	1550-1551	„	Animated[11]	I	
5-46	1551-1562	Islamischen	Animated[11]	I	
5-47	1563-1568	Staat	Animated[11]	I	
5-48	1568-1569	“	_	_	
5-49	1570-1577	stärken	_	_	
5-50	1578-1582	wird	_	_	
5-51	1582-1583	,	_	_	
5-52	1584-1587	und	_	_	
5-53	1588-1591	das	_	B	
5-54	1592-1595	ist	_	_	
5-55	1596-1600	doch	_	_	
5-56	1601-1606	etwas	_	B	
5-57	1606-1607	,	_	_	
5-58	1608-1611	was	_	B	
5-59	1612-1615	wir	Animated	B	
5-60	1616-1620	doch	_	_	
5-61	1621-1626	nicht	_	_	
5-62	1627-1634	einfach	_	_	
5-63	1635-1637	so	_	_	
5-64	1638-1644	stehen	_	_	
5-65	1645-1651	lassen	_	_	
5-66	1652-1658	können	_	_	
5-67	1658-1659	.	_	_	
5-68	1660-1663	Ich	Animated	B	
5-69	1664-1668	habe	_	_	
5-70	1669-1673	hier	_	_	
5-71	1674-1678	dazu	_	_	
5-72	1679-1683	noch	_	B	
5-73	1684-1689	keine	_	I	
5-74	1690-1700	Begründung	_	I	
5-75	1701-1707	gehört	_	_	
5-76	1707-1708	;	_	_	
5-77	1709-1713	denn	_	_	
5-78	1714-1718	Herr	Animated[12]	B	
5-79	1719-1724	Annen	Animated[12]	I	
5-80	1724-1725	,	_	_	
5-81	1726-1729	der	Animated[13]	B	
5-82	1730-1737	einzige	Animated[13]	I	
5-83	1738-1744	Redner	Animated[13]	I	
5-84	1744-1745	,	_	_	
5-85	1746-1749	der	_	B	
5-86	1750-1758	Mitglied	_	B	
5-87	1759-1762	der	Animated[14]	B	
5-88	1763-1775	SPD-Fraktion	Animated[14]	I	
5-89	1776-1779	ist	_	_	
5-90	1779-1780	,	_	_	
5-91	1781-1784	hat	_	_	
5-92	1785-1789	dazu	_	_	
5-93	1790-1796	leider	_	_	
5-94	1797-1803	nichts	_	B	
5-95	1804-1810	gesagt	_	_	
5-96	1810-1811	.	_	_	
5-97	1812-1815	Das	_	B	
5-98	1816-1821	hätte	_	_	
5-99	1822-1825	ich	Animated	B	
5-100	1826-1829	von	_	_	
5-101	1830-1835	Ihnen	_	B	
5-102	1835-1836	,	_	_	
5-103	1837-1841	Herr	Animated[15]	B	
5-104	1842-1847	Annen	Animated[15]	I	
5-105	1847-1848	,	_	_	
5-106	1849-1859	eigentlich	_	_	
5-107	1860-1868	erwartet	_	_	
5-108	1868-1869	.	_	_	
5-109	1870-1874	Dass	_	_	
5-110	1875-1878	wir	Animated	B	
5-111	1879-1884	diese	_	B	
5-112	1885-1901	Aufklärungsrolle	_	I	
5-113	1902-1912	einstellen	_	_	
5-114	1912-1913	,	_	_	
5-115	1914-1917	ist	_	_	
5-116	1918-1921	ein	_	B	
5-117	1922-1929	Zeichen	_	I	
5-118	1930-1932	an	_	_	
5-119	1933-1936	die	Animated[16]	B	
5-120	1937-1943	Region	Animated[16]	I	
5-121	1943-1944	,	_	_	
5-122	1945-1949	dass	_	_	
5-123	1950-1953	wir	_	B	
5-124	1954-1959	diese	_	B	
5-125	1960-1967	Mission	_	I	
5-126	1968-1978	vielleicht	_	_	
5-127	1979-1984	nicht	_	_	
5-128	1985-1989	mehr	_	_	
5-129	1990-1994	ganz	_	_	
5-130	1995-1997	so	_	_	
5-131	1998-2003	ernst	_	_	
5-132	2004-2010	nehmen	_	_	
5-133	2010-2011	,	_	_	
5-134	2012-2015	wie	_	_	
5-135	2016-2019	sie	_	B	
5-136	2020-2025	ernst	_	_	
5-137	2026-2034	genommen	_	_	
5-138	2035-2041	werden	_	_	
5-139	2042-2048	müsste	_	_	
5-140	2048-2049	.	_	_	
5-141	2050-2053	Sie	_	B	
5-142	2054-2059	haben	_	_	
5-143	2060-2066	selber	_	_	
5-144	2067-2077	ausgeführt	_	_	
5-145	2077-2078	,	_	_	
5-146	2079-2083	dass	_	_	
5-147	2084-2087	der	Animated[17]	B	
5-148	2088-2089	„	Animated[17]	I	
5-149	2089-2099	Islamische	Animated[17]	I	
5-150	2100-2105	Staat	Animated[17]	I	
5-151	2105-2106	“	_	_	
5-152	2107-2114	stärker	_	_	
5-153	2115-2119	wird	_	_	
5-154	2119-2120	.	_	_	
5-155	2121-2124	Und	_	_	
5-156	2125-2128	wir	Animated	B	
5-157	2129-2135	tragen	_	_	
5-158	2136-2141	nicht	_	_	
5-159	2142-2146	dazu	_	_	
5-160	2147-2150	bei	_	_	
5-161	2150-2151	,	_	_	
5-162	2152-2158	diesen	_	B	
5-163	2159-2166	Prozess	_	I	
5-164	2167-2178	aufzuhalten	_	_	
5-165	2178-2179	.	_	_	
5-166	2180-2183	Das	_	B	
5-167	2184-2195	kritisieren	_	_	
5-168	2196-2199	wir	Animated	B	
5-169	2199-2200	.	_	_	

#Text=Als Drittes möchte ich zum Schluss auch etwas Positives sagen. Wir haben hier seit Jahr und Tag gesagt: Sie sollen die Ausbildungsmission im Irak in die NATO-Mission integrieren. – Wir predigen tagein, tagaus Multilateralismus, und dann machen Sie eine bilaterale Ausbildungsmission mit dem Irak. Dass Sie das jetzt, nachdem wir es so lange kritisiert haben, aufnehmen, freut mich. Ich weiß nur nicht, warum es so lange gedauert hat.
6-1	2231-2234	Als	_	_	
6-2	2235-2242	Drittes	_	B	
6-3	2243-2249	möchte	_	_	
6-4	2250-2253	ich	Animated	B	
6-5	2254-2257	zum	_	_	
6-6	2258-2265	Schluss	_	B	
6-7	2266-2270	auch	_	B	
6-8	2271-2276	etwas	_	I	
6-9	2277-2286	Positives	_	I	
6-10	2287-2292	sagen	_	_	
6-11	2292-2293	.	_	_	
6-12	2294-2297	Wir	Animated	B	
6-13	2298-2303	haben	_	_	
6-14	2304-2308	hier	_	_	
6-15	2309-2313	seit	_	_	
6-16	2314-2318	Jahr	_	B	
6-17	2319-2322	und	_	_	
6-18	2323-2326	Tag	_	B	
6-19	2327-2333	gesagt	_	_	
6-20	2333-2334	:	_	_	
6-21	2335-2338	Sie	_	B	
6-22	2339-2345	sollen	_	_	
6-23	2346-2349	die	_	B	
6-24	2350-2368	Ausbildungsmission	_	I	
6-25	2369-2371	im	_	_	
6-26	2372-2376	Irak	_	B	
6-27	2377-2379	in	_	_	
6-28	2380-2383	die	_	B	
6-29	2384-2396	NATO-Mission	_	I	
6-30	2397-2408	integrieren	_	_	
6-31	2408-2409	.	_	_	
6-32	2410-2411	–	_	_	
6-33	2412-2415	Wir	Animated	B	
6-34	2416-2424	predigen	_	_	
6-35	2425-2431	tagein	_	B	
6-36	2431-2432	,	_	_	
6-37	2433-2439	tagaus	_	_	
6-38	2440-2457	Multilateralismus	_	B	
6-39	2457-2458	,	_	_	
6-40	2459-2462	und	_	_	
6-41	2463-2467	dann	_	_	
6-42	2468-2474	machen	_	_	
6-43	2475-2478	Sie	_	B	
6-44	2479-2483	eine	_	B	
6-45	2484-2494	bilaterale	_	I	
6-46	2495-2513	Ausbildungsmission	_	I	
6-47	2514-2517	mit	_	_	
6-48	2518-2521	dem	Animated[18]	B	
6-49	2522-2526	Irak	Animated[18]	I	
6-50	2526-2527	.	_	_	
6-51	2528-2532	Dass	_	_	
6-52	2533-2536	Sie	_	B	
6-53	2537-2540	das	_	B	
6-54	2541-2546	jetzt	_	_	
6-55	2546-2547	,	_	_	
6-56	2548-2555	nachdem	_	_	
6-57	2556-2559	wir	Animated	B	
6-58	2560-2562	es	_	B	
6-59	2563-2565	so	_	_	
6-60	2566-2571	lange	_	_	
6-61	2572-2582	kritisiert	_	_	
6-62	2583-2588	haben	_	_	
6-63	2588-2589	,	_	_	
6-64	2590-2599	aufnehmen	_	_	
6-65	2599-2600	,	_	_	
6-66	2601-2606	freut	_	_	
6-67	2607-2611	mich	_	B	
6-68	2611-2612	.	_	_	
6-69	2613-2616	Ich	Animated	B	
6-70	2617-2621	weiß	_	_	
6-71	2622-2625	nur	_	_	
6-72	2626-2631	nicht	_	_	
6-73	2631-2632	,	_	_	
6-74	2633-2638	warum	_	_	
6-75	2639-2641	es	_	B	
6-76	2642-2644	so	_	_	
6-77	2645-2650	lange	_	_	
6-78	2651-2659	gedauert	_	_	
6-79	2660-2663	hat	_	_	
6-80	2663-2664	.	_	_	

#Text=Wenn Sie uns noch erhellen könnten und sagen würden, warum, wenn Deutschland jetzt diese Aufklärungsmission einstellt, wir damit dazu beitragen, dass der „Islamische Staat“ vielleicht wieder stärker wird, dann wäre ich Ihnen sehr dankbar.
7-1	2677-2681	Wenn	_	_	
7-2	2682-2685	Sie	_	B	
7-3	2686-2689	uns	_	B	
7-4	2690-2694	noch	_	_	
7-5	2695-2703	erhellen	_	_	
7-6	2704-2711	könnten	_	_	
7-7	2712-2715	und	_	_	
7-8	2716-2721	sagen	_	_	
7-9	2722-2728	würden	_	_	
7-10	2728-2729	,	_	_	
7-11	2730-2735	warum	_	_	
7-12	2735-2736	,	_	_	
7-13	2737-2741	wenn	_	_	
7-14	2742-2753	Deutschland	Animated	B	
7-15	2754-2759	jetzt	_	_	
7-16	2760-2765	diese	_	B	
7-17	2766-2784	Aufklärungsmission	_	I	
7-18	2785-2794	einstellt	_	_	
7-19	2794-2795	,	_	_	
7-20	2796-2799	wir	Animated	B	
7-21	2800-2805	damit	_	_	
7-22	2806-2810	dazu	_	_	
7-23	2811-2820	beitragen	_	_	
7-24	2820-2821	,	_	_	
7-25	2822-2826	dass	_	_	
7-26	2827-2830	der	Animated[19]	B	
7-27	2831-2832	„	Animated[19]	I	
7-28	2832-2842	Islamische	Animated[19]	I	
7-29	2843-2848	Staat	Animated[19]	I	
7-30	2848-2849	“	_	_	
7-31	2850-2860	vielleicht	_	_	
7-32	2861-2867	wieder	_	_	
7-33	2868-2875	stärker	_	_	
7-34	2876-2880	wird	_	_	
7-35	2880-2881	,	_	_	
7-36	2882-2886	dann	_	_	
7-37	2887-2891	wäre	_	_	
7-38	2892-2895	ich	Animated	B	
7-39	2896-2901	Ihnen	_	B	
7-40	2902-2906	sehr	_	_	
7-41	2907-2914	dankbar	_	_	
7-42	2914-2915	.	_	_	

#Text=Vielen Dank.
8-1	2924-2930	Vielen	_	_	
8-2	2931-2935	Dank	_	_	
8-3	2935-2936	.	_	_	

#Text=Vielen Dank, Herr Kollege Dr. Faber. – Als Nächster spricht für die Fraktion Die Linke der Kollege Dr. Alexander Neu.
9-1	2938-2944	Vielen	_	_	
9-2	2945-2949	Dank	_	_	
9-3	2949-2950	,	_	_	
9-4	2951-2955	Herr	Animated[20]	B	
9-5	2956-2963	Kollege	Animated[20]	I	
9-6	2964-2967	Dr.	Animated[21]	B	
9-7	2968-2973	Faber	Animated[21]	I	
9-8	2973-2974	.	_	_	
9-9	2975-2976	–	_	_	
9-10	2977-2980	Als	_	_	
9-11	2981-2989	Nächster	Animated	B	
9-12	2990-2997	spricht	_	_	
9-13	2998-3001	für	_	_	
9-14	3002-3005	die	Animated[22]	B	
9-15	3006-3014	Fraktion	Animated[22]	I	
9-16	3015-3018	Die	Animated[23]	B	
9-17	3019-3024	Linke	Animated[23]	I	
9-18	3025-3028	der	Animated[24]	B	
9-19	3029-3036	Kollege	Animated[24]	I	
9-20	3037-3040	Dr.	Animated[24]	I	
9-21	3041-3050	Alexander	Animated[24]	I	
9-22	3051-3054	Neu	Animated[24]	I	
9-23	3054-3055	.	_	_	
