#FORMAT=WebAnno TSV 3.3
#T_SP=webanno.custom.Animacy|Animated
#T_SP=webanno.custom.CustomChunk|Chunk


#Text=Herr Präsident! Meine Damen und Herren! Zunächst einmal auch von mir einen herzlichen Dank an meine Mitberichterstatter und einen ganz besonderen Dank an dich, Alois Rainer. Ich glaube, wir alle werden dich in der Rolle, die du bisher gespielt hast, vermissen.
1-1	0-4	Herr	Animated[1]	B	
1-2	5-14	Präsident	Animated[1]	I	
1-3	14-15	!	_	_	
1-4	16-21	Meine	Animated[2]	B	
1-5	22-27	Damen	Animated[2]	I	
1-6	28-31	und	_	_	
1-7	32-38	Herren	Animated	B	
1-8	38-39	!	_	_	
1-9	40-48	Zunächst	_	_	
1-10	49-55	einmal	_	_	
1-11	56-60	auch	_	_	
1-12	61-64	von	_	_	
1-13	65-68	mir	_	B	
1-14	69-74	einen	_	_	
1-15	75-85	herzlichen	_	_	
1-16	86-90	Dank	_	_	
1-17	91-93	an	_	_	
1-18	94-99	meine	Animated[3]	B	
1-19	100-119	Mitberichterstatter	Animated[3]	I	
1-20	120-123	und	_	_	
1-21	124-129	einen	_	B	
1-22	130-134	ganz	_	I	
1-23	135-145	besonderen	_	I	
1-24	146-150	Dank	_	I	
1-25	151-153	an	_	_	
1-26	154-158	dich	_	B	
1-27	158-159	,	_	_	
1-28	160-165	Alois	Animated[4]	B	
1-29	166-172	Rainer	Animated[4]	I	
1-30	172-173	.	_	_	
1-31	174-177	Ich	Animated	B	
1-32	178-184	glaube	_	_	
1-33	184-185	,	_	_	
1-34	186-189	wir	Animated	B	
1-35	190-194	alle	_	B	
1-36	195-201	werden	_	_	
1-37	202-206	dich	_	B	
1-38	207-209	in	_	_	
1-39	210-213	der	_	B	
1-40	214-219	Rolle	_	I	
1-41	219-220	,	_	_	
1-42	221-224	die	_	B	
1-43	225-227	du	_	B	
1-44	228-234	bisher	_	_	
1-45	235-243	gespielt	_	_	
1-46	244-248	hast	_	_	
1-47	248-249	,	_	_	
1-48	250-259	vermissen	_	_	
1-49	259-260	.	_	_	

#Text=Wir wissen immer noch nicht genau, warum du den Ausschuss wechselst; es wird in deiner Fraktion wohl Gründe geben.
2-1	269-272	Wir	Animated	B	
2-2	273-279	wissen	_	_	
2-3	280-285	immer	_	_	
2-4	286-290	noch	_	_	
2-5	291-296	nicht	_	_	
2-6	297-302	genau	_	_	
2-7	302-303	,	_	_	
2-8	304-309	warum	_	_	
2-9	310-312	du	_	B	
2-10	313-316	den	Animated[5]	B	
2-11	317-326	Ausschuss	Animated[5]	I	
2-12	327-336	wechselst	_	_	
2-13	336-337	;	_	_	
2-14	338-340	es	_	B	
2-15	341-345	wird	_	_	
2-16	346-348	in	_	_	
2-17	349-355	deiner	Animated[6]	B	
2-18	356-364	Fraktion	Animated[6]	I	
2-19	365-369	wohl	_	_	
2-20	370-376	Gründe	_	B	
2-21	377-382	geben	_	_	
2-22	382-383	.	_	_	

#Text=Zum Einzelplan. Frau Giffey, noch nie hat eine Familienministerin so viel Steuergeld zur Verfügung gehabt wie Sie. Alleine von 2011 bis 2020 haben wir in Ihrem Etat einen Anstieg von über 79 Prozent zu verzeichnen. Wir haben es schon gehört: Er beträgt über 12 Milliarden Euro. Unabhängig auch von den gesetzlichen Leistungen, für die Mittel in Ihrem Etat veranschlagt sind, schwimmen Sie im Geld. Unser Eindruck – wie auch in den letzten Haushaltsberatungen – ist, dass Sie das wahllos werden lässt, sowohl, was die Auswahl von Projekten angeht, als auch, was den Aufwuchs des Personalkörpers – ohne klare Stellenbeschreibungen – angeht. Ich glaube, Ihr Ministerium ist hier beispielhaft für die Arbeit dieser Großen Koalition. Das müssen wir als Opposition, ähnlich wie der Rechnungshof, kritisieren.
3-1	387-390	Zum	_	_	
3-2	391-401	Einzelplan	_	B	
3-3	401-402	.	_	_	
3-4	403-407	Frau	Animated[7]	B	
3-5	408-414	Giffey	Animated[7]	I	
3-6	414-415	,	_	_	
3-7	416-420	noch	_	_	
3-8	421-424	nie	_	_	
3-9	425-428	hat	_	_	
3-10	429-433	eine	Animated[8]	B	
3-11	434-452	Familienministerin	Animated[8]	I	
3-12	453-455	so	_	B	
3-13	456-460	viel	_	I	
3-14	461-471	Steuergeld	_	I	
3-15	472-475	zur	_	_	
3-16	476-485	Verfügung	_	B	
3-17	486-492	gehabt	_	_	
3-18	493-496	wie	_	_	
3-19	497-500	Sie	_	_	
3-20	500-501	.	_	_	
3-21	502-509	Alleine	_	_	
3-22	510-513	von	_	_	
3-23	514-518	2011	_	_	
3-24	519-522	bis	_	_	
3-25	523-527	2020	_	_	
3-26	528-533	haben	_	_	
3-27	534-537	wir	Animated	B	
3-28	538-540	in	_	_	
3-29	541-546	Ihrem	_	B	
3-30	547-551	Etat	_	I	
3-31	552-557	einen	_	B	
3-32	558-565	Anstieg	_	I	
3-33	566-569	von	_	_	
3-34	570-574	über	_	B	
3-35	575-577	79	_	I	
3-36	578-585	Prozent	_	I	
3-37	586-588	zu	_	_	
3-38	589-600	verzeichnen	_	_	
3-39	600-601	.	_	_	
3-40	602-605	Wir	Animated	B	
3-41	606-611	haben	_	_	
3-42	612-614	es	_	B	
3-43	615-620	schon	_	_	
3-44	621-627	gehört	_	_	
3-45	627-628	:	_	_	
3-46	629-631	Er	_	B	
3-47	632-639	beträgt	_	_	
3-48	640-644	über	_	B	
3-49	645-647	12	_	I	
3-50	648-658	Milliarden	_	I	
3-51	659-663	Euro	_	I	
3-52	663-664	.	_	_	
3-53	665-675	Unabhängig	_	_	
3-54	676-680	auch	_	_	
3-55	681-684	von	_	_	
3-56	685-688	den	_	B	
3-57	689-701	gesetzlichen	_	I	
3-58	702-712	Leistungen	_	I	
3-59	712-713	,	_	_	
3-60	714-717	für	_	_	
3-61	718-721	die	_	B	
3-62	722-728	Mittel	_	I	
3-63	729-731	in	_	_	
3-64	732-737	Ihrem	_	B	
3-65	738-742	Etat	_	I	
3-66	743-755	veranschlagt	_	_	
3-67	756-760	sind	_	_	
3-68	760-761	,	_	_	
3-69	762-771	schwimmen	_	_	
3-70	772-775	Sie	_	B	
3-71	776-778	im	_	_	
3-72	779-783	Geld	_	B	
3-73	783-784	.	_	_	
3-74	785-790	Unser	_	B	
3-75	791-799	Eindruck	_	I	
3-76	800-801	–	_	_	
3-77	802-805	wie	_	_	
3-78	806-810	auch	_	_	
3-79	811-813	in	_	_	
3-80	814-817	den	_	B	
3-81	818-825	letzten	_	I	
3-82	826-845	Haushaltsberatungen	_	I	
3-83	846-847	–	_	_	
3-84	848-851	ist	_	_	
3-85	851-852	,	_	_	
3-86	853-857	dass	_	_	
3-87	858-861	Sie	_	B	
3-88	862-865	das	_	B	
3-89	866-873	wahllos	_	_	
3-90	874-880	werden	_	_	
3-91	881-886	lässt	_	_	
3-92	886-887	,	_	_	
3-93	888-894	sowohl	_	_	
3-94	894-895	,	_	_	
3-95	896-899	was	_	B	
3-96	900-903	die	_	B	
3-97	904-911	Auswahl	_	I	
3-98	912-915	von	_	_	
3-99	916-925	Projekten	_	B	
3-100	926-932	angeht	_	_	
3-101	932-933	,	_	_	
3-102	934-937	als	_	_	
3-103	938-942	auch	_	_	
3-104	942-943	,	_	_	
3-105	944-947	was	_	B	
3-106	948-951	den	_	B	
3-107	952-960	Aufwuchs	_	I	
3-108	961-964	des	Animated[9]	B	
3-109	965-980	Personalkörpers	Animated[9]	I	
3-110	981-982	–	_	_	
3-111	983-987	ohne	_	_	
3-112	988-993	klare	_	B	
3-113	994-1015	Stellenbeschreibungen	_	I	
3-114	1016-1017	–	_	_	
3-115	1018-1024	angeht	_	_	
3-116	1024-1025	.	_	_	
3-117	1026-1029	Ich	Animated	B	
3-118	1030-1036	glaube	_	_	
3-119	1036-1037	,	_	_	
3-120	1038-1041	Ihr	Animated[10]	B	
3-121	1042-1053	Ministerium	Animated[10]	I	
3-122	1054-1057	ist	_	_	
3-123	1058-1062	hier	_	_	
3-124	1063-1075	beispielhaft	_	_	
3-125	1076-1079	für	_	_	
3-126	1080-1083	die	_	B	
3-127	1084-1090	Arbeit	_	I	
3-128	1091-1097	dieser	Animated[11]	B	
3-129	1098-1104	Großen	Animated[11]	I	
3-130	1105-1114	Koalition	Animated[11]	I	
3-131	1114-1115	.	_	_	
3-132	1116-1119	Das	_	B	
3-133	1120-1126	müssen	_	_	
3-134	1127-1130	wir	Animated	B	
3-135	1131-1134	als	_	_	
3-136	1135-1145	Opposition	Animated	B	
3-137	1145-1146	,	_	_	
3-138	1147-1154	ähnlich	_	_	
3-139	1155-1158	wie	_	_	
3-140	1159-1162	der	_	_	
3-141	1163-1175	Rechnungshof	_	_	
3-142	1175-1176	,	_	_	
3-143	1177-1188	kritisieren	_	_	
3-144	1188-1189	.	_	_	

#Text=Sie weigern sich offenbar, die zentralen Fragen zu stellen: Die erste Frage ist – immer wieder –: Ist der Bund überhaupt zuständig? Die zweite Frage ist: Wie wird evaluiert? Die dritte Frage ist: Welchen Einfluss soll eine Evaluation auf eine Projektfortführung haben?
4-1	1210-1213	Sie	_	B	
4-2	1214-1221	weigern	_	_	
4-3	1222-1226	sich	_	B	
4-4	1227-1235	offenbar	_	_	
4-5	1235-1236	,	_	_	
4-6	1237-1240	die	_	B	
4-7	1241-1250	zentralen	_	I	
4-8	1251-1257	Fragen	_	I	
4-9	1258-1260	zu	_	_	
4-10	1261-1268	stellen	_	_	
4-11	1268-1269	:	_	_	
4-12	1270-1273	Die	_	B	
4-13	1274-1279	erste	_	I	
4-14	1280-1285	Frage	_	I	
4-15	1286-1289	ist	_	_	
4-16	1290-1291	–	_	_	
4-17	1292-1297	immer	_	_	
4-18	1298-1304	wieder	_	_	
4-19	1305-1306	–	_	_	
4-20	1306-1307	:	_	_	
4-21	1308-1311	Ist	_	_	
4-22	1312-1315	der	Animated[12]	B	
4-23	1316-1320	Bund	Animated[12]	I	
4-24	1321-1330	überhaupt	_	_	
4-25	1331-1340	zuständig	_	_	
4-26	1340-1341	?	_	_	
4-27	1342-1345	Die	_	B	
4-28	1346-1352	zweite	_	I	
4-29	1353-1358	Frage	_	I	
4-30	1359-1362	ist	_	_	
4-31	1362-1363	:	_	_	
4-32	1364-1367	Wie	_	_	
4-33	1368-1372	wird	_	_	
4-34	1373-1382	evaluiert	_	_	
4-35	1382-1383	?	_	_	
4-36	1384-1387	Die	_	B	
4-37	1388-1394	dritte	_	I	
4-38	1395-1400	Frage	_	I	
4-39	1401-1404	ist	_	_	
4-40	1404-1405	:	_	_	
4-41	1406-1413	Welchen	_	B	
4-42	1414-1422	Einfluss	_	I	
4-43	1423-1427	soll	_	_	
4-44	1428-1432	eine	_	B	
4-45	1433-1443	Evaluation	_	I	
4-46	1444-1447	auf	_	_	
4-47	1448-1452	eine	_	B	
4-48	1453-1471	Projektfortführung	_	I	
4-49	1472-1477	haben	_	_	
4-50	1477-1478	?	_	_	

#Text=Es ist schon ein Armutszeugnis, wenn die Koalitionsfraktionen in der Bereinigungssitzung teilweise Änderungsanträge stellen, um die Begründungen für Titelansätze zu ändern, damit diese Titelansätze im Etatentwurf verfassungskonform sind. Es ist auch ein Armutszeugnis, dass für die Prüfung von Verwendungsnachweisen – gerade zum Beispiel beim Bundesfreiwilligendienst – offensichtlich nicht genug Personal vorhanden ist, um hier in der Tat zu schauen, ob das Geld auch sinnvoll verwendet ist. Das ist das Grundproblem in Ihrem Haushalt: Sie haben viele gute Ansätze, viele gute Ideen; die Umsetzung ist leider mangelhaft.
5-1	1487-1489	Es	_	B	
5-2	1490-1493	ist	_	_	
5-3	1494-1499	schon	_	_	
5-4	1500-1503	ein	_	B	
5-5	1504-1517	Armutszeugnis	_	I	
5-6	1517-1518	,	_	_	
5-7	1519-1523	wenn	_	_	
5-8	1524-1527	die	Animated[13]	B	
5-9	1528-1548	Koalitionsfraktionen	Animated[13]	I	
5-10	1549-1551	in	_	_	
5-11	1552-1555	der	_	B	
5-12	1556-1575	Bereinigungssitzung	_	I	
5-13	1576-1585	teilweise	_	_	
5-14	1586-1602	Änderungsanträge	_	B	
5-15	1603-1610	stellen	_	_	
5-16	1610-1611	,	_	_	
5-17	1612-1614	um	_	_	
5-18	1615-1618	die	_	B	
5-19	1619-1631	Begründungen	_	I	
5-20	1632-1635	für	_	_	
5-21	1636-1648	Titelansätze	_	B	
5-22	1649-1651	zu	_	_	
5-23	1652-1658	ändern	_	_	
5-24	1658-1659	,	_	_	
5-25	1660-1665	damit	_	_	
5-26	1666-1671	diese	_	B	
5-27	1672-1684	Titelansätze	_	I	
5-28	1685-1687	im	_	_	
5-29	1688-1699	Etatentwurf	_	B	
5-30	1700-1718	verfassungskonform	_	_	
5-31	1719-1723	sind	_	_	
5-32	1723-1724	.	_	_	
5-33	1725-1727	Es	_	B	
5-34	1728-1731	ist	_	_	
5-35	1732-1736	auch	_	B	
5-36	1737-1740	ein	_	I	
5-37	1741-1754	Armutszeugnis	_	I	
5-38	1754-1755	,	_	_	
5-39	1756-1760	dass	_	_	
5-40	1761-1764	für	_	_	
5-41	1765-1768	die	_	B	
5-42	1769-1776	Prüfung	_	I	
5-43	1777-1780	von	_	_	
5-44	1781-1802	Verwendungsnachweisen	_	B	
5-45	1803-1804	–	_	_	
5-46	1805-1811	gerade	_	_	
5-47	1812-1815	zum	_	_	
5-48	1816-1824	Beispiel	_	B	
5-49	1825-1829	beim	_	_	
5-50	1830-1854	Bundesfreiwilligendienst	_	B	
5-51	1855-1856	–	_	_	
5-52	1857-1871	offensichtlich	_	_	
5-53	1872-1877	nicht	Animated[14]	B	
5-54	1878-1883	genug	Animated[14]	I	
5-55	1884-1892	Personal	Animated[14]	I	
5-56	1893-1902	vorhanden	_	_	
5-57	1903-1906	ist	_	_	
5-58	1906-1907	,	_	_	
5-59	1908-1910	um	_	_	
5-60	1911-1915	hier	_	_	
5-61	1916-1918	in	_	_	
5-62	1919-1922	der	_	B	
5-63	1923-1926	Tat	_	I	
5-64	1927-1929	zu	_	_	
5-65	1930-1937	schauen	_	_	
5-66	1937-1938	,	_	_	
5-67	1939-1941	ob	_	_	
5-68	1942-1945	das	_	B	
5-69	1946-1950	Geld	_	I	
5-70	1951-1955	auch	_	_	
5-71	1956-1964	sinnvoll	_	_	
5-72	1965-1974	verwendet	_	_	
5-73	1975-1978	ist	_	_	
5-74	1978-1979	.	_	_	
5-75	1980-1983	Das	_	B	
5-76	1984-1987	ist	_	_	
5-77	1988-1991	das	_	B	
5-78	1992-2004	Grundproblem	_	I	
5-79	2005-2007	in	_	_	
5-80	2008-2013	Ihrem	Animated[15]	B	
5-81	2014-2022	Haushalt	Animated[15]	I	
5-82	2022-2023	:	_	_	
5-83	2024-2027	Sie	_	B	
5-84	2028-2033	haben	_	_	
5-85	2034-2039	viele	_	B	
5-86	2040-2044	gute	_	I	
5-87	2045-2052	Ansätze	_	I	
5-88	2052-2053	,	_	_	
5-89	2054-2059	viele	_	B	
5-90	2060-2064	gute	_	I	
5-91	2065-2070	Ideen	_	I	
5-92	2070-2071	;	_	_	
5-93	2072-2075	die	_	B	
5-94	2076-2085	Umsetzung	_	I	
5-95	2086-2089	ist	_	_	
5-96	2090-2096	leider	_	_	
5-97	2097-2107	mangelhaft	_	_	
5-98	2107-2108	.	_	_	

#Text=Die Beispiele kann man aus allen Bereichen in Ihrem Einzelplan wählen. Nehmen Sie nur das Beispiel „Deutsche Stiftung für Engagement und Ehrenamt“! Der Parlamentarische Staatssekretär hat auf diverse Anfragen im Haushaltsausschuss immer nur ausweichend geantwortet. Am Ende ist dann ein Gesetzentwurf herausgekommen, über den der Normenkontrollrat noch in einer der vorsichtigeren Formulierungen ausführte: Mangel an Transparenz und Kostenbewusstsein; dem Ziel der Förderung von qualitativ hochwertiger und transparenter Rechtsetzung trage der Entwurf nicht Rechnung. – Genau das ist das Problem in Ihrem Ministerium: dass Sie Ihre Hausaufgaben nicht machen und Ihre Pflicht nicht erfüllen. Darauf muss man in den Haushaltsberatungen immer wieder Wert legen. Der Bund ist nach unserer Auffassung für diese Aufgabe nicht zuständig.
6-1	2121-2124	Die	_	B	
6-2	2125-2134	Beispiele	_	I	
6-3	2135-2139	kann	_	_	
6-4	2140-2143	man	Animated	B	
6-5	2144-2147	aus	_	_	
6-6	2148-2153	allen	_	B	
6-7	2154-2163	Bereichen	_	I	
6-8	2164-2166	in	_	_	
6-9	2167-2172	Ihrem	_	B	
6-10	2173-2183	Einzelplan	_	I	
6-11	2184-2190	wählen	_	_	
6-12	2190-2191	.	_	_	
6-13	2192-2198	Nehmen	_	_	
6-14	2199-2202	Sie	_	B	
6-15	2203-2206	nur	_	B	
6-16	2207-2210	das	_	I	
6-17	2211-2219	Beispiel	_	I	
6-18	2220-2221	„	_	I	
6-19	2221-2229	Deutsche	_	I	
6-20	2230-2238	Stiftung	_	I	
6-21	2239-2242	für	_	_	
6-22	2243-2253	Engagement	_	B	
6-23	2254-2257	und	_	_	
6-24	2258-2266	Ehrenamt	_	B	
6-25	2266-2267	“	_	_	
6-26	2267-2268	!	_	_	
6-27	2269-2272	Der	Animated[16]	B	
6-28	2273-2289	Parlamentarische	Animated[16]	I	
6-29	2290-2304	Staatssekretär	Animated[16]	I	
6-30	2305-2308	hat	_	_	
6-31	2309-2312	auf	_	_	
6-32	2313-2320	diverse	_	B	
6-33	2321-2329	Anfragen	_	I	
6-34	2330-2332	im	_	_	
6-35	2333-2351	Haushaltsausschuss	Animated	B	
6-36	2352-2357	immer	_	_	
6-37	2358-2361	nur	_	_	
6-38	2362-2373	ausweichend	_	_	
6-39	2374-2385	geantwortet	_	_	
6-40	2385-2386	.	_	_	
6-41	2387-2389	Am	_	_	
6-42	2390-2394	Ende	_	B	
6-43	2395-2398	ist	_	_	
6-44	2399-2403	dann	_	_	
6-45	2404-2407	ein	_	B	
6-46	2408-2421	Gesetzentwurf	_	I	
6-47	2422-2436	herausgekommen	_	_	
6-48	2436-2437	,	_	_	
6-49	2438-2442	über	_	_	
6-50	2443-2446	den	_	B	
6-51	2447-2450	der	Animated[17]	B	
6-52	2451-2468	Normenkontrollrat	Animated[17]	I	
6-53	2469-2473	noch	_	_	
6-54	2474-2476	in	_	_	
6-55	2477-2482	einer	_	B	
6-56	2483-2486	der	_	B	
6-57	2487-2501	vorsichtigeren	_	I	
6-58	2502-2516	Formulierungen	_	I	
6-59	2517-2526	ausführte	_	_	
6-60	2526-2527	:	_	_	
6-61	2528-2534	Mangel	_	B	
6-62	2535-2537	an	_	_	
6-63	2538-2549	Transparenz	_	B	
6-64	2550-2553	und	_	_	
6-65	2554-2571	Kostenbewusstsein	_	B	
6-66	2571-2572	;	_	_	
6-67	2573-2576	dem	_	B	
6-68	2577-2581	Ziel	_	I	
6-69	2582-2585	der	_	B	
6-70	2586-2595	Förderung	_	I	
6-71	2596-2599	von	_	_	
6-72	2600-2610	qualitativ	_	B	
6-73	2611-2623	hochwertiger	_	I	
6-74	2624-2627	und	_	I	
6-75	2628-2641	transparenter	_	I	
6-76	2642-2654	Rechtsetzung	_	I	
6-77	2655-2660	trage	_	_	
6-78	2661-2664	der	_	B	
6-79	2665-2672	Entwurf	_	I	
6-80	2673-2678	nicht	_	_	
6-81	2679-2687	Rechnung	_	B	
6-82	2687-2688	.	_	_	
6-83	2689-2690	–	_	_	
6-84	2691-2696	Genau	_	B	
6-85	2697-2700	das	_	I	
6-86	2701-2704	ist	_	_	
6-87	2705-2708	das	_	B	
6-88	2709-2716	Problem	_	I	
6-89	2717-2719	in	_	_	
6-90	2720-2725	Ihrem	Animated[18]	B	
6-91	2726-2737	Ministerium	Animated[18]	I	
6-92	2737-2738	:	_	_	
6-93	2739-2743	dass	_	_	
6-94	2744-2747	Sie	_	B	
6-95	2748-2752	Ihre	_	B	
6-96	2753-2765	Hausaufgaben	_	I	
6-97	2766-2771	nicht	_	_	
6-98	2772-2778	machen	_	_	
6-99	2779-2782	und	_	_	
6-100	2783-2787	Ihre	_	B	
6-101	2788-2795	Pflicht	_	I	
6-102	2796-2801	nicht	_	_	
6-103	2802-2810	erfüllen	_	_	
6-104	2810-2811	.	_	_	
6-105	2812-2818	Darauf	_	_	
6-106	2819-2823	muss	_	_	
6-107	2824-2827	man	Animated	B	
6-108	2828-2830	in	_	_	
6-109	2831-2834	den	_	B	
6-110	2835-2854	Haushaltsberatungen	_	I	
6-111	2855-2860	immer	_	_	
6-112	2861-2867	wieder	_	_	
6-113	2868-2872	Wert	_	B	
6-114	2873-2878	legen	_	_	
6-115	2878-2879	.	_	_	
6-116	2880-2883	Der	Animated[19]	B	
6-117	2884-2888	Bund	Animated[19]	I	
6-118	2889-2892	ist	_	_	
6-119	2893-2897	nach	_	_	
6-120	2898-2905	unserer	_	B	
6-121	2906-2916	Auffassung	_	I	
6-122	2917-2920	für	_	_	
6-123	2921-2926	diese	_	B	
6-124	2927-2934	Aufgabe	_	I	
6-125	2935-2940	nicht	_	_	
6-126	2941-2950	zuständig	_	_	
6-127	2950-2951	.	_	_	

#Text=Ähnlich sieht es auch bei anderen Bereichen aus: Stichwort „Ausbau der Ganztagsbetreuung“. Im Ausschuss haben Sie noch argumentiert, dass das Ziel des Ausbaus die Herstellung gleichwertiger Lebensverhältnisse ist. Ich habe Sie dann gebeten, das noch mal schriftlich darzulegen. In der schriftlichen Darlegung haben Sie dann im weitesten Sinne eine Herleitung über die Bildungsinfrastruktur gewählt. Also, auch da sieht man: Sie sind sich offensichtlich noch nicht mal darüber im Klaren, welches die Basis Ihres Konstrukts ist. Das werden wir so nicht mittragen.
7-1	2965-2972	Ähnlich	_	_	
7-2	2973-2978	sieht	_	_	
7-3	2979-2981	es	_	_	
7-4	2982-2986	auch	_	_	
7-5	2987-2990	bei	_	_	
7-6	2991-2998	anderen	_	B	
7-7	2999-3008	Bereichen	_	I	
7-8	3009-3012	aus	_	_	
7-9	3012-3013	:	_	_	
7-10	3014-3023	Stichwort	_	B	
7-11	3024-3025	„	_	I	
7-12	3025-3031	Ausbau	_	I	
7-13	3032-3035	der	_	B	
7-14	3036-3053	Ganztagsbetreuung	_	I	
7-15	3053-3054	“	_	_	
7-16	3054-3055	.	_	_	
7-17	3056-3058	Im	_	_	
7-18	3059-3068	Ausschuss	Animated	B	
7-19	3069-3074	haben	_	_	
7-20	3075-3078	Sie	_	B	
7-21	3079-3083	noch	_	_	
7-22	3084-3096	argumentiert	_	_	
7-23	3096-3097	,	_	_	
7-24	3098-3102	dass	_	_	
7-25	3103-3106	das	_	B	
7-26	3107-3111	Ziel	_	I	
7-27	3112-3115	des	_	B	
7-28	3116-3123	Ausbaus	_	I	
7-29	3124-3127	die	_	B	
7-30	3128-3139	Herstellung	_	I	
7-31	3140-3154	gleichwertiger	_	B	
7-32	3155-3173	Lebensverhältnisse	_	I	
7-33	3174-3177	ist	_	_	
7-34	3177-3178	.	_	_	
7-35	3179-3182	Ich	Animated	B	
7-36	3183-3187	habe	_	_	
7-37	3188-3191	Sie	_	B	
7-38	3192-3196	dann	_	_	
7-39	3197-3204	gebeten	_	_	
7-40	3204-3205	,	_	_	
7-41	3206-3209	das	_	B	
7-42	3210-3214	noch	_	_	
7-43	3215-3218	mal	_	_	
7-44	3219-3230	schriftlich	_	_	
7-45	3231-3241	darzulegen	_	_	
7-46	3241-3242	.	_	_	
7-47	3243-3245	In	_	_	
7-48	3246-3249	der	_	B	
7-49	3250-3263	schriftlichen	_	I	
7-50	3264-3273	Darlegung	_	I	
7-51	3274-3279	haben	_	_	
7-52	3280-3283	Sie	_	B	
7-53	3284-3288	dann	_	_	
7-54	3289-3291	im	_	_	
7-55	3292-3301	weitesten	_	B	
7-56	3302-3307	Sinne	_	I	
7-57	3308-3312	eine	_	B	
7-58	3313-3323	Herleitung	_	I	
7-59	3324-3328	über	_	_	
7-60	3329-3332	die	_	B	
7-61	3333-3354	Bildungsinfrastruktur	_	I	
7-62	3355-3362	gewählt	_	_	
7-63	3362-3363	.	_	_	
7-64	3364-3368	Also	_	_	
7-65	3368-3369	,	_	_	
7-66	3370-3374	auch	_	_	
7-67	3375-3377	da	_	_	
7-68	3378-3383	sieht	_	_	
7-69	3384-3387	man	Animated	B	
7-70	3387-3388	:	_	_	
7-71	3389-3392	Sie	_	B	
7-72	3393-3397	sind	_	_	
7-73	3398-3402	sich	_	B	
7-74	3403-3417	offensichtlich	_	_	
7-75	3418-3422	noch	_	_	
7-76	3423-3428	nicht	_	_	
7-77	3429-3432	mal	_	_	
7-78	3433-3440	darüber	_	_	
7-79	3441-3443	im	_	_	
7-80	3444-3450	Klaren	_	_	
7-81	3450-3451	,	_	_	
7-82	3452-3459	welches	_	B	
7-83	3460-3463	die	_	_	
7-84	3464-3469	Basis	_	_	
7-85	3470-3475	Ihres	_	B	
7-86	3476-3486	Konstrukts	_	I	
7-87	3487-3490	ist	_	_	
7-88	3490-3491	.	_	_	
7-89	3492-3495	Das	_	B	
7-90	3496-3502	werden	_	_	
7-91	3503-3506	wir	Animated	B	
7-92	3507-3509	so	_	_	
7-93	3510-3515	nicht	_	_	
7-94	3516-3525	mittragen	_	_	
7-95	3525-3526	.	_	_	

#Text=Sie identifizieren Probleme und verfallen dann in Aktionismus. Beim Unterhaltsvorschuss ist es genauso. Die Rückgriffsquoten sind erschreckend gering; das haben Sie anerkannt. Wir harren immer noch der Lösung. Bei aller Komplexität dieses Problems: Wenn Sie jetzt zwischen Zahlungsunfähigen und Zahlungsunwilligen unterscheiden, dann ist das zwar vielleicht richtig, aber das ist nur ein erster Schritt. Wir erwarten, dass Sie ein Problem, das Sie vor drei Jahren erkannt haben, endlich lösen. Nur das wäre im Sinne der Bundeshaushaltsordnung.
8-1	3541-3544	Sie	_	B	
8-2	3545-3559	identifizieren	_	_	
8-3	3560-3568	Probleme	_	B	
8-4	3569-3572	und	_	_	
8-5	3573-3582	verfallen	_	_	
8-6	3583-3587	dann	_	_	
8-7	3588-3590	in	_	_	
8-8	3591-3602	Aktionismus	_	B	
8-9	3602-3603	.	_	_	
8-10	3604-3608	Beim	_	_	
8-11	3609-3628	Unterhaltsvorschuss	_	B	
8-12	3629-3632	ist	_	_	
8-13	3633-3635	es	_	B	
8-14	3636-3643	genauso	_	_	
8-15	3643-3644	.	_	_	
8-16	3645-3648	Die	_	B	
8-17	3649-3665	Rückgriffsquoten	_	I	
8-18	3666-3670	sind	_	_	
8-19	3671-3683	erschreckend	_	_	
8-20	3684-3690	gering	_	_	
8-21	3690-3691	;	_	_	
8-22	3692-3695	das	_	B	
8-23	3696-3701	haben	_	_	
8-24	3702-3705	Sie	_	B	
8-25	3706-3715	anerkannt	_	_	
8-26	3715-3716	.	_	_	
8-27	3717-3720	Wir	Animated	B	
8-28	3721-3727	harren	_	_	
8-29	3728-3733	immer	_	_	
8-30	3734-3738	noch	_	_	
8-31	3739-3742	der	_	B	
8-32	3743-3749	Lösung	_	I	
8-33	3749-3750	.	_	_	
8-34	3751-3754	Bei	_	_	
8-35	3755-3760	aller	_	B	
8-36	3761-3772	Komplexität	_	I	
8-37	3773-3779	dieses	_	B	
8-38	3780-3788	Problems	_	I	
8-39	3788-3789	:	_	_	
8-40	3790-3794	Wenn	_	_	
8-41	3795-3798	Sie	_	B	
8-42	3799-3804	jetzt	_	_	
8-43	3805-3813	zwischen	_	_	
8-44	3814-3831	Zahlungsunfähigen	Animated	B	
8-45	3832-3835	und	_	_	
8-46	3836-3854	Zahlungsunwilligen	Animated	B	
8-47	3855-3868	unterscheiden	_	_	
8-48	3868-3869	,	_	_	
8-49	3870-3874	dann	_	_	
8-50	3875-3878	ist	_	_	
8-51	3879-3882	das	_	B	
8-52	3883-3887	zwar	_	_	
8-53	3888-3898	vielleicht	_	_	
8-54	3899-3906	richtig	_	_	
8-55	3906-3907	,	_	_	
8-56	3908-3912	aber	_	_	
8-57	3913-3916	das	_	B	
8-58	3917-3920	ist	_	_	
8-59	3921-3924	nur	_	B	
8-60	3925-3928	ein	_	I	
8-61	3929-3935	erster	_	I	
8-62	3936-3943	Schritt	_	I	
8-63	3943-3944	.	_	_	
8-64	3945-3948	Wir	Animated	B	
8-65	3949-3957	erwarten	_	_	
8-66	3957-3958	,	_	_	
8-67	3959-3963	dass	_	_	
8-68	3964-3967	Sie	_	B	
8-69	3968-3971	ein	_	B	
8-70	3972-3979	Problem	_	I	
8-71	3979-3980	,	_	_	
8-72	3981-3984	das	_	B	
8-73	3985-3988	Sie	_	B	
8-74	3989-3992	vor	_	_	
8-75	3993-3997	drei	_	B	
8-76	3998-4004	Jahren	_	I	
8-77	4005-4012	erkannt	_	_	
8-78	4013-4018	haben	_	_	
8-79	4018-4019	,	_	_	
8-80	4020-4027	endlich	_	_	
8-81	4028-4033	lösen	_	_	
8-82	4033-4034	.	_	_	
8-83	4035-4038	Nur	_	B	
8-84	4039-4042	das	_	I	
8-85	4043-4047	wäre	_	_	
8-86	4048-4050	im	_	_	
8-87	4051-4056	Sinne	_	B	
8-88	4057-4060	der	_	B	
8-89	4061-4083	Bundeshaushaltsordnung	_	I	
8-90	4083-4084	.	_	_	

#Text=Sie haben vielfältige Projekte auf den Weg gebracht. Auch in der Bereinigungssitzung ist noch eine ganze Menge dazugekommen. Wir haben die Anträge der Koalition teilweise unterstützt. Wir freuen uns, dass Sie im Bereich der internationalen Jugendarbeit drauflegen konnten, auch in einigen anderen Bereichen, zum Beispiel bei den Mehrgenerationenhäusern. Das ist gut. Aber alles in allem muss man doch sagen, dass in Ihrem Einzelplan mehr Schatten als Licht zu finden ist. Deswegen werden wir diesen Einzelplan ablehnen.
9-1	4099-4102	Sie	_	B	
9-2	4103-4108	haben	_	_	
9-3	4109-4120	vielfältige	_	B	
9-4	4121-4129	Projekte	_	I	
9-5	4130-4133	auf	_	_	
9-6	4134-4137	den	_	B	
9-7	4138-4141	Weg	_	I	
9-8	4142-4150	gebracht	_	_	
9-9	4150-4151	.	_	_	
9-10	4152-4156	Auch	_	_	
9-11	4157-4159	in	_	_	
9-12	4160-4163	der	_	B	
9-13	4164-4183	Bereinigungssitzung	_	I	
9-14	4184-4187	ist	_	_	
9-15	4188-4192	noch	_	_	
9-16	4193-4197	eine	_	B	
9-17	4198-4203	ganze	_	I	
9-18	4204-4209	Menge	_	I	
9-19	4210-4222	dazugekommen	_	_	
9-20	4222-4223	.	_	_	
9-21	4224-4227	Wir	Animated	B	
9-22	4228-4233	haben	_	_	
9-23	4234-4237	die	_	B	
9-24	4238-4245	Anträge	_	I	
9-25	4246-4249	der	Animated[20]	B	
9-26	4250-4259	Koalition	Animated[20]	I	
9-27	4260-4269	teilweise	_	_	
9-28	4270-4281	unterstützt	_	_	
9-29	4281-4282	.	_	_	
9-30	4283-4286	Wir	Animated	B	
9-31	4287-4293	freuen	_	_	
9-32	4294-4297	uns	_	B	
9-33	4297-4298	,	_	_	
9-34	4299-4303	dass	_	_	
9-35	4304-4307	Sie	_	B	
9-36	4308-4310	im	_	_	
9-37	4311-4318	Bereich	_	B	
9-38	4319-4322	der	_	B	
9-39	4323-4338	internationalen	_	I	
9-40	4339-4351	Jugendarbeit	_	I	
9-41	4352-4362	drauflegen	_	_	
9-42	4363-4370	konnten	_	_	
9-43	4370-4371	,	_	_	
9-44	4372-4376	auch	_	_	
9-45	4377-4379	in	_	_	
9-46	4380-4387	einigen	_	B	
9-47	4388-4395	anderen	_	I	
9-48	4396-4405	Bereichen	_	I	
9-49	4405-4406	,	_	_	
9-50	4407-4410	zum	_	_	
9-51	4411-4419	Beispiel	_	B	
9-52	4420-4423	bei	_	_	
9-53	4424-4427	den	_	B	
9-54	4428-4451	Mehrgenerationenhäusern	_	I	
9-55	4451-4452	.	_	_	
9-56	4453-4456	Das	_	B	
9-57	4457-4460	ist	_	_	
9-58	4461-4464	gut	_	_	
9-59	4464-4465	.	_	_	
9-60	4466-4470	Aber	_	_	
9-61	4471-4476	alles	_	B	
9-62	4477-4479	in	_	_	
9-63	4480-4485	allem	_	B	
9-64	4486-4490	muss	_	_	
9-65	4491-4494	man	Animated	B	
9-66	4495-4499	doch	_	_	
9-67	4500-4505	sagen	_	_	
9-68	4505-4506	,	_	_	
9-69	4507-4511	dass	_	_	
9-70	4512-4514	in	_	_	
9-71	4515-4520	Ihrem	_	B	
9-72	4521-4531	Einzelplan	_	I	
9-73	4532-4536	mehr	_	B	
9-74	4537-4545	Schatten	_	I	
9-75	4546-4549	als	_	_	
9-76	4550-4555	Licht	_	B	
9-77	4556-4558	zu	_	_	
9-78	4559-4565	finden	_	_	
9-79	4566-4569	ist	_	_	
9-80	4569-4570	.	_	_	
9-81	4571-4579	Deswegen	_	_	
9-82	4580-4586	werden	_	_	
9-83	4587-4590	wir	Animated	B	
9-84	4591-4597	diesen	_	B	
9-85	4598-4608	Einzelplan	_	I	
9-86	4609-4617	ablehnen	_	_	
9-87	4617-4618	.	_	_	

#Text=Ich danke Ihnen.
10-1	4630-4633	Ich	Animated	B	
10-2	4634-4639	danke	_	_	
10-3	4640-4645	Ihnen	_	B	
10-4	4645-4646	.	_	_	

#Text=Vielen Dank, Herr Kollege Meyer. – Und nun kommt er: Alois Rainer für die CDU/CSU-Fraktion.
11-1	4648-4654	Vielen	_	_	
11-2	4655-4659	Dank	_	_	
11-3	4659-4660	,	_	_	
11-4	4661-4665	Herr	Animated[21]	B	
11-5	4666-4673	Kollege	Animated[21]	I	
11-6	4674-4679	Meyer	Animated[21]	I	
11-7	4679-4680	.	_	_	
11-8	4681-4682	–	_	_	
11-9	4683-4686	Und	_	_	
11-10	4687-4690	nun	_	_	
11-11	4691-4696	kommt	_	_	
11-12	4697-4699	er	_	B	
11-13	4699-4700	:	_	_	
11-14	4701-4706	Alois	Animated[22]	B	
11-15	4707-4713	Rainer	Animated[22]	I	
11-16	4714-4717	für	_	_	
11-17	4718-4721	die	Animated[23]	B	
11-18	4722-4725	CDU	Animated[23]	I	
11-19	4725-4726	/	_	_	
11-20	4726-4738	CSU-Fraktion	_	_	
11-21	4738-4739	.	_	_	
