#FORMAT=WebAnno TSV 3.3
#T_SP=webanno.custom.Animacy|Animated
#T_SP=webanno.custom.CustomChunk|Chunk


#Text=Definitiv ist München eine sehr schöne Stadt.
1-1	0-9	Definitiv	_	_	
1-2	10-13	ist	_	_	
1-3	14-21	München	_	B	
1-4	22-26	eine	_	B	
1-5	27-31	sehr	_	I	
1-6	32-38	schöne	_	I	
1-7	39-44	Stadt	_	I	
1-8	44-45	.	_	_	

#Text=Sehr geehrter Herr Präsident! Werte Kolleginnen und Kollegen! Die Wohngeldreform war zweifelsohne überfällig. Die Mieten explodieren. Normale Menschen können sich die Mietsteigerungen kaum noch leisten. Immer mehr sind auf Wohngeld angewiesen. Die Entwicklung auf dem deutschen Wohnungsmarkt ist ein Armutszeugnis für diese Regierung und damit auch
2-1	47-51	Sehr	Animated[1]	B	
2-2	52-60	geehrter	Animated[1]	I	
2-3	61-65	Herr	Animated[1]	I	
2-4	66-75	Präsident	Animated[1]	I	
2-5	75-76	!	_	_	
2-6	77-82	Werte	_	B	
2-7	83-94	Kolleginnen	_	_	
2-8	95-98	und	_	_	
2-9	99-107	Kollegen	Animated	B	
2-10	107-108	!	_	_	
2-11	109-112	Die	_	B	
2-12	113-127	Wohngeldreform	_	I	
2-13	128-131	war	_	_	
2-14	132-144	zweifelsohne	_	_	
2-15	145-155	überfällig	_	_	
2-16	155-156	.	_	_	
2-17	157-160	Die	_	B	
2-18	161-167	Mieten	_	I	
2-19	168-179	explodieren	_	_	
2-20	179-180	.	_	_	
2-21	181-188	Normale	Animated[2]	B	
2-22	189-197	Menschen	Animated[2]	I	
2-23	198-204	können	_	_	
2-24	205-209	sich	_	B	
2-25	210-213	die	_	B	
2-26	214-230	Mietsteigerungen	_	I	
2-27	231-235	kaum	_	_	
2-28	236-240	noch	_	_	
2-29	241-248	leisten	_	_	
2-30	248-249	.	_	_	
2-31	250-255	Immer	_	B	
2-32	256-260	mehr	_	I	
2-33	261-265	sind	_	_	
2-34	266-269	auf	_	_	
2-35	270-278	Wohngeld	_	B	
2-36	279-289	angewiesen	_	_	
2-37	289-290	.	_	_	
2-38	291-294	Die	_	B	
2-39	295-306	Entwicklung	_	I	
2-40	307-310	auf	_	_	
2-41	311-314	dem	_	B	
2-42	315-324	deutschen	_	I	
2-43	325-338	Wohnungsmarkt	_	I	
2-44	339-342	ist	_	_	
2-45	343-346	ein	_	B	
2-46	347-360	Armutszeugnis	_	I	
2-47	361-364	für	_	_	
2-48	365-370	diese	Animated[3]	B	
2-49	371-380	Regierung	Animated[3]	I	
2-50	381-384	und	_	_	
2-51	385-390	damit	_	_	
2-52	391-395	auch	_	_	

#Text=ein Armutszeugnis für den zuständigen Minister.
3-1	402-405	ein	_	B	
3-2	406-419	Armutszeugnis	_	I	
3-3	420-423	für	_	_	
3-4	424-427	den	Animated[4]	B	
3-5	428-439	zuständigen	Animated[4]	I	
3-6	440-448	Minister	Animated[4]	I	
3-7	448-449	.	_	_	

#Text=Beim Wohngeld anzusetzen, ist richtig. Mit dem Wohngeld werden diejenigen zielgenau unterstützt, deren Einkommen nicht für die Miete reicht. Das Wohngeld ist sozial. Das Wohngeld schützt die Menschen vor Verdrängung aus ihrem Viertel. Deswegen ist es richtig, das Wohngeld zu stärken. Es musste verbessert und es muss regelmäßig angepasst werden.
4-1	451-455	Beim	_	_	
4-2	456-464	Wohngeld	_	B	
4-3	465-475	anzusetzen	_	_	
4-4	475-476	,	_	_	
4-5	477-480	ist	_	_	
4-6	481-488	richtig	_	_	
4-7	488-489	.	_	_	
4-8	490-493	Mit	_	_	
4-9	494-497	dem	_	B	
4-10	498-506	Wohngeld	_	I	
4-11	507-513	werden	_	_	
4-12	514-524	diejenigen	_	B	
4-13	525-534	zielgenau	_	_	
4-14	535-546	unterstützt	_	_	
4-15	546-547	,	_	_	
4-16	548-553	deren	_	B	
4-17	554-563	Einkommen	_	I	
4-18	564-569	nicht	_	_	
4-19	570-573	für	_	_	
4-20	574-577	die	_	B	
4-21	578-583	Miete	_	I	
4-22	584-590	reicht	_	_	
4-23	590-591	.	_	_	
4-24	592-595	Das	_	B	
4-25	596-604	Wohngeld	_	I	
4-26	605-608	ist	_	_	
4-27	609-615	sozial	_	_	
4-28	615-616	.	_	_	
4-29	617-620	Das	_	B	
4-30	621-629	Wohngeld	_	I	
4-31	630-637	schützt	_	_	
4-32	638-641	die	Animated[5]	B	
4-33	642-650	Menschen	Animated[5]	I	
4-34	651-654	vor	_	_	
4-35	655-666	Verdrängung	_	B	
4-36	667-670	aus	_	_	
4-37	671-676	ihrem	_	B	
4-38	677-684	Viertel	_	I	
4-39	684-685	.	_	_	
4-40	686-694	Deswegen	_	_	
4-41	695-698	ist	_	_	
4-42	699-701	es	_	B	
4-43	702-709	richtig	_	_	
4-44	709-710	,	_	_	
4-45	711-714	das	_	B	
4-46	715-723	Wohngeld	_	I	
4-47	724-726	zu	_	_	
4-48	727-734	stärken	_	_	
4-49	734-735	.	_	_	
4-50	736-738	Es	_	B	
4-51	739-745	musste	_	_	
4-52	746-756	verbessert	_	_	
4-53	757-760	und	_	_	
4-54	761-763	es	_	B	
4-55	764-768	muss	_	_	
4-56	769-779	regelmäßig	_	_	
4-57	780-789	angepasst	_	_	
4-58	790-796	werden	_	_	
4-59	796-797	.	_	_	

#Text=Wir Freie Demokraten sagen deshalb ganz klar: Die Wohngeldreform geht in die richtige Richtung. Aber sie geht bei Weitem nicht weit genug. Wir finden gut, dass mit der regelmäßigen Anpassung eine Kernforderung der FDP umgesetzt wurde.
5-1	807-810	Wir	Animated	B	
5-2	811-816	Freie	_	_	
5-3	817-827	Demokraten	_	_	
5-4	828-833	sagen	_	_	
5-5	834-841	deshalb	_	_	
5-6	842-846	ganz	_	_	
5-7	847-851	klar	_	_	
5-8	851-852	:	_	_	
5-9	853-856	Die	_	B	
5-10	857-871	Wohngeldreform	_	I	
5-11	872-876	geht	_	_	
5-12	877-879	in	_	_	
5-13	880-883	die	_	B	
5-14	884-892	richtige	_	I	
5-15	893-901	Richtung	_	I	
5-16	901-902	.	_	_	
5-17	903-907	Aber	_	_	
5-18	908-911	sie	_	B	
5-19	912-916	geht	_	_	
5-20	917-920	bei	_	_	
5-21	921-927	Weitem	_	B	
5-22	928-933	nicht	_	_	
5-23	934-938	weit	_	_	
5-24	939-944	genug	_	_	
5-25	944-945	.	_	_	
5-26	946-949	Wir	Animated	B	
5-27	950-956	finden	_	_	
5-28	957-960	gut	_	_	
5-29	960-961	,	_	_	
5-30	962-966	dass	_	_	
5-31	967-970	mit	_	_	
5-32	971-974	der	_	B	
5-33	975-987	regelmäßigen	_	I	
5-34	988-997	Anpassung	_	I	
5-35	998-1002	eine	_	B	
5-36	1003-1016	Kernforderung	_	I	
5-37	1017-1020	der	Animated[6]	B	
5-38	1021-1024	FDP	Animated[6]	I	
5-39	1025-1034	umgesetzt	_	_	
5-40	1035-1040	wurde	_	_	
5-41	1040-1041	.	_	_	

#Text=Die Erhöhung ist auch richtig, die Einführung der weiteren Mietstufe auch. Aber was weiterhin schlecht, was weiterhin katastrophal ist: An den Schnittstellen zwischen den verschiedenen Sozialleistungen wird es auch in Zukunft große Reibungsverluste geben. Da werden die Menschen oft im Jahrestakt hin- und hergereicht zwischen Wohngeld, Hartz IV, Hilfe zu den Kosten der Unterkunft und Kinderzuschlag. Jedes Jahr neue Antragsbürokratie, jedes Jahr ein anderes Amt, das zuständig ist, und jedes Jahr um Unterstützung bitten. Hier schafft die Reform keine Verbesserung, keine Erleichterung, und das ist wirklich schade.
6-1	1047-1050	Die	_	B	
6-2	1051-1059	Erhöhung	_	I	
6-3	1060-1063	ist	_	_	
6-4	1064-1068	auch	_	_	
6-5	1069-1076	richtig	_	_	
6-6	1076-1077	,	_	_	
6-7	1078-1081	die	_	B	
6-8	1082-1092	Einführung	_	I	
6-9	1093-1096	der	_	B	
6-10	1097-1105	weiteren	_	I	
6-11	1106-1115	Mietstufe	_	I	
6-12	1116-1120	auch	_	_	
6-13	1120-1121	.	_	_	
6-14	1122-1126	Aber	_	_	
6-15	1127-1130	was	_	B	
6-16	1131-1140	weiterhin	_	_	
6-17	1141-1149	schlecht	_	_	
6-18	1149-1150	,	_	_	
6-19	1151-1154	was	_	B	
6-20	1155-1164	weiterhin	_	_	
6-21	1165-1177	katastrophal	_	_	
6-22	1178-1181	ist	_	_	
6-23	1181-1182	:	_	_	
6-24	1183-1185	An	_	_	
6-25	1186-1189	den	_	B	
6-26	1190-1204	Schnittstellen	_	I	
6-27	1205-1213	zwischen	_	_	
6-28	1214-1217	den	_	B	
6-29	1218-1231	verschiedenen	_	I	
6-30	1232-1248	Sozialleistungen	_	I	
6-31	1249-1253	wird	_	_	
6-32	1254-1256	es	_	B	
6-33	1257-1261	auch	_	_	
6-34	1262-1264	in	_	_	
6-35	1265-1272	Zukunft	_	B	
6-36	1273-1278	große	_	B	
6-37	1279-1295	Reibungsverluste	_	I	
6-38	1296-1301	geben	_	_	
6-39	1301-1302	.	_	_	
6-40	1303-1305	Da	_	_	
6-41	1306-1312	werden	_	_	
6-42	1313-1316	die	Animated[7]	B	
6-43	1317-1325	Menschen	Animated[7]	I	
6-44	1326-1329	oft	_	_	
6-45	1330-1332	im	_	_	
6-46	1333-1343	Jahrestakt	_	B	
6-47	1344-1348	hin-	_	_	
6-48	1349-1352	und	_	_	
6-49	1353-1364	hergereicht	_	_	
6-50	1365-1373	zwischen	_	_	
6-51	1374-1382	Wohngeld	_	B	
6-52	1382-1383	,	_	_	
6-53	1384-1389	Hartz	_	_	
6-54	1390-1392	IV	_	_	
6-55	1392-1393	,	_	_	
6-56	1394-1399	Hilfe	_	B	
6-57	1400-1402	zu	_	_	
6-58	1403-1406	den	_	B	
6-59	1407-1413	Kosten	_	I	
6-60	1414-1417	der	_	B	
6-61	1418-1428	Unterkunft	_	I	
6-62	1429-1432	und	_	_	
6-63	1433-1447	Kinderzuschlag	_	B	
6-64	1447-1448	.	_	_	
6-65	1449-1454	Jedes	_	B	
6-66	1455-1459	Jahr	_	I	
6-67	1460-1464	neue	_	_	
6-68	1465-1482	Antragsbürokratie	_	_	
6-69	1482-1483	,	_	_	
6-70	1484-1489	jedes	_	B	
6-71	1490-1494	Jahr	_	I	
6-72	1495-1498	ein	Animated[8]	B	
6-73	1499-1506	anderes	Animated[8]	I	
6-74	1507-1510	Amt	Animated[8]	I	
6-75	1510-1511	,	_	_	
6-76	1512-1515	das	_	B	
6-77	1516-1525	zuständig	_	_	
6-78	1526-1529	ist	_	_	
6-79	1529-1530	,	_	_	
6-80	1531-1534	und	_	_	
6-81	1535-1540	jedes	_	B	
6-82	1541-1545	Jahr	_	I	
6-83	1546-1548	um	_	_	
6-84	1549-1562	Unterstützung	_	B	
6-85	1563-1569	bitten	_	_	
6-86	1569-1570	.	_	_	
6-87	1571-1575	Hier	_	_	
6-88	1576-1583	schafft	_	_	
6-89	1584-1587	die	_	B	
6-90	1588-1594	Reform	_	I	
6-91	1595-1600	keine	_	B	
6-92	1601-1613	Verbesserung	_	I	
6-93	1613-1614	,	_	_	
6-94	1615-1620	keine	_	B	
6-95	1621-1634	Erleichterung	_	I	
6-96	1634-1635	,	_	_	
6-97	1636-1639	und	_	_	
6-98	1640-1643	das	_	B	
6-99	1644-1647	ist	_	_	
6-100	1648-1656	wirklich	_	_	
6-101	1657-1663	schade	_	_	
6-102	1663-1664	.	_	_	

#Text=Dabei gibt es gerade für dieses Problem gute Konzepte zur Vereinfachung, zum Beispiel vom ifo-Institut oder von der staatseigenen Agentur für Arbeit oder – wenn Sie es politisch wollen – von der FDP. Wir Liberale wollen das „Liberale Bürgergeld“. Wir wollen eine einheitliche und unbürokratische Grundsicherung und damit die Menschen unterstützen und entlasten.
7-1	1680-1685	Dabei	_	_	
7-2	1686-1690	gibt	_	_	
7-3	1691-1693	es	_	_	
7-4	1694-1700	gerade	_	_	
7-5	1701-1704	für	_	_	
7-6	1705-1711	dieses	_	B	
7-7	1712-1719	Problem	_	I	
7-8	1720-1724	gute	_	B	
7-9	1725-1733	Konzepte	_	I	
7-10	1734-1737	zur	_	_	
7-11	1738-1751	Vereinfachung	_	B	
7-12	1751-1752	,	_	_	
7-13	1753-1756	zum	_	_	
7-14	1757-1765	Beispiel	_	B	
7-15	1766-1769	vom	_	_	
7-16	1770-1782	ifo-Institut	Animated	B	
7-17	1783-1787	oder	_	_	
7-18	1788-1791	von	_	_	
7-19	1792-1795	der	Animated[9]	B	
7-20	1796-1809	staatseigenen	Animated[9]	I	
7-21	1810-1817	Agentur	Animated[9]	I	
7-22	1818-1821	für	_	_	
7-23	1822-1828	Arbeit	_	B	
7-24	1829-1833	oder	_	_	
7-25	1834-1835	–	_	_	
7-26	1836-1840	wenn	_	_	
7-27	1841-1844	Sie	_	B	
7-28	1845-1847	es	_	B	
7-29	1848-1857	politisch	_	_	
7-30	1858-1864	wollen	_	_	
7-31	1865-1866	–	_	_	
7-32	1867-1870	von	_	_	
7-33	1871-1874	der	Animated[10]	B	
7-34	1875-1878	FDP	Animated[10]	I	
7-35	1878-1879	.	_	_	
7-36	1880-1883	Wir	Animated	B	
7-37	1884-1892	Liberale	_	_	
7-38	1893-1899	wollen	_	_	
7-39	1900-1903	das	_	B	
7-40	1904-1905	„	_	I	
7-41	1905-1913	Liberale	_	I	
7-42	1914-1924	Bürgergeld	_	I	
7-43	1924-1925	“	_	_	
7-44	1925-1926	.	_	_	
7-45	1927-1930	Wir	Animated	B	
7-46	1931-1937	wollen	_	_	
7-47	1938-1942	eine	_	B	
7-48	1943-1955	einheitliche	_	I	
7-49	1956-1959	und	_	I	
7-50	1960-1975	unbürokratische	_	I	
7-51	1976-1990	Grundsicherung	_	I	
7-52	1991-1994	und	_	_	
7-53	1995-2000	damit	Animated[11]	B	
7-54	2001-2004	die	Animated[11]	I	
7-55	2005-2013	Menschen	Animated[11]	I	
7-56	2014-2026	unterstützen	_	_	
7-57	2027-2030	und	_	_	
7-58	2031-2040	entlasten	_	_	
7-59	2040-2041	.	_	_	

#Text=Apropos Bürokratie: Wir wollen nicht nur den Sozialstaat leistungsfähiger machen, nicht nur die Unterstützung vereinfachen, sondern auch die Beantragung. Meine Steuererklärung kann ich mittlerweile digital machen. Warum geht das nicht mit den Anträgen für Sozialleistungen?
8-1	2048-2055	Apropos	_	B	
8-2	2056-2066	Bürokratie	_	I	
8-3	2066-2067	:	_	_	
8-4	2068-2071	Wir	Animated	B	
8-5	2072-2078	wollen	_	_	
8-6	2079-2084	nicht	_	_	
8-7	2085-2088	nur	_	_	
8-8	2089-2092	den	Animated[12]	B	
8-9	2093-2104	Sozialstaat	Animated[12]	I	
8-10	2105-2121	leistungsfähiger	_	_	
8-11	2122-2128	machen	_	_	
8-12	2128-2129	,	_	_	
8-13	2130-2135	nicht	_	_	
8-14	2136-2139	nur	_	_	
8-15	2140-2143	die	_	B	
8-16	2144-2157	Unterstützung	_	I	
8-17	2158-2170	vereinfachen	_	_	
8-18	2170-2171	,	_	_	
8-19	2172-2179	sondern	_	_	
8-20	2180-2184	auch	_	B	
8-21	2185-2188	die	_	I	
8-22	2189-2200	Beantragung	_	I	
8-23	2200-2201	.	_	_	
8-24	2202-2207	Meine	_	B	
8-25	2208-2223	Steuererklärung	_	I	
8-26	2224-2228	kann	_	_	
8-27	2229-2232	ich	Animated	B	
8-28	2233-2245	mittlerweile	_	_	
8-29	2246-2253	digital	_	_	
8-30	2254-2260	machen	_	_	
8-31	2260-2261	.	_	_	
8-32	2262-2267	Warum	_	_	
8-33	2268-2272	geht	_	_	
8-34	2273-2276	das	_	B	
8-35	2277-2282	nicht	_	_	
8-36	2283-2286	mit	_	_	
8-37	2287-2290	den	_	B	
8-38	2291-2299	Anträgen	_	I	
8-39	2300-2303	für	_	_	
8-40	2304-2320	Sozialleistungen	_	B	
8-41	2320-2321	?	_	_	

#Text=Ich kann verstehen, dass Herr Minister Seehofer Angst vor dem Internet hat – da sind ja die bösen Gamer. Aber wir müssen endlich einmal anfangen, die Chancen der Digitalisierung zu nutzen.
9-1	2328-2331	Ich	Animated	B	
9-2	2332-2336	kann	_	_	
9-3	2337-2346	verstehen	_	_	
9-4	2346-2347	,	_	_	
9-5	2348-2352	dass	_	_	
9-6	2353-2357	Herr	Animated[13]	B	
9-7	2358-2366	Minister	Animated[13]	I	
9-8	2367-2375	Seehofer	Animated	B	
9-9	2376-2381	Angst	_	B	
9-10	2382-2385	vor	_	_	
9-11	2386-2389	dem	_	B	
9-12	2390-2398	Internet	_	I	
9-13	2399-2402	hat	_	_	
9-14	2403-2404	–	_	_	
9-15	2405-2407	da	_	_	
9-16	2408-2412	sind	_	_	
9-17	2413-2415	ja	_	_	
9-18	2416-2419	die	Animated[14]	B	
9-19	2420-2425	bösen	Animated[14]	I	
9-20	2426-2431	Gamer	Animated[14]	I	
9-21	2431-2432	.	_	_	
9-22	2433-2437	Aber	_	_	
9-23	2438-2441	wir	Animated	B	
9-24	2442-2448	müssen	_	_	
9-25	2449-2456	endlich	_	_	
9-26	2457-2463	einmal	_	_	
9-27	2464-2472	anfangen	_	_	
9-28	2472-2473	,	_	_	
9-29	2474-2477	die	_	B	
9-30	2478-2485	Chancen	_	I	
9-31	2486-2489	der	_	B	
9-32	2490-2505	Digitalisierung	_	I	
9-33	2506-2508	zu	_	_	
9-34	2509-2515	nutzen	_	_	
9-35	2515-2516	.	_	_	

#Text=Deshalb wollen wir Freie Demokraten mit dem „Liberalen Bürgergeld“ ein einfaches, intuitiv bedienbares digitales Antragsportal einführen – weniger Bürokratie, Entlastung der Verwaltung und das Allerwichtigste: Entlastungen für die Bürgerinnen und Bürger. Dann haben wir ein Smart Germany mit einem smarten „Liberalen Bürgergeld“.
10-1	2521-2528	Deshalb	_	_	
10-2	2529-2535	wollen	_	_	
10-3	2536-2539	wir	Animated	B	
10-4	2540-2545	Freie	Animated[15]	B	
10-5	2546-2556	Demokraten	Animated[15]	I	
10-6	2557-2560	mit	_	_	
10-7	2561-2564	dem	_	_	
10-8	2565-2566	„	_	B	
10-9	2566-2575	Liberalen	_	I	
10-10	2576-2586	Bürgergeld	_	_	
10-11	2586-2587	“	_	_	
10-12	2588-2591	ein	_	B	
10-13	2592-2601	einfaches	_	I	
10-14	2601-2602	,	_	I	
10-15	2603-2611	intuitiv	_	I	
10-16	2612-2623	bedienbares	_	I	
10-17	2624-2633	digitales	_	I	
10-18	2634-2647	Antragsportal	_	I	
10-19	2648-2657	einführen	_	_	
10-20	2658-2659	–	_	_	
10-21	2660-2667	weniger	_	B	
10-22	2668-2678	Bürokratie	_	I	
10-23	2678-2679	,	_	_	
10-24	2680-2690	Entlastung	_	B	
10-25	2691-2694	der	_	B	
10-26	2695-2705	Verwaltung	_	I	
10-27	2706-2709	und	_	_	
10-28	2710-2713	das	_	B	
10-29	2714-2729	Allerwichtigste	_	I	
10-30	2729-2730	:	_	_	
10-31	2731-2743	Entlastungen	_	B	
10-32	2744-2747	für	_	_	
10-33	2748-2751	die	Animated[16]	B	
10-34	2752-2763	Bürgerinnen	Animated[16]	I	
10-35	2764-2767	und	_	_	
10-36	2768-2774	Bürger	Animated	B	
10-37	2774-2775	.	_	_	
10-38	2776-2780	Dann	_	_	
10-39	2781-2786	haben	_	_	
10-40	2787-2790	wir	Animated	B	
10-41	2791-2794	ein	_	_	
10-42	2795-2800	Smart	_	_	
10-43	2801-2808	Germany	_	_	
10-44	2809-2812	mit	_	_	
10-45	2813-2818	einem	_	B	
10-46	2819-2826	smarten	_	I	
10-47	2827-2828	„	_	I	
10-48	2828-2837	Liberalen	_	I	
10-49	2838-2848	Bürgergeld	_	B	
10-50	2848-2849	“	_	_	
10-51	2849-2850	.	_	_	

#Text=Werte Kolleginnen und Kollegen, zwei Jahre hat die Regierung jetzt gebraucht, um hier das Gesetz zum Wohngeld vorzulegen. Aber bereits im nächsten Jahr müssen wir es wieder aufschnüren; denn dann kommen die Beschlüsse zum Klimapaket. Frei nach Sepp Herberger: Nach der Wohngeldreform ist vor der Wohngeldreform.
11-1	2860-2865	Werte	_	B	
11-2	2866-2877	Kolleginnen	Animated	B	
11-3	2878-2881	und	_	_	
11-4	2882-2890	Kollegen	Animated	B	
11-5	2890-2891	,	_	_	
11-6	2892-2896	zwei	_	B	
11-7	2897-2902	Jahre	_	I	
11-8	2903-2906	hat	_	_	
11-9	2907-2910	die	Animated[17]	B	
11-10	2911-2920	Regierung	Animated[17]	I	
11-11	2921-2926	jetzt	_	_	
11-12	2927-2936	gebraucht	_	_	
11-13	2936-2937	,	_	_	
11-14	2938-2940	um	_	_	
11-15	2941-2945	hier	_	_	
11-16	2946-2949	das	_	B	
11-17	2950-2956	Gesetz	_	I	
11-18	2957-2960	zum	_	_	
11-19	2961-2969	Wohngeld	_	B	
11-20	2970-2980	vorzulegen	_	_	
11-21	2980-2981	.	_	_	
11-22	2982-2986	Aber	_	_	
11-23	2987-2994	bereits	_	_	
11-24	2995-2997	im	_	_	
11-25	2998-3006	nächsten	_	B	
11-26	3007-3011	Jahr	_	I	
11-27	3012-3018	müssen	_	_	
11-28	3019-3022	wir	Animated	B	
11-29	3023-3025	es	_	B	
11-30	3026-3032	wieder	_	_	
11-31	3033-3044	aufschnüren	_	_	
11-32	3044-3045	;	_	_	
11-33	3046-3050	denn	_	_	
11-34	3051-3055	dann	_	_	
11-35	3056-3062	kommen	_	_	
11-36	3063-3066	die	_	B	
11-37	3067-3077	Beschlüsse	_	I	
11-38	3078-3081	zum	_	_	
11-39	3082-3092	Klimapaket	_	B	
11-40	3092-3093	.	_	_	
11-41	3094-3098	Frei	_	_	
11-42	3099-3103	nach	_	_	
11-43	3104-3108	Sepp	Animated[18]	B	
11-44	3109-3118	Herberger	Animated[18]	I	
11-45	3118-3119	:	_	_	
11-46	3120-3124	Nach	_	_	
11-47	3125-3128	der	_	B	
11-48	3129-3143	Wohngeldreform	_	I	
11-49	3144-3147	ist	_	_	
11-50	3148-3151	vor	_	_	
11-51	3152-3155	der	_	B	
11-52	3156-3170	Wohngeldreform	_	I	
11-53	3170-3171	.	_	_	

#Text=Das Ganze wirkt einfach nur unkoordiniert, ineffizient und planlos,
12-1	3179-3182	Das	_	B	
12-2	3183-3188	Ganze	_	I	
12-3	3189-3194	wirkt	_	_	
12-4	3195-3202	einfach	_	_	
12-5	3203-3206	nur	_	_	
12-6	3207-3220	unkoordiniert	_	_	
12-7	3220-3221	,	_	_	
12-8	3222-3233	ineffizient	_	_	
12-9	3234-3237	und	_	_	
12-10	3238-3245	planlos	_	_	
12-11	3245-3246	,	_	_	

#Text=aber – sorry to say – das scheint das Arbeitsmotto dieser Regierung zu sein.
13-1	3249-3253	aber	_	_	
13-2	3254-3255	–	_	B	
13-3	3256-3261	sorry	_	I	
13-4	3262-3264	to	_	I	
13-5	3265-3268	say	_	I	
13-6	3269-3270	–	_	I	
13-7	3271-3274	das	_	I	
13-8	3275-3282	scheint	_	_	
13-9	3283-3286	das	_	B	
13-10	3287-3299	Arbeitsmotto	_	I	
13-11	3300-3306	dieser	Animated[19]	B	
13-12	3307-3316	Regierung	Animated[19]	I	
13-13	3317-3319	zu	_	_	
13-14	3320-3324	sein	_	_	
13-15	3324-3325	.	_	_	

#Text=Es wäre mit der Wohngeldreform viel gegangen. Es wäre mit der Wohngeldreform viel mehr gegangen, um die Bürger zu entlasten. Ich finde es sehr schade, dass wir diese Chancen nicht genutzt haben.
14-1	3327-3329	Es	_	B	
14-2	3330-3334	wäre	_	_	
14-3	3335-3338	mit	_	_	
14-4	3339-3342	der	_	B	
14-5	3343-3357	Wohngeldreform	_	I	
14-6	3358-3362	viel	_	_	
14-7	3363-3371	gegangen	_	_	
14-8	3371-3372	.	_	_	
14-9	3373-3375	Es	_	B	
14-10	3376-3380	wäre	_	_	
14-11	3381-3384	mit	_	_	
14-12	3385-3388	der	_	B	
14-13	3389-3403	Wohngeldreform	_	I	
14-14	3404-3408	viel	_	_	
14-15	3409-3413	mehr	_	_	
14-16	3414-3422	gegangen	_	_	
14-17	3422-3423	,	_	_	
14-18	3424-3426	um	_	_	
14-19	3427-3430	die	Animated[20]	B	
14-20	3431-3437	Bürger	Animated[20]	I	
14-21	3438-3440	zu	_	_	
14-22	3441-3450	entlasten	_	_	
14-23	3450-3451	.	_	_	
14-24	3452-3455	Ich	Animated	B	
14-25	3456-3461	finde	_	_	
14-26	3462-3464	es	_	B	
14-27	3465-3469	sehr	_	_	
14-28	3470-3476	schade	_	_	
14-29	3476-3477	,	_	_	
14-30	3478-3482	dass	_	_	
14-31	3483-3486	wir	_	B	
14-32	3487-3492	diese	_	B	
14-33	3493-3500	Chancen	_	I	
14-34	3501-3506	nicht	_	_	
14-35	3507-3514	genutzt	_	_	
14-36	3515-3520	haben	_	_	
14-37	3520-3521	.	_	_	

#Text=Vielen Dank.
15-1	3527-3533	Vielen	_	_	
15-2	3534-3538	Dank	_	_	
15-3	3538-3539	.	_	_	

#Text=Vielen Dank, Herr Kollege Föst. – Als nächste Rednerin hat das Wort die Kollegin Caren Lay, Fraktion Die Linke.
16-1	3541-3547	Vielen	_	_	
16-2	3548-3552	Dank	_	_	
16-3	3552-3553	,	_	_	
16-4	3554-3558	Herr	Animated[21]	B	
16-5	3559-3566	Kollege	Animated[21]	I	
16-6	3567-3571	Föst	Animated[21]	I	
16-7	3571-3572	.	_	_	
16-8	3573-3574	–	_	_	
16-9	3575-3578	Als	_	_	
16-10	3579-3586	nächste	Animated[22]	B	
16-11	3587-3595	Rednerin	Animated[22]	I	
16-12	3596-3599	hat	_	_	
16-13	3600-3603	das	_	B	
16-14	3604-3608	Wort	_	I	
16-15	3609-3612	die	Animated[23]	B	
16-16	3613-3621	Kollegin	Animated[23]	I	
16-17	3622-3627	Caren	Animated[23]	I	
16-18	3628-3631	Lay	Animated[23]	I	
16-19	3631-3632	,	_	_	
16-20	3633-3641	Fraktion	_	_	
16-21	3642-3645	Die	Animated[24]	B	
16-22	3646-3651	Linke	Animated[24]	I	
16-23	3651-3652	.	_	_	
