#FORMAT=WebAnno TSV 3.3
#T_SP=webanno.custom.Animacy|Animated
#T_SP=webanno.custom.CustomChunk|Chunk


#Text=Herr Präsident! Meine Damen und Herren! Wenn das Thema heute nicht so ernst wäre, dann würde ich in schallendes Gelächter ausbrechen. Es ist schon nahezu skurril, wie die AfD eine Politik fordert, die Frauen zurück nach Hause befördert, zurück an den Herd befördert.
1-1	0-4	Herr	Animated[1]	B	
1-2	5-14	Präsident	Animated[1]	I	
1-3	14-15	!	_	_	
1-4	16-21	Meine	Animated[2]	B	
1-5	22-27	Damen	Animated[2]	I	
1-6	28-31	und	_	_	
1-7	32-38	Herren	Animated	B	
1-8	38-39	!	_	_	
1-9	40-44	Wenn	_	_	
1-10	45-48	das	_	B	
1-11	49-54	Thema	_	I	
1-12	55-60	heute	_	_	
1-13	61-66	nicht	_	_	
1-14	67-69	so	_	_	
1-15	70-75	ernst	_	_	
1-16	76-80	wäre	_	_	
1-17	80-81	,	_	_	
1-18	82-86	dann	_	_	
1-19	87-92	würde	_	_	
1-20	93-96	ich	Animated	B	
1-21	97-99	in	_	_	
1-22	100-111	schallendes	_	B	
1-23	112-121	Gelächter	_	I	
1-24	122-132	ausbrechen	_	_	
1-25	132-133	.	_	_	
1-26	134-136	Es	_	B	
1-27	137-140	ist	_	_	
1-28	141-146	schon	_	_	
1-29	147-153	nahezu	_	_	
1-30	154-161	skurril	_	_	
1-31	161-162	,	_	_	
1-32	163-166	wie	_	_	
1-33	167-170	die	Animated[3]	B	
1-34	171-174	AfD	Animated[3]	I	
1-35	175-179	eine	_	B	
1-36	180-187	Politik	_	I	
1-37	188-195	fordert	_	_	
1-38	195-196	,	_	_	
1-39	197-200	die	Animated[4]	B	
1-40	201-207	Frauen	Animated[4]	I	
1-41	208-214	zurück	_	_	
1-42	215-219	nach	_	_	
1-43	220-225	Hause	_	B	
1-44	226-235	befördert	_	_	
1-45	235-236	,	_	_	
1-46	237-243	zurück	_	_	
1-47	244-246	an	_	_	
1-48	247-250	den	_	B	
1-49	251-255	Herd	_	I	
1-50	256-265	befördert	_	_	
1-51	265-266	.	_	_	

#Text=Nichts gegen Frauen, die sich dafür entscheiden, häusliche Aufgaben zu übernehmen; aber, liebe Kolleginnen und Kollegen der AfD, ein Mann ist keine Altersvorsorge. Ich weiß ja nicht, ob Sie mal mit den Damen in Ihrer Fraktion gesprochen haben.
2-1	275-281	Nichts	_	B	
2-2	282-287	gegen	_	_	
2-3	288-294	Frauen	Animated	B	
2-4	294-295	,	_	_	
2-5	296-299	die	_	B	
2-6	300-304	sich	_	B	
2-7	305-310	dafür	_	_	
2-8	311-322	entscheiden	_	_	
2-9	322-323	,	_	_	
2-10	324-333	häusliche	_	B	
2-11	334-342	Aufgaben	_	I	
2-12	343-345	zu	_	_	
2-13	346-356	übernehmen	_	_	
2-14	356-357	;	_	_	
2-15	358-362	aber	_	_	
2-16	362-363	,	_	_	
2-17	364-369	liebe	Animated[5]	B	
2-18	370-381	Kolleginnen	Animated[5]	I	
2-19	382-385	und	_	_	
2-20	386-394	Kollegen	Animated	B	
2-21	395-398	der	Animated[6]	B	
2-22	399-402	AfD	Animated[6]	I	
2-23	402-403	,	_	_	
2-24	404-407	ein	Animated[7]	B	
2-25	408-412	Mann	Animated[7]	I	
2-26	413-416	ist	_	_	
2-27	417-422	keine	_	B	
2-28	423-437	Altersvorsorge	_	I	
2-29	437-438	.	_	_	
2-30	439-442	Ich	Animated	B	
2-31	443-447	weiß	_	_	
2-32	448-450	ja	_	_	
2-33	451-456	nicht	_	_	
2-34	456-457	,	_	_	
2-35	458-460	ob	_	_	
2-36	461-464	Sie	_	B	
2-37	465-468	mal	_	_	
2-38	469-472	mit	_	_	
2-39	473-476	den	Animated[8]	B	
2-40	477-482	Damen	Animated[8]	I	
2-41	483-485	in	_	_	
2-42	486-491	Ihrer	Animated[9]	B	
2-43	492-500	Fraktion	Animated[9]	I	
2-44	501-511	gesprochen	_	_	
2-45	512-517	haben	_	_	
2-46	517-518	.	_	_	

#Text=Frauen von heute haben oft auch noch andere Lebensziele, außer Kinder zu bekommen und sich zu Hause um den Haushalt zu kümmern. Frauen sind heute hochqualifiziert. Frauen wollen ihrem Beruf nachgehen, oft auch ihrer Berufung; schön, wenn das funktioniert.
3-1	527-533	Frauen	Animated	B	
3-2	534-537	von	_	_	
3-3	538-543	heute	_	_	
3-4	544-549	haben	_	_	
3-5	550-553	oft	_	_	
3-6	554-558	auch	_	B	
3-7	559-563	noch	_	I	
3-8	564-570	andere	_	I	
3-9	571-582	Lebensziele	_	I	
3-10	582-583	,	_	_	
3-11	584-589	außer	_	_	
3-12	590-596	Kinder	Animated	B	
3-13	597-599	zu	_	_	
3-14	600-608	bekommen	_	_	
3-15	609-612	und	_	_	
3-16	613-617	sich	_	B	
3-17	618-620	zu	_	_	
3-18	621-626	Hause	_	B	
3-19	627-629	um	_	_	
3-20	630-633	den	_	B	
3-21	634-642	Haushalt	_	I	
3-22	643-645	zu	_	_	
3-23	646-653	kümmern	_	_	
3-24	653-654	.	_	_	
3-25	655-661	Frauen	Animated	B	
3-26	662-666	sind	_	_	
3-27	667-672	heute	_	_	
3-28	673-689	hochqualifiziert	_	_	
3-29	689-690	.	_	_	
3-30	691-697	Frauen	Animated	B	
3-31	698-704	wollen	_	_	
3-32	705-710	ihrem	_	B	
3-33	711-716	Beruf	_	I	
3-34	717-726	nachgehen	_	_	
3-35	726-727	,	_	_	
3-36	728-731	oft	_	B	
3-37	732-736	auch	_	I	
3-38	737-742	ihrer	_	I	
3-39	743-751	Berufung	_	I	
3-40	751-752	;	_	_	
3-41	753-758	schön	_	_	
3-42	758-759	,	_	_	
3-43	760-764	wenn	_	_	
3-44	765-768	das	_	B	
3-45	769-781	funktioniert	_	_	
3-46	781-782	.	_	_	

#Text=Ich finde es schade, dass Sie da so von gestern sind. Aber das müssen Sie mit sich vereinbaren.
4-1	790-793	Ich	Animated	B	
4-2	794-799	finde	_	_	
4-3	800-802	es	_	B	
4-4	803-809	schade	_	_	
4-5	809-810	,	_	_	
4-6	811-815	dass	_	_	
4-7	816-819	Sie	_	B	
4-8	820-822	da	_	_	
4-9	823-825	so	_	_	
4-10	826-829	von	_	_	
4-11	830-837	gestern	_	_	
4-12	838-842	sind	_	_	
4-13	842-843	.	_	_	
4-14	844-848	Aber	_	_	
4-15	849-852	das	_	B	
4-16	853-859	müssen	_	_	
4-17	860-863	Sie	_	B	
4-18	864-867	mit	_	_	
4-19	868-872	sich	_	B	
4-20	873-884	vereinbaren	_	_	
4-21	884-885	.	_	_	

#Text=Meine Damen und Herren, ein Thema des heutigen Tages ist die Abgeordnetenversorgung. Aber hierbei handelt es sich – das bemerkt Die Linke ja selbst in den ersten Zeilen ihres Antrags – um Symbolpolitik. Deswegen möchte ich jetzt auch gar nicht näher darauf eingehen, sondern mich den ernsten Fragen dieser Debatte widmen.
5-1	889-894	Meine	Animated[10]	B	
5-2	895-900	Damen	Animated[10]	I	
5-3	901-904	und	_	_	
5-4	905-911	Herren	Animated	B	
5-5	911-912	,	_	_	
5-6	913-916	ein	_	B	
5-7	917-922	Thema	_	I	
5-8	923-926	des	_	B	
5-9	927-935	heutigen	_	I	
5-10	936-941	Tages	_	I	
5-11	942-945	ist	_	_	
5-12	946-949	die	_	B	
5-13	950-972	Abgeordnetenversorgung	_	I	
5-14	972-973	.	_	_	
5-15	974-978	Aber	_	_	
5-16	979-986	hierbei	_	_	
5-17	987-994	handelt	_	_	
5-18	995-997	es	_	_	
5-19	998-1002	sich	_	B	
5-20	1003-1004	–	_	_	
5-21	1005-1008	das	_	_	
5-22	1009-1016	bemerkt	_	_	
5-23	1017-1020	Die	Animated[11]	B	
5-24	1021-1026	Linke	Animated[11]	I	
5-25	1027-1029	ja	_	_	
5-26	1030-1036	selbst	_	_	
5-27	1037-1039	in	_	_	
5-28	1040-1043	den	_	B	
5-29	1044-1050	ersten	_	I	
5-30	1051-1057	Zeilen	_	I	
5-31	1058-1063	ihres	_	B	
5-32	1064-1071	Antrags	_	I	
5-33	1072-1073	–	_	_	
5-34	1074-1076	um	_	_	
5-35	1077-1090	Symbolpolitik	_	B	
5-36	1090-1091	.	_	_	
5-37	1092-1100	Deswegen	_	_	
5-38	1101-1107	möchte	_	_	
5-39	1108-1111	ich	Animated	B	
5-40	1112-1117	jetzt	_	_	
5-41	1118-1122	auch	_	_	
5-42	1123-1126	gar	_	_	
5-43	1127-1132	nicht	_	_	
5-44	1133-1138	näher	_	_	
5-45	1139-1145	darauf	_	_	
5-46	1146-1154	eingehen	_	_	
5-47	1154-1155	,	_	_	
5-48	1156-1163	sondern	_	_	
5-49	1164-1168	mich	_	B	
5-50	1169-1172	den	_	B	
5-51	1173-1180	ernsten	_	I	
5-52	1181-1187	Fragen	_	I	
5-53	1188-1194	dieser	_	B	
5-54	1195-1202	Debatte	_	I	
5-55	1203-1209	widmen	_	_	
5-56	1209-1210	.	_	_	

#Text=Meine Damen und Herren, wir kennen alle diese Situation: Menschen sitzen in unseren Wahlkreisbüros, die nicht auf der Sonnenseite des Lebens standen. In ihrem Leben sind Dinge geschehen, es gab Zeiten der Arbeitslosigkeit, es gab Zeiten der Krankheit, man hat wenig verdient; das gibt es gerade bei uns in den neuen Bundesländern häufig. – Aber ich glaube, die Antwort, die Sie geben, dass immer das System schuld ist, dass andere schuld sind, ist nicht richtig. Ich glaube, wir müssen den Menschen schon deutlich machen, dass Altersvorsorge etwas ist, was ein Stück weit auch mit der eigenen Erwerbs- und Lebensbiografie zu tun hat.
6-1	1216-1221	Meine	Animated[12]	B	
6-2	1222-1227	Damen	Animated[12]	I	
6-3	1228-1231	und	_	_	
6-4	1232-1238	Herren	Animated	B	
6-5	1238-1239	,	_	_	
6-6	1240-1243	wir	Animated	B	
6-7	1244-1250	kennen	_	_	
6-8	1251-1255	alle	_	B	
6-9	1256-1261	diese	_	B	
6-10	1262-1271	Situation	_	I	
6-11	1271-1272	:	_	_	
6-12	1273-1281	Menschen	Animated	B	
6-13	1282-1288	sitzen	_	_	
6-14	1289-1291	in	_	_	
6-15	1292-1299	unseren	_	B	
6-16	1300-1314	Wahlkreisbüros	_	I	
6-17	1314-1315	,	_	_	
6-18	1316-1319	die	_	B	
6-19	1320-1325	nicht	_	_	
6-20	1326-1329	auf	_	_	
6-21	1330-1333	der	_	B	
6-22	1334-1345	Sonnenseite	_	I	
6-23	1346-1349	des	_	B	
6-24	1350-1356	Lebens	_	I	
6-25	1357-1364	standen	_	_	
6-26	1364-1365	.	_	_	
6-27	1366-1368	In	_	_	
6-28	1369-1374	ihrem	_	B	
6-29	1375-1380	Leben	_	I	
6-30	1381-1385	sind	_	_	
6-31	1386-1391	Dinge	_	B	
6-32	1392-1401	geschehen	_	_	
6-33	1401-1402	,	_	_	
6-34	1403-1405	es	_	_	
6-35	1406-1409	gab	_	_	
6-36	1410-1416	Zeiten	_	B	
6-37	1417-1420	der	_	B	
6-38	1421-1437	Arbeitslosigkeit	_	I	
6-39	1437-1438	,	_	_	
6-40	1439-1441	es	_	_	
6-41	1442-1445	gab	_	_	
6-42	1446-1452	Zeiten	_	B	
6-43	1453-1456	der	_	B	
6-44	1457-1466	Krankheit	_	I	
6-45	1466-1467	,	_	_	
6-46	1468-1471	man	Animated	B	
6-47	1472-1475	hat	_	_	
6-48	1476-1481	wenig	_	B	
6-49	1482-1490	verdient	_	_	
6-50	1490-1491	;	_	_	
6-51	1492-1495	das	_	B	
6-52	1496-1500	gibt	_	_	
6-53	1501-1503	es	_	_	
6-54	1504-1510	gerade	_	_	
6-55	1511-1514	bei	_	_	
6-56	1515-1518	uns	_	B	
6-57	1519-1521	in	_	_	
6-58	1522-1525	den	Animated[13]	B	
6-59	1526-1531	neuen	Animated[13]	I	
6-60	1532-1545	Bundesländern	Animated[13]	I	
6-61	1546-1552	häufig	_	_	
6-62	1552-1553	.	_	_	
6-63	1554-1555	–	_	_	
6-64	1556-1560	Aber	_	_	
6-65	1561-1564	ich	Animated	B	
6-66	1565-1571	glaube	_	_	
6-67	1571-1572	,	_	_	
6-68	1573-1576	die	_	B	
6-69	1577-1584	Antwort	_	I	
6-70	1584-1585	,	_	_	
6-71	1586-1589	die	_	B	
6-72	1590-1593	Sie	_	B	
6-73	1594-1599	geben	_	_	
6-74	1599-1600	,	_	_	
6-75	1601-1605	dass	_	_	
6-76	1606-1611	immer	_	_	
6-77	1612-1615	das	Animated[14]	B	
6-78	1616-1622	System	Animated[14]	I	
6-79	1623-1629	schuld	_	_	
6-80	1630-1633	ist	_	_	
6-81	1633-1634	,	_	_	
6-82	1635-1639	dass	_	_	
6-83	1640-1646	andere	_	B	
6-84	1647-1653	schuld	_	I	
6-85	1654-1658	sind	_	_	
6-86	1658-1659	,	_	_	
6-87	1660-1663	ist	_	_	
6-88	1664-1669	nicht	_	_	
6-89	1670-1677	richtig	_	_	
6-90	1677-1678	.	_	_	
6-91	1679-1682	Ich	Animated	B	
6-92	1683-1689	glaube	_	_	
6-93	1689-1690	,	_	_	
6-94	1691-1694	wir	Animated	B	
6-95	1695-1701	müssen	_	_	
6-96	1702-1705	den	Animated[15]	B	
6-97	1706-1714	Menschen	Animated[15]	I	
6-98	1715-1720	schon	_	_	
6-99	1721-1729	deutlich	_	_	
6-100	1730-1736	machen	_	_	
6-101	1736-1737	,	_	_	
6-102	1738-1742	dass	_	_	
6-103	1743-1757	Altersvorsorge	_	B	
6-104	1758-1763	etwas	_	B	
6-105	1764-1767	ist	_	_	
6-106	1767-1768	,	_	_	
6-107	1769-1772	was	_	B	
6-108	1773-1776	ein	_	B	
6-109	1777-1782	Stück	_	I	
6-110	1783-1787	weit	_	_	
6-111	1788-1792	auch	_	_	
6-112	1793-1796	mit	_	_	
6-113	1797-1800	der	_	B	
6-114	1801-1808	eigenen	_	I	
6-115	1809-1817	Erwerbs-	_	I	
6-116	1818-1821	und	_	I	
6-117	1822-1837	Lebensbiografie	_	I	
6-118	1838-1840	zu	_	_	
6-119	1841-1844	tun	_	_	
6-120	1845-1848	hat	_	_	
6-121	1848-1849	.	_	_	

#Text=Wir bedauern es zutiefst, dass es Menschen in diesem Land gibt, die im Alter auf Grundsicherung angewiesen sind, die bedürftig sind. Aber wir leben in einem Sozialstaat, und wir versuchen, diesen Menschen nach bestem Wissen und Gewissen zu helfen.
7-1	1869-1872	Wir	Animated	B	
7-2	1873-1881	bedauern	_	_	
7-3	1882-1884	es	_	B	
7-4	1885-1893	zutiefst	_	_	
7-5	1893-1894	,	_	_	
7-6	1895-1899	dass	_	_	
7-7	1900-1902	es	_	_	
7-8	1903-1911	Menschen	Animated	B	
7-9	1912-1914	in	_	_	
7-10	1915-1921	diesem	_	B	
7-11	1922-1926	Land	_	I	
7-12	1927-1931	gibt	_	_	
7-13	1931-1932	,	_	_	
7-14	1933-1936	die	_	B	
7-15	1937-1939	im	_	_	
7-16	1940-1945	Alter	_	B	
7-17	1946-1949	auf	_	_	
7-18	1950-1964	Grundsicherung	_	B	
7-19	1965-1975	angewiesen	_	_	
7-20	1976-1980	sind	_	_	
7-21	1980-1981	,	_	_	
7-22	1982-1985	die	_	B	
7-23	1986-1995	bedürftig	_	_	
7-24	1996-2000	sind	_	_	
7-25	2000-2001	.	_	_	
7-26	2002-2006	Aber	_	_	
7-27	2007-2010	wir	Animated	B	
7-28	2011-2016	leben	_	_	
7-29	2017-2019	in	_	_	
7-30	2020-2025	einem	Animated[16]	B	
7-31	2026-2037	Sozialstaat	Animated[16]	I	
7-32	2037-2038	,	_	_	
7-33	2039-2042	und	_	_	
7-34	2043-2046	wir	Animated	B	
7-35	2047-2056	versuchen	_	_	
7-36	2056-2057	,	_	_	
7-37	2058-2064	diesen	Animated[17]	B	
7-38	2065-2073	Menschen	Animated[17]	I	
7-39	2074-2078	nach	_	_	
7-40	2079-2085	bestem	_	B	
7-41	2086-2092	Wissen	_	I	
7-42	2093-2096	und	_	_	
7-43	2097-2105	Gewissen	_	B	
7-44	2106-2108	zu	_	_	
7-45	2109-2115	helfen	_	_	
7-46	2115-2116	.	_	_	

#Text=Worauf kommt es denn an beim Thema Altersvorsorge? Die Lösung steckt schon im Begriff selbst: Vorsorge. Und die beginnt nicht erst dann, wenn das Kind in den Brunnen gefallen ist, sondern sie beginnt frühzeitig.
8-1	2124-2130	Worauf	_	_	
8-2	2131-2136	kommt	_	_	
8-3	2137-2139	es	_	_	
8-4	2140-2144	denn	_	_	
8-5	2145-2147	an	_	_	
8-6	2148-2152	beim	_	_	
8-7	2153-2158	Thema	_	B	
8-8	2159-2173	Altersvorsorge	_	I	
8-9	2173-2174	?	_	_	
8-10	2175-2178	Die	_	B	
8-11	2179-2185	Lösung	_	I	
8-12	2186-2192	steckt	_	_	
8-13	2193-2198	schon	_	_	
8-14	2199-2201	im	_	_	
8-15	2202-2209	Begriff	_	B	
8-16	2210-2216	selbst	_	_	
8-17	2216-2217	:	_	_	
8-18	2218-2226	Vorsorge	_	B	
8-19	2226-2227	.	_	_	
8-20	2228-2231	Und	_	_	
8-21	2232-2235	die	_	B	
8-22	2236-2243	beginnt	_	_	
8-23	2244-2249	nicht	_	_	
8-24	2250-2254	erst	_	_	
8-25	2255-2259	dann	_	_	
8-26	2259-2260	,	_	_	
8-27	2261-2265	wenn	_	_	
8-28	2266-2269	das	Animated[18]	B	
8-29	2270-2274	Kind	Animated[18]	I	
8-30	2275-2277	in	_	_	
8-31	2278-2281	den	_	B	
8-32	2282-2289	Brunnen	_	I	
8-33	2290-2298	gefallen	_	_	
8-34	2299-2302	ist	_	_	
8-35	2302-2303	,	_	_	
8-36	2304-2311	sondern	_	_	
8-37	2312-2315	sie	_	B	
8-38	2316-2323	beginnt	_	_	
8-39	2324-2334	frühzeitig	_	_	
8-40	2334-2335	.	_	_	

#Text=Deswegen, liebe Kolleginnen und Kollegen, ist es so wichtig, dass wir es zu einem Grundsatz unserer Sozial- und Vorsorgepolitik machen, frühzeitig den Menschen nahezubringen, wie eine gute Altersvorsorge im Leben aussieht. Das können wir schon in den Schulen tun.
9-1	2342-2350	Deswegen	_	_	
9-2	2350-2351	,	_	_	
9-3	2352-2357	liebe	Animated[19]	B	
9-4	2358-2369	Kolleginnen	Animated[19]	I	
9-5	2370-2373	und	_	_	
9-6	2374-2382	Kollegen	Animated	B	
9-7	2382-2383	,	_	_	
9-8	2384-2387	ist	_	_	
9-9	2388-2390	es	_	B	
9-10	2391-2393	so	_	_	
9-11	2394-2401	wichtig	_	_	
9-12	2401-2402	,	_	_	
9-13	2403-2407	dass	_	_	
9-14	2408-2411	wir	Animated	B	
9-15	2412-2414	es	_	B	
9-16	2415-2417	zu	_	_	
9-17	2418-2423	einem	_	B	
9-18	2424-2433	Grundsatz	_	I	
9-19	2434-2441	unserer	_	B	
9-20	2442-2449	Sozial-	_	I	
9-21	2450-2453	und	_	I	
9-22	2454-2469	Vorsorgepolitik	_	I	
9-23	2470-2476	machen	_	_	
9-24	2476-2477	,	_	_	
9-25	2478-2488	frühzeitig	_	_	
9-26	2489-2492	den	Animated[20]	B	
9-27	2493-2501	Menschen	Animated[20]	I	
9-28	2502-2515	nahezubringen	_	_	
9-29	2515-2516	,	_	_	
9-30	2517-2520	wie	_	_	
9-31	2521-2525	eine	_	B	
9-32	2526-2530	gute	_	I	
9-33	2531-2545	Altersvorsorge	_	I	
9-34	2546-2548	im	_	_	
9-35	2549-2554	Leben	_	B	
9-36	2555-2563	aussieht	_	_	
9-37	2563-2564	.	_	_	
9-38	2565-2568	Das	_	B	
9-39	2569-2575	können	_	_	
9-40	2576-2579	wir	Animated	B	
9-41	2580-2585	schon	_	_	
9-42	2586-2588	in	_	_	
9-43	2589-2592	den	_	B	
9-44	2593-2600	Schulen	_	I	
9-45	2601-2604	tun	_	_	
9-46	2604-2605	.	_	_	

#Text=Das können wir in jungen Jahren tun. Dafür müssen wir sensibilisieren und hier nicht irgendeine Scheindiskussion führen,
10-1	2613-2616	Das	_	B	
10-2	2617-2623	können	_	_	
10-3	2624-2627	wir	Animated	B	
10-4	2628-2630	in	_	_	
10-5	2631-2637	jungen	_	B	
10-6	2638-2644	Jahren	_	I	
10-7	2645-2648	tun	_	_	
10-8	2648-2649	.	_	_	
10-9	2650-2655	Dafür	_	_	
10-10	2656-2662	müssen	_	_	
10-11	2663-2666	wir	Animated	B	
10-12	2667-2682	sensibilisieren	_	_	
10-13	2683-2686	und	_	_	
10-14	2687-2691	hier	_	_	
10-15	2692-2697	nicht	_	B	
10-16	2698-2708	irgendeine	_	I	
10-17	2709-2725	Scheindiskussion	_	I	
10-18	2726-2732	führen	_	_	
10-19	2732-2733	,	_	_	

#Text=in der man so tut, als hätten wir ein massives Problem in unserem sozialen Sicherungssystem.
11-1	2736-2738	in	_	_	
11-2	2739-2742	der	_	B	
11-3	2743-2746	man	Animated	B	
11-4	2747-2749	so	_	_	
11-5	2750-2753	tut	_	_	
11-6	2753-2754	,	_	_	
11-7	2755-2758	als	_	_	
11-8	2759-2765	hätten	_	_	
11-9	2766-2769	wir	Animated	B	
11-10	2770-2773	ein	_	B	
11-11	2774-2782	massives	_	I	
11-12	2783-2790	Problem	_	I	
11-13	2791-2793	in	_	_	
11-14	2794-2801	unserem	_	B	
11-15	2802-2810	sozialen	_	I	
11-16	2811-2827	Sicherungssystem	_	I	
11-17	2827-2828	.	_	_	

#Text=Meine Damen und Herren, seien wir doch mal ehrlich.
12-1	2831-2836	Meine	Animated[21]	B	
12-2	2837-2842	Damen	Animated[21]	I	
12-3	2843-2846	und	_	_	
12-4	2847-2853	Herren	Animated	B	
12-5	2853-2854	,	_	_	
12-6	2855-2860	seien	_	_	
12-7	2861-2864	wir	Animated	B	
12-8	2865-2869	doch	_	_	
12-9	2870-2873	mal	_	_	
12-10	2874-2881	ehrlich	_	_	
12-11	2881-2882	.	_	_	

#Text=Was fordern Sie? Was ist Ihr Ziel? Was ist das Ziel Ihrer Sozialpolitik? Ihr Ziel ist die Abschaffung des Drei-Säulen-Modells, einer guten, breiten Basis für die Vorsorge in Deutschland. Was Sie wollen, ist der Einheitsbrei.
13-1	2885-2888	Was	_	B	
13-2	2889-2896	fordern	_	_	
13-3	2897-2900	Sie	_	B	
13-4	2900-2901	?	_	_	
13-5	2902-2905	Was	_	B	
13-6	2906-2909	ist	_	_	
13-7	2910-2913	Ihr	_	B	
13-8	2914-2918	Ziel	_	I	
13-9	2918-2919	?	_	_	
13-10	2920-2923	Was	_	B	
13-11	2924-2927	ist	_	_	
13-12	2928-2931	das	_	B	
13-13	2932-2936	Ziel	_	I	
13-14	2937-2942	Ihrer	_	B	
13-15	2943-2956	Sozialpolitik	_	I	
13-16	2956-2957	?	_	_	
13-17	2958-2961	Ihr	_	B	
13-18	2962-2966	Ziel	_	I	
13-19	2967-2970	ist	_	_	
13-20	2971-2974	die	_	B	
13-21	2975-2986	Abschaffung	_	I	
13-22	2987-2990	des	_	B	
13-23	2991-3010	Drei-Säulen-Modells	_	I	
13-24	3010-3011	,	_	_	
13-25	3012-3017	einer	_	B	
13-26	3018-3023	guten	_	I	
13-27	3023-3024	,	_	I	
13-28	3025-3032	breiten	_	I	
13-29	3033-3038	Basis	_	I	
13-30	3039-3042	für	_	_	
13-31	3043-3046	die	_	B	
13-32	3047-3055	Vorsorge	_	I	
13-33	3056-3058	in	_	_	
13-34	3059-3070	Deutschland	_	B	
13-35	3070-3071	.	_	_	
13-36	3072-3075	Was	_	B	
13-37	3076-3079	Sie	_	B	
13-38	3080-3086	wollen	_	_	
13-39	3086-3087	,	_	_	
13-40	3088-3091	ist	_	_	
13-41	3092-3095	der	_	B	
13-42	3096-3108	Einheitsbrei	_	I	
13-43	3108-3109	.	_	_	

#Text=Was Sie wollen, ist die Abschaffung von Individualität, von Freiheit bei der Vorsorge. Denken Sie mal daran: Es gibt Menschen, die wollen vielleicht anders vorsorgen, die haben die Möglichkeit, anders vorzusorgen, und die tun das auch. Warum wollen Sie denn, dass Deutschland ein Land wird, in dem man dem Menschen diese Freiheiten nimmt?
14-1	3118-3121	Was	_	B	
14-2	3122-3125	Sie	_	B	
14-3	3126-3132	wollen	_	_	
14-4	3132-3133	,	_	_	
14-5	3134-3137	ist	_	_	
14-6	3138-3141	die	_	B	
14-7	3142-3153	Abschaffung	_	I	
14-8	3154-3157	von	_	_	
14-9	3158-3172	Individualität	_	B	
14-10	3172-3173	,	_	_	
14-11	3174-3177	von	_	_	
14-12	3178-3186	Freiheit	_	B	
14-13	3187-3190	bei	_	_	
14-14	3191-3194	der	_	B	
14-15	3195-3203	Vorsorge	_	I	
14-16	3203-3204	.	_	_	
14-17	3205-3211	Denken	_	_	
14-18	3212-3215	Sie	_	B	
14-19	3216-3219	mal	_	_	
14-20	3220-3225	daran	_	_	
14-21	3225-3226	:	_	_	
14-22	3227-3229	Es	_	_	
14-23	3230-3234	gibt	_	_	
14-24	3235-3243	Menschen	Animated	B	
14-25	3243-3244	,	_	_	
14-26	3245-3248	die	_	B	
14-27	3249-3255	wollen	_	_	
14-28	3256-3266	vielleicht	_	_	
14-29	3267-3273	anders	_	_	
14-30	3274-3283	vorsorgen	_	_	
14-31	3283-3284	,	_	_	
14-32	3285-3288	die	_	B	
14-33	3289-3294	haben	_	_	
14-34	3295-3298	die	_	B	
14-35	3299-3310	Möglichkeit	_	I	
14-36	3310-3311	,	_	_	
14-37	3312-3318	anders	_	_	
14-38	3319-3330	vorzusorgen	_	_	
14-39	3330-3331	,	_	_	
14-40	3332-3335	und	_	_	
14-41	3336-3339	die	_	B	
14-42	3340-3343	tun	_	_	
14-43	3344-3347	das	_	B	
14-44	3348-3352	auch	_	_	
14-45	3352-3353	.	_	_	
14-46	3354-3359	Warum	_	_	
14-47	3360-3366	wollen	_	_	
14-48	3367-3370	Sie	_	B	
14-49	3371-3375	denn	_	_	
14-50	3375-3376	,	_	_	
14-51	3377-3381	dass	_	_	
14-52	3382-3393	Deutschland	_	B	
14-53	3394-3397	ein	_	B	
14-54	3398-3402	Land	_	I	
14-55	3403-3407	wird	_	_	
14-56	3407-3408	,	_	_	
14-57	3409-3411	in	_	_	
14-58	3412-3415	dem	_	B	
14-59	3416-3419	man	_	B	
14-60	3420-3423	dem	Animated[22]	B	
14-61	3424-3432	Menschen	Animated[22]	I	
14-62	3433-3438	diese	_	B	
14-63	3439-3449	Freiheiten	_	I	
14-64	3450-3455	nimmt	_	_	
14-65	3455-3456	?	_	_	

#Text=Mal ganz ehrlich: Die Methoden, die Sie vorschlagen, sind erschreckend. Sie zeigen eine dramatische Ausgestaltung der gesetzlichen Rente auf, liebe Kolleginnen und Kollegen der Linken. Sie wollen die Beitragsbemessungsgrenze nahezu ohne Obergrenze in die Höhe schnellen lassen und dann noch nach dem Motto verfahren: Wer mehr zahlt, bekommt auch weniger. Was glauben Sie denn, wie lange der soziale Friede in unserem Land unter dieser Prämisse noch vorhanden sein wird, liebe Kolleginnen und Kollegen.
15-1	3469-3472	Mal	_	_	
15-2	3473-3477	ganz	_	_	
15-3	3478-3485	ehrlich	_	_	
15-4	3485-3486	:	_	_	
15-5	3487-3490	Die	_	B	
15-6	3491-3499	Methoden	_	I	
15-7	3499-3500	,	_	_	
15-8	3501-3504	die	_	B	
15-9	3505-3508	Sie	_	B	
15-10	3509-3520	vorschlagen	_	_	
15-11	3520-3521	,	_	_	
15-12	3522-3526	sind	_	_	
15-13	3527-3539	erschreckend	_	_	
15-14	3539-3540	.	_	_	
15-15	3541-3544	Sie	_	B	
15-16	3545-3551	zeigen	_	_	
15-17	3552-3556	eine	_	B	
15-18	3557-3568	dramatische	_	I	
15-19	3569-3582	Ausgestaltung	_	I	
15-20	3583-3586	der	_	B	
15-21	3587-3599	gesetzlichen	_	I	
15-22	3600-3605	Rente	_	I	
15-23	3606-3609	auf	_	_	
15-24	3609-3610	,	_	_	
15-25	3611-3616	liebe	Animated[23]	B	
15-26	3617-3628	Kolleginnen	Animated[23]	I	
15-27	3629-3632	und	_	_	
15-28	3633-3641	Kollegen	Animated	B	
15-29	3642-3645	der	Animated[24]	B	
15-30	3646-3652	Linken	Animated[24]	I	
15-31	3652-3653	.	_	_	
15-32	3654-3657	Sie	_	B	
15-33	3658-3664	wollen	_	_	
15-34	3665-3668	die	_	B	
15-35	3669-3693	Beitragsbemessungsgrenze	_	I	
15-36	3694-3700	nahezu	_	_	
15-37	3701-3705	ohne	_	_	
15-38	3706-3716	Obergrenze	_	B	
15-39	3717-3719	in	_	_	
15-40	3720-3723	die	_	B	
15-41	3724-3728	Höhe	_	I	
15-42	3729-3738	schnellen	_	_	
15-43	3739-3745	lassen	_	_	
15-44	3746-3749	und	_	_	
15-45	3750-3754	dann	_	_	
15-46	3755-3759	noch	_	_	
15-47	3760-3764	nach	_	_	
15-48	3765-3768	dem	_	B	
15-49	3769-3774	Motto	_	I	
15-50	3775-3784	verfahren	_	_	
15-51	3784-3785	:	_	_	
15-52	3786-3789	Wer	_	B	
15-53	3790-3794	mehr	_	_	
15-54	3795-3800	zahlt	_	_	
15-55	3800-3801	,	_	_	
15-56	3802-3809	bekommt	_	_	
15-57	3810-3814	auch	_	B	
15-58	3815-3822	weniger	_	I	
15-59	3822-3823	.	_	_	
15-60	3824-3827	Was	_	B	
15-61	3828-3835	glauben	_	_	
15-62	3836-3839	Sie	_	B	
15-63	3840-3844	denn	_	_	
15-64	3844-3845	,	_	_	
15-65	3846-3849	wie	_	_	
15-66	3850-3855	lange	_	_	
15-67	3856-3859	der	_	B	
15-68	3860-3867	soziale	_	I	
15-69	3868-3874	Friede	_	I	
15-70	3875-3877	in	_	_	
15-71	3878-3885	unserem	_	B	
15-72	3886-3890	Land	_	I	
15-73	3891-3896	unter	_	_	
15-74	3897-3903	dieser	_	B	
15-75	3904-3912	Prämisse	_	I	
15-76	3913-3917	noch	_	_	
15-77	3918-3927	vorhanden	_	_	
15-78	3928-3932	sein	_	_	
15-79	3933-3937	wird	_	_	
15-80	3937-3938	,	_	_	
15-81	3939-3944	liebe	_	_	
15-82	3945-3956	Kolleginnen	_	_	
15-83	3957-3960	und	_	_	
15-84	3961-3969	Kollegen	Animated	B	
15-85	3969-3970	.	_	_	

#Text=Deswegen glaube ich, es ist gut und richtig, dass wir voller Überzeugung gegen diesen Antrag stimmen.
16-1	3983-3991	Deswegen	_	_	
16-2	3992-3998	glaube	_	_	
16-3	3999-4002	ich	Animated	B	
16-4	4002-4003	,	_	_	
16-5	4004-4006	es	_	B	
16-6	4007-4010	ist	_	_	
16-7	4011-4014	gut	_	_	
16-8	4015-4018	und	_	_	
16-9	4019-4026	richtig	_	_	
16-10	4026-4027	,	_	_	
16-11	4028-4032	dass	_	_	
16-12	4033-4036	wir	Animated	B	
16-13	4037-4043	voller	_	_	
16-14	4044-4055	Überzeugung	_	B	
16-15	4056-4061	gegen	_	_	
16-16	4062-4068	diesen	_	B	
16-17	4069-4075	Antrag	_	I	
16-18	4076-4083	stimmen	_	_	
16-19	4083-4084	.	_	_	

#Text=Ich möchte noch einen Satz sagen zu einer Sache, die mich grundsätzlich sehr stört: Die Diskussionen über die Rentenpolitik sind fast ausschließlich fokussiert auf die gesetzliche Rente. Viele Menschen in Deutschland – um nicht zu sagen: die meisten Menschen in Deutschland – konzentrieren ihre Altersvorsorge auf die zweite und die dritte Säule.
17-1	4088-4091	Ich	Animated	B	
17-2	4092-4098	möchte	_	_	
17-3	4099-4103	noch	_	_	
17-4	4104-4109	einen	_	B	
17-5	4110-4114	Satz	_	I	
17-6	4115-4120	sagen	_	_	
17-7	4121-4123	zu	_	_	
17-8	4124-4129	einer	_	B	
17-9	4130-4135	Sache	_	I	
17-10	4135-4136	,	_	_	
17-11	4137-4140	die	_	B	
17-12	4141-4145	mich	_	B	
17-13	4146-4159	grundsätzlich	_	_	
17-14	4160-4164	sehr	_	_	
17-15	4165-4170	stört	_	_	
17-16	4170-4171	:	_	_	
17-17	4172-4175	Die	_	B	
17-18	4176-4188	Diskussionen	_	I	
17-19	4189-4193	über	_	_	
17-20	4194-4197	die	_	B	
17-21	4198-4211	Rentenpolitik	_	I	
17-22	4212-4216	sind	_	_	
17-23	4217-4221	fast	_	_	
17-24	4222-4236	ausschließlich	_	_	
17-25	4237-4247	fokussiert	_	_	
17-26	4248-4251	auf	_	_	
17-27	4252-4255	die	_	B	
17-28	4256-4267	gesetzliche	_	I	
17-29	4268-4273	Rente	_	I	
17-30	4273-4274	.	_	_	
17-31	4275-4280	Viele	Animated[25]	B	
17-32	4281-4289	Menschen	Animated[25]	I	
17-33	4290-4292	in	_	_	
17-34	4293-4304	Deutschland	_	B	
17-35	4305-4306	–	_	_	
17-36	4307-4309	um	_	_	
17-37	4310-4315	nicht	_	_	
17-38	4316-4318	zu	_	_	
17-39	4319-4324	sagen	_	_	
17-40	4324-4325	:	_	_	
17-41	4326-4329	die	Animated[26]	B	
17-42	4330-4337	meisten	Animated[26]	I	
17-43	4338-4346	Menschen	Animated[26]	I	
17-44	4347-4349	in	_	_	
17-45	4350-4361	Deutschland	_	B	
17-46	4362-4363	–	_	_	
17-47	4364-4377	konzentrieren	_	_	
17-48	4378-4382	ihre	_	B	
17-49	4383-4397	Altersvorsorge	_	I	
17-50	4398-4401	auf	_	_	
17-51	4402-4405	die	_	_	
17-52	4406-4412	zweite	_	_	
17-53	4413-4416	und	_	_	
17-54	4417-4420	die	_	B	
17-55	4421-4427	dritte	_	I	
17-56	4428-4433	Säule	_	I	
17-57	4433-4434	.	_	_	

#Text=Wenn Sie das mit anschauen, wenn Sie sehen, wie Vorsorge in Deutschland passiert, was die Menschen tatsächlich im Portemonnaie haben oder im heimischen Garten oder im Grundbuch zu stehen haben, dann stellen Sie fest, dass die Lage ganz anders aussieht.
18-1	4440-4444	Wenn	_	_	
18-2	4445-4448	Sie	_	B	
18-3	4449-4452	das	_	B	
18-4	4453-4456	mit	_	_	
18-5	4457-4466	anschauen	_	_	
18-6	4466-4467	,	_	_	
18-7	4468-4472	wenn	_	_	
18-8	4473-4476	Sie	_	B	
18-9	4477-4482	sehen	_	_	
18-10	4482-4483	,	_	_	
18-11	4484-4487	wie	_	_	
18-12	4488-4496	Vorsorge	_	B	
18-13	4497-4499	in	_	_	
18-14	4500-4511	Deutschland	_	B	
18-15	4512-4520	passiert	_	_	
18-16	4520-4521	,	_	_	
18-17	4522-4525	was	_	B	
18-18	4526-4529	die	Animated[27]	B	
18-19	4530-4538	Menschen	Animated[27]	I	
18-20	4539-4550	tatsächlich	_	_	
18-21	4551-4553	im	_	_	
18-22	4554-4566	Portemonnaie	_	B	
18-23	4567-4572	haben	_	_	
18-24	4573-4577	oder	_	_	
18-25	4578-4580	im	_	_	
18-26	4581-4591	heimischen	_	B	
18-27	4592-4598	Garten	_	I	
18-28	4599-4603	oder	_	_	
18-29	4604-4606	im	_	_	
18-30	4607-4616	Grundbuch	_	B	
18-31	4617-4619	zu	_	_	
18-32	4620-4626	stehen	_	_	
18-33	4627-4632	haben	_	_	
18-34	4632-4633	,	_	_	
18-35	4634-4638	dann	_	_	
18-36	4639-4646	stellen	_	_	
18-37	4647-4650	Sie	_	B	
18-38	4651-4655	fest	_	_	
18-39	4655-4656	,	_	_	
18-40	4657-4661	dass	_	_	
18-41	4662-4665	die	_	B	
18-42	4666-4670	Lage	_	I	
18-43	4671-4675	ganz	_	_	
18-44	4676-4682	anders	_	_	
18-45	4683-4691	aussieht	_	_	
18-46	4691-4692	.	_	_	

#Text=Insofern spreche ich mich einmal mehr heute für eine sachorientierte, für eine lösungsorientierte Politik aus,
19-1	4699-4707	Insofern	_	_	
19-2	4708-4715	spreche	_	_	
19-3	4716-4719	ich	Animated	B	
19-4	4720-4724	mich	_	B	
19-5	4725-4731	einmal	_	_	
19-6	4732-4736	mehr	_	_	
19-7	4737-4742	heute	_	_	
19-8	4743-4746	für	_	_	
19-9	4747-4751	eine	_	_	
19-10	4752-4767	sachorientierte	_	_	
19-11	4767-4768	,	_	_	
19-12	4769-4772	für	_	_	
19-13	4773-4777	eine	_	B	
19-14	4778-4796	lösungsorientierte	_	I	
19-15	4797-4804	Politik	_	I	
19-16	4805-4808	aus	_	_	
19-17	4808-4809	,	_	_	

#Text=die die Dinge beim Namen nennt und den Menschen nicht irgendetwas vorgaukelt.
20-1	4812-4815	die	_	_	
20-2	4816-4819	die	_	B	
20-3	4820-4825	Dinge	_	I	
20-4	4826-4830	beim	_	_	
20-5	4831-4836	Namen	_	B	
20-6	4837-4842	nennt	_	_	
20-7	4843-4846	und	_	_	
20-8	4847-4850	den	Animated[28]	B	
20-9	4851-4859	Menschen	Animated[28]	I	
20-10	4860-4865	nicht	_	B	
20-11	4866-4877	irgendetwas	_	I	
20-12	4878-4888	vorgaukelt	_	_	
20-13	4888-4889	.	_	_	

#Text=Vielen Dank.
21-1	4891-4897	Vielen	_	_	
21-2	4898-4902	Dank	_	_	
21-3	4902-4903	.	_	_	

#Text=Vielen Dank, Frau Kollegin Schimke. – Nächster Redner ist der Kollege Pascal Kober, FDP-Fraktion.
22-1	4905-4911	Vielen	_	_	
22-2	4912-4916	Dank	_	_	
22-3	4916-4917	,	_	_	
22-4	4918-4922	Frau	_	_	
22-5	4923-4931	Kollegin	Animated[29]	B	
22-6	4932-4939	Schimke	Animated[29]	I	
22-7	4939-4940	.	_	_	
22-8	4941-4942	–	_	_	
22-9	4943-4951	Nächster	Animated[30]	B	
22-10	4952-4958	Redner	Animated[30]	I	
22-11	4959-4962	ist	_	_	
22-12	4963-4966	der	Animated[31]	B	
22-13	4967-4974	Kollege	Animated[31]	I	
22-14	4975-4981	Pascal	Animated[31]	I	
22-15	4982-4987	Kober	Animated[31]	I	
22-16	4987-4988	,	Animated[31]	I	
22-17	4989-5001	FDP-Fraktion	Animated[31]	I	
22-18	5001-5002	.	_	_	
