#FORMAT=WebAnno TSV 3.3
#T_SP=webanno.custom.Animacy|Animated
#T_SP=webanno.custom.CustomChunk|Chunk


#Text=Geschätzte Frau Vizepräsidentin! Meine lieben Kolleginnen und Kollegen! Ich glaube, wir müssen mal eines klarmachen – es war in der Debatte vorher doch auch klar –: Europa ist eine Rechts- und eine Wertegemeinschaft. Zu den Werten, die an vielen Stellen christlich basiert sind, gehört nicht nur das Wort „Solidarität“, dazu gehört auch das Wort „Nächstenliebe“.
1-1	0-10	Geschätzte	Animated[1]	B	
1-2	11-15	Frau	Animated[1]	I	
1-3	16-31	Vizepräsidentin	Animated[1]	I	
1-4	31-32	!	_	_	
1-5	33-38	Meine	_	_	
1-6	39-45	lieben	_	_	
1-7	46-57	Kolleginnen	Animated	B	
1-8	58-61	und	_	_	
1-9	62-70	Kollegen	Animated	B	
1-10	70-71	!	_	_	
1-11	72-75	Ich	Animated	B	
1-12	76-82	glaube	_	_	
1-13	82-83	,	_	_	
1-14	84-87	wir	Animated	B	
1-15	88-94	müssen	_	_	
1-16	95-98	mal	_	_	
1-17	99-104	eines	_	B	
1-18	105-115	klarmachen	_	_	
1-19	116-117	–	_	_	
1-20	118-120	es	_	B	
1-21	121-124	war	_	_	
1-22	125-127	in	_	_	
1-23	128-131	der	_	B	
1-24	132-139	Debatte	_	I	
1-25	140-146	vorher	_	_	
1-26	147-151	doch	_	_	
1-27	152-156	auch	_	_	
1-28	157-161	klar	_	_	
1-29	162-163	–	_	_	
1-30	163-164	:	_	_	
1-31	165-171	Europa	Animated	B	
1-32	172-175	ist	_	_	
1-33	176-180	eine	Animated[2]	B	
1-34	181-188	Rechts-	Animated[2]	I	
1-35	189-192	und	Animated[2]	I	
1-36	193-197	eine	Animated[2]	I	
1-37	198-215	Wertegemeinschaft	Animated[2]	I	
1-38	215-216	.	_	_	
1-39	217-219	Zu	_	_	
1-40	220-223	den	_	B	
1-41	224-230	Werten	_	I	
1-42	230-231	,	_	_	
1-43	232-235	die	_	B	
1-44	236-238	an	_	_	
1-45	239-245	vielen	_	B	
1-46	246-253	Stellen	_	I	
1-47	254-264	christlich	_	_	
1-48	265-272	basiert	_	_	
1-49	273-277	sind	_	_	
1-50	277-278	,	_	_	
1-51	279-285	gehört	_	_	
1-52	286-291	nicht	_	B	
1-53	292-295	nur	_	I	
1-54	296-299	das	_	I	
1-55	300-304	Wort	_	I	
1-56	305-306	„	_	I	
1-57	306-317	Solidarität	_	I	
1-58	317-318	“	_	_	
1-59	318-319	,	_	_	
1-60	320-324	dazu	_	_	
1-61	325-331	gehört	_	_	
1-62	332-336	auch	_	B	
1-63	337-340	das	_	I	
1-64	341-345	Wort	_	I	
1-65	346-347	„	_	I	
1-66	347-360	Nächstenliebe	_	I	
1-67	360-361	“	_	_	
1-68	361-362	.	_	_	

#Text=Was heißt Nächstenliebe? Es geht dabei nicht um die Frage: „Bin ich reich, oder bin ich arm?“,
2-1	376-379	Was	_	B	
2-2	380-385	heißt	_	_	
2-3	386-399	Nächstenliebe	_	B	
2-4	399-400	?	_	_	
2-5	401-403	Es	_	_	
2-6	404-408	geht	_	_	
2-7	409-414	dabei	_	_	
2-8	415-420	nicht	_	B	
2-9	421-423	um	_	I	
2-10	424-427	die	_	I	
2-11	428-433	Frage	_	I	
2-12	433-434	:	_	_	
2-13	435-436	„	_	_	
2-14	436-439	Bin	_	_	
2-15	440-443	ich	Animated	B	
2-16	444-449	reich	_	_	
2-17	449-450	,	_	_	
2-18	451-455	oder	_	_	
2-19	456-459	bin	_	_	
2-20	460-463	ich	Animated	B	
2-21	464-467	arm	_	_	
2-22	467-468	?	_	_	
2-23	468-469	“	_	_	
2-24	469-470	,	_	_	

#Text=sondern es geht um die Frage: Bin ich in einem Moment schwach, oder – wenn es um meine Verantwortung geht – bin ich in einem Moment stark? Das ist das, worum es heute und worum es bei der Frage „Wie helfen wir einander in Europa?“ geht.
3-1	478-485	sondern	_	_	
3-2	486-488	es	_	_	
3-3	489-493	geht	_	_	
3-4	494-496	um	_	_	
3-5	497-500	die	_	B	
3-6	501-506	Frage	_	I	
3-7	506-507	:	_	_	
3-8	508-511	Bin	_	_	
3-9	512-515	ich	Animated	B	
3-10	516-518	in	_	_	
3-11	519-524	einem	_	B	
3-12	525-531	Moment	_	I	
3-13	532-539	schwach	_	_	
3-14	539-540	,	_	_	
3-15	541-545	oder	_	_	
3-16	546-547	–	_	_	
3-17	548-552	wenn	_	_	
3-18	553-555	es	_	_	
3-19	556-558	um	_	_	
3-20	559-564	meine	_	B	
3-21	565-578	Verantwortung	_	I	
3-22	579-583	geht	_	_	
3-23	584-585	–	_	_	
3-24	586-589	bin	_	_	
3-25	590-593	ich	Animated	B	
3-26	594-596	in	_	_	
3-27	597-602	einem	_	B	
3-28	603-609	Moment	_	I	
3-29	610-615	stark	_	_	
3-30	615-616	?	_	_	
3-31	617-620	Das	_	B	
3-32	621-624	ist	_	_	
3-33	625-628	das	_	B	
3-34	628-629	,	_	_	
3-35	630-635	worum	_	_	
3-36	636-638	es	_	_	
3-37	639-644	heute	_	_	
3-38	645-648	und	_	_	
3-39	649-654	worum	_	_	
3-40	655-657	es	_	_	
3-41	658-661	bei	_	_	
3-42	662-665	der	_	B	
3-43	666-671	Frage	_	I	
3-44	672-673	„	_	_	
3-45	673-676	Wie	_	_	
3-46	677-683	helfen	_	_	
3-47	684-687	wir	Animated	B	
3-48	688-696	einander	_	B	
3-49	697-699	in	_	_	
3-50	700-706	Europa	Animated	B	
3-51	706-707	?	_	_	
3-52	707-708	“	_	_	
3-53	709-713	geht	_	_	
3-54	713-714	.	_	_	

#Text=Es geht nicht um reich, um arm, sondern es geht um stark, um schwach, um denjenigen, der Hilfe braucht, und denjenigen, der Hilfe leisten kann.
4-1	723-725	Es	_	_	
4-2	726-730	geht	_	_	
4-3	731-736	nicht	_	_	
4-4	737-739	um	_	_	
4-5	740-745	reich	_	_	
4-6	745-746	,	_	_	
4-7	747-749	um	_	_	
4-8	750-753	arm	_	_	
4-9	753-754	,	_	_	
4-10	755-762	sondern	_	_	
4-11	763-765	es	_	_	
4-12	766-770	geht	_	_	
4-13	771-773	um	_	_	
4-14	774-779	stark	_	_	
4-15	779-780	,	_	_	
4-16	781-783	um	_	_	
4-17	784-791	schwach	_	_	
4-18	791-792	,	_	_	
4-19	793-795	um	_	_	
4-20	796-806	denjenigen	_	B	
4-21	806-807	,	_	_	
4-22	808-811	der	_	B	
4-23	812-817	Hilfe	_	I	
4-24	818-825	braucht	_	_	
4-25	825-826	,	_	_	
4-26	827-830	und	_	_	
4-27	831-841	denjenigen	_	B	
4-28	841-842	,	_	_	
4-29	843-846	der	_	B	
4-30	847-852	Hilfe	_	I	
4-31	853-860	leisten	_	_	
4-32	861-865	kann	_	_	
4-33	865-866	.	_	_	

#Text=Meine Damen und Herren, wir können Hilfe leisten; das ist heute hier wenig erwähnt worden. Ich weiß: Besonders auf einer Seite des Hauses wird das ungerne gehört. Warum ist Deutschland in der Lage, seiner Verantwortung gerecht zu werden? Weil wir in den vergangenen Jahren – Herr Minister, man hätte es besser machen können – gespart haben. Wir haben in der Zeit gespart und können jetzt in der Not Hilfe leisten, nicht nur für uns, sondern – und das gehört sich so in einer europäischen Familie –
5-1	875-880	Meine	Animated[3]	B	
5-2	881-886	Damen	Animated[3]	I	
5-3	887-890	und	_	_	
5-4	891-897	Herren	Animated	B	
5-5	897-898	,	_	_	
5-6	899-902	wir	Animated	B	
5-7	903-909	können	_	_	
5-8	910-915	Hilfe	_	B	
5-9	916-923	leisten	_	_	
5-10	923-924	;	_	_	
5-11	925-928	das	_	B	
5-12	929-932	ist	_	_	
5-13	933-938	heute	_	_	
5-14	939-943	hier	_	_	
5-15	944-949	wenig	_	B	
5-16	950-957	erwähnt	_	_	
5-17	958-964	worden	_	_	
5-18	964-965	.	_	_	
5-19	966-969	Ich	Animated	B	
5-20	970-974	weiß	_	_	
5-21	974-975	:	_	_	
5-22	976-985	Besonders	_	_	
5-23	986-989	auf	_	_	
5-24	990-995	einer	_	B	
5-25	996-1001	Seite	_	I	
5-26	1002-1005	des	Animated[4]	B	
5-27	1006-1012	Hauses	Animated[4]	I	
5-28	1013-1017	wird	_	_	
5-29	1018-1021	das	_	B	
5-30	1022-1029	ungerne	_	I	
5-31	1030-1036	gehört	_	_	
5-32	1036-1037	.	_	_	
5-33	1038-1043	Warum	_	_	
5-34	1044-1047	ist	_	_	
5-35	1048-1059	Deutschland	Animated	B	
5-36	1060-1062	in	_	_	
5-37	1063-1066	der	_	B	
5-38	1067-1071	Lage	_	I	
5-39	1071-1072	,	_	_	
5-40	1073-1079	seiner	_	B	
5-41	1080-1093	Verantwortung	_	I	
5-42	1094-1101	gerecht	_	_	
5-43	1102-1104	zu	_	_	
5-44	1105-1111	werden	_	_	
5-45	1111-1112	?	_	_	
5-46	1113-1117	Weil	_	_	
5-47	1118-1121	wir	Animated	B	
5-48	1122-1124	in	_	_	
5-49	1125-1128	den	_	B	
5-50	1129-1140	vergangenen	_	I	
5-51	1141-1147	Jahren	_	I	
5-52	1148-1149	–	_	_	
5-53	1150-1154	Herr	_	_	
5-54	1155-1163	Minister	Animated	B	
5-55	1163-1164	,	_	_	
5-56	1165-1168	man	Animated	B	
5-57	1169-1174	hätte	_	_	
5-58	1175-1177	es	_	B	
5-59	1178-1184	besser	_	_	
5-60	1185-1191	machen	_	_	
5-61	1192-1198	können	_	_	
5-62	1199-1200	–	_	_	
5-63	1201-1208	gespart	_	_	
5-64	1209-1214	haben	_	_	
5-65	1214-1215	.	_	_	
5-66	1216-1219	Wir	Animated	B	
5-67	1220-1225	haben	_	_	
5-68	1226-1228	in	_	_	
5-69	1229-1232	der	_	B	
5-70	1233-1237	Zeit	_	I	
5-71	1238-1245	gespart	_	_	
5-72	1246-1249	und	_	_	
5-73	1250-1256	können	_	_	
5-74	1257-1262	jetzt	_	_	
5-75	1263-1265	in	_	_	
5-76	1266-1269	der	_	B	
5-77	1270-1273	Not	_	I	
5-78	1274-1279	Hilfe	_	B	
5-79	1280-1287	leisten	_	_	
5-80	1287-1288	,	_	_	
5-81	1289-1294	nicht	_	_	
5-82	1295-1298	nur	_	_	
5-83	1299-1302	für	_	_	
5-84	1303-1306	uns	_	B	
5-85	1306-1307	,	_	_	
5-86	1308-1315	sondern	_	_	
5-87	1316-1317	–	_	_	
5-88	1318-1321	und	_	_	
5-89	1322-1325	das	_	B	
5-90	1326-1332	gehört	_	_	
5-91	1333-1337	sich	_	B	
5-92	1338-1340	so	_	_	
5-93	1341-1343	in	_	_	
5-94	1344-1349	einer	Animated[5]	B	
5-95	1350-1362	europäischen	Animated[5]	I	
5-96	1363-1370	Familie	Animated[5]	I	
5-97	1371-1372	–	_	_	

#Text=wir können auch denen helfen, die sich im Moment nicht in dem Maße helfen können, wie es normal notwendig wäre.
6-1	1384-1387	wir	Animated	B	
6-2	1388-1394	können	_	_	
6-3	1395-1399	auch	_	B	
6-4	1400-1405	denen	_	I	
6-5	1406-1412	helfen	_	_	
6-6	1412-1413	,	_	_	
6-7	1414-1417	die	_	B	
6-8	1418-1422	sich	_	B	
6-9	1423-1425	im	_	_	
6-10	1426-1432	Moment	_	B	
6-11	1433-1438	nicht	_	_	
6-12	1439-1441	in	_	_	
6-13	1442-1445	dem	_	B	
6-14	1446-1450	Maße	_	I	
6-15	1451-1457	helfen	_	_	
6-16	1458-1464	können	_	_	
6-17	1464-1465	,	_	_	
6-18	1466-1469	wie	_	_	
6-19	1470-1472	es	_	B	
6-20	1473-1479	normal	_	_	
6-21	1480-1489	notwendig	_	_	
6-22	1490-1494	wäre	_	_	
6-23	1494-1495	.	_	_	

#Text=Worüber wir aber reden müssen – das ist der Grund, warum meine Fraktion am Ende mit Enthaltung votieren wird –, ist die Frage des richtigen Weges der Hilfe. Wie gestalte ich es so, dass ich dauerhaft helfen kann? Und wie gestalte ich es auch gleichzeitig so, dass derjenige, dem ich helfen will und muss und kann, am Ende nicht wieder in dieselbe Situation hineinkommt? Denn das ist doch die Aufgabe von uns als Politikern, von Parlamenten: zu verhindern, dass dieselben Fehler noch mal passieren, dass es zu Situationen und Bildern kommt, die wir alle nicht noch einmal sehen wollen.
7-1	1499-1506	Worüber	_	_	
7-2	1507-1510	wir	Animated	B	
7-3	1511-1515	aber	_	_	
7-4	1516-1521	reden	_	_	
7-5	1522-1528	müssen	_	_	
7-6	1529-1530	–	_	_	
7-7	1531-1534	das	_	_	
7-8	1535-1538	ist	_	_	
7-9	1539-1542	der	_	B	
7-10	1543-1548	Grund	_	I	
7-11	1548-1549	,	_	_	
7-12	1550-1555	warum	_	_	
7-13	1556-1561	meine	Animated[6]	B	
7-14	1562-1570	Fraktion	Animated[6]	I	
7-15	1571-1573	am	_	_	
7-16	1574-1578	Ende	_	B	
7-17	1579-1582	mit	_	_	
7-18	1583-1593	Enthaltung	_	B	
7-19	1594-1602	votieren	_	_	
7-20	1603-1607	wird	_	_	
7-21	1608-1609	–	_	_	
7-22	1609-1610	,	_	_	
7-23	1611-1614	ist	_	_	
7-24	1615-1618	die	_	B	
7-25	1619-1624	Frage	_	I	
7-26	1625-1628	des	_	B	
7-27	1629-1638	richtigen	_	I	
7-28	1639-1644	Weges	_	I	
7-29	1645-1648	der	_	B	
7-30	1649-1654	Hilfe	_	I	
7-31	1654-1655	.	_	_	
7-32	1656-1659	Wie	_	_	
7-33	1660-1668	gestalte	_	_	
7-34	1669-1672	ich	Animated	B	
7-35	1673-1675	es	_	B	
7-36	1676-1678	so	_	_	
7-37	1678-1679	,	_	_	
7-38	1680-1684	dass	_	_	
7-39	1685-1688	ich	Animated	B	
7-40	1689-1698	dauerhaft	_	_	
7-41	1699-1705	helfen	_	_	
7-42	1706-1710	kann	_	_	
7-43	1710-1711	?	_	_	
7-44	1712-1715	Und	_	_	
7-45	1716-1719	wie	_	_	
7-46	1720-1728	gestalte	_	_	
7-47	1729-1732	ich	Animated	B	
7-48	1733-1735	es	_	B	
7-49	1736-1740	auch	_	_	
7-50	1741-1753	gleichzeitig	_	_	
7-51	1754-1756	so	_	_	
7-52	1756-1757	,	_	_	
7-53	1758-1762	dass	_	_	
7-54	1763-1772	derjenige	_	B	
7-55	1772-1773	,	_	_	
7-56	1774-1777	dem	_	B	
7-57	1778-1781	ich	Animated	B	
7-58	1782-1788	helfen	_	_	
7-59	1789-1793	will	_	_	
7-60	1794-1797	und	_	_	
7-61	1798-1802	muss	_	_	
7-62	1803-1806	und	_	_	
7-63	1807-1811	kann	_	_	
7-64	1811-1812	,	_	_	
7-65	1813-1815	am	_	_	
7-66	1816-1820	Ende	_	B	
7-67	1821-1826	nicht	_	_	
7-68	1827-1833	wieder	_	_	
7-69	1834-1836	in	_	_	
7-70	1837-1845	dieselbe	_	B	
7-71	1846-1855	Situation	_	I	
7-72	1856-1867	hineinkommt	_	_	
7-73	1867-1868	?	_	_	
7-74	1869-1873	Denn	_	_	
7-75	1874-1877	das	_	B	
7-76	1878-1881	ist	_	_	
7-77	1882-1886	doch	_	_	
7-78	1887-1890	die	_	B	
7-79	1891-1898	Aufgabe	_	I	
7-80	1899-1902	von	_	_	
7-81	1903-1906	uns	_	B	
7-82	1907-1910	als	_	_	
7-83	1911-1921	Politikern	Animated	B	
7-84	1921-1922	,	_	_	
7-85	1923-1926	von	_	_	
7-86	1927-1938	Parlamenten	Animated	B	
7-87	1938-1939	:	_	_	
7-88	1940-1942	zu	_	_	
7-89	1943-1953	verhindern	_	_	
7-90	1953-1954	,	_	_	
7-91	1955-1959	dass	_	_	
7-92	1960-1969	dieselben	_	B	
7-93	1970-1976	Fehler	_	I	
7-94	1977-1981	noch	_	_	
7-95	1982-1985	mal	_	_	
7-96	1986-1995	passieren	_	_	
7-97	1995-1996	,	_	_	
7-98	1997-2001	dass	_	_	
7-99	2002-2004	es	_	_	
7-100	2005-2007	zu	_	_	
7-101	2008-2019	Situationen	_	B	
7-102	2020-2023	und	_	_	
7-103	2024-2031	Bildern	_	B	
7-104	2032-2037	kommt	_	_	
7-105	2037-2038	,	_	_	
7-106	2039-2042	die	_	B	
7-107	2043-2046	wir	Animated	B	
7-108	2047-2051	alle	_	B	
7-109	2052-2057	nicht	_	_	
7-110	2058-2062	noch	_	_	
7-111	2063-2069	einmal	_	_	
7-112	2070-2075	sehen	_	_	
7-113	2076-2082	wollen	_	_	
7-114	2082-2083	.	_	_	

#Text=Deswegen gibt es von uns eine ausdrückliche Unterstützung für das Programm der EIB. Es gibt auch für SURE eine Unterstützung. Aber ich frage Sie, Herr Minister: Warum haben wir denn so eine starke Leistungsfähigkeit beim Kurzarbeitergeld? Weil Arbeitgeber und Arbeitnehmer diese Leistungen erbracht haben.
8-1	2099-2107	Deswegen	_	_	
8-2	2108-2112	gibt	_	_	
8-3	2113-2115	es	_	_	
8-4	2116-2119	von	_	_	
8-5	2120-2123	uns	_	B	
8-6	2124-2128	eine	_	B	
8-7	2129-2142	ausdrückliche	_	I	
8-8	2143-2156	Unterstützung	_	I	
8-9	2157-2160	für	_	_	
8-10	2161-2164	das	_	B	
8-11	2165-2173	Programm	_	I	
8-12	2174-2177	der	Animated[7]	B	
8-13	2178-2181	EIB	Animated[7]	I	
8-14	2181-2182	.	_	_	
8-15	2183-2185	Es	_	_	
8-16	2186-2190	gibt	_	_	
8-17	2191-2195	auch	_	_	
8-18	2196-2199	für	_	_	
8-19	2200-2204	SURE	_	B	
8-20	2205-2209	eine	_	B	
8-21	2210-2223	Unterstützung	_	I	
8-22	2223-2224	.	_	_	
8-23	2225-2229	Aber	_	_	
8-24	2230-2233	ich	Animated	B	
8-25	2234-2239	frage	_	_	
8-26	2240-2243	Sie	_	B	
8-27	2243-2244	,	_	_	
8-28	2245-2249	Herr	Animated[8]	B	
8-29	2250-2258	Minister	Animated[8]	I	
8-30	2258-2259	:	_	_	
8-31	2260-2265	Warum	_	_	
8-32	2266-2271	haben	_	_	
8-33	2272-2275	wir	Animated	B	
8-34	2276-2280	denn	_	_	
8-35	2281-2283	so	_	_	
8-36	2284-2288	eine	_	B	
8-37	2289-2295	starke	_	I	
8-38	2296-2314	Leistungsfähigkeit	_	I	
8-39	2315-2319	beim	_	_	
8-40	2320-2336	Kurzarbeitergeld	_	B	
8-41	2336-2337	?	_	_	
8-42	2338-2342	Weil	_	_	
8-43	2343-2354	Arbeitgeber	Animated	B	
8-44	2355-2358	und	_	_	
8-45	2359-2371	Arbeitnehmer	Animated	B	
8-46	2372-2377	diese	_	B	
8-47	2378-2388	Leistungen	_	I	
8-48	2389-2397	erbracht	_	_	
8-49	2398-2403	haben	_	_	
8-50	2403-2404	.	_	_	

#Text=Ich erwarte von Ihnen, sich in Europa dafür einzusetzen, dass die anderen Länder in Zukunft auch eine Absicherung schaffen, die Arbeitgeber und Arbeitnehmer so aufbauen, dass sie in der nächsten Krise – denn Krisen kommen immer wieder – entsprechend reagieren können.
9-1	2411-2414	Ich	Animated	B	
9-2	2415-2422	erwarte	_	_	
9-3	2423-2426	von	_	_	
9-4	2427-2432	Ihnen	_	B	
9-5	2432-2433	,	_	_	
9-6	2434-2438	sich	_	B	
9-7	2439-2441	in	_	_	
9-8	2442-2448	Europa	_	B	
9-9	2449-2454	dafür	_	_	
9-10	2455-2466	einzusetzen	_	_	
9-11	2466-2467	,	_	_	
9-12	2468-2472	dass	_	_	
9-13	2473-2476	die	Animated[9]	B	
9-14	2477-2484	anderen	Animated[9]	I	
9-15	2485-2491	Länder	Animated[9]	I	
9-16	2492-2494	in	_	_	
9-17	2495-2502	Zukunft	_	B	
9-18	2503-2507	auch	_	B	
9-19	2508-2512	eine	_	I	
9-20	2513-2524	Absicherung	_	I	
9-21	2525-2533	schaffen	_	_	
9-22	2533-2534	,	_	_	
9-23	2535-2538	die	_	_	
9-24	2539-2550	Arbeitgeber	Animated	B	
9-25	2551-2554	und	_	_	
9-26	2555-2567	Arbeitnehmer	Animated	B	
9-27	2568-2570	so	_	_	
9-28	2571-2579	aufbauen	_	_	
9-29	2579-2580	,	_	_	
9-30	2581-2585	dass	_	_	
9-31	2586-2589	sie	_	B	
9-32	2590-2592	in	_	_	
9-33	2593-2596	der	_	B	
9-34	2597-2605	nächsten	_	I	
9-35	2606-2611	Krise	_	I	
9-36	2612-2613	–	_	_	
9-37	2614-2618	denn	_	_	
9-38	2619-2625	Krisen	_	B	
9-39	2626-2632	kommen	_	_	
9-40	2633-2638	immer	_	_	
9-41	2639-2645	wieder	_	_	
9-42	2646-2647	–	_	_	
9-43	2648-2660	entsprechend	_	_	
9-44	2661-2670	reagieren	_	_	
9-45	2671-2677	können	_	_	
9-46	2677-2678	.	_	_	

#Text=Das ist die Hilfe, die wir geben, damit andere auf Dauer helfen können.
10-1	2684-2687	Das	_	B	
10-2	2688-2691	ist	_	_	
10-3	2692-2695	die	_	B	
10-4	2696-2701	Hilfe	_	I	
10-5	2701-2702	,	_	_	
10-6	2703-2706	die	_	B	
10-7	2707-2710	wir	Animated	B	
10-8	2711-2716	geben	_	_	
10-9	2716-2717	,	_	_	
10-10	2718-2723	damit	_	_	
10-11	2724-2730	andere	_	B	
10-12	2731-2734	auf	_	_	
10-13	2735-2740	Dauer	_	B	
10-14	2741-2747	helfen	_	_	
10-15	2748-2754	können	_	_	
10-16	2754-2755	.	_	_	

#Text=Zu der Frage des ESM. Ich muss dem Kollegen Rehberg und anderen widersprechen: Das ist eben nicht der richtige und präzise Weg. Ja, es ist ein Weg; aber es ist nicht der richtige und nicht der präzise. Kollege Rehberg, ich darf zum Thema, was der ESM ist, den berühmten Abgeordneten Wolfgang Schäuble zitieren. Er hat nämlich gesagt:
11-1	2759-2761	Zu	_	_	
11-2	2762-2765	der	_	B	
11-3	2766-2771	Frage	_	I	
11-4	2772-2775	des	Animated[10]	B	
11-5	2776-2779	ESM	Animated[10]	I	
11-6	2779-2780	.	_	_	
11-7	2781-2784	Ich	Animated	B	
11-8	2785-2789	muss	_	_	
11-9	2790-2793	dem	Animated[11]	B	
11-10	2794-2802	Kollegen	Animated[11]	I	
11-11	2803-2810	Rehberg	Animated[11]	I	
11-12	2811-2814	und	_	_	
11-13	2815-2822	anderen	_	B	
11-14	2823-2836	widersprechen	_	_	
11-15	2836-2837	:	_	_	
11-16	2838-2841	Das	_	B	
11-17	2842-2845	ist	_	_	
11-18	2846-2850	eben	_	_	
11-19	2851-2856	nicht	_	_	
11-20	2857-2860	der	_	B	
11-21	2861-2869	richtige	_	I	
11-22	2870-2873	und	_	I	
11-23	2874-2881	präzise	_	I	
11-24	2882-2885	Weg	_	I	
11-25	2885-2886	.	_	_	
11-26	2887-2889	Ja	_	_	
11-27	2889-2890	,	_	_	
11-28	2891-2893	es	_	B	
11-29	2894-2897	ist	_	_	
11-30	2898-2901	ein	_	B	
11-31	2902-2905	Weg	_	I	
11-32	2905-2906	;	_	_	
11-33	2907-2911	aber	_	_	
11-34	2912-2914	es	_	B	
11-35	2915-2918	ist	_	_	
11-36	2919-2924	nicht	_	_	
11-37	2925-2928	der	_	_	
11-38	2929-2937	richtige	_	_	
11-39	2938-2941	und	_	_	
11-40	2942-2947	nicht	_	_	
11-41	2948-2951	der	_	_	
11-42	2952-2959	präzise	_	_	
11-43	2959-2960	.	_	_	
11-44	2961-2968	Kollege	Animated[12]	B	
11-45	2969-2976	Rehberg	Animated[12]	I	
11-46	2976-2977	,	_	_	
11-47	2978-2981	ich	Animated	B	
11-48	2982-2986	darf	_	_	
11-49	2987-2990	zum	_	_	
11-50	2991-2996	Thema	_	B	
11-51	2996-2997	,	_	_	
11-52	2998-3001	was	_	B	
11-53	3002-3005	der	Animated[13]	B	
11-54	3006-3009	ESM	Animated[13]	I	
11-55	3010-3013	ist	_	_	
11-56	3013-3014	,	_	_	
11-57	3015-3018	den	Animated[14]	B	
11-58	3019-3028	berühmten	Animated[14]	I	
11-59	3029-3041	Abgeordneten	Animated[14]	I	
11-60	3042-3050	Wolfgang	Animated[14]	I	
11-61	3051-3059	Schäuble	Animated[14]	I	
11-62	3060-3068	zitieren	_	_	
11-63	3068-3069	.	_	_	
11-64	3070-3072	Er	_	B	
11-65	3073-3076	hat	_	_	
11-66	3077-3084	nämlich	_	_	
11-67	3085-3091	gesagt	_	_	
11-68	3091-3092	:	_	_	

#Text=Es gibt Unterstützung
12-1	3104-3106	Es	_	_	
12-2	3107-3111	gibt	_	_	
12-3	3112-3125	Unterstützung	_	B	

#Text=– über den ESM –
13-1	3126-3127	–	_	_	
13-2	3128-3132	über	_	_	
13-3	3133-3136	den	Animated[15]	B	
13-4	3137-3140	ESM	Animated[15]	I	
13-5	3141-3142	–	_	_	

#Text=nur unter den Voraussetzungen der Konditionalität, also klare Auflagen, klares Sanierungsprogramm und immer nur dann, wenn es zur Aufrechterhaltung der Stabilität der Eurozone insgesamt unerlässlich ist …
14-1	3143-3146	nur	_	_	
14-2	3147-3152	unter	_	_	
14-3	3153-3156	den	_	B	
14-4	3157-3172	Voraussetzungen	_	I	
14-5	3173-3176	der	_	B	
14-6	3177-3192	Konditionalität	_	I	
14-7	3192-3193	,	_	_	
14-8	3194-3198	also	_	B	
14-9	3199-3204	klare	_	I	
14-10	3205-3213	Auflagen	_	I	
14-11	3213-3214	,	_	_	
14-12	3215-3221	klares	_	B	
14-13	3222-3240	Sanierungsprogramm	_	I	
14-14	3241-3244	und	_	_	
14-15	3245-3250	immer	_	_	
14-16	3251-3254	nur	_	_	
14-17	3255-3259	dann	_	_	
14-18	3259-3260	,	_	_	
14-19	3261-3265	wenn	_	_	
14-20	3266-3268	es	_	_	
14-21	3269-3272	zur	_	_	
14-22	3273-3290	Aufrechterhaltung	_	B	
14-23	3291-3294	der	_	B	
14-24	3295-3305	Stabilität	_	I	
14-25	3306-3309	der	_	B	
14-26	3310-3318	Eurozone	_	I	
14-27	3319-3328	insgesamt	_	_	
14-28	3329-3341	unerlässlich	_	_	
14-29	3342-3345	ist	_	_	
14-30	3346-3347	…	_	_	

#Text=Das war immer die Ultima Ratio, die wir mit dem ESM machen wollten. Und diesen Pfad – da verstehe ich meine christlich-demokratischen Freunde nicht ‑verlässt die Bundesregierung jetzt hier mit diesem Antrag. Das halten wir für nicht richtig.
15-1	3351-3354	Das	_	B	
15-2	3355-3358	war	_	_	
15-3	3359-3364	immer	_	_	
15-4	3365-3368	die	_	_	
15-5	3369-3375	Ultima	_	_	
15-6	3376-3381	Ratio	_	_	
15-7	3381-3382	,	_	_	
15-8	3383-3386	die	_	B	
15-9	3387-3390	wir	Animated	B	
15-10	3391-3394	mit	_	_	
15-11	3395-3398	dem	Animated[16]	B	
15-12	3399-3402	ESM	Animated[16]	I	
15-13	3403-3409	machen	_	_	
15-14	3410-3417	wollten	_	_	
15-15	3417-3418	.	_	_	
15-16	3419-3422	Und	_	_	
15-17	3423-3429	diesen	_	B	
15-18	3430-3434	Pfad	_	I	
15-19	3435-3436	–	_	_	
15-20	3437-3439	da	_	_	
15-21	3440-3448	verstehe	_	_	
15-22	3449-3452	ich	Animated	B	
15-23	3453-3458	meine	Animated[17]	B	
15-24	3459-3484	christlich-demokratischen	Animated[17]	I	
15-25	3485-3492	Freunde	Animated[17]	I	
15-26	3493-3498	nicht	_	_	
15-27	3499-3508	‑verlässt	_	B	
15-28	3509-3512	die	Animated[18]	B	
15-29	3513-3528	Bundesregierung	Animated[18]	I	
15-30	3529-3534	jetzt	_	_	
15-31	3535-3539	hier	_	_	
15-32	3540-3543	mit	_	_	
15-33	3544-3550	diesem	_	B	
15-34	3551-3557	Antrag	_	I	
15-35	3557-3558	.	_	_	
15-36	3559-3562	Das	_	B	
15-37	3563-3569	halten	_	_	
15-38	3570-3573	wir	Animated	B	
15-39	3574-3577	für	_	_	
15-40	3578-3583	nicht	_	_	
15-41	3584-3591	richtig	_	_	
15-42	3591-3592	.	_	_	

#Text=Denn – das will ich zum Schluss noch deutlich sagen, Herr Kollege Rehberg – in der Anlage 7 a, die Sie zitiert haben, die man sich anschauen sollte, steht nur, was auch in der Anlage 2 a steht: „Die einzige“ – ich betone: die einzige! – „Voraussetzung für den Zugang zur Kreditlinie wird darin bestehen, dass die Mitgliedstaaten des Euro-Währungsgebiets, die die Hilfe beantragen, sich verpflichten, die Kreditlinie“ für Dinge zu nehmen, die direkt oder indirekt mit Gesundheitsversorgung, Heilung oder Prävention zu tun haben. Damit – das wissen Sie – ist Tür und Tor für alles geöffnet.
16-1	3597-3601	Denn	_	_	
16-2	3602-3603	–	_	_	
16-3	3604-3607	das	_	B	
16-4	3608-3612	will	_	_	
16-5	3613-3616	ich	Animated	B	
16-6	3617-3620	zum	_	_	
16-7	3621-3628	Schluss	_	B	
16-8	3629-3633	noch	_	_	
16-9	3634-3642	deutlich	_	_	
16-10	3643-3648	sagen	_	_	
16-11	3648-3649	,	_	_	
16-12	3650-3654	Herr	_	_	
16-13	3655-3662	Kollege	Animated[19]	B	
16-14	3663-3670	Rehberg	Animated[19]	I	
16-15	3671-3672	–	_	_	
16-16	3673-3675	in	_	_	
16-17	3676-3679	der	_	B	
16-18	3680-3686	Anlage	_	I	
16-19	3687-3688	7	_	_	
16-20	3689-3690	a	_	_	
16-21	3690-3691	,	_	_	
16-22	3692-3695	die	_	B	
16-23	3696-3699	Sie	_	B	
16-24	3700-3707	zitiert	_	_	
16-25	3708-3713	haben	_	_	
16-26	3713-3714	,	_	_	
16-27	3715-3718	die	_	B	
16-28	3719-3722	man	Animated	B	
16-29	3723-3727	sich	_	B	
16-30	3728-3737	anschauen	_	_	
16-31	3738-3744	sollte	_	_	
16-32	3744-3745	,	_	_	
16-33	3746-3751	steht	_	_	
16-34	3752-3755	nur	_	_	
16-35	3755-3756	,	_	_	
16-36	3757-3760	was	_	B	
16-37	3761-3765	auch	_	_	
16-38	3766-3768	in	_	_	
16-39	3769-3772	der	_	B	
16-40	3773-3779	Anlage	_	I	
16-41	3780-3781	2	_	_	
16-42	3782-3783	a	_	_	
16-43	3784-3789	steht	_	_	
16-44	3789-3790	:	_	_	
16-45	3791-3792	„	_	_	
16-46	3792-3795	Die	_	_	
16-47	3796-3803	einzige	_	_	
16-48	3803-3804	“	_	_	
16-49	3805-3806	–	_	_	
16-50	3807-3810	ich	Animated	B	
16-51	3811-3817	betone	_	_	
16-52	3817-3818	:	_	_	
16-53	3819-3822	die	_	_	
16-54	3823-3830	einzige	_	_	
16-55	3830-3831	!	_	_	
16-56	3832-3833	–	_	_	
16-57	3834-3835	„	_	B	
16-58	3835-3848	Voraussetzung	_	I	
16-59	3849-3852	für	_	_	
16-60	3853-3856	den	_	B	
16-61	3857-3863	Zugang	_	I	
16-62	3864-3867	zur	_	_	
16-63	3868-3879	Kreditlinie	_	B	
16-64	3880-3884	wird	_	_	
16-65	3885-3890	darin	_	_	
16-66	3891-3899	bestehen	_	_	
16-67	3899-3900	,	_	_	
16-68	3901-3905	dass	_	_	
16-69	3906-3909	die	Animated[20]	B	
16-70	3910-3925	Mitgliedstaaten	Animated[20]	I	
16-71	3926-3929	des	_	B	
16-72	3930-3950	Euro-Währungsgebiets	_	I	
16-73	3950-3951	,	_	_	
16-74	3952-3955	die	_	B	
16-75	3956-3959	die	_	B	
16-76	3960-3965	Hilfe	_	I	
16-77	3966-3976	beantragen	_	_	
16-78	3976-3977	,	_	_	
16-79	3978-3982	sich	_	_	
16-80	3983-3995	verpflichten	_	_	
16-81	3995-3996	,	_	_	
16-82	3997-4000	die	_	B	
16-83	4001-4012	Kreditlinie	_	I	
16-84	4012-4013	“	_	_	
16-85	4014-4017	für	_	_	
16-86	4018-4023	Dinge	_	B	
16-87	4024-4026	zu	_	_	
16-88	4027-4033	nehmen	_	_	
16-89	4033-4034	,	_	_	
16-90	4035-4038	die	_	B	
16-91	4039-4045	direkt	_	_	
16-92	4046-4050	oder	_	_	
16-93	4051-4059	indirekt	_	_	
16-94	4060-4063	mit	_	_	
16-95	4064-4085	Gesundheitsversorgung	_	B	
16-96	4085-4086	,	_	_	
16-97	4087-4094	Heilung	_	B	
16-98	4095-4099	oder	_	_	
16-99	4100-4110	Prävention	_	B	
16-100	4111-4113	zu	_	_	
16-101	4114-4117	tun	_	_	
16-102	4118-4123	haben	_	_	
16-103	4123-4124	.	_	_	
16-104	4125-4130	Damit	_	_	
16-105	4131-4132	–	_	_	
16-106	4133-4136	das	_	B	
16-107	4137-4143	wissen	_	_	
16-108	4144-4147	Sie	_	B	
16-109	4148-4149	–	_	_	
16-110	4150-4153	ist	_	_	
16-111	4154-4157	Tür	_	B	
16-112	4158-4161	und	_	_	
16-113	4162-4165	Tor	_	B	
16-114	4166-4169	für	_	_	
16-115	4170-4175	alles	_	B	
16-116	4176-4184	geöffnet	_	_	
16-117	4184-4185	.	_	_	

#Text=Meine Damen und Herren, ich will zum Schluss ganz klar sagen: Wir enthalten uns heute. Wir sehen, dass dieser Beschluss gefasst worden ist. Wir sehen auch, dass auf europäischer Ebene hier nichts Neues kommen wird. Wir werden uns deswegen – ich war überrascht, Herr Minister, dass Sie die Anträge der anderen Länder heute in Ihrer Rede angekündigt haben – diese Anträge ganz genau angucken und werden dann sehen, wo wir in der Verpflichtung stehen, zu helfen; denn Hilfe ist ein Teil dieses wunderbaren Kontinentes.
17-1	4206-4211	Meine	Animated[21]	B	
17-2	4212-4217	Damen	Animated[21]	I	
17-3	4218-4221	und	_	_	
17-4	4222-4228	Herren	Animated	B	
17-5	4228-4229	,	_	_	
17-6	4230-4233	ich	Animated	B	
17-7	4234-4238	will	_	_	
17-8	4239-4242	zum	_	_	
17-9	4243-4250	Schluss	_	B	
17-10	4251-4255	ganz	_	_	
17-11	4256-4260	klar	_	_	
17-12	4261-4266	sagen	_	_	
17-13	4266-4267	:	_	_	
17-14	4268-4271	Wir	Animated	B	
17-15	4272-4281	enthalten	_	_	
17-16	4282-4285	uns	_	B	
17-17	4286-4291	heute	_	_	
17-18	4291-4292	.	_	_	
17-19	4293-4296	Wir	Animated	B	
17-20	4297-4302	sehen	_	_	
17-21	4302-4303	,	_	_	
17-22	4304-4308	dass	_	_	
17-23	4309-4315	dieser	_	B	
17-24	4316-4325	Beschluss	_	I	
17-25	4326-4333	gefasst	_	_	
17-26	4334-4340	worden	_	_	
17-27	4341-4344	ist	_	_	
17-28	4344-4345	.	_	_	
17-29	4346-4349	Wir	Animated	B	
17-30	4350-4355	sehen	_	_	
17-31	4356-4360	auch	_	_	
17-32	4360-4361	,	_	_	
17-33	4362-4366	dass	_	_	
17-34	4367-4370	auf	_	_	
17-35	4371-4383	europäischer	_	B	
17-36	4384-4389	Ebene	_	I	
17-37	4390-4394	hier	_	_	
17-38	4395-4401	nichts	_	B	
17-39	4402-4407	Neues	_	_	
17-40	4408-4414	kommen	_	_	
17-41	4415-4419	wird	_	_	
17-42	4419-4420	.	_	_	
17-43	4421-4424	Wir	Animated	B	
17-44	4425-4431	werden	_	_	
17-45	4432-4435	uns	_	B	
17-46	4436-4444	deswegen	_	_	
17-47	4445-4446	–	_	_	
17-48	4447-4450	ich	Animated	B	
17-49	4451-4454	war	_	_	
17-50	4455-4465	überrascht	_	_	
17-51	4465-4466	,	_	_	
17-52	4467-4471	Herr	_	_	
17-53	4472-4480	Minister	Animated	B	
17-54	4480-4481	,	_	_	
17-55	4482-4486	dass	_	_	
17-56	4487-4490	Sie	_	B	
17-57	4491-4494	die	_	B	
17-58	4495-4502	Anträge	_	I	
17-59	4503-4506	der	Animated[22]	B	
17-60	4507-4514	anderen	Animated[22]	I	
17-61	4515-4521	Länder	Animated[22]	I	
17-62	4522-4527	heute	_	_	
17-63	4528-4530	in	_	_	
17-64	4531-4536	Ihrer	_	B	
17-65	4537-4541	Rede	_	I	
17-66	4542-4553	angekündigt	_	_	
17-67	4554-4559	haben	_	_	
17-68	4560-4561	–	_	_	
17-69	4562-4567	diese	_	B	
17-70	4568-4575	Anträge	_	I	
17-71	4576-4580	ganz	_	_	
17-72	4581-4586	genau	_	_	
17-73	4587-4595	angucken	_	_	
17-74	4596-4599	und	_	_	
17-75	4600-4606	werden	_	_	
17-76	4607-4611	dann	_	_	
17-77	4612-4617	sehen	_	_	
17-78	4617-4618	,	_	_	
17-79	4619-4621	wo	_	_	
17-80	4622-4625	wir	Animated	B	
17-81	4626-4628	in	_	_	
17-82	4629-4632	der	_	B	
17-83	4633-4646	Verpflichtung	_	I	
17-84	4647-4653	stehen	_	_	
17-85	4653-4654	,	_	_	
17-86	4655-4657	zu	_	_	
17-87	4658-4664	helfen	_	_	
17-88	4664-4665	;	_	_	
17-89	4666-4670	denn	_	_	
17-90	4671-4676	Hilfe	_	B	
17-91	4677-4680	ist	_	_	
17-92	4681-4684	ein	_	B	
17-93	4685-4689	Teil	_	I	
17-94	4690-4696	dieses	_	B	
17-95	4697-4708	wunderbaren	_	I	
17-96	4709-4720	Kontinentes	_	I	
17-97	4720-4721	.	_	_	

#Text=Herzlichen Dank.
18-1	4735-4745	Herzlichen	_	B	
18-2	4746-4750	Dank	_	I	
18-3	4750-4751	.	_	_	

#Text=Liebe Kolleginnen und Kollegen, ich mache Sie darauf aufmerksam, dass in sechs Minuten die Zeit für die namentliche Abstimmung erschöpft ist. Das heißt, wenn Sie noch nicht Gelegenheit hatten, an ebendieser Abstimmung teilzunehmen, dann sollten Sie sich jetzt bitte auf den Weg machen.
19-1	4753-4758	Liebe	_	B	
19-2	4759-4770	Kolleginnen	_	_	
19-3	4771-4774	und	_	_	
19-4	4775-4783	Kollegen	Animated	B	
19-5	4783-4784	,	_	_	
19-6	4785-4788	ich	Animated	B	
19-7	4789-4794	mache	_	_	
19-8	4795-4798	Sie	_	B	
19-9	4799-4805	darauf	_	_	
19-10	4806-4816	aufmerksam	_	_	
19-11	4816-4817	,	_	_	
19-12	4818-4822	dass	_	_	
19-13	4823-4825	in	_	_	
19-14	4826-4831	sechs	_	B	
19-15	4832-4839	Minuten	_	I	
19-16	4840-4843	die	_	B	
19-17	4844-4848	Zeit	_	I	
19-18	4849-4852	für	_	_	
19-19	4853-4856	die	_	B	
19-20	4857-4868	namentliche	_	I	
19-21	4869-4879	Abstimmung	_	I	
19-22	4880-4889	erschöpft	_	_	
19-23	4890-4893	ist	_	_	
19-24	4893-4894	.	_	_	
19-25	4895-4898	Das	_	B	
19-26	4899-4904	heißt	_	_	
19-27	4904-4905	,	_	_	
19-28	4906-4910	wenn	_	_	
19-29	4911-4914	Sie	_	B	
19-30	4915-4919	noch	_	_	
19-31	4920-4925	nicht	_	_	
19-32	4926-4937	Gelegenheit	_	B	
19-33	4938-4944	hatten	_	_	
19-34	4944-4945	,	_	_	
19-35	4946-4948	an	_	_	
19-36	4949-4959	ebendieser	_	B	
19-37	4960-4970	Abstimmung	_	I	
19-38	4971-4983	teilzunehmen	_	_	
19-39	4983-4984	,	_	_	
19-40	4985-4989	dann	_	_	
19-41	4990-4997	sollten	_	_	
19-42	4998-5001	Sie	_	B	
19-43	5002-5006	sich	_	B	
19-44	5007-5012	jetzt	_	_	
19-45	5013-5018	bitte	_	_	
19-46	5019-5022	auf	_	_	
19-47	5023-5026	den	_	B	
19-48	5027-5030	Weg	_	I	
19-49	5031-5037	machen	_	_	
19-50	5037-5038	.	_	_	

#Text=Das Wort hat der Kollege Fabio De Masi für die Fraktion Die Linke.
20-1	5046-5049	Das	_	B	
20-2	5050-5054	Wort	_	I	
20-3	5055-5058	hat	_	_	
20-4	5059-5062	der	Animated[23]	B	
20-5	5063-5070	Kollege	Animated[23]	I	
20-6	5071-5076	Fabio	Animated[23]	I	
20-7	5077-5079	De	Animated[23]	I	
20-8	5080-5084	Masi	Animated[23]	I	
20-9	5085-5088	für	_	_	
20-10	5089-5092	die	Animated[24]	B	
20-11	5093-5101	Fraktion	Animated[24]	I	
20-12	5102-5105	Die	Animated[25]	B	
20-13	5106-5111	Linke	Animated[25]	I	
20-14	5111-5112	.	_	_	
