#FORMAT=WebAnno TSV 3.3
#T_SP=webanno.custom.Animacy|Animated
#T_SP=webanno.custom.CustomChunk|Chunk


#Text=Sehr geehrte Frau Präsidentin! Liebe Kolleginnen und Kollegen!
1-1	0-4	Sehr	Animated[1]	B	
1-2	5-12	geehrte	Animated[1]	I	
1-3	13-17	Frau	Animated[1]	I	
1-4	18-29	Präsidentin	Animated[1]	I	
1-5	29-30	!	_	_	
1-6	31-36	Liebe	_	B	
1-7	37-48	Kolleginnen	_	_	
1-8	49-52	und	_	_	
1-9	53-61	Kollegen	Animated	B	
1-10	61-62	!	_	_	

#Text=Denn die einen sind im DunklenUnd die anderen sind im Licht.Und man siehet die im LichteDie im Dunkeln sieht man nicht.
2-1	65-69	Denn	_	_	
2-2	70-73	die	_	B	
2-3	74-79	einen	_	I	
2-4	80-84	sind	_	_	
2-5	85-87	im	_	_	
2-6	88-98	DunklenUnd	_	B	
2-7	99-102	die	_	B	
2-8	103-110	anderen	_	I	
2-9	111-115	sind	_	_	
2-10	116-118	im	_	_	
2-11	119-124	Licht	_	B	
2-12	124-125	.	_	_	
2-13	125-128	Und	_	_	
2-14	129-132	man	Animated	B	
2-15	133-139	siehet	_	_	
2-16	140-143	die	_	_	
2-17	144-146	im	_	_	
2-18	147-156	LichteDie	_	B	
2-19	157-159	im	_	_	
2-20	160-167	Dunkeln	_	B	
2-21	168-173	sieht	_	_	
2-22	174-177	man	Animated	B	
2-23	178-183	nicht	_	_	
2-24	183-184	.	_	_	

#Text=Das sind die letzten Zeilen der „Dreigroschenoper“ von Bertolt Brecht, in den 20er-Jahren uraufgeführt. Diese Aussage trifft leider auch heute noch auf Menschen zu, zumindest bezogen auf Wohnungslose; denn wenn wir über wohnungslose Menschen reden, dann liegt noch vieles im Dunkeln.
3-1	188-191	Das	_	B	
3-2	192-196	sind	_	_	
3-3	197-200	die	_	B	
3-4	201-208	letzten	_	I	
3-5	209-215	Zeilen	_	I	
3-6	216-219	der	_	B	
3-7	220-221	„	_	I	
3-8	221-237	Dreigroschenoper	_	I	
3-9	237-238	“	_	_	
3-10	239-242	von	_	_	
3-11	243-250	Bertolt	Animated[2]	B	
3-12	251-257	Brecht	Animated[2]	I	
3-13	257-258	,	_	_	
3-14	259-261	in	_	_	
3-15	262-265	den	_	B	
3-16	266-277	20er-Jahren	_	I	
3-17	278-290	uraufgeführt	_	_	
3-18	290-291	.	_	_	
3-19	292-297	Diese	_	B	
3-20	298-305	Aussage	_	I	
3-21	306-312	trifft	_	_	
3-22	313-319	leider	_	_	
3-23	320-324	auch	_	_	
3-24	325-330	heute	_	_	
3-25	331-335	noch	_	_	
3-26	336-339	auf	_	_	
3-27	340-348	Menschen	Animated	B	
3-28	349-351	zu	_	_	
3-29	351-352	,	_	_	
3-30	353-362	zumindest	_	_	
3-31	363-370	bezogen	_	_	
3-32	371-374	auf	_	_	
3-33	375-387	Wohnungslose	Animated	B	
3-34	387-388	;	_	_	
3-35	389-393	denn	_	_	
3-36	394-398	wenn	_	_	
3-37	399-402	wir	Animated	B	
3-38	403-407	über	_	_	
3-39	408-420	wohnungslose	Animated[3]	B	
3-40	421-429	Menschen	Animated[3]	I	
3-41	430-435	reden	_	_	
3-42	435-436	,	_	_	
3-43	437-441	dann	_	_	
3-44	442-447	liegt	_	_	
3-45	448-452	noch	_	B	
3-46	453-459	vieles	_	I	
3-47	460-462	im	_	_	
3-48	463-470	Dunkeln	_	B	
3-49	470-471	.	_	_	

#Text=Wie viele Menschen sind überhaupt davon betroffen, dass sie über keinen Wohnraum verfügen? Wie viele befinden sich in dieser überaus schwierigen Situation, sowohl finanziell als auch sozial als auch menschlich? Wie viele leben auf der Straße, wie viele in Einrichtungen? Wie viele Couch-Surferinnen und Couch-Surfer gibt es? Das ist ein beschönigender Begriff für Menschen, die zwar keinen eigenen Wohnraum haben, aber von Couch zu Couch, von Freunden zu Bekannten, zu Familienangehörigen wechseln. Wie viele Männer sind betroffen, wie viele Frauen, wie viele Kinder, wie viele kleine Kinder, wie viele Heranwachsende? Wie leben diese Menschen?
4-1	480-483	Wie	Animated[4]	B	
4-2	484-489	viele	Animated[4]	I	
4-3	490-498	Menschen	Animated[4]	I	
4-4	499-503	sind	_	_	
4-5	504-513	überhaupt	_	_	
4-6	514-519	davon	_	_	
4-7	520-529	betroffen	_	_	
4-8	529-530	,	_	_	
4-9	531-535	dass	_	_	
4-10	536-539	sie	_	B	
4-11	540-544	über	_	_	
4-12	545-551	keinen	_	B	
4-13	552-560	Wohnraum	_	I	
4-14	561-569	verfügen	_	_	
4-15	569-570	?	_	_	
4-16	571-574	Wie	_	B	
4-17	575-580	viele	_	I	
4-18	581-589	befinden	_	_	
4-19	590-594	sich	_	B	
4-20	595-597	in	_	_	
4-21	598-604	dieser	_	B	
4-22	605-612	überaus	_	I	
4-23	613-624	schwierigen	_	I	
4-24	625-634	Situation	_	I	
4-25	634-635	,	_	_	
4-26	636-642	sowohl	_	_	
4-27	643-653	finanziell	_	_	
4-28	654-657	als	_	_	
4-29	658-662	auch	_	_	
4-30	663-669	sozial	_	_	
4-31	670-673	als	_	_	
4-32	674-678	auch	_	_	
4-33	679-689	menschlich	_	_	
4-34	689-690	?	_	_	
4-35	691-694	Wie	_	B	
4-36	695-700	viele	_	I	
4-37	701-706	leben	_	_	
4-38	707-710	auf	_	_	
4-39	711-714	der	_	B	
4-40	715-721	Straße	_	I	
4-41	721-722	,	_	_	
4-42	723-726	wie	_	B	
4-43	727-732	viele	_	I	
4-44	733-735	in	_	_	
4-45	736-749	Einrichtungen	_	B	
4-46	749-750	?	_	_	
4-47	751-754	Wie	Animated[5]	B	
4-48	755-760	viele	Animated[5]	I	
4-49	761-778	Couch-Surferinnen	Animated[5]	I	
4-50	779-782	und	_	_	
4-51	783-795	Couch-Surfer	Animated	B	
4-52	796-800	gibt	_	_	
4-53	801-803	es	_	_	
4-54	803-804	?	_	_	
4-55	805-808	Das	_	B	
4-56	809-812	ist	_	_	
4-57	813-816	ein	_	B	
4-58	817-831	beschönigender	_	I	
4-59	832-839	Begriff	_	I	
4-60	840-843	für	_	_	
4-61	844-852	Menschen	Animated	B	
4-62	852-853	,	_	_	
4-63	854-857	die	_	B	
4-64	858-862	zwar	_	_	
4-65	863-869	keinen	_	B	
4-66	870-877	eigenen	_	I	
4-67	878-886	Wohnraum	_	I	
4-68	887-892	haben	_	_	
4-69	892-893	,	_	_	
4-70	894-898	aber	_	_	
4-71	899-902	von	_	_	
4-72	903-908	Couch	_	B	
4-73	909-911	zu	_	_	
4-74	912-917	Couch	_	B	
4-75	917-918	,	_	_	
4-76	919-922	von	_	_	
4-77	923-931	Freunden	Animated	B	
4-78	932-934	zu	_	_	
4-79	935-944	Bekannten	Animated	B	
4-80	944-945	,	_	_	
4-81	946-948	zu	_	_	
4-82	949-968	Familienangehörigen	Animated	B	
4-83	969-977	wechseln	_	_	
4-84	977-978	.	_	_	
4-85	979-982	Wie	Animated[6]	B	
4-86	983-988	viele	Animated[6]	I	
4-87	989-995	Männer	Animated[6]	I	
4-88	996-1000	sind	_	_	
4-89	1001-1010	betroffen	_	_	
4-90	1010-1011	,	_	_	
4-91	1012-1015	wie	Animated[7]	B	
4-92	1016-1021	viele	Animated[7]	I	
4-93	1022-1028	Frauen	Animated[7]	I	
4-94	1028-1029	,	_	_	
4-95	1030-1033	wie	_	_	
4-96	1034-1039	viele	_	_	
4-97	1040-1046	Kinder	_	_	
4-98	1046-1047	,	_	_	
4-99	1048-1051	wie	_	_	
4-100	1052-1057	viele	_	_	
4-101	1058-1064	kleine	_	_	
4-102	1065-1071	Kinder	_	_	
4-103	1071-1072	,	_	_	
4-104	1073-1076	wie	_	_	
4-105	1077-1082	viele	_	_	
4-106	1083-1097	Heranwachsende	_	_	
4-107	1097-1098	?	_	_	
4-108	1099-1102	Wie	_	_	
4-109	1103-1108	leben	_	_	
4-110	1109-1114	diese	Animated[8]	B	
4-111	1115-1123	Menschen	Animated[8]	I	
4-112	1123-1124	?	_	_	

#Text=Bisher sind wir auf Schätzungen der BAG Wohnungslosenhilfe angewiesen, denen ich an dieser Stelle einen herzlichen Dank aussprechen möchte für ihre Arbeit.
5-1	1143-1149	Bisher	_	_	
5-2	1150-1154	sind	_	_	
5-3	1155-1158	wir	Animated	B	
5-4	1159-1162	auf	_	_	
5-5	1163-1174	Schätzungen	_	B	
5-6	1175-1178	der	Animated[9]	B	
5-7	1179-1182	BAG	Animated[9]	I	
5-8	1183-1201	Wohnungslosenhilfe	Animated	B	
5-9	1202-1212	angewiesen	_	_	
5-10	1212-1213	,	_	_	
5-11	1214-1219	denen	_	B	
5-12	1220-1223	ich	Animated	B	
5-13	1224-1226	an	_	_	
5-14	1227-1233	dieser	_	B	
5-15	1234-1240	Stelle	_	I	
5-16	1241-1246	einen	_	B	
5-17	1247-1257	herzlichen	_	I	
5-18	1258-1262	Dank	_	I	
5-19	1263-1274	aussprechen	_	_	
5-20	1275-1281	möchte	_	_	
5-21	1282-1285	für	_	_	
5-22	1286-1290	ihre	_	B	
5-23	1291-1297	Arbeit	_	I	
5-24	1297-1298	.	_	_	

#Text=Sie kommt in einer Stichtagszahl für 2018 zu der Schätzung, dass etwa 542 000 Menschen von Wohnungslosigkeit betroffen sind in diesem reichen Land; 67 Prozent davon sind Männer, 25 Prozent Frauen und 8 Prozent Kinder. Eine aktuelle Studie des BMAS, die Kommunen und Träger dazu befragt hat, kommt für Mitte 2018 zu Schätzungszahlen zwischen 313 000 und 337 000. Fest steht also: Erstens wissen wir es nicht genau, und zweitens sind es viel zu viele.
6-1	1301-1304	Sie	_	B	
6-2	1305-1310	kommt	_	_	
6-3	1311-1313	in	_	_	
6-4	1314-1319	einer	_	B	
6-5	1320-1333	Stichtagszahl	_	I	
6-6	1334-1337	für	_	_	
6-7	1338-1342	2018	_	_	
6-8	1343-1345	zu	_	_	
6-9	1346-1349	der	_	B	
6-10	1350-1359	Schätzung	_	I	
6-11	1359-1360	,	_	_	
6-12	1361-1365	dass	_	_	
6-13	1366-1370	etwa	Animated[10]	B	
6-14	1371-1374	542	Animated[10]	I	
6-15	1375-1378	000	Animated[10]	I	
6-16	1379-1387	Menschen	Animated[10]	I	
6-17	1388-1391	von	_	_	
6-18	1392-1409	Wohnungslosigkeit	_	B	
6-19	1410-1419	betroffen	_	_	
6-20	1420-1424	sind	_	_	
6-21	1425-1427	in	_	_	
6-22	1428-1434	diesem	_	B	
6-23	1435-1442	reichen	_	I	
6-24	1443-1447	Land	_	I	
6-25	1447-1448	;	_	_	
6-26	1449-1451	67	_	B	
6-27	1452-1459	Prozent	_	I	
6-28	1460-1465	davon	_	_	
6-29	1466-1470	sind	_	_	
6-30	1471-1477	Männer	Animated	B	
6-31	1477-1478	,	_	_	
6-32	1479-1481	25	Animated[11]	B	
6-33	1482-1489	Prozent	Animated[11]	I	
6-34	1490-1496	Frauen	Animated[11]	I	
6-35	1497-1500	und	_	_	
6-36	1501-1502	8	Animated[12]	B	
6-37	1503-1510	Prozent	Animated[12]	I	
6-38	1511-1517	Kinder	Animated[12]	I	
6-39	1517-1518	.	_	_	
6-40	1519-1523	Eine	_	B	
6-41	1524-1532	aktuelle	_	I	
6-42	1533-1539	Studie	_	I	
6-43	1540-1543	des	Animated[13]	B	
6-44	1544-1548	BMAS	Animated[13]	I	
6-45	1548-1549	,	_	_	
6-46	1550-1553	die	Animated[14]	B	
6-47	1554-1562	Kommunen	Animated[14]	I	
6-48	1563-1566	und	_	_	
6-49	1567-1573	Träger	Animated	B	
6-50	1574-1578	dazu	_	_	
6-51	1579-1586	befragt	_	_	
6-52	1587-1590	hat	_	_	
6-53	1590-1591	,	_	_	
6-54	1592-1597	kommt	_	_	
6-55	1598-1601	für	_	_	
6-56	1602-1607	Mitte	_	B	
6-57	1608-1612	2018	_	_	
6-58	1613-1615	zu	_	_	
6-59	1616-1632	Schätzungszahlen	_	B	
6-60	1633-1641	zwischen	_	_	
6-61	1642-1645	313	_	_	
6-62	1646-1649	000	_	_	
6-63	1650-1653	und	_	_	
6-64	1654-1657	337	_	_	
6-65	1658-1662	000.	_	_	
6-66	1663-1667	Fest	_	_	
6-67	1668-1673	steht	_	_	
6-68	1674-1678	also	_	_	
6-69	1678-1679	:	_	_	
6-70	1680-1687	Erstens	_	_	
6-71	1688-1694	wissen	_	_	
6-72	1695-1698	wir	Animated	B	
6-73	1699-1701	es	_	B	
6-74	1702-1707	nicht	_	_	
6-75	1708-1713	genau	_	_	
6-76	1713-1714	,	_	_	
6-77	1715-1718	und	_	_	
6-78	1719-1727	zweitens	_	_	
6-79	1728-1732	sind	_	_	
6-80	1733-1735	es	_	B	
6-81	1736-1740	viel	_	B	
6-82	1741-1743	zu	_	_	
6-83	1744-1749	viele	_	_	
6-84	1749-1750	.	_	_	

#Text=Es ist für mich ein Armutszeugnis, dass es noch keine Statistik gibt. Ich finde es deshalb sehr gut, dass die Bundesregierung, nachdem das Problem im letzten Armuts- und Reichtumsbericht deutlich angesprochen worden ist, zunächst den Kontakt mit den Ländern gesucht hat und jetzt einen Gesetzentwurf vorlegt. Wir bringen mit diesem Gesetzentwurf ein wenig Licht ins Dunkel, nämlich in Bezug auf diejenigen Menschen, die wohnungslos sind und in Einrichtungen untergebracht sind bzw. diese zur Übernachtung in Anspruch nehmen. In einer Stichtagsregelung wird erfasst werden, wie viele Menschen in Deutschland davon betroffen sind. Klar ist auch: Der Gesetzentwurf wird zunächst noch vieles im Dunkeln lassen; aber ein Teil des Bildes wird uns klarer vor Augen treten und gibt uns eine gute Grundlage, zu bewerten, wie groß das Problem ist.
7-1	1760-1762	Es	_	B	
7-2	1763-1766	ist	_	_	
7-3	1767-1770	für	_	_	
7-4	1771-1775	mich	_	B	
7-5	1776-1779	ein	_	B	
7-6	1780-1793	Armutszeugnis	_	I	
7-7	1793-1794	,	_	_	
7-8	1795-1799	dass	_	_	
7-9	1800-1802	es	_	_	
7-10	1803-1807	noch	_	B	
7-11	1808-1813	keine	_	I	
7-12	1814-1823	Statistik	_	I	
7-13	1824-1828	gibt	_	_	
7-14	1828-1829	.	_	_	
7-15	1830-1833	Ich	Animated	B	
7-16	1834-1839	finde	_	_	
7-17	1840-1842	es	_	B	
7-18	1843-1850	deshalb	_	_	
7-19	1851-1855	sehr	_	_	
7-20	1856-1859	gut	_	_	
7-21	1859-1860	,	_	_	
7-22	1861-1865	dass	_	_	
7-23	1866-1869	die	Animated[15]	B	
7-24	1870-1885	Bundesregierung	Animated[15]	I	
7-25	1885-1886	,	_	_	
7-26	1887-1894	nachdem	_	_	
7-27	1895-1898	das	_	B	
7-28	1899-1906	Problem	_	I	
7-29	1907-1909	im	_	_	
7-30	1910-1917	letzten	_	B	
7-31	1918-1925	Armuts-	_	I	
7-32	1926-1929	und	_	I	
7-33	1930-1946	Reichtumsbericht	_	I	
7-34	1947-1955	deutlich	_	_	
7-35	1956-1968	angesprochen	_	_	
7-36	1969-1975	worden	_	_	
7-37	1976-1979	ist	_	_	
7-38	1979-1980	,	_	_	
7-39	1981-1989	zunächst	_	B	
7-40	1990-1993	den	_	I	
7-41	1994-2001	Kontakt	_	I	
7-42	2002-2005	mit	_	_	
7-43	2006-2009	den	Animated[16]	B	
7-44	2010-2017	Ländern	Animated[16]	I	
7-45	2018-2025	gesucht	_	_	
7-46	2026-2029	hat	_	_	
7-47	2030-2033	und	_	_	
7-48	2034-2039	jetzt	_	_	
7-49	2040-2045	einen	_	B	
7-50	2046-2059	Gesetzentwurf	_	I	
7-51	2060-2067	vorlegt	_	_	
7-52	2067-2068	.	_	_	
7-53	2069-2072	Wir	Animated	B	
7-54	2073-2080	bringen	_	_	
7-55	2081-2084	mit	_	_	
7-56	2085-2091	diesem	_	B	
7-57	2092-2105	Gesetzentwurf	_	I	
7-58	2106-2109	ein	_	B	
7-59	2110-2115	wenig	_	I	
7-60	2116-2121	Licht	_	I	
7-61	2122-2125	ins	_	_	
7-62	2126-2132	Dunkel	_	B	
7-63	2132-2133	,	_	_	
7-64	2134-2141	nämlich	_	_	
7-65	2142-2144	in	_	_	
7-66	2145-2150	Bezug	_	B	
7-67	2151-2154	auf	_	_	
7-68	2155-2165	diejenigen	Animated[17]	B	
7-69	2166-2174	Menschen	Animated[17]	I	
7-70	2174-2175	,	_	_	
7-71	2176-2179	die	_	B	
7-72	2180-2191	wohnungslos	_	_	
7-73	2192-2196	sind	_	_	
7-74	2197-2200	und	_	_	
7-75	2201-2203	in	_	_	
7-76	2204-2217	Einrichtungen	_	B	
7-77	2218-2231	untergebracht	_	_	
7-78	2232-2236	sind	_	_	
7-79	2237-2241	bzw.	_	_	
7-80	2242-2247	diese	_	B	
7-81	2248-2251	zur	_	_	
7-82	2252-2264	Übernachtung	_	B	
7-83	2265-2267	in	_	_	
7-84	2268-2276	Anspruch	_	B	
7-85	2277-2283	nehmen	_	_	
7-86	2283-2284	.	_	_	
7-87	2285-2287	In	_	_	
7-88	2288-2293	einer	_	B	
7-89	2294-2311	Stichtagsregelung	_	I	
7-90	2312-2316	wird	_	_	
7-91	2317-2324	erfasst	_	_	
7-92	2325-2331	werden	_	_	
7-93	2331-2332	,	_	_	
7-94	2333-2336	wie	_	_	
7-95	2337-2342	viele	Animated[18]	B	
7-96	2343-2351	Menschen	Animated[18]	I	
7-97	2352-2354	in	_	_	
7-98	2355-2366	Deutschland	_	B	
7-99	2367-2372	davon	_	_	
7-100	2373-2382	betroffen	_	_	
7-101	2383-2387	sind	_	_	
7-102	2387-2388	.	_	_	
7-103	2389-2393	Klar	_	_	
7-104	2394-2397	ist	_	_	
7-105	2398-2402	auch	_	_	
7-106	2402-2403	:	_	_	
7-107	2404-2407	Der	_	B	
7-108	2408-2421	Gesetzentwurf	_	I	
7-109	2422-2426	wird	_	_	
7-110	2427-2435	zunächst	_	_	
7-111	2436-2440	noch	_	_	
7-112	2441-2447	vieles	_	B	
7-113	2448-2450	im	_	_	
7-114	2451-2458	Dunkeln	_	B	
7-115	2459-2465	lassen	_	_	
7-116	2465-2466	;	_	_	
7-117	2467-2471	aber	_	_	
7-118	2472-2475	ein	_	B	
7-119	2476-2480	Teil	_	I	
7-120	2481-2484	des	_	B	
7-121	2485-2491	Bildes	_	I	
7-122	2492-2496	wird	_	_	
7-123	2497-2500	uns	_	B	
7-124	2501-2507	klarer	_	_	
7-125	2508-2511	vor	_	_	
7-126	2512-2517	Augen	_	B	
7-127	2518-2524	treten	_	_	
7-128	2525-2528	und	_	_	
7-129	2529-2533	gibt	_	_	
7-130	2534-2537	uns	_	B	
7-131	2538-2542	eine	_	B	
7-132	2543-2547	gute	_	I	
7-133	2548-2557	Grundlage	_	I	
7-134	2557-2558	,	_	_	
7-135	2559-2561	zu	_	_	
7-136	2562-2570	bewerten	_	_	
7-137	2570-2571	,	_	_	
7-138	2572-2575	wie	_	_	
7-139	2576-2580	groß	_	_	
7-140	2581-2584	das	_	B	
7-141	2585-2592	Problem	_	I	
7-142	2593-2596	ist	_	_	
7-143	2596-2597	.	_	_	

#Text=Eine jährliche Statistik würde sicherstellen, dass wir Entwicklungen früher sehen und natürlich, Herr Kollege, besser darauf reagieren könnten.
8-1	2614-2618	Eine	_	B	
8-2	2619-2628	jährliche	_	I	
8-3	2629-2638	Statistik	_	I	
8-4	2639-2644	würde	_	_	
8-5	2645-2658	sicherstellen	_	_	
8-6	2658-2659	,	_	_	
8-7	2660-2664	dass	_	_	
8-8	2665-2668	wir	Animated	B	
8-9	2669-2682	Entwicklungen	_	B	
8-10	2683-2689	früher	_	_	
8-11	2690-2695	sehen	_	_	
8-12	2696-2699	und	_	_	
8-13	2700-2709	natürlich	_	_	
8-14	2709-2710	,	_	_	
8-15	2711-2715	Herr	Animated[19]	B	
8-16	2716-2723	Kollege	Animated[19]	I	
8-17	2723-2724	,	_	_	
8-18	2725-2731	besser	_	_	
8-19	2732-2738	darauf	_	_	
8-20	2739-2748	reagieren	_	_	
8-21	2749-2756	könnten	_	_	
8-22	2756-2757	.	_	_	

#Text=Ich könnte mir noch eine ganze Menge mehr vorstellen, um Licht in das Dunkel zu bringen, nicht um die Leute ans Licht zu zerren, sondern um das Problem aufzuhellen, um es klarer zu sehen, etwa bezüglich der Menschen, die auf der Straße leben und Übernachtungseinrichtungen nicht in Anspruch nehmen, entweder weil sie es nicht wollen oder weil sie es nicht dürfen oder können. Was ist mit den Menschen, die von Wohnungslosigkeit bedroht sind? Was ist mit Menschen, die als Couch-Surfer keinen festen Wohnsitz haben und hier und dort Unterschlupf bekommen? Wenn es dazu keine guten statistischen Möglichkeiten gibt, um kurzfristig darauf zu regieren, dann gewinnt für mich die Begleitforschung noch einmal an großer Bedeutung; sie ist in § 8 des Gesetzentwurfs auch vorgesehen und würde dazu beitragen, das Bild deutlicher zu machen.
9-1	2762-2765	Ich	Animated	B	
9-2	2766-2772	könnte	_	_	
9-3	2773-2776	mir	_	B	
9-4	2777-2781	noch	_	_	
9-5	2782-2786	eine	_	B	
9-6	2787-2792	ganze	_	I	
9-7	2793-2798	Menge	_	I	
9-8	2799-2803	mehr	_	_	
9-9	2804-2814	vorstellen	_	_	
9-10	2814-2815	,	_	_	
9-11	2816-2818	um	_	_	
9-12	2819-2824	Licht	_	B	
9-13	2825-2827	in	_	_	
9-14	2828-2831	das	_	B	
9-15	2832-2838	Dunkel	_	I	
9-16	2839-2841	zu	_	_	
9-17	2842-2849	bringen	_	_	
9-18	2849-2850	,	_	_	
9-19	2851-2856	nicht	_	_	
9-20	2857-2859	um	_	_	
9-21	2860-2863	die	Animated[20]	B	
9-22	2864-2869	Leute	Animated[20]	I	
9-23	2870-2873	ans	_	_	
9-24	2874-2879	Licht	_	B	
9-25	2880-2882	zu	_	_	
9-26	2883-2889	zerren	_	_	
9-27	2889-2890	,	_	_	
9-28	2891-2898	sondern	_	_	
9-29	2899-2901	um	_	_	
9-30	2902-2905	das	_	B	
9-31	2906-2913	Problem	_	I	
9-32	2914-2925	aufzuhellen	_	_	
9-33	2925-2926	,	_	_	
9-34	2927-2929	um	_	_	
9-35	2930-2932	es	_	B	
9-36	2933-2939	klarer	_	_	
9-37	2940-2942	zu	_	_	
9-38	2943-2948	sehen	_	_	
9-39	2948-2949	,	_	_	
9-40	2950-2954	etwa	_	_	
9-41	2955-2964	bezüglich	_	_	
9-42	2965-2968	der	Animated[21]	B	
9-43	2969-2977	Menschen	Animated[21]	I	
9-44	2977-2978	,	_	_	
9-45	2979-2982	die	_	B	
9-46	2983-2986	auf	_	_	
9-47	2987-2990	der	_	B	
9-48	2991-2997	Straße	_	I	
9-49	2998-3003	leben	_	_	
9-50	3004-3007	und	_	_	
9-51	3008-3034	Übernachtungseinrichtungen	_	B	
9-52	3035-3040	nicht	_	_	
9-53	3041-3043	in	_	_	
9-54	3044-3052	Anspruch	_	B	
9-55	3053-3059	nehmen	_	_	
9-56	3059-3060	,	_	_	
9-57	3061-3069	entweder	_	_	
9-58	3070-3074	weil	_	_	
9-59	3075-3078	sie	_	B	
9-60	3079-3081	es	_	B	
9-61	3082-3087	nicht	_	_	
9-62	3088-3094	wollen	_	_	
9-63	3095-3099	oder	_	_	
9-64	3100-3104	weil	_	_	
9-65	3105-3108	sie	_	B	
9-66	3109-3111	es	_	B	
9-67	3112-3117	nicht	_	_	
9-68	3118-3124	dürfen	_	_	
9-69	3125-3129	oder	_	_	
9-70	3130-3136	können	_	_	
9-71	3136-3137	.	_	_	
9-72	3138-3141	Was	_	B	
9-73	3142-3145	ist	_	_	
9-74	3146-3149	mit	_	_	
9-75	3150-3153	den	Animated[22]	B	
9-76	3154-3162	Menschen	Animated[22]	I	
9-77	3162-3163	,	_	_	
9-78	3164-3167	die	_	B	
9-79	3168-3171	von	_	_	
9-80	3172-3189	Wohnungslosigkeit	_	B	
9-81	3190-3197	bedroht	_	_	
9-82	3198-3202	sind	_	_	
9-83	3202-3203	?	_	_	
9-84	3204-3207	Was	_	B	
9-85	3208-3211	ist	_	_	
9-86	3212-3215	mit	_	_	
9-87	3216-3224	Menschen	Animated	B	
9-88	3224-3225	,	_	_	
9-89	3226-3229	die	_	B	
9-90	3230-3233	als	_	_	
9-91	3234-3246	Couch-Surfer	Animated	B	
9-92	3247-3253	keinen	_	B	
9-93	3254-3260	festen	_	I	
9-94	3261-3269	Wohnsitz	_	I	
9-95	3270-3275	haben	_	_	
9-96	3276-3279	und	_	_	
9-97	3280-3284	hier	_	_	
9-98	3285-3288	und	_	_	
9-99	3289-3293	dort	_	_	
9-100	3294-3306	Unterschlupf	_	B	
9-101	3307-3315	bekommen	_	_	
9-102	3315-3316	?	_	_	
9-103	3317-3321	Wenn	_	_	
9-104	3322-3324	es	_	_	
9-105	3325-3329	dazu	_	_	
9-106	3330-3335	keine	_	B	
9-107	3336-3341	guten	_	I	
9-108	3342-3355	statistischen	_	I	
9-109	3356-3369	Möglichkeiten	_	I	
9-110	3370-3374	gibt	_	_	
9-111	3374-3375	,	_	_	
9-112	3376-3378	um	_	_	
9-113	3379-3390	kurzfristig	_	_	
9-114	3391-3397	darauf	_	_	
9-115	3398-3400	zu	_	_	
9-116	3401-3409	regieren	_	_	
9-117	3409-3410	,	_	_	
9-118	3411-3415	dann	_	_	
9-119	3416-3423	gewinnt	_	_	
9-120	3424-3427	für	_	_	
9-121	3428-3432	mich	_	B	
9-122	3433-3436	die	_	B	
9-123	3437-3453	Begleitforschung	_	I	
9-124	3454-3458	noch	_	_	
9-125	3459-3465	einmal	_	_	
9-126	3466-3468	an	_	_	
9-127	3469-3475	großer	_	B	
9-128	3476-3485	Bedeutung	_	I	
9-129	3485-3486	;	_	_	
9-130	3487-3490	sie	_	B	
9-131	3491-3494	ist	_	_	
9-132	3495-3497	in	_	_	
9-133	3498-3499	§	_	B	
9-134	3500-3501	8	_	_	
9-135	3502-3505	des	_	B	
9-136	3506-3520	Gesetzentwurfs	_	I	
9-137	3521-3525	auch	_	_	
9-138	3526-3536	vorgesehen	_	_	
9-139	3537-3540	und	_	_	
9-140	3541-3546	würde	_	_	
9-141	3547-3551	dazu	_	_	
9-142	3552-3561	beitragen	_	_	
9-143	3561-3562	,	_	_	
9-144	3563-3566	das	_	B	
9-145	3567-3571	Bild	_	I	
9-146	3572-3582	deutlicher	_	_	
9-147	3583-3585	zu	_	_	
9-148	3586-3592	machen	_	_	
9-149	3592-3593	.	_	_	

#Text=Ich freue mich auf die Anhörung und die Gesetzgebung. Es ist nur ein kleines Gesetz, aber ich hoffe, ein kleines Gesetz mit einer großen Wirkung, das dazu beiträgt, dass wir diese Gruppe deutlicher wahrnehmen und damit ihre Probleme ernster nehmen und sie auch angehen.
10-1	3611-3614	Ich	Animated	B	
10-2	3615-3620	freue	_	_	
10-3	3621-3625	mich	_	B	
10-4	3626-3629	auf	_	_	
10-5	3630-3633	die	_	B	
10-6	3634-3642	Anhörung	_	I	
10-7	3643-3646	und	_	_	
10-8	3647-3650	die	_	B	
10-9	3651-3663	Gesetzgebung	_	I	
10-10	3663-3664	.	_	_	
10-11	3665-3667	Es	_	B	
10-12	3668-3671	ist	_	_	
10-13	3672-3675	nur	_	B	
10-14	3676-3679	ein	_	I	
10-15	3680-3687	kleines	_	I	
10-16	3688-3694	Gesetz	_	I	
10-17	3694-3695	,	_	_	
10-18	3696-3700	aber	_	_	
10-19	3701-3704	ich	Animated	B	
10-20	3705-3710	hoffe	_	_	
10-21	3710-3711	,	_	_	
10-22	3712-3715	ein	_	_	
10-23	3716-3723	kleines	_	_	
10-24	3724-3730	Gesetz	_	_	
10-25	3731-3734	mit	_	_	
10-26	3735-3740	einer	_	B	
10-27	3741-3747	großen	_	I	
10-28	3748-3755	Wirkung	_	I	
10-29	3755-3756	,	_	_	
10-30	3757-3760	das	_	B	
10-31	3761-3765	dazu	_	_	
10-32	3766-3774	beiträgt	_	_	
10-33	3774-3775	,	_	_	
10-34	3776-3780	dass	_	_	
10-35	3781-3784	wir	Animated	B	
10-36	3785-3790	diese	Animated[23]	B	
10-37	3791-3797	Gruppe	Animated[23]	I	
10-38	3798-3808	deutlicher	_	_	
10-39	3809-3819	wahrnehmen	_	_	
10-40	3820-3823	und	_	_	
10-41	3824-3829	damit	_	_	
10-42	3830-3834	ihre	_	B	
10-43	3835-3843	Probleme	_	I	
10-44	3844-3851	ernster	_	_	
10-45	3852-3858	nehmen	_	_	
10-46	3859-3862	und	_	_	
10-47	3863-3866	sie	_	B	
10-48	3867-3871	auch	_	_	
10-49	3872-3879	angehen	_	_	
10-50	3879-3880	.	_	_	

#Text=Vielen Dank.
11-1	3887-3893	Vielen	_	_	
11-2	3894-3898	Dank	_	_	
11-3	3898-3899	.	_	_	

#Text=Vielen Dank, Daniela Kolbe. – Nächster Redner: Uwe Witt für die AfD-Fraktion.
12-1	3901-3907	Vielen	_	_	
12-2	3908-3912	Dank	_	_	
12-3	3912-3913	,	_	_	
12-4	3914-3921	Daniela	Animated[24]	B	
12-5	3922-3927	Kolbe	Animated[24]	I	
12-6	3927-3928	.	_	_	
12-7	3929-3930	–	Animated[25]	B	
12-8	3931-3939	Nächster	Animated[25]	I	
12-9	3940-3946	Redner	Animated[25]	I	
12-10	3946-3947	:	_	_	
12-11	3948-3951	Uwe	Animated[26]	B	
12-12	3952-3956	Witt	Animated[26]	I	
12-13	3957-3960	für	_	_	
12-14	3961-3964	die	Animated[27]	B	
12-15	3965-3977	AfD-Fraktion	Animated[27]	I	
12-16	3977-3978	.	_	_	
