#FORMAT=WebAnno TSV 3.3
#T_SP=webanno.custom.Animacy|Animated
#T_SP=webanno.custom.CustomChunk|Chunk


#Text=Frau Präsidentin! Sehr geehrte Kolleginnen und Kollegen! Die USA haben jetzt also am Wochenende mit Talibanvertretern ein Abkommen unterzeichnet, das den Weg für einen Abzug der US-Truppen und für ein Ende der Kämpfe ebnen soll. US-Präsident Donald Trump gab in Washington bekannt, er habe ein sehr gutes Gespräch mit dem politischen Chef der Taliban Abdul Ghani Baradar geführt.
1-1	0-4	Frau	Animated[1]	B	
1-2	5-16	Präsidentin	Animated[1]	I	
1-3	16-17	!	_	_	
1-4	18-22	Sehr	Animated[2]	B	
1-5	23-30	geehrte	Animated[2]	I	
1-6	31-42	Kolleginnen	Animated[2]	I	
1-7	43-46	und	_	_	
1-8	47-55	Kollegen	Animated	B	
1-9	55-56	!	_	_	
1-10	57-60	Die	Animated[3]	B	
1-11	61-64	USA	Animated[3]	I	
1-12	65-70	haben	_	_	
1-13	71-76	jetzt	_	_	
1-14	77-81	also	_	_	
1-15	82-84	am	_	_	
1-16	85-95	Wochenende	_	B	
1-17	96-99	mit	_	_	
1-18	100-117	Talibanvertretern	Animated	B	
1-19	118-121	ein	_	B	
1-20	122-130	Abkommen	_	I	
1-21	131-144	unterzeichnet	_	_	
1-22	144-145	,	_	_	
1-23	146-149	das	_	B	
1-24	150-153	den	_	B	
1-25	154-157	Weg	_	I	
1-26	158-161	für	_	_	
1-27	162-167	einen	_	B	
1-28	168-173	Abzug	_	I	
1-29	174-177	der	Animated[4]	B	
1-30	178-188	US-Truppen	Animated[4]	I	
1-31	189-192	und	_	_	
1-32	193-196	für	_	_	
1-33	197-200	ein	_	B	
1-34	201-205	Ende	_	I	
1-35	206-209	der	_	B	
1-36	210-216	Kämpfe	_	I	
1-37	217-222	ebnen	_	_	
1-38	223-227	soll	_	_	
1-39	227-228	.	_	_	
1-40	229-241	US-Präsident	Animated[5]	B	
1-41	242-248	Donald	Animated[5]	I	
1-42	249-254	Trump	Animated[5]	I	
1-43	255-258	gab	_	_	
1-44	259-261	in	_	_	
1-45	262-272	Washington	_	B	
1-46	273-280	bekannt	_	_	
1-47	280-281	,	_	_	
1-48	282-284	er	_	B	
1-49	285-289	habe	_	_	
1-50	290-293	ein	_	B	
1-51	294-298	sehr	_	I	
1-52	299-304	gutes	_	I	
1-53	305-313	Gespräch	_	I	
1-54	314-317	mit	_	_	
1-55	318-321	dem	Animated[6]	B	
1-56	322-333	politischen	Animated[6]	I	
1-57	334-338	Chef	Animated[6]	I	
1-58	339-342	der	Animated[7]	B	
1-59	343-350	Taliban	Animated[7]	I	
1-60	351-356	Abdul	Animated[7]	I	
1-61	357-362	Ghani	Animated[7]	I	
1-62	363-370	Baradar	Animated[7]	I	
1-63	371-378	geführt	_	_	
1-64	378-379	.	_	_	

#Text=Nun werden also nach fast 19 Jahren Krieg die Taliban von den USA in die Regierung gebracht, und das auch noch vorbei an afghanischer Regierung und Zivilgesellschaft. Ich möchte hier in Erinnerung rufen: Alle aus der Friedensbewegung, die damals, vor fast 20 Jahren, gefordert hatten, keinen Krieg zu führen, sondern mit den Taliban zu verhandeln, wurden auf das Übelste beleidigt und als Terrorunterstützer verunglimpft.
2-1	386-389	Nun	_	_	
2-2	390-396	werden	_	_	
2-3	397-401	also	_	_	
2-4	402-406	nach	_	_	
2-5	407-411	fast	_	B	
2-6	412-414	19	_	I	
2-7	415-421	Jahren	_	I	
2-8	422-427	Krieg	_	B	
2-9	428-431	die	Animated[8]	B	
2-10	432-439	Taliban	Animated[8]	I	
2-11	440-443	von	_	_	
2-12	444-447	den	Animated[9]	B	
2-13	448-451	USA	Animated[9]	I	
2-14	452-454	in	_	_	
2-15	455-458	die	Animated[10]	B	
2-16	459-468	Regierung	Animated[10]	I	
2-17	469-477	gebracht	_	_	
2-18	477-478	,	_	_	
2-19	479-482	und	_	_	
2-20	483-486	das	_	B	
2-21	487-491	auch	_	_	
2-22	492-496	noch	_	_	
2-23	497-503	vorbei	_	_	
2-24	504-506	an	_	_	
2-25	507-519	afghanischer	Animated[11]	B	
2-26	520-529	Regierung	Animated[11]	I	
2-27	530-533	und	_	_	
2-28	534-551	Zivilgesellschaft	Animated	B	
2-29	551-552	.	_	_	
2-30	553-556	Ich	Animated	B	
2-31	557-563	möchte	_	_	
2-32	564-568	hier	_	_	
2-33	569-571	in	_	_	
2-34	572-582	Erinnerung	_	B	
2-35	583-588	rufen	_	_	
2-36	588-589	:	_	_	
2-37	590-594	Alle	_	B	
2-38	595-598	aus	_	_	
2-39	599-602	der	_	B	
2-40	603-619	Friedensbewegung	_	I	
2-41	619-620	,	_	_	
2-42	621-624	die	_	B	
2-43	625-631	damals	_	_	
2-44	631-632	,	_	_	
2-45	633-636	vor	_	_	
2-46	637-641	fast	_	B	
2-47	642-644	20	_	I	
2-48	645-651	Jahren	_	I	
2-49	651-652	,	_	_	
2-50	653-662	gefordert	_	_	
2-51	663-669	hatten	_	_	
2-52	669-670	,	_	_	
2-53	671-677	keinen	_	B	
2-54	678-683	Krieg	_	I	
2-55	684-686	zu	_	_	
2-56	687-693	führen	_	_	
2-57	693-694	,	_	_	
2-58	695-702	sondern	_	_	
2-59	703-706	mit	_	_	
2-60	707-710	den	Animated[12]	B	
2-61	711-718	Taliban	Animated[12]	I	
2-62	719-721	zu	_	_	
2-63	722-732	verhandeln	_	_	
2-64	732-733	,	_	_	
2-65	734-740	wurden	_	_	
2-66	741-744	auf	_	_	
2-67	745-748	das	_	B	
2-68	749-756	Übelste	_	I	
2-69	757-766	beleidigt	_	_	
2-70	767-770	und	_	_	
2-71	771-774	als	_	_	
2-72	775-793	Terrorunterstützer	Animated	B	
2-73	794-806	verunglimpft	_	_	
2-74	806-807	.	_	_	

#Text=Vielen von uns hier, auch uns von der Linken, ging es so. Wir haben trotzdem gegen diesen Krieg demonstriert und politische Lösungen gefordert.
3-1	818-824	Vielen	_	B	
3-2	825-828	von	_	_	
3-3	829-832	uns	_	B	
3-4	833-837	hier	_	_	
3-5	837-838	,	_	_	
3-6	839-843	auch	_	B	
3-7	844-847	uns	_	I	
3-8	848-851	von	_	_	
3-9	852-855	der	Animated[13]	B	
3-10	856-862	Linken	Animated[13]	I	
3-11	862-863	,	_	_	
3-12	864-868	ging	_	_	
3-13	869-871	es	_	_	
3-14	872-874	so	_	_	
3-15	874-875	.	_	_	
3-16	876-879	Wir	Animated	B	
3-17	880-885	haben	_	_	
3-18	886-894	trotzdem	_	_	
3-19	895-900	gegen	_	_	
3-20	901-907	diesen	_	B	
3-21	908-913	Krieg	_	I	
3-22	914-926	demonstriert	_	_	
3-23	927-930	und	_	_	
3-24	931-941	politische	_	B	
3-25	942-950	Lösungen	_	I	
3-26	951-960	gefordert	_	_	
3-27	960-961	.	_	_	

#Text=Der Krieg in Afghanistan wurde 2001 unter Rot-Grün begonnen. Es ging angeblich um die Sicherheit Deutschlands, die am Hindukusch verteidigt werden musste. Dann ging es um Frauenrechte. Dann ging es um die Entwicklung, um den Brunnenbau im Land. Das alles bricht doch jetzt mit diesem Deal von Trump zusammen.
4-1	966-969	Der	_	B	
4-2	970-975	Krieg	_	I	
4-3	976-978	in	_	_	
4-4	979-990	Afghanistan	_	B	
4-5	991-996	wurde	_	_	
4-6	997-1001	2001	_	_	
4-7	1002-1007	unter	_	_	
4-8	1008-1016	Rot-Grün	Animated	B	
4-9	1017-1025	begonnen	_	_	
4-10	1025-1026	.	_	_	
4-11	1027-1029	Es	_	_	
4-12	1030-1034	ging	_	_	
4-13	1035-1044	angeblich	_	_	
4-14	1045-1047	um	_	_	
4-15	1048-1051	die	_	B	
4-16	1052-1062	Sicherheit	_	I	
4-17	1063-1075	Deutschlands	_	B	
4-18	1075-1076	,	_	_	
4-19	1077-1080	die	_	B	
4-20	1081-1083	am	_	_	
4-21	1084-1094	Hindukusch	_	B	
4-22	1095-1105	verteidigt	_	_	
4-23	1106-1112	werden	_	_	
4-24	1113-1119	musste	_	_	
4-25	1119-1120	.	_	_	
4-26	1121-1125	Dann	_	_	
4-27	1126-1130	ging	_	_	
4-28	1131-1133	es	_	_	
4-29	1134-1136	um	_	_	
4-30	1137-1149	Frauenrechte	_	B	
4-31	1149-1150	.	_	_	
4-32	1151-1155	Dann	_	_	
4-33	1156-1160	ging	_	_	
4-34	1161-1163	es	_	_	
4-35	1164-1166	um	_	_	
4-36	1167-1170	die	_	B	
4-37	1171-1182	Entwicklung	_	I	
4-38	1182-1183	,	_	_	
4-39	1184-1186	um	_	_	
4-40	1187-1190	den	_	B	
4-41	1191-1201	Brunnenbau	_	I	
4-42	1202-1204	im	_	_	
4-43	1205-1209	Land	_	B	
4-44	1209-1210	.	_	_	
4-45	1211-1214	Das	_	B	
4-46	1215-1220	alles	_	I	
4-47	1221-1227	bricht	_	_	
4-48	1228-1232	doch	_	_	
4-49	1233-1238	jetzt	_	_	
4-50	1239-1242	mit	_	_	
4-51	1243-1249	diesem	_	B	
4-52	1250-1254	Deal	_	I	
4-53	1255-1258	von	_	_	
4-54	1259-1264	Trump	Animated	B	
4-55	1265-1273	zusammen	_	_	
4-56	1273-1274	.	_	_	

#Text=Auch die Bundeswehr hat diesen Krieg ja seit fast 19 Jahren mit geführt. Er hat, konservativ geschätzt – es gibt nämlich gar keine offiziellen Zahlen –, 20 000 Menschen das Leben gekostet, nach dem Bodycount von IPPNW aber bis zu 180 000 Menschen. Im letzten Jahr, bis September 2019, wurden zweieinhalbtausend Zivilisten getötet.
5-1	1282-1286	Auch	Animated[14]	B	
5-2	1287-1290	die	Animated[14]	I	
5-3	1291-1301	Bundeswehr	Animated[14]	I	
5-4	1302-1305	hat	_	_	
5-5	1306-1312	diesen	_	B	
5-6	1313-1318	Krieg	_	I	
5-7	1319-1321	ja	_	_	
5-8	1322-1326	seit	_	_	
5-9	1327-1331	fast	_	B	
5-10	1332-1334	19	_	I	
5-11	1335-1341	Jahren	_	I	
5-12	1342-1345	mit	_	_	
5-13	1346-1353	geführt	_	_	
5-14	1353-1354	.	_	_	
5-15	1355-1357	Er	_	B	
5-16	1358-1361	hat	_	_	
5-17	1361-1362	,	_	_	
5-18	1363-1374	konservativ	_	_	
5-19	1375-1384	geschätzt	_	_	
5-20	1385-1386	–	_	_	
5-21	1387-1389	es	_	_	
5-22	1390-1394	gibt	_	_	
5-23	1395-1402	nämlich	_	_	
5-24	1403-1406	gar	_	B	
5-25	1407-1412	keine	_	I	
5-26	1413-1424	offiziellen	_	I	
5-27	1425-1431	Zahlen	_	I	
5-28	1432-1433	–	_	_	
5-29	1433-1434	,	_	_	
5-30	1435-1437	20	_	B	
5-31	1437-1438	 	_	I	
5-32	1438-1441	000	_	I	
5-33	1442-1450	Menschen	_	I	
5-34	1451-1454	das	_	B	
5-35	1455-1460	Leben	_	I	
5-36	1461-1469	gekostet	_	_	
5-37	1469-1470	,	_	_	
5-38	1471-1475	nach	_	_	
5-39	1476-1479	dem	_	B	
5-40	1480-1489	Bodycount	_	I	
5-41	1490-1493	von	_	_	
5-42	1494-1499	IPPNW	Animated	B	
5-43	1500-1504	aber	_	_	
5-44	1505-1508	bis	_	B	
5-45	1509-1511	zu	_	I	
5-46	1512-1515	180	_	I	
5-47	1515-1516	 	_	I	
5-48	1516-1519	000	_	I	
5-49	1520-1528	Menschen	_	I	
5-50	1528-1529	.	_	_	
5-51	1530-1532	Im	_	_	
5-52	1533-1540	letzten	_	B	
5-53	1541-1545	Jahr	_	I	
5-54	1545-1546	,	_	_	
5-55	1547-1550	bis	_	_	
5-56	1551-1560	September	_	B	
5-57	1561-1565	2019	_	_	
5-58	1565-1566	,	_	_	
5-59	1567-1573	wurden	_	_	
5-60	1574-1592	zweieinhalbtausend	Animated[15]	B	
5-61	1593-1603	Zivilisten	Animated[15]	I	
5-62	1604-1611	getötet	_	_	
5-63	1611-1612	.	_	_	

#Text=Der Krieg hat insgesamt 2 Billionen Dollar gekostet, allein der Bundeswehreinsatz davon 10 Milliarden. Für was das eigentlich alles? Dieser Krieg war ein großes Verbrechen wie jeder Krieg.
6-1	1625-1628	Der	_	B	
6-2	1629-1634	Krieg	_	I	
6-3	1635-1638	hat	_	_	
6-4	1639-1648	insgesamt	_	B	
6-5	1649-1650	2	_	I	
6-6	1651-1660	Billionen	_	I	
6-7	1661-1667	Dollar	_	I	
6-8	1668-1676	gekostet	_	_	
6-9	1676-1677	,	_	_	
6-10	1678-1684	allein	_	_	
6-11	1685-1688	der	_	_	
6-12	1689-1706	Bundeswehreinsatz	_	_	
6-13	1707-1712	davon	_	_	
6-14	1713-1715	10	_	B	
6-15	1716-1726	Milliarden	_	I	
6-16	1726-1727	.	_	_	
6-17	1728-1731	Für	_	_	
6-18	1732-1735	was	_	B	
6-19	1736-1739	das	_	_	
6-20	1740-1750	eigentlich	_	_	
6-21	1751-1756	alles	_	B	
6-22	1756-1757	?	_	_	
6-23	1758-1764	Dieser	_	B	
6-24	1765-1770	Krieg	_	I	
6-25	1771-1774	war	_	_	
6-26	1775-1778	ein	_	B	
6-27	1779-1785	großes	_	I	
6-28	1786-1796	Verbrechen	_	I	
6-29	1797-1800	wie	_	_	
6-30	1801-1806	jeder	_	_	
6-31	1807-1812	Krieg	_	_	
6-32	1812-1813	.	_	_	

#Text=Die USA wollen nun binnen 14 Monaten alle Truppen aus Afghanistan abziehen. Sie aber wollen das Mandat der Bundeswehr unverändert hier verlängern. Das können Sie doch wirklich niemandem mehr erklären, Herr Maas. Die Bundeswehr muss sofort abgezogen werden.
7-1	1818-1821	Die	Animated[16]	B	
7-2	1822-1825	USA	Animated[16]	I	
7-3	1826-1832	wollen	_	_	
7-4	1833-1836	nun	_	_	
7-5	1837-1843	binnen	_	_	
7-6	1844-1846	14	_	B	
7-7	1847-1854	Monaten	_	I	
7-8	1855-1859	alle	Animated[17]	B	
7-9	1860-1867	Truppen	Animated[17]	I	
7-10	1868-1871	aus	_	_	
7-11	1872-1883	Afghanistan	_	B	
7-12	1884-1892	abziehen	_	_	
7-13	1892-1893	.	_	_	
7-14	1894-1897	Sie	_	B	
7-15	1898-1902	aber	_	_	
7-16	1903-1909	wollen	_	_	
7-17	1910-1913	das	Animated[18]	B	
7-18	1914-1920	Mandat	Animated[18]	I	
7-19	1921-1924	der	Animated[19]	B	
7-20	1925-1935	Bundeswehr	Animated[19]	I	
7-21	1936-1947	unverändert	_	_	
7-22	1948-1952	hier	_	_	
7-23	1953-1963	verlängern	_	_	
7-24	1963-1964	.	_	_	
7-25	1965-1968	Das	_	B	
7-26	1969-1975	können	_	_	
7-27	1976-1979	Sie	_	B	
7-28	1980-1984	doch	_	_	
7-29	1985-1993	wirklich	_	_	
7-30	1994-2003	niemandem	Animated	B	
7-31	2004-2008	mehr	_	_	
7-32	2009-2017	erklären	_	_	
7-33	2017-2018	,	_	_	
7-34	2019-2023	Herr	_	_	
7-35	2024-2028	Maas	Animated	B	
7-36	2028-2029	.	_	_	
7-37	2030-2033	Die	Animated[20]	B	
7-38	2034-2044	Bundeswehr	Animated[20]	I	
7-39	2045-2049	muss	_	_	
7-40	2050-2056	sofort	_	_	
7-41	2057-2066	abgezogen	_	_	
7-42	2067-2073	werden	_	_	
7-43	2073-2074	.	_	_	

#Text=Dieser Krieg wurde damals begonnen, weil man das Al-Qaida-Netzwerk zerschlagen wollte. Heute kämpfen al-Qaida-nahe Terrormilizen Seite an Seite mit dem NATO-Partner Türkei in Idlib. Ich höre hier keine einzige Verurteilung dieses Vorgehens der Türkei.
8-1	2080-2086	Dieser	_	B	
8-2	2087-2092	Krieg	_	I	
8-3	2093-2098	wurde	_	_	
8-4	2099-2105	damals	_	_	
8-5	2106-2114	begonnen	_	_	
8-6	2114-2115	,	_	_	
8-7	2116-2120	weil	_	_	
8-8	2121-2124	man	Animated	B	
8-9	2125-2128	das	Animated[21]	B	
8-10	2129-2146	Al-Qaida-Netzwerk	Animated[21]	I	
8-11	2147-2158	zerschlagen	_	_	
8-12	2159-2165	wollte	_	_	
8-13	2165-2166	.	_	_	
8-14	2167-2172	Heute	_	_	
8-15	2173-2180	kämpfen	_	_	
8-16	2181-2194	al-Qaida-nahe	Animated[22]	B	
8-17	2195-2208	Terrormilizen	Animated[22]	I	
8-18	2209-2214	Seite	_	B	
8-19	2215-2217	an	_	_	
8-20	2218-2223	Seite	_	B	
8-21	2224-2227	mit	_	_	
8-22	2228-2231	dem	Animated[23]	B	
8-23	2232-2244	NATO-Partner	Animated[23]	I	
8-24	2245-2251	Türkei	Animated[23]	I	
8-25	2252-2254	in	_	_	
8-26	2255-2260	Idlib	_	B	
8-27	2260-2261	.	_	_	
8-28	2262-2265	Ich	Animated	B	
8-29	2266-2270	höre	_	_	
8-30	2271-2275	hier	_	_	
8-31	2276-2281	keine	_	B	
8-32	2282-2289	einzige	_	I	
8-33	2290-2302	Verurteilung	_	I	
8-34	2303-2309	dieses	_	B	
8-35	2310-2319	Vorgehens	_	I	
8-36	2320-2323	der	Animated[24]	B	
8-37	2324-2330	Türkei	Animated[24]	I	
8-38	2330-2331	.	_	_	

#Text=Im Gegenteil: Immer mehr Stimmen fordern sogar, die Türkei dabei auch noch zu unterstützen, weil es nämlich gegen Syrien und Russland geht. Das ist doch eine politische Bankrotterklärung, die Sie hier abliefern.
9-1	2336-2338	Im	_	_	
9-2	2339-2348	Gegenteil	_	B	
9-3	2348-2349	:	_	_	
9-4	2350-2355	Immer	_	B	
9-5	2356-2360	mehr	_	I	
9-6	2361-2368	Stimmen	_	I	
9-7	2369-2376	fordern	_	_	
9-8	2377-2382	sogar	_	_	
9-9	2382-2383	,	_	_	
9-10	2384-2387	die	Animated[25]	B	
9-11	2388-2394	Türkei	Animated[25]	I	
9-12	2395-2400	dabei	_	_	
9-13	2401-2405	auch	_	_	
9-14	2406-2410	noch	_	_	
9-15	2411-2413	zu	_	_	
9-16	2414-2426	unterstützen	_	_	
9-17	2426-2427	,	_	_	
9-18	2428-2432	weil	_	_	
9-19	2433-2435	es	_	_	
9-20	2436-2443	nämlich	_	_	
9-21	2444-2449	gegen	_	_	
9-22	2450-2456	Syrien	Animated	B	
9-23	2457-2460	und	_	_	
9-24	2461-2469	Russland	Animated	B	
9-25	2470-2474	geht	_	_	
9-26	2474-2475	.	_	_	
9-27	2476-2479	Das	_	B	
9-28	2480-2483	ist	_	_	
9-29	2484-2488	doch	_	_	
9-30	2489-2493	eine	_	B	
9-31	2494-2504	politische	_	I	
9-32	2505-2522	Bankrotterklärung	_	I	
9-33	2522-2523	,	_	_	
9-34	2524-2527	die	_	B	
9-35	2528-2531	Sie	_	B	
9-36	2532-2536	hier	_	_	
9-37	2537-2546	abliefern	_	_	
9-38	2546-2547	.	_	_	

#Text=Meine Fraktion lehnt diese Mandatsverlängerung ab. Wir fordern eine Gesamtbilanz dieses Einsatzes. Dazu gehört natürlich auch die Untersuchung von Kriegsverbrechen in Afghanistan auf allen Seiten, auch aufseiten des Westens. Das ist nämlich überhaupt die Voraussetzung für einen Friedensprozess in diesem Land.
10-1	2554-2559	Meine	Animated[26]	B	
10-2	2560-2568	Fraktion	Animated[26]	I	
10-3	2569-2574	lehnt	_	_	
10-4	2575-2580	diese	_	B	
10-5	2581-2600	Mandatsverlängerung	_	I	
10-6	2601-2603	ab	_	_	
10-7	2603-2604	.	_	_	
10-8	2605-2608	Wir	Animated	B	
10-9	2609-2616	fordern	_	_	
10-10	2617-2621	eine	_	B	
10-11	2622-2634	Gesamtbilanz	_	I	
10-12	2635-2641	dieses	_	B	
10-13	2642-2651	Einsatzes	_	I	
10-14	2651-2652	.	_	_	
10-15	2653-2657	Dazu	_	_	
10-16	2658-2664	gehört	_	_	
10-17	2665-2674	natürlich	_	_	
10-18	2675-2679	auch	_	B	
10-19	2680-2683	die	_	I	
10-20	2684-2696	Untersuchung	_	I	
10-21	2697-2700	von	_	_	
10-22	2701-2717	Kriegsverbrechen	Animated	B	
10-23	2718-2720	in	_	_	
10-24	2721-2732	Afghanistan	_	B	
10-25	2733-2736	auf	_	_	
10-26	2737-2742	allen	_	B	
10-27	2743-2749	Seiten	_	I	
10-28	2749-2750	,	_	_	
10-29	2751-2755	auch	_	B	
10-30	2756-2765	aufseiten	_	I	
10-31	2766-2769	des	_	B	
10-32	2770-2777	Westens	_	I	
10-33	2777-2778	.	_	_	
10-34	2779-2782	Das	_	B	
10-35	2783-2786	ist	_	_	
10-36	2787-2794	nämlich	_	_	
10-37	2795-2804	überhaupt	_	_	
10-38	2805-2808	die	_	B	
10-39	2809-2822	Voraussetzung	_	I	
10-40	2823-2826	für	_	_	
10-41	2827-2832	einen	_	B	
10-42	2833-2848	Friedensprozess	_	I	
10-43	2849-2851	in	_	_	
10-44	2852-2858	diesem	_	B	
10-45	2859-2863	Land	_	I	
10-46	2863-2864	.	_	_	

#Text=Es war unter anderem der Journalist Julian Assange, der Informationen über US-Kriegsverbrechen in Afghanistan veröffentlicht hat.
11-1	2870-2872	Es	_	B	
11-2	2873-2876	war	_	_	
11-3	2877-2882	unter	_	_	
11-4	2883-2890	anderem	_	B	
11-5	2891-2894	der	_	_	
11-6	2895-2905	Journalist	_	_	
11-7	2906-2912	Julian	Animated[27]	B	
11-8	2913-2920	Assange	Animated[27]	I	
11-9	2920-2921	,	_	_	
11-10	2922-2925	der	_	B	
11-11	2926-2939	Informationen	_	B	
11-12	2940-2944	über	_	_	
11-13	2945-2964	US-Kriegsverbrechen	_	B	
11-14	2965-2967	in	_	_	
11-15	2968-2979	Afghanistan	_	B	
11-16	2980-2994	veröffentlicht	_	_	
11-17	2995-2998	hat	_	_	
11-18	2998-2999	.	_	_	

#Text=Er wird nun politisch verfolgt, nicht die, die diese Kriegsverbrechen begangen haben. Genau das müssen wir ändern.
12-1	3002-3004	Er	_	B	
12-2	3005-3009	wird	_	_	
12-3	3010-3013	nun	_	_	
12-4	3014-3023	politisch	_	_	
12-5	3024-3032	verfolgt	_	_	
12-6	3032-3033	,	_	_	
12-7	3034-3039	nicht	_	B	
12-8	3040-3043	die	_	I	
12-9	3043-3044	,	_	_	
12-10	3045-3048	die	_	B	
12-11	3049-3054	diese	_	B	
12-12	3055-3071	Kriegsverbrechen	_	I	
12-13	3072-3080	begangen	_	_	
12-14	3081-3086	haben	_	_	
12-15	3086-3087	.	_	_	
12-16	3088-3093	Genau	_	B	
12-17	3094-3097	das	_	I	
12-18	3098-3104	müssen	_	_	
12-19	3105-3108	wir	Animated	B	
12-20	3109-3115	ändern	_	_	
12-21	3115-3116	.	_	_	

#Text=Vielen Dank.
13-1	3121-3127	Vielen	_	_	
13-2	3128-3132	Dank	_	_	
13-3	3132-3133	.	_	_	

#Text=Vielen Dank, Heike Hänsel. – Nächste Rednerin: für die Fraktion Bündnis 90/Die Grünen Agnieszka Brugger.
14-1	3135-3141	Vielen	_	_	
14-2	3142-3146	Dank	_	_	
14-3	3146-3147	,	_	_	
14-4	3148-3153	Heike	Animated[28]	B	
14-5	3154-3160	Hänsel	Animated[28]	I	
14-6	3160-3161	.	_	_	
14-7	3162-3163	–	Animated[29]	B	
14-8	3164-3171	Nächste	Animated[29]	I	
14-9	3172-3180	Rednerin	Animated[29]	I	
14-10	3180-3181	:	_	_	
14-11	3182-3185	für	_	_	
14-12	3186-3189	die	Animated[30]	B	
14-13	3190-3198	Fraktion	Animated[30]	I	
14-14	3199-3206	Bündnis	Animated[30]	I	
14-15	3207-3209	90	Animated[30]	I	
14-16	3209-3210	/	Animated[30]	I	
14-17	3210-3213	Die	Animated[30]	I	
14-18	3214-3220	Grünen	Animated[30]	I	
14-19	3221-3230	Agnieszka	Animated[30]	I	
14-20	3231-3238	Brugger	Animated[30]	I	
14-21	3238-3239	.	_	_	
