#FORMAT=WebAnno TSV 3.2
#T_SP=webanno.custom.Animacy|Animated
#T_SP=webanno.custom.CustomChunk|Chunk


#Text=Vielen Dank für das Wort. – Lieber Herr Kollege, bei dieser ganzen Debatte geht es doch eigentlich darum, dass bestimmte Narrative, die von vorwiegend linken Kräften hier in die Welt gesetzt werden, unbedingt erhalten werden müssen, Narrative, die dazu dienen, den gesellschaftspolitischen Umbau in diesem Land zu begründen, Narrative wie das, dass überwiegend Fachkräfte zu uns kommen – wir alle wissen, dass dies Desinformationen, dass dies Lügen sind –, Narrative wie das, dass die Menschen, die zu uns kommen, überwiegend eine ganz große Bereicherung wären, was auch eine Desinformation ist. Die Bevölkerung begreift das, und Ereignisse wie der Mord in Chemnitz beweisen und zeigen das. Die Bevölkerung merkt das langsam.
1-1	0-6	Vielen	_	_
1-2	7-11	Dank	_	_
1-3	12-15	für	_	_
1-4	16-19	das	_	B
1-5	20-24	Wort	_	I
1-6	24-25	.	_	_
1-7	26-27	–	_	_
1-8	28-34	Lieber	_	_
1-9	35-39	Herr	_	_
1-10	40-47	Kollege	_	B
1-11	47-48	,	_	_
1-12	49-52	bei	_	_
1-13	53-59	dieser	_	B
1-14	60-66	ganzen	_	I
1-15	67-74	Debatte	_	I
1-16	75-79	geht	_	_
1-17	80-82	es	_	_
1-18	83-87	doch	_	_
1-19	88-98	eigentlich	_	_
1-20	99-104	darum	_	_
1-21	104-105	,	_	_
1-22	106-110	dass	_	_
1-23	111-120	bestimmte	_	B
1-24	121-130	Narrative	_	I
1-25	130-131	,	_	_
1-26	132-135	die	_	B
1-27	136-139	von	_	_
1-28	140-150	vorwiegend	_	B
1-29	151-157	linken	_	I
1-30	158-165	Kräften	_	I
1-31	166-170	hier	_	_
1-32	171-173	in	_	_
1-33	174-177	die	_	B
1-34	178-182	Welt	_	I
1-35	183-190	gesetzt	_	_
1-36	191-197	werden	_	_
1-37	197-198	,	_	_
1-38	199-208	unbedingt	_	_
1-39	209-217	erhalten	_	_
1-40	218-224	werden	_	_
1-41	225-231	müssen	_	_
1-42	231-232	,	_	_
1-43	233-242	Narrative	_	B
1-44	242-243	,	_	_
1-45	244-247	die	_	B
1-46	248-252	dazu	_	_
1-47	253-259	dienen	_	_
1-48	259-260	,	_	_
1-49	261-264	den	_	B
1-50	265-289	gesellschaftspolitischen	_	I
1-51	290-295	Umbau	_	I
1-52	296-298	in	_	_
1-53	299-305	diesem	_	B
1-54	306-310	Land	_	I
1-55	311-313	zu	_	_
1-56	314-323	begründen	_	_
1-57	323-324	,	_	_
1-58	325-334	Narrative	_	_
1-59	335-338	wie	_	B
1-60	339-342	das	_	I
1-61	342-343	,	_	_
1-62	344-348	dass	_	_
1-63	349-360	überwiegend	_	_
1-64	361-371	Fachkräfte	_	B
1-65	372-374	zu	_	_
1-66	375-378	uns	_	B
1-67	379-385	kommen	_	_
1-68	386-387	–	_	_
1-69	388-391	wir	_	B
1-70	392-396	alle	_	B
1-71	397-403	wissen	_	_
1-72	403-404	,	_	_
1-73	405-409	dass	_	_
1-74	410-414	dies	_	B
1-75	415-431	Desinformationen	_	_
1-76	431-432	,	_	_
1-77	433-437	dass	_	_
1-78	438-442	dies	_	B
1-79	443-448	Lügen	_	B
1-80	449-453	sind	_	_
1-81	454-455	–	_	_
1-82	455-456	,	_	_
1-83	457-466	Narrative	_	B
1-84	467-470	wie	_	_
1-85	471-474	das	_	_
1-86	474-475	,	_	_
1-87	476-480	dass	_	_
1-88	481-484	die	_	B
1-89	485-493	Menschen	_	I
1-90	493-494	,	_	_
1-91	495-498	die	_	B
1-92	499-501	zu	_	_
1-93	502-505	uns	_	B
1-94	506-512	kommen	_	_
1-95	512-513	,	_	_
1-96	514-525	überwiegend	_	_
1-97	526-530	eine	_	B
1-98	531-535	ganz	_	I
1-99	536-541	große	_	I
1-100	542-554	Bereicherung	_	I
1-101	555-560	wären	_	_
1-102	560-561	,	_	_
1-103	562-565	was	_	B
1-104	566-570	auch	_	B
1-105	571-575	eine	_	I
1-106	576-590	Desinformation	_	I
1-107	591-594	ist	_	_
1-108	594-595	.	_	_
1-109	596-599	Die	_	B
1-110	600-611	Bevölkerung	_	I
1-111	612-620	begreift	_	_
1-112	621-624	das	_	B
1-113	624-625	,	_	_
1-114	626-629	und	_	_
1-115	630-640	Ereignisse	_	B
1-116	641-644	wie	_	_
1-117	645-648	der	_	_
1-118	649-653	Mord	_	_
1-119	654-656	in	_	_
1-120	657-665	Chemnitz	_	B
1-121	666-674	beweisen	_	_
1-122	675-678	und	_	_
1-123	679-685	zeigen	_	_
1-124	686-689	das	_	B
1-125	689-690	.	_	_
1-126	691-694	Die	_	B
1-127	695-706	Bevölkerung	_	I
1-128	707-712	merkt	_	_
1-129	713-716	das	_	B
1-130	717-724	langsam	_	_
1-131	724-725	.	_	_

#Text=Jetzt geht es doch ganz einfach darum, wie man diese Narrative dennoch am Leben erhalten kann. Dabei schreckt man eben auch nicht vor Lügen und davor zurück, die Wahrheiten zu unterdrücken, wie damals bei den Ereignissen auf der Domplatte in Köln, als die Medien vier Tage gebraucht haben, bis sie unter dem Druck bereit waren, zu reagieren und darüber zu berichten. Die Propagandalüge von den Hetzjagden in Chemnitz gehört ebenfalls dazu.
2-1	747-752	Jetzt	_	_
2-2	753-757	geht	_	_
2-3	758-760	es	_	_
2-4	761-765	doch	_	_
2-5	766-770	ganz	_	_
2-6	771-778	einfach	_	_
2-7	779-784	darum	_	_
2-8	784-785	,	_	_
2-9	786-789	wie	_	_
2-10	790-793	man	_	B
2-11	794-799	diese	_	B
2-12	800-809	Narrative	_	I
2-13	810-817	dennoch	_	_
2-14	818-820	am	_	_
2-15	821-826	Leben	_	B
2-16	827-835	erhalten	_	_
2-17	836-840	kann	_	_
2-18	840-841	.	_	_
2-19	842-847	Dabei	_	_
2-20	848-856	schreckt	_	_
2-21	857-860	man	_	B
2-22	861-865	eben	_	_
2-23	866-870	auch	_	_
2-24	871-876	nicht	_	_
2-25	877-880	vor	_	_
2-26	881-886	Lügen	_	B
2-27	887-890	und	_	_
2-28	891-896	davor	_	_
2-29	897-903	zurück	_	_
2-30	903-904	,	_	_
2-31	905-908	die	_	B
2-32	909-919	Wahrheiten	_	I
2-33	920-922	zu	_	_
2-34	923-935	unterdrücken	_	_
2-35	935-936	,	_	_
2-36	937-940	wie	_	_
2-37	941-947	damals	_	_
2-38	948-951	bei	_	_
2-39	952-955	den	_	B
2-40	956-967	Ereignissen	_	I
2-41	968-971	auf	_	_
2-42	972-975	der	_	B
2-43	976-985	Domplatte	_	I
2-44	986-988	in	_	_
2-45	989-993	Köln	_	B
2-46	993-994	,	_	_
2-47	995-998	als	_	_
2-48	999-1002	die	_	B
2-49	1003-1009	Medien	_	I
2-50	1010-1014	vier	_	B
2-51	1015-1019	Tage	_	I
2-52	1020-1029	gebraucht	_	_
2-53	1030-1035	haben	_	_
2-54	1035-1036	,	_	_
2-55	1037-1040	bis	_	_
2-56	1041-1044	sie	_	B
2-57	1045-1050	unter	_	_
2-58	1051-1054	dem	_	B
2-59	1055-1060	Druck	_	I
2-60	1061-1067	bereit	_	_
2-61	1068-1073	waren	_	_
2-62	1073-1074	,	_	_
2-63	1075-1077	zu	_	_
2-64	1078-1087	reagieren	_	_
2-65	1088-1091	und	_	_
2-66	1092-1099	darüber	_	_
2-67	1100-1102	zu	_	_
2-68	1103-1112	berichten	_	_
2-69	1112-1113	.	_	_
2-70	1114-1117	Die	_	B
2-71	1118-1132	Propagandalüge	_	I
2-72	1133-1136	von	_	_
2-73	1137-1140	den	_	B
2-74	1141-1151	Hetzjagden	_	I
2-75	1152-1154	in	_	_
2-76	1155-1163	Chemnitz	_	B
2-77	1164-1170	gehört	_	_
2-78	1171-1180	ebenfalls	_	_
2-79	1181-1185	dazu	_	_
2-80	1185-1186	.	_	_

#Text=Bedauerlicherweise war es die Bundesregierung, die sich an diesen Propagandalügen beteiligt hat. Das ist die Wahrheit, und das hat in der Tat überhaupt nichts damit zu tun, dass hier irgendjemand irgendetwas instrumentalisieren würde. Das nehmen Sie doch bitte mal zur Kenntnis!
3-1	1196-1214	Bedauerlicherweise	_	_
3-2	1215-1218	war	_	_
3-3	1219-1221	es	_	B
3-4	1222-1225	die	_	B
3-5	1226-1241	Bundesregierung	_	I
3-6	1241-1242	,	_	_
3-7	1243-1246	die	_	B
3-8	1247-1251	sich	_	B
3-9	1252-1254	an	_	_
3-10	1255-1261	diesen	_	B
3-11	1262-1277	Propagandalügen	_	I
3-12	1278-1287	beteiligt	_	_
3-13	1288-1291	hat	_	_
3-14	1291-1292	.	_	_
3-15	1293-1296	Das	_	B
3-16	1297-1300	ist	_	_
3-17	1301-1304	die	_	B
3-18	1305-1313	Wahrheit	_	I
3-19	1313-1314	,	_	_
3-20	1315-1318	und	_	_
3-21	1319-1322	das	_	B
3-22	1323-1326	hat	_	_
3-23	1327-1329	in	_	_
3-24	1330-1333	der	_	B
3-25	1334-1337	Tat	_	I
3-26	1338-1347	überhaupt	_	B
3-27	1348-1354	nichts	_	I
3-28	1355-1360	damit	_	_
3-29	1361-1363	zu	_	_
3-30	1364-1367	tun	_	_
3-31	1367-1368	,	_	_
3-32	1369-1373	dass	_	_
3-33	1374-1378	hier	_	_
3-34	1379-1391	irgendjemand	_	B
3-35	1392-1403	irgendetwas	_	B
3-36	1404-1423	instrumentalisieren	_	_
3-37	1424-1429	würde	_	_
3-38	1429-1430	.	_	_
3-39	1431-1434	Das	_	B
3-40	1435-1441	nehmen	_	_
3-41	1442-1445	Sie	_	B
3-42	1446-1450	doch	_	_
3-43	1451-1456	bitte	_	_
3-44	1457-1460	mal	_	_
3-45	1461-1464	zur	_	_
3-46	1465-1473	Kenntnis	_	B
3-47	1473-1474	!	_	_

#Text=Möchten Sie darauf antworten, Herr Rabanus? – Bitte sehr.
4-1	1481-1488	Möchten	_	_
4-2	1489-1492	Sie	_	B
4-3	1493-1499	darauf	_	_
4-4	1500-1509	antworten	_	_
4-5	1509-1510	,	_	_
4-6	1511-1515	Herr	_	_
4-7	1516-1523	Rabanus	_	B
4-8	1523-1524	?	_	_
4-9	1525-1526	–	_	_
4-10	1527-1532	Bitte	_	_
4-11	1533-1537	sehr	_	_
4-12	1537-1538	.	_	_
