#FORMAT=WebAnno TSV 3.2
#T_SP=webanno.custom.Animacy|Animated
#T_SP=webanno.custom.CustomChunk|Chunk


#Text=Sehr geehrter Herr Präsident! Werte Kolleginnen und Kollegen! Ich habe volles Verständnis für alle Menschen, die auf die Straße gehen und gegen gestiegene Mieten protestieren. Ich kann da jeden Einzelnen verstehen.
1-1	0-4	Sehr	_	B
1-2	5-13	geehrter	_	I
1-3	14-18	Herr	_	I
1-4	19-28	Präsident	_	I
1-5	28-29	!	_	_
1-6	30-35	Werte	_	B
1-7	36-47	Kolleginnen	_	_
1-8	48-51	und	_	_
1-9	52-60	Kollegen	_	B
1-10	60-61	!	_	_
1-11	62-65	Ich	_	B
1-12	66-70	habe	_	_
1-13	71-77	volles	_	B
1-14	78-89	Verständnis	_	I
1-15	90-93	für	_	_
1-16	94-98	alle	_	B
1-17	99-107	Menschen	_	I
1-18	107-108	,	_	_
1-19	109-112	die	_	B
1-20	113-116	auf	_	_
1-21	117-120	die	_	B
1-22	121-127	Straße	_	I
1-23	128-133	gehen	_	_
1-24	134-137	und	_	_
1-25	138-143	gegen	_	_
1-26	144-154	gestiegene	_	B
1-27	155-161	Mieten	_	I
1-28	162-174	protestieren	_	_
1-29	174-175	.	_	_
1-30	176-179	Ich	_	B
1-31	180-184	kann	_	_
1-32	185-187	da	_	_
1-33	188-193	jeden	_	B
1-34	194-203	Einzelnen	_	I
1-35	204-213	verstehen	_	_
1-36	213-214	.	_	_

#Text=Die Menschen sind wütend. Sie sind auch zu Recht wütend; denn die gestiegenen Mieten fressen immer mehr von ihrem Einkommen auf. Damit muss endlich Schluss sein.
2-1	220-223	Die	_	B
2-2	224-232	Menschen	_	I
2-3	233-237	sind	_	_
2-4	238-244	wütend	_	_
2-5	244-245	.	_	_
2-6	246-249	Sie	_	B
2-7	250-254	sind	_	_
2-8	255-259	auch	_	_
2-9	260-262	zu	_	_
2-10	263-268	Recht	_	B
2-11	269-275	wütend	_	_
2-12	275-276	;	_	_
2-13	277-281	denn	_	_
2-14	282-285	die	_	B
2-15	286-297	gestiegenen	_	I
2-16	298-304	Mieten	_	I
2-17	305-312	fressen	_	_
2-18	313-318	immer	_	_
2-19	319-323	mehr	_	_
2-20	324-327	von	_	_
2-21	328-333	ihrem	_	B
2-22	334-343	Einkommen	_	I
2-23	344-347	auf	_	_
2-24	347-348	.	_	_
2-25	349-354	Damit	_	_
2-26	355-359	muss	_	_
2-27	360-367	endlich	_	_
2-28	368-375	Schluss	_	B
2-29	376-380	sein	_	_
2-30	380-381	.	_	_

#Text=Was mich wirklich wütend macht, ist, wie sich Rot-Rot-Grün hier in Berlin aus der Verantwortung stiehlt, wie es Rot-Rot-Grün durch perfide Manöver geschafft hat, allein den Vermietern den Schwarzen Peter zuzuschieben.
3-1	386-389	Was	_	B
3-2	390-394	mich	_	B
3-3	395-403	wirklich	_	_
3-4	404-410	wütend	_	_
3-5	411-416	macht	_	_
3-6	416-417	,	_	_
3-7	418-421	ist	_	_
3-8	421-422	,	_	_
3-9	423-426	wie	_	_
3-10	427-431	sich	_	B
3-11	432-444	Rot-Rot-Grün	_	B
3-12	445-449	hier	_	_
3-13	450-452	in	_	_
3-14	453-459	Berlin	_	B
3-15	460-463	aus	_	_
3-16	464-467	der	_	B
3-17	468-481	Verantwortung	_	I
3-18	482-489	stiehlt	_	_
3-19	489-490	,	_	_
3-20	491-494	wie	_	_
3-21	495-497	es	_	B
3-22	498-510	Rot-Rot-Grün	_	B
3-23	511-516	durch	_	_
3-24	517-524	perfide	_	B
3-25	525-532	Manöver	_	I
3-26	533-542	geschafft	_	_
3-27	543-546	hat	_	_
3-28	546-547	,	_	_
3-29	548-554	allein	_	B
3-30	555-558	den	_	I
3-31	559-569	Vermietern	_	I
3-32	570-573	den	_	B
3-33	574-583	Schwarzen	_	I
3-34	584-589	Peter	_	I
3-35	590-602	zuzuschieben	_	_
3-36	602-603	.	_	_

#Text=– Ja, München ist lange genug rot-grün regiert. Da gibt es genau das gleiche Problem. – Werte Linke, SPD und Grüne, Sie sind hier in der Hauptstadt in Regierungsverantwortung
4-1	609-610	–	_	_
4-2	611-613	Ja	_	_
4-3	613-614	,	_	_
4-4	615-622	München	_	B
4-5	623-626	ist	_	_
4-6	627-632	lange	_	B
4-7	633-638	genug	_	I
4-8	639-647	rot-grün	_	I
4-9	648-655	regiert	_	_
4-10	655-656	.	_	_
4-11	657-659	Da	_	_
4-12	660-664	gibt	_	_
4-13	665-667	es	_	_
4-14	668-673	genau	_	_
4-15	674-677	das	_	B
4-16	678-685	gleiche	_	I
4-17	686-693	Problem	_	I
4-18	693-694	.	_	_
4-19	695-696	–	_	_
4-20	697-702	Werte	_	_
4-21	703-708	Linke	_	B
4-22	708-709	,	_	_
4-23	710-713	SPD	_	B
4-24	714-717	und	_	_
4-25	718-723	Grüne	_	B
4-26	723-724	,	_	_
4-27	725-728	Sie	_	B
4-28	729-733	sind	_	_
4-29	734-738	hier	_	_
4-30	739-741	in	_	_
4-31	742-745	der	_	B
4-32	746-756	Hauptstadt	_	I
4-33	757-759	in	_	_
4-34	760-783	Regierungsverantwortung	_	B

#Text=und propagieren ein Volksbegehren, das Ihnen sagen soll, wie Sie zu regieren haben. Am Samstag gehen Sie protestieren, und am Montag haben Sie als Politiker keine Antwort auf die Probleme. Mehr Regierungsunfähigkeit kann man gar nicht demonstrieren.
5-1	789-792	und	_	_
5-2	793-804	propagieren	_	_
5-3	805-808	ein	_	B
5-4	809-822	Volksbegehren	_	I
5-5	822-823	,	_	_
5-6	824-827	das	_	B
5-7	828-833	Ihnen	_	B
5-8	834-839	sagen	_	_
5-9	840-844	soll	_	_
5-10	844-845	,	_	_
5-11	846-849	wie	_	_
5-12	850-853	Sie	_	B
5-13	854-856	zu	_	_
5-14	857-865	regieren	_	_
5-15	866-871	haben	_	_
5-16	871-872	.	_	_
5-17	873-875	Am	_	_
5-18	876-883	Samstag	_	B
5-19	884-889	gehen	_	_
5-20	890-893	Sie	_	B
5-21	894-906	protestieren	_	_
5-22	906-907	,	_	_
5-23	908-911	und	_	_
5-24	912-914	am	_	_
5-25	915-921	Montag	_	B
5-26	922-927	haben	_	_
5-27	928-931	Sie	_	B
5-28	932-935	als	_	_
5-29	936-945	Politiker	_	B
5-30	946-951	keine	_	B
5-31	952-959	Antwort	_	I
5-32	960-963	auf	_	_
5-33	964-967	die	_	B
5-34	968-976	Probleme	_	I
5-35	976-977	.	_	_
5-36	978-982	Mehr	_	B
5-37	983-1004	Regierungsunfähigkeit	_	I
5-38	1005-1009	kann	_	_
5-39	1010-1013	man	_	B
5-40	1014-1017	gar	_	_
5-41	1018-1023	nicht	_	_
5-42	1024-1037	demonstrieren	_	_
5-43	1037-1038	.	_	_

#Text=Ich kann schlichtweg nicht fassen, dass wir in Deutschland im Jahr 2019 über Enteignung diskutieren. Das macht mich sprachlos.
6-1	1045-1048	Ich	_	B
6-2	1049-1053	kann	_	_
6-3	1054-1065	schlichtweg	_	_
6-4	1066-1071	nicht	_	_
6-5	1072-1078	fassen	_	_
6-6	1078-1079	,	_	_
6-7	1080-1084	dass	_	_
6-8	1085-1088	wir	_	B
6-9	1089-1091	in	_	_
6-10	1092-1103	Deutschland	_	B
6-11	1104-1106	im	_	_
6-12	1107-1111	Jahr	_	B
6-13	1112-1116	2019	_	_
6-14	1117-1121	über	_	_
6-15	1122-1132	Enteignung	_	B
6-16	1133-1144	diskutieren	_	_
6-17	1144-1145	.	_	_
6-18	1146-1149	Das	_	B
6-19	1150-1155	macht	_	_
6-20	1156-1160	mich	_	B
6-21	1161-1170	sprachlos	_	_
6-22	1170-1171	.	_	_

#Text=Dabei weiß jeder, dass Enteignungen das Problem der hohen Mieten und des knappen Wohnraums nicht lösen werden. Sie wollen nur Ihre ideologischen Feindbilder bedienen. Was kommt denn eigentlich als Nächstes? Welches Eigentum wollen Sie dann an sich reißen? Wen wollen Sie dann enteignen?
7-1	1175-1180	Dabei	_	_
7-2	1181-1185	weiß	_	_
7-3	1186-1191	jeder	_	B
7-4	1191-1192	,	_	_
7-5	1193-1197	dass	_	_
7-6	1198-1210	Enteignungen	_	B
7-7	1211-1214	das	_	B
7-8	1215-1222	Problem	_	I
7-9	1223-1226	der	_	B
7-10	1227-1232	hohen	_	I
7-11	1233-1239	Mieten	_	I
7-12	1240-1243	und	_	_
7-13	1244-1247	des	_	B
7-14	1248-1255	knappen	_	I
7-15	1256-1265	Wohnraums	_	I
7-16	1266-1271	nicht	_	_
7-17	1272-1277	lösen	_	_
7-18	1278-1284	werden	_	_
7-19	1284-1285	.	_	_
7-20	1286-1289	Sie	_	B
7-21	1290-1296	wollen	_	_
7-22	1297-1300	nur	_	_
7-23	1301-1305	Ihre	_	B
7-24	1306-1319	ideologischen	_	I
7-25	1320-1331	Feindbilder	_	I
7-26	1332-1340	bedienen	_	_
7-27	1340-1341	.	_	_
7-28	1342-1345	Was	_	B
7-29	1346-1351	kommt	_	_
7-30	1352-1356	denn	_	_
7-31	1357-1367	eigentlich	_	_
7-32	1368-1371	als	_	_
7-33	1372-1380	Nächstes	_	B
7-34	1380-1381	?	_	_
7-35	1382-1389	Welches	_	B
7-36	1390-1398	Eigentum	_	I
7-37	1399-1405	wollen	_	_
7-38	1406-1409	Sie	_	B
7-39	1410-1414	dann	_	_
7-40	1415-1417	an	_	_
7-41	1418-1422	sich	_	B
7-42	1423-1429	reißen	_	_
7-43	1429-1430	?	_	_
7-44	1431-1434	Wen	_	B
7-45	1435-1441	wollen	_	_
7-46	1442-1445	Sie	_	B
7-47	1446-1450	dann	_	_
7-48	1451-1460	enteignen	_	_
7-49	1460-1461	?	_	_

#Text=Den konventionellen Bauer, der ein Feld brachliegen lässt, weil er nicht in Ihre Ideologie passt? Oder den Mittelständler, der sein Unternehmen ausweiten und mehr Arbeitsplätze schaffen will?
8-1	1468-1471	Den	_	B
8-2	1472-1487	konventionellen	_	I
8-3	1488-1493	Bauer	_	I
8-4	1493-1494	,	_	_
8-5	1495-1498	der	_	B
8-6	1499-1502	ein	_	B
8-7	1503-1507	Feld	_	I
8-8	1508-1519	brachliegen	_	_
8-9	1520-1525	lässt	_	_
8-10	1525-1526	,	_	_
8-11	1527-1531	weil	_	_
8-12	1532-1534	er	_	B
8-13	1535-1540	nicht	_	_
8-14	1541-1543	in	_	_
8-15	1544-1548	Ihre	_	B
8-16	1549-1558	Ideologie	_	I
8-17	1559-1564	passt	_	_
8-18	1564-1565	?	_	_
8-19	1566-1570	Oder	_	B
8-20	1571-1574	den	_	I
8-21	1575-1589	Mittelständler	_	I
8-22	1589-1590	,	_	_
8-23	1591-1594	der	_	B
8-24	1595-1599	sein	_	B
8-25	1600-1611	Unternehmen	_	I
8-26	1612-1621	ausweiten	_	_
8-27	1622-1625	und	_	_
8-28	1626-1630	mehr	_	B
8-29	1631-1644	Arbeitsplätze	_	I
8-30	1645-1653	schaffen	_	_
8-31	1654-1658	will	_	_
8-32	1658-1659	?	_	_

#Text=Oder vielleicht sogar die Oma, die ein Grundstück für den Enkel vorhalten will?
9-1	1665-1669	Oder	_	B
9-2	1670-1680	vielleicht	_	I
9-3	1681-1686	sogar	_	I
9-4	1687-1690	die	_	I
9-5	1691-1694	Oma	_	I
9-6	1694-1695	,	_	_
9-7	1696-1699	die	_	B
9-8	1700-1703	ein	_	B
9-9	1704-1714	Grundstück	_	I
9-10	1715-1718	für	_	_
9-11	1719-1722	den	_	B
9-12	1723-1728	Enkel	_	I
9-13	1729-1738	vorhalten	_	_
9-14	1739-1743	will	_	_
9-15	1743-1744	?	_	_

#Text=Sie greifen pauschal das Eigentum der Menschen an.
10-1	1747-1750	Sie	_	B
10-2	1751-1758	greifen	_	_
10-3	1759-1767	pauschal	_	_
10-4	1768-1771	das	_	B
10-5	1772-1780	Eigentum	_	I
10-6	1781-1784	der	_	B
10-7	1785-1793	Menschen	_	I
10-8	1794-1796	an	_	_
10-9	1796-1797	.	_	_

#Text=Was Sie dabei überhaupt nicht verstehen:
11-1	1799-1802	Was	_	B
11-2	1803-1806	Sie	_	B
11-3	1807-1812	dabei	_	_
11-4	1813-1822	überhaupt	_	_
11-5	1823-1828	nicht	_	_
11-6	1829-1838	verstehen	_	_
11-7	1838-1839	:	_	_

#Text=Sie treiben die kleinen Vermieter in die Hände der großen Unternehmen;
12-1	1841-1844	Sie	_	B
12-2	1845-1852	treiben	_	_
12-3	1853-1856	die	_	B
12-4	1857-1864	kleinen	_	I
12-5	1865-1874	Vermieter	_	I
12-6	1875-1877	in	_	_
12-7	1878-1881	die	_	B
12-8	1882-1887	Hände	_	I
12-9	1888-1891	der	_	B
12-10	1892-1898	großen	_	I
12-11	1899-1910	Unternehmen	_	I
12-12	1910-1911	;	_	_

#Text=denn kein privater Vermieter tut sich diese Unwägbarkeit an, die Sie schaffen.
13-1	1913-1917	denn	_	_
13-2	1918-1922	kein	_	B
13-3	1923-1931	privater	_	I
13-4	1932-1941	Vermieter	_	I
13-5	1942-1945	tut	_	_
13-6	1946-1950	sich	_	B
13-7	1951-1956	diese	_	B
13-8	1957-1969	Unwägbarkeit	_	I
13-9	1970-1972	an	_	_
13-10	1972-1973	,	_	_
13-11	1974-1977	die	_	B
13-12	1978-1981	Sie	_	B
13-13	1982-1990	schaffen	_	_
13-14	1990-1991	.	_	_

#Text=Sie geben vor, sich um die Sorgen der Mieter zu kümmern, aber Sie bewirken genau das Gegenteil. Das zeugt entweder von Unkenntnis oder aber davon, dass Sie die Ängste der Menschen ausnutzen, und das ist schamlos.
14-1	1994-1997	Sie	_	B
14-2	1998-2003	geben	_	_
14-3	2004-2007	vor	_	_
14-4	2007-2008	,	_	_
14-5	2009-2013	sich	_	B
14-6	2014-2016	um	_	_
14-7	2017-2020	die	_	B
14-8	2021-2027	Sorgen	_	I
14-9	2028-2031	der	_	B
14-10	2032-2038	Mieter	_	I
14-11	2039-2041	zu	_	_
14-12	2042-2049	kümmern	_	_
14-13	2049-2050	,	_	_
14-14	2051-2055	aber	_	_
14-15	2056-2059	Sie	_	B
14-16	2060-2068	bewirken	_	_
14-17	2069-2074	genau	_	B
14-18	2075-2078	das	_	I
14-19	2079-2088	Gegenteil	_	I
14-20	2088-2089	.	_	_
14-21	2090-2093	Das	_	B
14-22	2094-2099	zeugt	_	_
14-23	2100-2108	entweder	_	_
14-24	2109-2112	von	_	_
14-25	2113-2123	Unkenntnis	_	B
14-26	2124-2128	oder	_	_
14-27	2129-2133	aber	_	_
14-28	2134-2139	davon	_	_
14-29	2139-2140	,	_	_
14-30	2141-2145	dass	_	_
14-31	2146-2149	Sie	_	B
14-32	2150-2153	die	_	B
14-33	2154-2160	Ängste	_	I
14-34	2161-2164	der	_	B
14-35	2165-2173	Menschen	_	I
14-36	2174-2183	ausnutzen	_	_
14-37	2183-2184	,	_	_
14-38	2185-2188	und	_	_
14-39	2189-2192	das	_	B
14-40	2193-2196	ist	_	_
14-41	2197-2205	schamlos	_	_
14-42	2205-2206	.	_	_

#Text=Wir müssen Wohnungen bauen. Die Lösungen, um mehr, schneller und günstiger zu bauen, liegen auf dem Tisch. Wir als Serviceopposition
15-1	2213-2216	Wir	_	B
15-2	2217-2223	müssen	_	_
15-3	2224-2233	Wohnungen	_	B
15-4	2234-2239	bauen	_	_
15-5	2239-2240	.	_	_
15-6	2241-2244	Die	_	B
15-7	2245-2253	Lösungen	_	I
15-8	2253-2254	,	_	_
15-9	2255-2257	um	_	_
15-10	2258-2262	mehr	_	_
15-11	2262-2263	,	_	_
15-12	2264-2273	schneller	_	_
15-13	2274-2277	und	_	_
15-14	2278-2287	günstiger	_	_
15-15	2288-2290	zu	_	_
15-16	2291-2296	bauen	_	_
15-17	2296-2297	,	_	_
15-18	2298-2304	liegen	_	_
15-19	2305-2308	auf	_	_
15-20	2309-2312	dem	_	B
15-21	2313-2318	Tisch	_	I
15-22	2318-2319	.	_	_
15-23	2320-2323	Wir	_	B
15-24	2324-2327	als	_	_
15-25	2328-2345	Serviceopposition	_	B

#Text=haben eine Offensive für bezahlbaren Wohnraum vorgelegt. Dieser Zehnpunkteplan war dringend notwendig; denn – bei aller persönlichen Sympathie – die Bundesregierung ist in weiten Teilen planlos. Herr Minister Seehofer, es freut mich sehr, Sie hier zu sehen. Aber wo sind die Impulse aus Ihrem Haus, um nachhaltig das Wohnkostenproblem zu lösen? Da ist nichts.
16-1	2351-2356	haben	_	_
16-2	2357-2361	eine	_	B
16-3	2362-2371	Offensive	_	I
16-4	2372-2375	für	_	_
16-5	2376-2387	bezahlbaren	_	B
16-6	2388-2396	Wohnraum	_	I
16-7	2397-2406	vorgelegt	_	_
16-8	2406-2407	.	_	_
16-9	2408-2414	Dieser	_	B
16-10	2415-2429	Zehnpunkteplan	_	I
16-11	2430-2433	war	_	_
16-12	2434-2442	dringend	_	_
16-13	2443-2452	notwendig	_	_
16-14	2452-2453	;	_	_
16-15	2454-2458	denn	_	_
16-16	2459-2460	–	_	_
16-17	2461-2464	bei	_	_
16-18	2465-2470	aller	_	B
16-19	2471-2483	persönlichen	_	I
16-20	2484-2493	Sympathie	_	I
16-21	2494-2495	–	_	_
16-22	2496-2499	die	_	B
16-23	2500-2515	Bundesregierung	_	I
16-24	2516-2519	ist	_	_
16-25	2520-2522	in	_	_
16-26	2523-2529	weiten	_	B
16-27	2530-2536	Teilen	_	I
16-28	2537-2544	planlos	_	_
16-29	2544-2545	.	_	_
16-30	2546-2550	Herr	_	B
16-31	2551-2559	Minister	_	I
16-32	2560-2568	Seehofer	_	B
16-33	2568-2569	,	_	_
16-34	2570-2572	es	_	B
16-35	2573-2578	freut	_	_
16-36	2579-2583	mich	_	B
16-37	2584-2588	sehr	_	_
16-38	2588-2589	,	_	_
16-39	2590-2593	Sie	_	B
16-40	2594-2598	hier	_	_
16-41	2599-2601	zu	_	_
16-42	2602-2607	sehen	_	_
16-43	2607-2608	.	_	_
16-44	2609-2613	Aber	_	_
16-45	2614-2616	wo	_	_
16-46	2617-2621	sind	_	_
16-47	2622-2625	die	_	B
16-48	2626-2633	Impulse	_	I
16-49	2634-2637	aus	_	_
16-50	2638-2643	Ihrem	_	B
16-51	2644-2648	Haus	_	I
16-52	2648-2649	,	_	_
16-53	2650-2652	um	_	_
16-54	2653-2663	nachhaltig	_	_
16-55	2664-2667	das	_	B
16-56	2668-2685	Wohnkostenproblem	_	I
16-57	2686-2688	zu	_	_
16-58	2689-2694	lösen	_	_
16-59	2694-2695	?	_	_
16-60	2696-2698	Da	_	_
16-61	2699-2702	ist	_	_
16-62	2703-2709	nichts	_	B
16-63	2709-2710	.	_	_

#Text=Dabei wäre es eigentlich relativ simpel: Mangel lässt sich nicht verwalten, Mangel muss man beheben. Jetzt setzen die linken Parteien noch einen obendrauf: Sie wollen den Mangel nicht nur verwalten, Sie wollen den Mangel auch noch kaufen, und zwar für sage und schreibe 37 Milliarden Euro allein in Berlin. Für 37 Milliarden Euro könnten Sie in Berlin 200 000 günstige Wohnungen bauen. Das Wohnkostenproblem wäre gelöst; die Mieten würden sinken.
17-1	2720-2725	Dabei	_	_
17-2	2726-2730	wäre	_	_
17-3	2731-2733	es	_	B
17-4	2734-2744	eigentlich	_	_
17-5	2745-2752	relativ	_	_
17-6	2753-2759	simpel	_	_
17-7	2759-2760	:	_	_
17-8	2761-2767	Mangel	_	B
17-9	2768-2773	lässt	_	_
17-10	2774-2778	sich	_	B
17-11	2779-2784	nicht	_	_
17-12	2785-2794	verwalten	_	_
17-13	2794-2795	,	_	_
17-14	2796-2802	Mangel	_	B
17-15	2803-2807	muss	_	_
17-16	2808-2811	man	_	B
17-17	2812-2819	beheben	_	_
17-18	2819-2820	.	_	_
17-19	2821-2826	Jetzt	_	_
17-20	2827-2833	setzen	_	_
17-21	2834-2837	die	_	B
17-22	2838-2844	linken	_	I
17-23	2845-2853	Parteien	_	I
17-24	2854-2858	noch	_	_
17-25	2859-2864	einen	_	_
17-26	2865-2874	obendrauf	_	_
17-27	2874-2875	:	_	_
17-28	2876-2879	Sie	_	B
17-29	2880-2886	wollen	_	_
17-30	2887-2890	den	_	B
17-31	2891-2897	Mangel	_	I
17-32	2898-2903	nicht	_	_
17-33	2904-2907	nur	_	_
17-34	2908-2917	verwalten	_	_
17-35	2917-2918	,	_	_
17-36	2919-2922	Sie	_	B
17-37	2923-2929	wollen	_	_
17-38	2930-2933	den	_	B
17-39	2934-2940	Mangel	_	I
17-40	2941-2945	auch	_	_
17-41	2946-2950	noch	_	_
17-42	2951-2957	kaufen	_	_
17-43	2957-2958	,	_	_
17-44	2959-2962	und	_	_
17-45	2963-2967	zwar	_	B
17-46	2968-2971	für	_	I
17-47	2972-2976	sage	_	I
17-48	2977-2980	und	_	I
17-49	2981-2989	schreibe	_	I
17-50	2990-2992	37	_	I
17-51	2993-3003	Milliarden	_	I
17-52	3004-3008	Euro	_	I
17-53	3009-3015	allein	_	_
17-54	3016-3018	in	_	_
17-55	3019-3025	Berlin	_	B
17-56	3025-3026	.	_	_
17-57	3027-3030	Für	_	_
17-58	3031-3033	37	_	B
17-59	3034-3044	Milliarden	_	I
17-60	3045-3049	Euro	_	I
17-61	3050-3057	könnten	_	_
17-62	3058-3061	Sie	_	B
17-63	3062-3064	in	_	_
17-64	3065-3071	Berlin	_	B
17-65	3072-3075	200	_	B
17-66	3076-3079	000	_	I
17-67	3080-3088	günstige	_	I
17-68	3089-3098	Wohnungen	_	I
17-69	3099-3104	bauen	_	_
17-70	3104-3105	.	_	_
17-71	3106-3109	Das	_	B
17-72	3110-3127	Wohnkostenproblem	_	I
17-73	3128-3132	wäre	_	_
17-74	3133-3139	gelöst	_	_
17-75	3139-3140	;	_	_
17-76	3141-3144	die	_	B
17-77	3145-3151	Mieten	_	I
17-78	3152-3158	würden	_	_
17-79	3159-3165	sinken	_	_
17-80	3165-3166	.	_	_

#Text=Aber darum geht es Ihnen nicht. Es geht hier um billige Meinungsmache. Dafür habe ich nur ein Wort, und das ist Populismus.
18-1	3177-3181	Aber	_	_
18-2	3182-3187	darum	_	_
18-3	3188-3192	geht	_	_
18-4	3193-3195	es	_	_
18-5	3196-3201	Ihnen	_	B
18-6	3202-3207	nicht	_	_
18-7	3207-3208	.	_	_
18-8	3209-3211	Es	_	_
18-9	3212-3216	geht	_	_
18-10	3217-3221	hier	_	_
18-11	3222-3224	um	_	_
18-12	3225-3232	billige	_	B
18-13	3233-3246	Meinungsmache	_	I
18-14	3246-3247	.	_	_
18-15	3248-3253	Dafür	_	_
18-16	3254-3258	habe	_	_
18-17	3259-3262	ich	_	B
18-18	3263-3266	nur	_	B
18-19	3267-3270	ein	_	I
18-20	3271-3275	Wort	_	I
18-21	3275-3276	,	_	_
18-22	3277-3280	und	_	_
18-23	3281-3284	das	_	B
18-24	3285-3288	ist	_	_
18-25	3289-3299	Populismus	_	B
18-26	3299-3300	.	_	_

#Text=Wenn ich dann höre, diese Enteignungen wären ja gar nicht so teuer oder nach Bartsch’scher Ökonomie sogar umsonst,
19-1	3305-3309	Wenn	_	_
19-2	3310-3313	ich	_	B
19-3	3314-3318	dann	_	_
19-4	3319-3323	höre	_	_
19-5	3323-3324	,	_	_
19-6	3325-3330	diese	_	B
19-7	3331-3343	Enteignungen	_	I
19-8	3344-3349	wären	_	_
19-9	3350-3352	ja	_	_
19-10	3353-3356	gar	_	_
19-11	3357-3362	nicht	_	_
19-12	3363-3365	so	_	_
19-13	3366-3371	teuer	_	_
19-14	3372-3376	oder	_	_
19-15	3377-3381	nach	_	_
19-16	3382-3389	Bartsch	_	B
19-17	3389-3390	’	_	_
19-18	3390-3395	scher	_	_
19-19	3396-3404	Ökonomie	_	_
19-20	3405-3410	sogar	_	_
19-21	3411-3418	umsonst	_	_
19-22	3418-3419	,	_	_

#Text=wenn ich höre, sie würden „nur“ 10 Milliarden Euro kosten oder 1 Euro pro Unternehmen, wie manche sagen, dann muss ich sagen: Unser Rechtsstaat wird am Ende stärker sein als Ihre Ideologie. Unser Rechtsstaat wird auch stärker als Ihr Populismus sein.
20-1	3424-3428	wenn	_	_
20-2	3429-3432	ich	_	B
20-3	3433-3437	höre	_	_
20-4	3437-3438	,	_	_
20-5	3439-3442	sie	_	B
20-6	3443-3449	würden	_	_
20-7	3450-3451	„	_	B
20-8	3451-3454	nur	_	I
20-9	3454-3455	“	_	I
20-10	3456-3458	10	_	I
20-11	3459-3469	Milliarden	_	I
20-12	3470-3474	Euro	_	I
20-13	3475-3481	kosten	_	_
20-14	3482-3486	oder	_	_
20-15	3487-3488	1	_	_
20-16	3489-3493	Euro	_	B
20-17	3494-3497	pro	_	_
20-18	3498-3509	Unternehmen	_	B
20-19	3509-3510	,	_	_
20-20	3511-3514	wie	_	_
20-21	3515-3521	manche	_	B
20-22	3522-3527	sagen	_	_
20-23	3527-3528	,	_	_
20-24	3529-3533	dann	_	_
20-25	3534-3538	muss	_	_
20-26	3539-3542	ich	_	B
20-27	3543-3548	sagen	_	_
20-28	3548-3549	:	_	_
20-29	3550-3555	Unser	_	B
20-30	3556-3567	Rechtsstaat	_	I
20-31	3568-3572	wird	_	_
20-32	3573-3575	am	_	_
20-33	3576-3580	Ende	_	B
20-34	3581-3588	stärker	_	_
20-35	3589-3593	sein	_	_
20-36	3594-3597	als	_	_
20-37	3598-3602	Ihre	_	_
20-38	3603-3612	Ideologie	_	_
20-39	3612-3613	.	_	_
20-40	3614-3619	Unser	_	B
20-41	3620-3631	Rechtsstaat	_	I
20-42	3632-3636	wird	_	_
20-43	3637-3641	auch	_	_
20-44	3642-3649	stärker	_	_
20-45	3650-3653	als	_	_
20-46	3654-3657	Ihr	_	_
20-47	3658-3668	Populismus	_	_
20-48	3669-3673	sein	_	_
20-49	3673-3674	.	_	_

#Text=Sie schüren ja die Hoffnung, dass durch Enteignungen das Wohnproblem zu lösen sei und die Menschen mit Enteignungen günstig wegkommen. Was passiert, wenn man die Menschen mit falschen Versprechen in Volksabstimmungen schickt, können Sie gerade live in Großbritannien beobachten.
21-1	3683-3686	Sie	_	B
21-2	3687-3694	schüren	_	_
21-3	3695-3697	ja	_	_
21-4	3698-3701	die	_	B
21-5	3702-3710	Hoffnung	_	I
21-6	3710-3711	,	_	_
21-7	3712-3716	dass	_	_
21-8	3717-3722	durch	_	_
21-9	3723-3735	Enteignungen	_	B
21-10	3736-3739	das	_	B
21-11	3740-3751	Wohnproblem	_	I
21-12	3752-3754	zu	_	_
21-13	3755-3760	lösen	_	_
21-14	3761-3764	sei	_	_
21-15	3765-3768	und	_	_
21-16	3769-3772	die	_	B
21-17	3773-3781	Menschen	_	I
21-18	3782-3785	mit	_	_
21-19	3786-3798	Enteignungen	_	B
21-20	3799-3806	günstig	_	_
21-21	3807-3816	wegkommen	_	_
21-22	3816-3817	.	_	_
21-23	3818-3821	Was	_	B
21-24	3822-3830	passiert	_	_
21-25	3830-3831	,	_	_
21-26	3832-3836	wenn	_	_
21-27	3837-3840	man	_	B
21-28	3841-3844	die	_	B
21-29	3845-3853	Menschen	_	I
21-30	3854-3857	mit	_	_
21-31	3858-3866	falschen	_	B
21-32	3867-3878	Versprechen	_	I
21-33	3879-3881	in	_	_
21-34	3882-3899	Volksabstimmungen	_	B
21-35	3900-3907	schickt	_	_
21-36	3907-3908	,	_	_
21-37	3909-3915	können	_	_
21-38	3916-3919	Sie	_	B
21-39	3920-3926	gerade	_	_
21-40	3927-3931	live	_	_
21-41	3932-3934	in	_	_
21-42	3935-3949	Großbritannien	_	B
21-43	3950-3960	beobachten	_	_
21-44	3960-3961	.	_	_

#Text=Es ist unverantwortlich, wie sich Rot-Rot-Grün in der Debatte über Enteignungen verhält.
22-1	3967-3969	Es	_	B
22-2	3970-3973	ist	_	_
22-3	3974-3990	unverantwortlich	_	_
22-4	3990-3991	,	_	_
22-5	3992-3995	wie	_	_
22-6	3996-4000	sich	_	B
22-7	4001-4013	Rot-Rot-Grün	_	B
22-8	4014-4016	in	_	_
22-9	4017-4020	der	_	B
22-10	4021-4028	Debatte	_	I
22-11	4029-4033	über	_	_
22-12	4034-4046	Enteignungen	_	B
22-13	4047-4054	verhält	_	_
22-14	4054-4055	.	_	_

#Text=Nehmen Sie Ihre Verantwortung endlich dort wahr, wo Sie gewählt wurden, und schaffen Sie mehr Wohnraum. Wer dem Mieter wieder Macht geben will, der muss mehr bauen, schneller bauen, günstiger bauen und darf nicht länger den ländlichen Raum ausbluten lassen. So lösen wir das Wohnkostenproblem.
23-1	4058-4064	Nehmen	_	_
23-2	4065-4068	Sie	_	B
23-3	4069-4073	Ihre	_	B
23-4	4074-4087	Verantwortung	_	I
23-5	4088-4095	endlich	_	_
23-6	4096-4100	dort	_	_
23-7	4101-4105	wahr	_	_
23-8	4105-4106	,	_	_
23-9	4107-4109	wo	_	_
23-10	4110-4113	Sie	_	B
23-11	4114-4121	gewählt	_	_
23-12	4122-4128	wurden	_	_
23-13	4128-4129	,	_	_
23-14	4130-4133	und	_	_
23-15	4134-4142	schaffen	_	_
23-16	4143-4146	Sie	_	B
23-17	4147-4151	mehr	_	B
23-18	4152-4160	Wohnraum	_	I
23-19	4160-4161	.	_	_
23-20	4162-4165	Wer	_	B
23-21	4166-4169	dem	_	B
23-22	4170-4176	Mieter	_	I
23-23	4177-4183	wieder	_	_
23-24	4184-4189	Macht	_	B
23-25	4190-4195	geben	_	_
23-26	4196-4200	will	_	_
23-27	4200-4201	,	_	_
23-28	4202-4205	der	_	_
23-29	4206-4210	muss	_	_
23-30	4211-4215	mehr	_	B
23-31	4216-4221	bauen	_	_
23-32	4221-4222	,	_	_
23-33	4223-4232	schneller	_	_
23-34	4233-4238	bauen	_	_
23-35	4238-4239	,	_	_
23-36	4240-4249	günstiger	_	_
23-37	4250-4255	bauen	_	_
23-38	4256-4259	und	_	_
23-39	4260-4264	darf	_	_
23-40	4265-4270	nicht	_	_
23-41	4271-4277	länger	_	_
23-42	4278-4281	den	_	B
23-43	4282-4292	ländlichen	_	I
23-44	4293-4297	Raum	_	I
23-45	4298-4307	ausbluten	_	_
23-46	4308-4314	lassen	_	_
23-47	4314-4315	.	_	_
23-48	4316-4318	So	_	_
23-49	4319-4324	lösen	_	_
23-50	4325-4328	wir	_	B
23-51	4329-4332	das	_	B
23-52	4333-4350	Wohnkostenproblem	_	I
23-53	4350-4351	.	_	_

#Text=Für die Fraktion Die Linke hat das Wort die Kollegin Caren Lay.
24-1	4360-4363	Für	_	_
24-2	4364-4367	die	_	B
24-3	4368-4376	Fraktion	_	I
24-4	4377-4380	Die	_	B
24-5	4381-4386	Linke	_	I
24-6	4387-4390	hat	_	_
24-7	4391-4394	das	_	B
24-8	4395-4399	Wort	_	I
24-9	4400-4403	die	_	B
24-10	4404-4412	Kollegin	_	I
24-11	4413-4418	Caren	_	I
24-12	4419-4422	Lay	_	I
24-13	4422-4423	.	_	_
