#FORMAT=WebAnno TSV 3.2
#T_SP=webanno.custom.Animacy|Animated
#T_SP=webanno.custom.CustomChunk|Chunk


#Text=Sehr geehrter Herr Präsident! Kolleginnen und Kollegen! Der Lockdown hat die Schwächen der Infrastruktur in Deutschland schonungslos offengelegt und wird ihre Nutzung auch auf Dauer verändern.
1-1	0-4	Sehr	_	B
1-2	5-13	geehrter	_	I
1-3	14-18	Herr	_	I
1-4	19-28	Präsident	_	I
1-5	28-29	!	_	_
1-6	30-41	Kolleginnen	_	B
1-7	42-45	und	_	_
1-8	46-54	Kollegen	_	B
1-9	54-55	!	_	_
1-10	56-59	Der	_	B
1-11	60-68	Lockdown	_	I
1-12	69-72	hat	_	_
1-13	73-76	die	_	B
1-14	77-86	Schwächen	_	I
1-15	87-90	der	_	B
1-16	91-104	Infrastruktur	_	I
1-17	105-107	in	_	_
1-18	108-119	Deutschland	_	B
1-19	120-132	schonungslos	_	_
1-20	133-144	offengelegt	_	_
1-21	145-148	und	_	_
1-22	149-153	wird	_	_
1-23	154-158	ihre	_	B
1-24	159-166	Nutzung	_	I
1-25	167-171	auch	_	_
1-26	172-175	auf	_	_
1-27	176-181	Dauer	_	B
1-28	182-191	verändern	_	_
1-29	191-192	.	_	_

#Text=Die digitale Infrastruktur ist in wichtigen Teilen unseres Landes mangelhaft.
2-1	196-199	Die	_	B
2-2	200-208	digitale	_	I
2-3	209-222	Infrastruktur	_	I
2-4	223-226	ist	_	_
2-5	227-229	in	_	_
2-6	230-239	wichtigen	_	B
2-7	240-246	Teilen	_	I
2-8	247-254	unseres	_	B
2-9	255-261	Landes	_	I
2-10	262-272	mangelhaft	_	_
2-11	272-273	.	_	_

#Text=Viele andere Länder sind uns da weit voraus – beschämend weit. Wer von zu Hause arbeiten will, merkt das, wenn zum Beispiel eine Videokonferenz mit Arbeitskollegen nicht funktioniert. Schülerinnen und Schüler merken es, wenn sie am Onlineunterricht nicht teilnehmen können. Wo es weit und breit keine Glasfaserleitung gibt, könnte der Mobilfunk helfen. Könnte! Funklöcher sind aber gerade auf dem Land allgegenwärtig. Alles spricht dafür, dass Büroarbeiten von zu Hause – auf neudeutsch: im Homeoffice – für sehr viele zur Dauerlösung werden. Auch deshalb, meine Damen und Herren, wird der Ausbau der digitalen Infrastruktur immer mehr zur Lebensfrage für unser Land. Die Anstrengungen dafür reichen bei Weitem nicht aus.
3-1	275-280	Viele	_	B
3-2	281-287	andere	_	I
3-3	288-294	Länder	_	I
3-4	295-299	sind	_	_
3-5	300-303	uns	_	B
3-6	304-306	da	_	_
3-7	307-311	weit	_	_
3-8	312-318	voraus	_	_
3-9	319-320	–	_	_
3-10	321-331	beschämend	_	_
3-11	332-336	weit	_	_
3-12	336-337	.	_	_
3-13	338-341	Wer	_	B
3-14	342-345	von	_	_
3-15	346-348	zu	_	_
3-16	349-354	Hause	_	B
3-17	355-363	arbeiten	_	_
3-18	364-368	will	_	_
3-19	368-369	,	_	_
3-20	370-375	merkt	_	_
3-21	376-379	das	_	B
3-22	379-380	,	_	_
3-23	381-385	wenn	_	_
3-24	386-389	zum	_	_
3-25	390-398	Beispiel	_	B
3-26	399-403	eine	_	B
3-27	404-418	Videokonferenz	_	I
3-28	419-422	mit	_	_
3-29	423-438	Arbeitskollegen	_	B
3-30	439-444	nicht	_	_
3-31	445-457	funktioniert	_	_
3-32	457-458	.	_	_
3-33	459-471	Schülerinnen	_	B
3-34	472-475	und	_	_
3-35	476-483	Schüler	_	B
3-36	484-490	merken	_	_
3-37	491-493	es	_	B
3-38	493-494	,	_	_
3-39	495-499	wenn	_	_
3-40	500-503	sie	_	B
3-41	504-506	am	_	_
3-42	507-523	Onlineunterricht	_	B
3-43	524-529	nicht	_	_
3-44	530-540	teilnehmen	_	_
3-45	541-547	können	_	_
3-46	547-548	.	_	_
3-47	549-551	Wo	_	_
3-48	552-554	es	_	_
3-49	555-559	weit	_	B
3-50	560-563	und	_	I
3-51	564-569	breit	_	I
3-52	570-575	keine	_	I
3-53	576-592	Glasfaserleitung	_	I
3-54	593-597	gibt	_	_
3-55	597-598	,	_	_
3-56	599-605	könnte	_	_
3-57	606-609	der	_	B
3-58	610-619	Mobilfunk	_	I
3-59	620-626	helfen	_	_
3-60	626-627	.	_	_
3-61	628-634	Könnte	_	_
3-62	634-635	!	_	_
3-63	636-646	Funklöcher	_	B
3-64	647-651	sind	_	_
3-65	652-656	aber	_	_
3-66	657-663	gerade	_	_
3-67	664-667	auf	_	_
3-68	668-671	dem	_	B
3-69	672-676	Land	_	I
3-70	677-691	allgegenwärtig	_	_
3-71	691-692	.	_	_
3-72	693-698	Alles	_	B
3-73	699-706	spricht	_	_
3-74	707-712	dafür	_	_
3-75	712-713	,	_	_
3-76	714-718	dass	_	_
3-77	719-731	Büroarbeiten	_	B
3-78	732-735	von	_	_
3-79	736-738	zu	_	_
3-80	739-744	Hause	_	B
3-81	745-746	–	_	_
3-82	747-750	auf	_	_
3-83	751-761	neudeutsch	_	_
3-84	761-762	:	_	B
3-85	763-765	im	_	I
3-86	766-776	Homeoffice	_	I
3-87	777-778	–	_	_
3-88	779-782	für	_	_
3-89	783-787	sehr	_	B
3-90	788-793	viele	_	I
3-91	794-797	zur	_	_
3-92	798-809	Dauerlösung	_	B
3-93	810-816	werden	_	_
3-94	816-817	.	_	_
3-95	818-822	Auch	_	_
3-96	823-830	deshalb	_	_
3-97	830-831	,	_	_
3-98	832-837	meine	_	B
3-99	838-843	Damen	_	I
3-100	844-847	und	_	_
3-101	848-854	Herren	_	B
3-102	854-855	,	_	_
3-103	856-860	wird	_	_
3-104	861-864	der	_	B
3-105	865-871	Ausbau	_	I
3-106	872-875	der	_	B
3-107	876-885	digitalen	_	I
3-108	886-899	Infrastruktur	_	I
3-109	900-905	immer	_	_
3-110	906-910	mehr	_	_
3-111	911-914	zur	_	_
3-112	915-926	Lebensfrage	_	B
3-113	927-930	für	_	_
3-114	931-936	unser	_	B
3-115	937-941	Land	_	I
3-116	941-942	.	_	_
3-117	943-946	Die	_	B
3-118	947-960	Anstrengungen	_	I
3-119	961-966	dafür	_	_
3-120	967-974	reichen	_	_
3-121	975-978	bei	_	_
3-122	979-985	Weitem	_	B
3-123	986-991	nicht	_	_
3-124	992-995	aus	_	_
3-125	995-996	.	_	_

#Text=Die staatliche MIG, die Mobilfunkinfrastrukturgesellschaft, gerät geradezu zur Lachnummer.
4-1	1014-1017	Die	_	B
4-2	1018-1028	staatliche	_	I
4-3	1029-1032	MIG	_	I
4-4	1032-1033	,	_	_
4-5	1034-1037	die	_	B
4-6	1038-1072	Mobilfunkinfrastrukturgesellschaft	_	I
4-7	1072-1073	,	_	_
4-8	1074-1079	gerät	_	_
4-9	1080-1088	geradezu	_	_
4-10	1089-1092	zur	_	_
4-11	1093-1103	Lachnummer	_	B
4-12	1103-1104	.	_	_

#Text=Das Ziel, dass sie von den Haushaltsmitteln, die ihr zufließen, künftig einmal Mobilfunkmasten aufstellt, ist in weite Ferne gerückt. Vielmehr ist sie inzwischen ein Beobachtungsobjekt für den Bundesrechnungshof.
5-1	1108-1111	Das	_	B
5-2	1112-1116	Ziel	_	I
5-3	1116-1117	,	_	_
5-4	1118-1122	dass	_	_
5-5	1123-1126	sie	_	B
5-6	1127-1130	von	_	_
5-7	1131-1134	den	_	B
5-8	1135-1151	Haushaltsmitteln	_	I
5-9	1151-1152	,	_	_
5-10	1153-1156	die	_	B
5-11	1157-1160	ihr	_	B
5-12	1161-1170	zufließen	_	_
5-13	1170-1171	,	_	_
5-14	1172-1179	künftig	_	_
5-15	1180-1186	einmal	_	_
5-16	1187-1202	Mobilfunkmasten	_	B
5-17	1203-1212	aufstellt	_	_
5-18	1212-1213	,	_	_
5-19	1214-1217	ist	_	_
5-20	1218-1220	in	_	_
5-21	1221-1226	weite	_	B
5-22	1227-1232	Ferne	_	I
5-23	1233-1240	gerückt	_	_
5-24	1240-1241	.	_	_
5-25	1242-1250	Vielmehr	_	_
5-26	1251-1254	ist	_	_
5-27	1255-1258	sie	_	B
5-28	1259-1269	inzwischen	_	_
5-29	1270-1273	ein	_	B
5-30	1274-1292	Beobachtungsobjekt	_	I
5-31	1293-1296	für	_	_
5-32	1297-1300	den	_	B
5-33	1301-1319	Bundesrechnungshof	_	I
5-34	1319-1320	.	_	_

#Text=Der Bahnverkehr, vor allem der Personenverkehr, hat durch den Lockdown dramatische Einbrüche erlebt. Die Erholung verläuft langsam.
6-1	1327-1330	Der	_	B
6-2	1331-1342	Bahnverkehr	_	I
6-3	1342-1343	,	_	_
6-4	1344-1347	vor	_	_
6-5	1348-1353	allem	_	B
6-6	1354-1357	der	_	_
6-7	1358-1373	Personenverkehr	_	_
6-8	1373-1374	,	_	_
6-9	1375-1378	hat	_	_
6-10	1379-1384	durch	_	_
6-11	1385-1388	den	_	B
6-12	1389-1397	Lockdown	_	I
6-13	1398-1409	dramatische	_	B
6-14	1410-1419	Einbrüche	_	I
6-15	1420-1426	erlebt	_	_
6-16	1426-1427	.	_	_
6-17	1428-1431	Die	_	B
6-18	1432-1440	Erholung	_	I
6-19	1441-1449	verläuft	_	_
6-20	1450-1457	langsam	_	_
6-21	1457-1458	.	_	_

#Text=Die regelmäßigen ideologischen Abgesänge auf das Automobil, wie sie vor allem aus den Reihen der Grünen kommen, sind klar widerlegt. Gerade das Auto bietet vielen Bürgern auf ihren Fahrstrecken einen unübertroffenen Schutzraum.
7-1	1463-1466	Die	_	B
7-2	1467-1479	regelmäßigen	_	I
7-3	1480-1493	ideologischen	_	I
7-4	1494-1503	Abgesänge	_	I
7-5	1504-1507	auf	_	_
7-6	1508-1511	das	_	B
7-7	1512-1521	Automobil	_	I
7-8	1521-1522	,	_	_
7-9	1523-1526	wie	_	_
7-10	1527-1530	sie	_	B
7-11	1531-1534	vor	_	_
7-12	1535-1540	allem	_	B
7-13	1541-1544	aus	_	_
7-14	1545-1548	den	_	B
7-15	1549-1555	Reihen	_	I
7-16	1556-1559	der	_	B
7-17	1560-1566	Grünen	_	I
7-18	1567-1573	kommen	_	_
7-19	1573-1574	,	_	_
7-20	1575-1579	sind	_	_
7-21	1580-1584	klar	_	_
7-22	1585-1594	widerlegt	_	_
7-23	1594-1595	.	_	_
7-24	1596-1602	Gerade	_	B
7-25	1603-1606	das	_	I
7-26	1607-1611	Auto	_	I
7-27	1612-1618	bietet	_	_
7-28	1619-1625	vielen	_	B
7-29	1626-1633	Bürgern	_	I
7-30	1634-1637	auf	_	_
7-31	1638-1643	ihren	_	B
7-32	1644-1656	Fahrstrecken	_	I
7-33	1657-1662	einen	_	B
7-34	1663-1678	unübertroffenen	_	I
7-35	1679-1689	Schutzraum	_	I
7-36	1689-1690	.	_	_

#Text=Busse und Bahnen haben Marktanteile verloren: durch die Coronaangst. Damit sich die Fahrgäste wohlfühlen, muss jetzt mehr für die Hygiene getan werden, zum Beispiel durch Luftfilterung mit verbesserten Klimaanlagen. Wir brauchen höhere Standards für Sauberkeit und Sicherheit.
8-1	1695-1700	Busse	_	B
8-2	1701-1704	und	_	_
8-3	1705-1711	Bahnen	_	B
8-4	1712-1717	haben	_	_
8-5	1718-1730	Marktanteile	_	B
8-6	1731-1739	verloren	_	_
8-7	1739-1740	:	_	_
8-8	1741-1746	durch	_	_
8-9	1747-1750	die	_	B
8-10	1751-1762	Coronaangst	_	I
8-11	1762-1763	.	_	_
8-12	1764-1769	Damit	_	_
8-13	1770-1774	sich	_	B
8-14	1775-1778	die	_	B
8-15	1779-1788	Fahrgäste	_	I
8-16	1789-1799	wohlfühlen	_	_
8-17	1799-1800	,	_	_
8-18	1801-1805	muss	_	_
8-19	1806-1811	jetzt	_	_
8-20	1812-1816	mehr	_	_
8-21	1817-1820	für	_	_
8-22	1821-1824	die	_	B
8-23	1825-1832	Hygiene	_	I
8-24	1833-1838	getan	_	_
8-25	1839-1845	werden	_	_
8-26	1845-1846	,	_	_
8-27	1847-1850	zum	_	_
8-28	1851-1859	Beispiel	_	B
8-29	1860-1865	durch	_	_
8-30	1866-1879	Luftfilterung	_	B
8-31	1880-1883	mit	_	_
8-32	1884-1896	verbesserten	_	B
8-33	1897-1909	Klimaanlagen	_	I
8-34	1909-1910	.	_	_
8-35	1911-1914	Wir	_	B
8-36	1915-1923	brauchen	_	_
8-37	1924-1930	höhere	_	B
8-38	1931-1940	Standards	_	I
8-39	1941-1944	für	_	_
8-40	1945-1955	Sauberkeit	_	B
8-41	1956-1959	und	_	_
8-42	1960-1970	Sicherheit	_	B
8-43	1970-1971	.	_	_

#Text=Das ist hundertmal wichtiger als die linke Strategie, Herr Kollege Perli, Fahrpreise mit Milliardenaufwand noch mehr zu subventionieren. Staatliche Fördermittel müssen deshalb verstärkt in bessere Qualität fließen.
9-1	1978-1981	Das	_	B
9-2	1982-1985	ist	_	_
9-3	1986-1996	hundertmal	_	_
9-4	1997-2006	wichtiger	_	_
9-5	2007-2010	als	_	_
9-6	2011-2014	die	_	_
9-7	2015-2020	linke	_	_
9-8	2021-2030	Strategie	_	_
9-9	2030-2031	,	_	_
9-10	2032-2036	Herr	_	B
9-11	2037-2044	Kollege	_	I
9-12	2045-2050	Perli	_	B
9-13	2050-2051	,	_	_
9-14	2052-2062	Fahrpreise	_	B
9-15	2063-2066	mit	_	_
9-16	2067-2084	Milliardenaufwand	_	B
9-17	2085-2089	noch	_	_
9-18	2090-2094	mehr	_	_
9-19	2095-2097	zu	_	_
9-20	2098-2113	subventionieren	_	_
9-21	2113-2114	.	_	_
9-22	2115-2125	Staatliche	_	B
9-23	2126-2138	Fördermittel	_	I
9-24	2139-2145	müssen	_	_
9-25	2146-2153	deshalb	_	_
9-26	2154-2163	verstärkt	_	_
9-27	2164-2166	in	_	_
9-28	2167-2174	bessere	_	B
9-29	2175-2183	Qualität	_	I
9-30	2184-2191	fließen	_	_
9-31	2191-2192	.	_	_

#Text=Leistungsfähige Bahnstrecken sind gerade da besonders wichtig, wo die Bahn große Verkehrsströme bündeln kann. Das ist volkswirtschaftlich und strategisch sinnvoll. Deutschland braucht mehr schnelle Bahnlinien zwischen den großen Städten. Mehr Transitgüterverkehr muss von den Autobahnen auf die Schiene geholt werden. Damit der Bahnverkehr von seinen Nachbarn akzeptiert wird, muss mehr Geld in den Lärmschutz fließen.
10-1	2197-2212	Leistungsfähige	_	B
10-2	2213-2225	Bahnstrecken	_	I
10-3	2226-2230	sind	_	_
10-4	2231-2237	gerade	_	_
10-5	2238-2240	da	_	_
10-6	2241-2250	besonders	_	_
10-7	2251-2258	wichtig	_	_
10-8	2258-2259	,	_	_
10-9	2260-2262	wo	_	_
10-10	2263-2266	die	_	B
10-11	2267-2271	Bahn	_	I
10-12	2272-2277	große	_	B
10-13	2278-2292	Verkehrsströme	_	I
10-14	2293-2300	bündeln	_	_
10-15	2301-2305	kann	_	_
10-16	2305-2306	.	_	_
10-17	2307-2310	Das	_	B
10-18	2311-2314	ist	_	_
10-19	2315-2334	volkswirtschaftlich	_	_
10-20	2335-2338	und	_	_
10-21	2339-2350	strategisch	_	_
10-22	2351-2359	sinnvoll	_	_
10-23	2359-2360	.	_	_
10-24	2361-2372	Deutschland	_	B
10-25	2373-2380	braucht	_	_
10-26	2381-2385	mehr	_	B
10-27	2386-2394	schnelle	_	I
10-28	2395-2405	Bahnlinien	_	I
10-29	2406-2414	zwischen	_	_
10-30	2415-2418	den	_	B
10-31	2419-2425	großen	_	I
10-32	2426-2433	Städten	_	I
10-33	2433-2434	.	_	_
10-34	2435-2439	Mehr	_	B
10-35	2440-2459	Transitgüterverkehr	_	I
10-36	2460-2464	muss	_	_
10-37	2465-2468	von	_	_
10-38	2469-2472	den	_	B
10-39	2473-2483	Autobahnen	_	I
10-40	2484-2487	auf	_	_
10-41	2488-2491	die	_	B
10-42	2492-2499	Schiene	_	I
10-43	2500-2506	geholt	_	_
10-44	2507-2513	werden	_	_
10-45	2513-2514	.	_	_
10-46	2515-2520	Damit	_	_
10-47	2521-2524	der	_	B
10-48	2525-2536	Bahnverkehr	_	I
10-49	2537-2540	von	_	_
10-50	2541-2547	seinen	_	B
10-51	2548-2556	Nachbarn	_	I
10-52	2557-2567	akzeptiert	_	_
10-53	2568-2572	wird	_	_
10-54	2572-2573	,	_	_
10-55	2574-2578	muss	_	_
10-56	2579-2583	mehr	_	B
10-57	2584-2588	Geld	_	I
10-58	2589-2591	in	_	_
10-59	2592-2595	den	_	B
10-60	2596-2606	Lärmschutz	_	I
10-61	2607-2614	fließen	_	_
10-62	2614-2615	.	_	_

#Text=Wir haben hier im Bundestag vor wenigen Wochen beschlossen, mehr für den Lärmschutz zu tun beim Aus- und Umbau der Bahnstrecke zwischen Lübeck und Puttgarden. Das muss auch für andere große Vorhaben der Maßstab sein, zum Beispiel beim Zulauf des Brennerbasistunnels bei Rosenheim in Oberbayern. Auch das Mittelrheintal, zum Weltkulturerbe erklärt, braucht eine Perspektive, wie es vom Lärm der vielen Güterzüge entlastet werden kann.
11-1	2623-2626	Wir	_	B
11-2	2627-2632	haben	_	_
11-3	2633-2637	hier	_	_
11-4	2638-2640	im	_	_
11-5	2641-2650	Bundestag	_	B
11-6	2651-2654	vor	_	_
11-7	2655-2662	wenigen	_	B
11-8	2663-2669	Wochen	_	I
11-9	2670-2681	beschlossen	_	_
11-10	2681-2682	,	_	_
11-11	2683-2687	mehr	_	B
11-12	2688-2691	für	_	_
11-13	2692-2695	den	_	B
11-14	2696-2706	Lärmschutz	_	I
11-15	2707-2709	zu	_	_
11-16	2710-2713	tun	_	_
11-17	2714-2718	beim	_	_
11-18	2719-2723	Aus-	_	B
11-19	2724-2727	und	_	I
11-20	2728-2733	Umbau	_	I
11-21	2734-2737	der	_	B
11-22	2738-2749	Bahnstrecke	_	I
11-23	2750-2758	zwischen	_	_
11-24	2759-2765	Lübeck	_	B
11-25	2766-2769	und	_	_
11-26	2770-2780	Puttgarden	_	B
11-27	2780-2781	.	_	_
11-28	2782-2785	Das	_	B
11-29	2786-2790	muss	_	_
11-30	2791-2795	auch	_	_
11-31	2796-2799	für	_	_
11-32	2800-2806	andere	_	B
11-33	2807-2812	große	_	I
11-34	2813-2821	Vorhaben	_	I
11-35	2822-2825	der	_	B
11-36	2826-2833	Maßstab	_	I
11-37	2834-2838	sein	_	_
11-38	2838-2839	,	_	_
11-39	2840-2843	zum	_	_
11-40	2844-2852	Beispiel	_	B
11-41	2853-2857	beim	_	_
11-42	2858-2864	Zulauf	_	B
11-43	2865-2868	des	_	B
11-44	2869-2888	Brennerbasistunnels	_	I
11-45	2889-2892	bei	_	_
11-46	2893-2902	Rosenheim	_	B
11-47	2903-2905	in	_	_
11-48	2906-2916	Oberbayern	_	B
11-49	2916-2917	.	_	_
11-50	2918-2922	Auch	_	B
11-51	2923-2926	das	_	I
11-52	2927-2941	Mittelrheintal	_	I
11-53	2941-2942	,	_	_
11-54	2943-2946	zum	_	_
11-55	2947-2961	Weltkulturerbe	_	B
11-56	2962-2969	erklärt	_	_
11-57	2969-2970	,	_	_
11-58	2971-2978	braucht	_	_
11-59	2979-2983	eine	_	B
11-60	2984-2995	Perspektive	_	I
11-61	2995-2996	,	_	_
11-62	2997-3000	wie	_	_
11-63	3001-3003	es	_	B
11-64	3004-3007	vom	_	_
11-65	3008-3012	Lärm	_	B
11-66	3013-3016	der	_	B
11-67	3017-3023	vielen	_	I
11-68	3024-3033	Güterzüge	_	I
11-69	3034-3043	entlastet	_	_
11-70	3044-3050	werden	_	_
11-71	3051-3055	kann	_	_
11-72	3055-3056	.	_	_

#Text=Mit klaren Maßstäben kann der Ausbau der Bahn eine Erfolgsgeschichte sein. Wer die Bahn aber zum Spielball der Ideologie macht und ehrgeizige Planziele für Verkehrsmengen vorgibt, der wird Milliarden an Steuergeld verschwenden. Und das, meine Damen und Herren, macht die AfD nicht mit!
12-1	3065-3068	Mit	_	_
12-2	3069-3075	klaren	_	B
12-3	3076-3085	Maßstäben	_	I
12-4	3086-3090	kann	_	_
12-5	3091-3094	der	_	B
12-6	3095-3101	Ausbau	_	I
12-7	3102-3105	der	_	B
12-8	3106-3110	Bahn	_	I
12-9	3111-3115	eine	_	B
12-10	3116-3133	Erfolgsgeschichte	_	I
12-11	3134-3138	sein	_	_
12-12	3138-3139	.	_	_
12-13	3140-3143	Wer	_	B
12-14	3144-3147	die	_	B
12-15	3148-3152	Bahn	_	I
12-16	3153-3157	aber	_	_
12-17	3158-3161	zum	_	_
12-18	3162-3171	Spielball	_	B
12-19	3172-3175	der	_	B
12-20	3176-3185	Ideologie	_	I
12-21	3186-3191	macht	_	_
12-22	3192-3195	und	_	_
12-23	3196-3206	ehrgeizige	_	B
12-24	3207-3216	Planziele	_	I
12-25	3217-3220	für	_	_
12-26	3221-3235	Verkehrsmengen	_	B
12-27	3236-3243	vorgibt	_	_
12-28	3243-3244	,	_	_
12-29	3245-3248	der	_	B
12-30	3249-3253	wird	_	_
12-31	3254-3264	Milliarden	_	B
12-32	3265-3267	an	_	_
12-33	3268-3278	Steuergeld	_	B
12-34	3279-3291	verschwenden	_	_
12-35	3291-3292	.	_	_
12-36	3293-3296	Und	_	_
12-37	3297-3300	das	_	B
12-38	3300-3301	,	_	_
12-39	3302-3307	meine	_	B
12-40	3308-3313	Damen	_	I
12-41	3314-3317	und	_	_
12-42	3318-3324	Herren	_	B
12-43	3324-3325	,	_	_
12-44	3326-3331	macht	_	_
12-45	3332-3335	die	_	B
12-46	3336-3339	AfD	_	I
12-47	3340-3345	nicht	_	_
12-48	3346-3349	mit	_	_
12-49	3349-3350	!	_	_

#Text=Vielen Dank. – Als Nächster spricht für die Fraktion der CDU/CSU der Kollege Gero Storjohann.
13-1	3357-3363	Vielen	_	_
13-2	3364-3368	Dank	_	_
13-3	3368-3369	.	_	_
13-4	3370-3371	–	_	_
13-5	3372-3375	Als	_	_
13-6	3376-3384	Nächster	_	B
13-7	3385-3392	spricht	_	_
13-8	3393-3396	für	_	_
13-9	3397-3400	die	_	B
13-10	3401-3409	Fraktion	_	I
13-11	3410-3413	der	_	B
13-12	3414-3421	CDU/CSU	_	I
13-13	3422-3425	der	_	B
13-14	3426-3433	Kollege	_	I
13-15	3434-3438	Gero	_	I
13-16	3439-3449	Storjohann	_	I
13-17	3449-3450	.	_	_
