#FORMAT=WebAnno TSV 3.2
#T_SP=webanno.custom.Animacy|Animated
#T_SP=webanno.custom.CustomChunk|Chunk


#Text=Frau Präsidentin! Verehrte Kolleginnen und Kollegen! Bei den vergangenen Debatten hier im Deutschen Bundestag ist deutlich geworden, dass wir als CDU/CSU-Fraktion in dieser Legislaturperiode zwei große Ziele haben, die für uns auch gar nicht im Widerspruch zueinander stehen.
1-1	0-4	Frau	_	B
1-2	5-16	Präsidentin	_	I
1-3	16-17	!	_	_
1-4	18-26	Verehrte	_	B
1-5	27-38	Kolleginnen	_	I
1-6	39-42	und	_	_
1-7	43-51	Kollegen	_	B
1-8	51-52	!	_	_
1-9	53-56	Bei	_	_
1-10	57-60	den	_	B
1-11	61-72	vergangenen	_	I
1-12	73-81	Debatten	_	I
1-13	82-86	hier	_	_
1-14	87-89	im	_	_
1-15	90-99	Deutschen	_	B
1-16	100-109	Bundestag	_	I
1-17	110-113	ist	_	_
1-18	114-122	deutlich	_	_
1-19	123-131	geworden	_	_
1-20	131-132	,	_	_
1-21	133-137	dass	_	_
1-22	138-141	wir	_	B
1-23	142-145	als	_	_
1-24	146-149	CDU	_	B
1-25	149-150	/	_	B
1-26	150-162	CSU-Fraktion	_	B
1-27	163-165	in	_	_
1-28	166-172	dieser	_	B
1-29	173-190	Legislaturperiode	_	I
1-30	191-195	zwei	_	B
1-31	196-201	große	_	I
1-32	202-207	Ziele	_	I
1-33	208-213	haben	_	_
1-34	213-214	,	_	_
1-35	215-218	die	_	B
1-36	219-222	für	_	_
1-37	223-226	uns	_	B
1-38	227-231	auch	_	_
1-39	232-235	gar	_	_
1-40	236-241	nicht	_	_
1-41	242-244	im	_	_
1-42	245-256	Widerspruch	_	B
1-43	257-267	zueinander	_	_
1-44	268-274	stehen	_	_
1-45	274-275	.	_	_

#Text=Zum einen wollen wir Deutschland noch mobiler machen, und zum anderen wollen wir den Verkehr in Deutschland immer klimafreundlicher machen und die Luftqualität in Deutschland weiter verbessern.
2-1	283-286	Zum	_	_
2-2	287-292	einen	_	B
2-3	293-299	wollen	_	_
2-4	300-303	wir	_	B
2-5	304-315	Deutschland	_	B
2-6	316-320	noch	_	_
2-7	321-328	mobiler	_	_
2-8	329-335	machen	_	_
2-9	335-336	,	_	_
2-10	337-340	und	_	_
2-11	341-344	zum	_	_
2-12	345-352	anderen	_	B
2-13	353-359	wollen	_	_
2-14	360-363	wir	_	B
2-15	364-367	den	_	B
2-16	368-375	Verkehr	_	I
2-17	376-378	in	_	_
2-18	379-390	Deutschland	_	B
2-19	391-396	immer	_	_
2-20	397-414	klimafreundlicher	_	_
2-21	415-421	machen	_	_
2-22	422-425	und	_	_
2-23	426-429	die	_	B
2-24	430-442	Luftqualität	_	I
2-25	443-445	in	_	_
2-26	446-457	Deutschland	_	B
2-27	458-464	weiter	_	_
2-28	465-475	verbessern	_	_
2-29	475-476	.	_	_

#Text=Die Mobilität der Zukunft, über die wir in dem Zusammenhang natürlich sprechen müssen, ist für uns dabei wie ein Puzzle, das aus unterschiedlichen Teilen besteht und das wir zu einem großen Ganzen zusammenfügen wollen. Ein Puzzleteil ist zum Beispiel die zunehmende Digitalisierung des Verkehrs. Ein weiteres Puzzleteil ist der Ausbau des öffentlichen Nahverkehrs und des Radverkehrs. Weitere Teile sind Investitionen in die Infrastruktur – vor allem in die Schiene, aber natürlich auch in die Brücken, in die Straßen, in die Tunnel, kurz: in die gesamte Infrastruktur. Vor diesem Hintergrund möchte ich noch mal erwähnen, dass wir in den vergangenen Monaten den größten Investitionshaushalt aller Zeiten hier im Deutschen Bundestag beschlossen haben. Ebenfalls ein Teil sind Elektrokleinstfahrzeuge, bei denen wir dabei sind, sie zu legalisieren.
3-1	479-482	Die	_	B
3-2	483-492	Mobilität	_	I
3-3	493-496	der	_	B
3-4	497-504	Zukunft	_	I
3-5	504-505	,	_	_
3-6	506-510	über	_	_
3-7	511-514	die	_	B
3-8	515-518	wir	_	B
3-9	519-521	in	_	_
3-10	522-525	dem	_	B
3-11	526-538	Zusammenhang	_	I
3-12	539-548	natürlich	_	_
3-13	549-557	sprechen	_	_
3-14	558-564	müssen	_	_
3-15	564-565	,	_	_
3-16	566-569	ist	_	_
3-17	570-573	für	_	_
3-18	574-577	uns	_	B
3-19	578-583	dabei	_	_
3-20	584-587	wie	_	B
3-21	588-591	ein	_	I
3-22	592-598	Puzzle	_	I
3-23	598-599	,	_	_
3-24	600-603	das	_	B
3-25	604-607	aus	_	_
3-26	608-625	unterschiedlichen	_	B
3-27	626-632	Teilen	_	I
3-28	633-640	besteht	_	_
3-29	641-644	und	_	_
3-30	645-648	das	_	B
3-31	649-652	wir	_	B
3-32	653-655	zu	_	_
3-33	656-661	einem	_	B
3-34	662-668	großen	_	I
3-35	669-675	Ganzen	_	I
3-36	676-689	zusammenfügen	_	_
3-37	690-696	wollen	_	_
3-38	696-697	.	_	_
3-39	698-701	Ein	_	B
3-40	702-712	Puzzleteil	_	I
3-41	713-716	ist	_	_
3-42	717-720	zum	_	_
3-43	721-729	Beispiel	_	B
3-44	730-733	die	_	_
3-45	734-744	zunehmende	_	_
3-46	745-760	Digitalisierung	_	_
3-47	761-764	des	_	B
3-48	765-773	Verkehrs	_	I
3-49	773-774	.	_	_
3-50	775-778	Ein	_	B
3-51	779-787	weiteres	_	I
3-52	788-798	Puzzleteil	_	I
3-53	799-802	ist	_	_
3-54	803-806	der	_	B
3-55	807-813	Ausbau	_	I
3-56	814-817	des	_	B
3-57	818-830	öffentlichen	_	I
3-58	831-842	Nahverkehrs	_	I
3-59	843-846	und	_	_
3-60	847-850	des	_	B
3-61	851-862	Radverkehrs	_	I
3-62	862-863	.	_	_
3-63	864-871	Weitere	_	B
3-64	872-877	Teile	_	I
3-65	878-882	sind	_	_
3-66	883-896	Investitionen	_	B
3-67	897-899	in	_	_
3-68	900-903	die	_	B
3-69	904-917	Infrastruktur	_	I
3-70	918-919	–	_	_
3-71	920-923	vor	_	_
3-72	924-929	allem	_	B
3-73	930-932	in	_	_
3-74	933-936	die	_	B
3-75	937-944	Schiene	_	I
3-76	944-945	,	_	_
3-77	946-950	aber	_	_
3-78	951-960	natürlich	_	_
3-79	961-965	auch	_	_
3-80	966-968	in	_	_
3-81	969-972	die	_	B
3-82	973-980	Brücken	_	I
3-83	980-981	,	_	_
3-84	982-984	in	_	_
3-85	985-988	die	_	B
3-86	989-996	Straßen	_	I
3-87	996-997	,	_	_
3-88	998-1000	in	_	_
3-89	1001-1004	die	_	B
3-90	1005-1011	Tunnel	_	B
3-91	1011-1012	,	_	_
3-92	1013-1017	kurz	_	_
3-93	1017-1018	:	_	B
3-94	1019-1021	in	_	I
3-95	1022-1025	die	_	I
3-96	1026-1033	gesamte	_	I
3-97	1034-1047	Infrastruktur	_	I
3-98	1047-1048	.	_	_
3-99	1049-1052	Vor	_	_
3-100	1053-1059	diesem	_	B
3-101	1060-1071	Hintergrund	_	I
3-102	1072-1078	möchte	_	_
3-103	1079-1082	ich	_	B
3-104	1083-1087	noch	_	_
3-105	1088-1091	mal	_	_
3-106	1092-1100	erwähnen	_	_
3-107	1100-1101	,	_	_
3-108	1102-1106	dass	_	_
3-109	1107-1110	wir	_	B
3-110	1111-1113	in	_	_
3-111	1114-1117	den	_	B
3-112	1118-1129	vergangenen	_	I
3-113	1130-1137	Monaten	_	I
3-114	1138-1141	den	_	B
3-115	1142-1149	größten	_	I
3-116	1150-1170	Investitionshaushalt	_	I
3-117	1171-1176	aller	_	B
3-118	1177-1183	Zeiten	_	I
3-119	1184-1188	hier	_	_
3-120	1189-1191	im	_	_
3-121	1192-1201	Deutschen	_	B
3-122	1202-1211	Bundestag	_	I
3-123	1212-1223	beschlossen	_	_
3-124	1224-1229	haben	_	_
3-125	1229-1230	.	_	_
3-126	1231-1240	Ebenfalls	_	B
3-127	1241-1244	ein	_	I
3-128	1245-1249	Teil	_	I
3-129	1250-1254	sind	_	_
3-130	1255-1278	Elektrokleinstfahrzeuge	_	B
3-131	1278-1279	,	_	_
3-132	1280-1283	bei	_	_
3-133	1284-1289	denen	_	B
3-134	1290-1293	wir	_	B
3-135	1294-1299	dabei	_	_
3-136	1300-1304	sind	_	_
3-137	1304-1305	,	_	_
3-138	1306-1309	sie	_	B
3-139	1310-1312	zu	_	_
3-140	1313-1325	legalisieren	_	_
3-141	1325-1326	.	_	_

#Text=Ein weiterer Baustein sind natürlich Elektromobilität und synthetische Kraftstoffe, die wir technologieoffen fördern wollen. Das will ich hier noch mal ganz klar sagen, weil der FDP-Antrag etwas anderes suggeriert. Für uns ist es keine Frage des Entweder-oder, sondern eher des Sowohl-als-auch.
4-1	1344-1347	Ein	_	B
4-2	1348-1356	weiterer	_	I
4-3	1357-1365	Baustein	_	I
4-4	1366-1370	sind	_	_
4-5	1371-1380	natürlich	_	_
4-6	1381-1397	Elektromobilität	_	B
4-7	1398-1401	und	_	_
4-8	1402-1414	synthetische	_	B
4-9	1415-1426	Kraftstoffe	_	I
4-10	1426-1427	,	_	_
4-11	1428-1431	die	_	B
4-12	1432-1435	wir	_	B
4-13	1436-1452	technologieoffen	_	_
4-14	1453-1460	fördern	_	_
4-15	1461-1467	wollen	_	_
4-16	1467-1468	.	_	_
4-17	1469-1472	Das	_	B
4-18	1473-1477	will	_	_
4-19	1478-1481	ich	_	B
4-20	1482-1486	hier	_	_
4-21	1487-1491	noch	_	_
4-22	1492-1495	mal	_	_
4-23	1496-1500	ganz	_	_
4-24	1501-1505	klar	_	_
4-25	1506-1511	sagen	_	_
4-26	1511-1512	,	_	_
4-27	1513-1517	weil	_	_
4-28	1518-1521	der	_	B
4-29	1522-1532	FDP-Antrag	_	I
4-30	1533-1538	etwas	_	B
4-31	1539-1546	anderes	_	I
4-32	1547-1557	suggeriert	_	_
4-33	1557-1558	.	_	_
4-34	1559-1562	Für	_	_
4-35	1563-1566	uns	_	B
4-36	1567-1570	ist	_	_
4-37	1571-1573	es	_	B
4-38	1574-1579	keine	_	B
4-39	1580-1585	Frage	_	I
4-40	1586-1589	des	_	B
4-41	1590-1603	Entweder-oder	_	I
4-42	1603-1604	,	_	_
4-43	1605-1612	sondern	_	_
4-44	1613-1617	eher	_	B
4-45	1618-1621	des	_	I
4-46	1622-1637	Sowohl-als-auch	_	I
4-47	1637-1638	.	_	_

#Text=Kollege Ploß, gestatten Sie eine Frage oder Bemerkung aus der Grünenfraktion?
5-1	1645-1652	Kollege	_	B
5-2	1653-1657	Ploß	_	I
5-3	1657-1658	,	_	_
5-4	1659-1668	gestatten	_	_
5-5	1669-1672	Sie	_	B
5-6	1673-1677	eine	_	B
5-7	1678-1683	Frage	_	I
5-8	1684-1688	oder	_	_
5-9	1689-1698	Bemerkung	_	B
5-10	1699-1702	aus	_	_
5-11	1703-1706	der	_	B
5-12	1707-1721	Grünenfraktion	_	I
5-13	1721-1722	?	_	_

#Text=Immer gerne. Ich kann mir nichts Schöneres am Donnerstagabend vorstellen.
6-1	1725-1730	Immer	_	_
6-2	1731-1736	gerne	_	_
6-3	1736-1737	.	_	_
6-4	1738-1741	Ich	_	B
6-5	1742-1746	kann	_	_
6-6	1747-1750	mir	_	B
6-7	1751-1757	nichts	_	B
6-8	1758-1767	Schöneres	_	I
6-9	1768-1770	am	_	_
6-10	1771-1786	Donnerstagabend	_	B
6-11	1787-1797	vorstellen	_	_
6-12	1797-1798	.	_	_

#Text=Herr Kollege Ploß, vielen Dank. Mir geht es umgekehrt genauso. Ich freue mich deswegen sehr, dass Sie mir die Möglichkeit zu einer Frage geben. – Sie haben von einem Puzzle gesprochen. Meine Frage ist: Wird zu diesem Puzzle auch gehören, dass es eine Verlängerung oder Neuauflage der Kaufprämie – oder Umweltprämie, wie es offiziell heißt – für den Erwerb von Elektroautos gibt? Die bisherige Prämie wird ja zum 30. Juni auslaufen.
7-1	1801-1805	Herr	_	B
7-2	1806-1813	Kollege	_	I
7-3	1814-1818	Ploß	_	B
7-4	1818-1819	,	_	_
7-5	1820-1826	vielen	_	B
7-6	1827-1831	Dank	_	I
7-7	1831-1832	.	_	_
7-8	1833-1836	Mir	_	B
7-9	1837-1841	geht	_	_
7-10	1842-1844	es	_	_
7-11	1845-1854	umgekehrt	_	_
7-12	1855-1862	genauso	_	_
7-13	1862-1863	.	_	_
7-14	1864-1867	Ich	_	B
7-15	1868-1873	freue	_	_
7-16	1874-1878	mich	_	B
7-17	1879-1887	deswegen	_	_
7-18	1888-1892	sehr	_	_
7-19	1892-1893	,	_	_
7-20	1894-1898	dass	_	_
7-21	1899-1902	Sie	_	B
7-22	1903-1906	mir	_	B
7-23	1907-1910	die	_	B
7-24	1911-1922	Möglichkeit	_	I
7-25	1923-1925	zu	_	_
7-26	1926-1931	einer	_	B
7-27	1932-1937	Frage	_	I
7-28	1938-1943	geben	_	_
7-29	1943-1944	.	_	_
7-30	1945-1946	–	_	_
7-31	1947-1950	Sie	_	B
7-32	1951-1956	haben	_	_
7-33	1957-1960	von	_	_
7-34	1961-1966	einem	_	B
7-35	1967-1973	Puzzle	_	I
7-36	1974-1984	gesprochen	_	_
7-37	1984-1985	.	_	_
7-38	1986-1991	Meine	_	B
7-39	1992-1997	Frage	_	I
7-40	1998-2001	ist	_	_
7-41	2001-2002	:	_	_
7-42	2003-2007	Wird	_	_
7-43	2008-2010	zu	_	_
7-44	2011-2017	diesem	_	B
7-45	2018-2024	Puzzle	_	I
7-46	2025-2029	auch	_	_
7-47	2030-2037	gehören	_	_
7-48	2037-2038	,	_	_
7-49	2039-2043	dass	_	_
7-50	2044-2046	es	_	_
7-51	2047-2051	eine	_	B
7-52	2052-2064	Verlängerung	_	I
7-53	2065-2069	oder	_	_
7-54	2070-2080	Neuauflage	_	B
7-55	2081-2084	der	_	B
7-56	2085-2095	Kaufprämie	_	I
7-57	2096-2097	–	_	_
7-58	2098-2102	oder	_	_
7-59	2103-2115	Umweltprämie	_	B
7-60	2115-2116	,	_	_
7-61	2117-2120	wie	_	_
7-62	2121-2123	es	_	B
7-63	2124-2133	offiziell	_	_
7-64	2134-2139	heißt	_	_
7-65	2140-2141	–	_	_
7-66	2142-2145	für	_	_
7-67	2146-2149	den	_	B
7-68	2150-2156	Erwerb	_	I
7-69	2157-2160	von	_	_
7-70	2161-2173	Elektroautos	_	B
7-71	2174-2178	gibt	_	_
7-72	2178-2179	?	_	_
7-73	2180-2183	Die	_	B
7-74	2184-2193	bisherige	_	I
7-75	2194-2200	Prämie	_	I
7-76	2201-2205	wird	_	_
7-77	2206-2208	ja	_	_
7-78	2209-2212	zum	_	_
7-79	2213-2216	30.	_	B
7-80	2217-2221	Juni	_	I
7-81	2222-2231	auslaufen	_	_
7-82	2231-2232	.	_	_

#Text=Viele Menschen, die sich überlegen, was für ein Auto sie kaufen, sind verunsichert, weil sie nicht wissen, ob es noch diese Prämie gibt oder nicht. Am schönsten wäre es natürlich, Sie würden das nicht nur bestätigen, sondern auch das, was mein Kollege Stephan Kühn vorgeschlagen hat, bestätigen, nämlich dass es eine Bonus-Malus-Prämie gibt, das heißt, dass für große Spritschlucker höhere Kfz-Steuer zu bezahlen ist und aus den Einnahmen die Kaufprämie für Elektroautos finanziert wird. Wird es eine Verlängerung oder eine Neuauflage dieser Prämie geben?
8-1	2244-2249	Viele	_	B
8-2	2250-2258	Menschen	_	I
8-3	2258-2259	,	_	_
8-4	2260-2263	die	_	B
8-5	2264-2268	sich	_	B
8-6	2269-2278	überlegen	_	_
8-7	2278-2279	,	_	_
8-8	2280-2283	was	_	B
8-9	2284-2287	für	_	_
8-10	2288-2291	ein	_	B
8-11	2292-2296	Auto	_	I
8-12	2297-2300	sie	_	B
8-13	2301-2307	kaufen	_	_
8-14	2307-2308	,	_	_
8-15	2309-2313	sind	_	_
8-16	2314-2326	verunsichert	_	_
8-17	2326-2327	,	_	_
8-18	2328-2332	weil	_	_
8-19	2333-2336	sie	_	B
8-20	2337-2342	nicht	_	_
8-21	2343-2349	wissen	_	_
8-22	2349-2350	,	_	_
8-23	2351-2353	ob	_	_
8-24	2354-2356	es	_	_
8-25	2357-2361	noch	_	_
8-26	2362-2367	diese	_	B
8-27	2368-2374	Prämie	_	I
8-28	2375-2379	gibt	_	_
8-29	2380-2384	oder	_	_
8-30	2385-2390	nicht	_	_
8-31	2390-2391	.	_	_
8-32	2392-2394	Am	_	_
8-33	2395-2404	schönsten	_	_
8-34	2405-2409	wäre	_	_
8-35	2410-2412	es	_	B
8-36	2413-2422	natürlich	_	_
8-37	2422-2423	,	_	_
8-38	2424-2427	Sie	_	B
8-39	2428-2434	würden	_	_
8-40	2435-2438	das	_	B
8-41	2439-2444	nicht	_	_
8-42	2445-2448	nur	_	_
8-43	2449-2459	bestätigen	_	_
8-44	2459-2460	,	_	_
8-45	2461-2468	sondern	_	_
8-46	2469-2473	auch	_	B
8-47	2474-2477	das	_	I
8-48	2477-2478	,	_	_
8-49	2479-2482	was	_	B
8-50	2483-2487	mein	_	B
8-51	2488-2495	Kollege	_	I
8-52	2496-2503	Stephan	_	I
8-53	2504-2508	Kühn	_	I
8-54	2509-2522	vorgeschlagen	_	_
8-55	2523-2526	hat	_	_
8-56	2526-2527	,	_	_
8-57	2528-2538	bestätigen	_	_
8-58	2538-2539	,	_	_
8-59	2540-2547	nämlich	_	_
8-60	2548-2552	dass	_	_
8-61	2553-2555	es	_	_
8-62	2556-2560	eine	_	B
8-63	2561-2579	Bonus-Malus-Prämie	_	I
8-64	2580-2584	gibt	_	_
8-65	2584-2585	,	_	_
8-66	2586-2589	das	_	_
8-67	2590-2595	heißt	_	_
8-68	2595-2596	,	_	_
8-69	2597-2601	dass	_	_
8-70	2602-2605	für	_	_
8-71	2606-2611	große	_	B
8-72	2612-2626	Spritschlucker	_	I
8-73	2627-2633	höhere	_	B
8-74	2634-2644	Kfz-Steuer	_	I
8-75	2645-2647	zu	_	_
8-76	2648-2656	bezahlen	_	_
8-77	2657-2660	ist	_	_
8-78	2661-2664	und	_	_
8-79	2665-2668	aus	_	_
8-80	2669-2672	den	_	B
8-81	2673-2682	Einnahmen	_	I
8-82	2683-2686	die	_	B
8-83	2687-2697	Kaufprämie	_	I
8-84	2698-2701	für	_	_
8-85	2702-2714	Elektroautos	_	B
8-86	2715-2725	finanziert	_	_
8-87	2726-2730	wird	_	_
8-88	2730-2731	.	_	_
8-89	2732-2736	Wird	_	_
8-90	2737-2739	es	_	B
8-91	2740-2744	eine	_	B
8-92	2745-2757	Verlängerung	_	I
8-93	2758-2762	oder	_	_
8-94	2763-2767	eine	_	B
8-95	2768-2778	Neuauflage	_	I
8-96	2779-2785	dieser	_	B
8-97	2786-2792	Prämie	_	I
8-98	2793-2798	geben	_	_
8-99	2798-2799	?	_	_

#Text=Also, wenn wir über die Förderung von Elektromobilität sprechen – darauf hat auch der Staatssekretär Steffen Bilger zu Recht hingewiesen –, dann müssen wir unterschiedliche Punkte einbeziehen. Zum einen streben wir den Ausbau der Ladeinfrastruktur an – das wird ein ganz wichtiger Baustein sein –, aber wir brauchen auch steuerliche Anreize. Es wird nicht nur für die Menschen einfacher, das Elektroauto zu laden, sondern es gibt auch steuerliche Förderung. Dazu hat die Bundesregierung in den vergangenen Monaten viele Initiativen ergriffen. Es ist enorm attraktiv geworden, sich ein Elektroauto zuzulegen.
9-1	2815-2819	Also	_	_
9-2	2819-2820	,	_	_
9-3	2821-2825	wenn	_	_
9-4	2826-2829	wir	_	B
9-5	2830-2834	über	_	_
9-6	2835-2838	die	_	B
9-7	2839-2848	Förderung	_	I
9-8	2849-2852	von	_	_
9-9	2853-2869	Elektromobilität	_	B
9-10	2870-2878	sprechen	_	_
9-11	2879-2880	–	_	_
9-12	2881-2887	darauf	_	_
9-13	2888-2891	hat	_	_
9-14	2892-2896	auch	_	B
9-15	2897-2900	der	_	I
9-16	2901-2915	Staatssekretär	_	I
9-17	2916-2923	Steffen	_	I
9-18	2924-2930	Bilger	_	I
9-19	2931-2933	zu	_	_
9-20	2934-2939	Recht	_	B
9-21	2940-2951	hingewiesen	_	_
9-22	2952-2953	–	_	_
9-23	2953-2954	,	_	_
9-24	2955-2959	dann	_	_
9-25	2960-2966	müssen	_	_
9-26	2967-2970	wir	_	B
9-27	2971-2987	unterschiedliche	_	B
9-28	2988-2994	Punkte	_	I
9-29	2995-3006	einbeziehen	_	_
9-30	3006-3007	.	_	_
9-31	3008-3011	Zum	_	_
9-32	3012-3017	einen	_	B
9-33	3018-3025	streben	_	_
9-34	3026-3029	wir	_	B
9-35	3030-3033	den	_	B
9-36	3034-3040	Ausbau	_	I
9-37	3041-3044	der	_	B
9-38	3045-3062	Ladeinfrastruktur	_	I
9-39	3063-3065	an	_	_
9-40	3066-3067	–	_	_
9-41	3068-3071	das	_	B
9-42	3072-3076	wird	_	_
9-43	3077-3080	ein	_	B
9-44	3081-3085	ganz	_	I
9-45	3086-3095	wichtiger	_	I
9-46	3096-3104	Baustein	_	I
9-47	3105-3109	sein	_	_
9-48	3110-3111	–	_	_
9-49	3111-3112	,	_	_
9-50	3113-3117	aber	_	_
9-51	3118-3121	wir	_	B
9-52	3122-3130	brauchen	_	_
9-53	3131-3135	auch	_	_
9-54	3136-3147	steuerliche	_	B
9-55	3148-3155	Anreize	_	I
9-56	3155-3156	.	_	_
9-57	3157-3159	Es	_	B
9-58	3160-3164	wird	_	_
9-59	3165-3170	nicht	_	_
9-60	3171-3174	nur	_	_
9-61	3175-3178	für	_	_
9-62	3179-3182	die	_	B
9-63	3183-3191	Menschen	_	I
9-64	3192-3201	einfacher	_	_
9-65	3201-3202	,	_	_
9-66	3203-3206	das	_	B
9-67	3207-3218	Elektroauto	_	I
9-68	3219-3221	zu	_	_
9-69	3222-3227	laden	_	_
9-70	3227-3228	,	_	_
9-71	3229-3236	sondern	_	_
9-72	3237-3239	es	_	_
9-73	3240-3244	gibt	_	_
9-74	3245-3249	auch	_	B
9-75	3250-3261	steuerliche	_	I
9-76	3262-3271	Förderung	_	I
9-77	3271-3272	.	_	_
9-78	3273-3277	Dazu	_	_
9-79	3278-3281	hat	_	_
9-80	3282-3285	die	_	B
9-81	3286-3301	Bundesregierung	_	I
9-82	3302-3304	in	_	_
9-83	3305-3308	den	_	B
9-84	3309-3320	vergangenen	_	I
9-85	3321-3328	Monaten	_	I
9-86	3329-3334	viele	_	B
9-87	3335-3346	Initiativen	_	I
9-88	3347-3356	ergriffen	_	_
9-89	3356-3357	.	_	_
9-90	3358-3360	Es	_	B
9-91	3361-3364	ist	_	_
9-92	3365-3370	enorm	_	_
9-93	3371-3380	attraktiv	_	_
9-94	3381-3389	geworden	_	_
9-95	3389-3390	,	_	_
9-96	3391-3395	sich	_	B
9-97	3396-3399	ein	_	B
9-98	3400-3411	Elektroauto	_	I
9-99	3412-3421	zuzulegen	_	_
9-100	3421-3422	.	_	_

#Text=Wie das dann in den nächsten Monaten weitergehen wird, werden wir hier diskutieren; das haben wir ja auch schon angekündigt. Ich persönlich bin in dieser Hinsicht in vielen Richtungen offen. Wichtig ist aber, dass wir Elektromobilität steuerlich fördern. Ich beantworte das etwas allgemeiner, sage Ihnen aber zu, dass wir im Verkehrsausschuss und zusammen mit der Bundesregierung darüber natürlich noch rechtzeitig sprechen werden.
10-1	3434-3437	Wie	_	_
10-2	3438-3441	das	_	B
10-3	3442-3446	dann	_	_
10-4	3447-3449	in	_	_
10-5	3450-3453	den	_	B
10-6	3454-3462	nächsten	_	I
10-7	3463-3470	Monaten	_	I
10-8	3471-3482	weitergehen	_	_
10-9	3483-3487	wird	_	_
10-10	3487-3488	,	_	_
10-11	3489-3495	werden	_	_
10-12	3496-3499	wir	_	B
10-13	3500-3504	hier	_	_
10-14	3505-3516	diskutieren	_	_
10-15	3516-3517	;	_	_
10-16	3518-3521	das	_	B
10-17	3522-3527	haben	_	_
10-18	3528-3531	wir	_	B
10-19	3532-3534	ja	_	_
10-20	3535-3539	auch	_	_
10-21	3540-3545	schon	_	_
10-22	3546-3557	angekündigt	_	_
10-23	3557-3558	.	_	_
10-24	3559-3562	Ich	_	B
10-25	3563-3573	persönlich	_	_
10-26	3574-3577	bin	_	_
10-27	3578-3580	in	_	_
10-28	3581-3587	dieser	_	B
10-29	3588-3596	Hinsicht	_	I
10-30	3597-3599	in	_	_
10-31	3600-3606	vielen	_	B
10-32	3607-3617	Richtungen	_	I
10-33	3618-3623	offen	_	_
10-34	3623-3624	.	_	_
10-35	3625-3632	Wichtig	_	_
10-36	3633-3636	ist	_	_
10-37	3637-3641	aber	_	_
10-38	3641-3642	,	_	_
10-39	3643-3647	dass	_	_
10-40	3648-3651	wir	_	B
10-41	3652-3668	Elektromobilität	_	B
10-42	3669-3679	steuerlich	_	_
10-43	3680-3687	fördern	_	_
10-44	3687-3688	.	_	_
10-45	3689-3692	Ich	_	B
10-46	3693-3703	beantworte	_	_
10-47	3704-3707	das	_	B
10-48	3708-3713	etwas	_	I
10-49	3714-3725	allgemeiner	_	_
10-50	3725-3726	,	_	_
10-51	3727-3731	sage	_	_
10-52	3732-3737	Ihnen	_	B
10-53	3738-3742	aber	_	_
10-54	3743-3745	zu	_	_
10-55	3745-3746	,	_	_
10-56	3747-3751	dass	_	_
10-57	3752-3755	wir	_	B
10-58	3756-3758	im	_	_
10-59	3759-3776	Verkehrsausschuss	_	B
10-60	3777-3780	und	_	_
10-61	3781-3789	zusammen	_	_
10-62	3790-3793	mit	_	_
10-63	3794-3797	der	_	B
10-64	3798-3813	Bundesregierung	_	I
10-65	3814-3821	darüber	_	_
10-66	3822-3831	natürlich	_	_
10-67	3832-3836	noch	_	_
10-68	3837-3848	rechtzeitig	_	_
10-69	3849-3857	sprechen	_	_
10-70	3858-3864	werden	_	_
10-71	3864-3865	.	_	_

#Text=Kommen wir zurück zum Thema. Ich kann mit Blick auf Ihre Frage an den nächsten Punkt anknüpfen. Kein Autofahrer wird auf ein Elektroauto umsteigen, wenn er sich jedes Mal Sorgen machen muss, ob er das Auto aufladen kann. Deswegen ist eines unserer Ziele, dass das Laden eines Elektroautos so einfach sein wird, wie man das vom Tanken kennt, vielleicht sogar noch einfacher, wenn man seine eigene Ladestation zu Hause hat. Das muss unser Ziel sein.
11-1	3875-3881	Kommen	_	_
11-2	3882-3885	wir	_	B
11-3	3886-3892	zurück	_	_
11-4	3893-3896	zum	_	_
11-5	3897-3902	Thema	_	B
11-6	3902-3903	.	_	_
11-7	3904-3907	Ich	_	B
11-8	3908-3912	kann	_	_
11-9	3913-3916	mit	_	_
11-10	3917-3922	Blick	_	B
11-11	3923-3926	auf	_	_
11-12	3927-3931	Ihre	_	B
11-13	3932-3937	Frage	_	I
11-14	3938-3940	an	_	_
11-15	3941-3944	den	_	B
11-16	3945-3953	nächsten	_	I
11-17	3954-3959	Punkt	_	I
11-18	3960-3969	anknüpfen	_	_
11-19	3969-3970	.	_	_
11-20	3971-3975	Kein	_	B
11-21	3976-3986	Autofahrer	_	I
11-22	3987-3991	wird	_	_
11-23	3992-3995	auf	_	_
11-24	3996-3999	ein	_	B
11-25	4000-4011	Elektroauto	_	I
11-26	4012-4021	umsteigen	_	_
11-27	4021-4022	,	_	_
11-28	4023-4027	wenn	_	_
11-29	4028-4030	er	_	B
11-30	4031-4035	sich	_	B
11-31	4036-4041	jedes	_	B
11-32	4042-4045	Mal	_	I
11-33	4046-4052	Sorgen	_	B
11-34	4053-4059	machen	_	_
11-35	4060-4064	muss	_	_
11-36	4064-4065	,	_	_
11-37	4066-4068	ob	_	_
11-38	4069-4071	er	_	B
11-39	4072-4075	das	_	B
11-40	4076-4080	Auto	_	I
11-41	4081-4089	aufladen	_	_
11-42	4090-4094	kann	_	_
11-43	4094-4095	.	_	_
11-44	4096-4104	Deswegen	_	_
11-45	4105-4108	ist	_	_
11-46	4109-4114	eines	_	B
11-47	4115-4122	unserer	_	B
11-48	4123-4128	Ziele	_	I
11-49	4128-4129	,	_	_
11-50	4130-4134	dass	_	_
11-51	4135-4138	das	_	B
11-52	4139-4144	Laden	_	I
11-53	4145-4150	eines	_	B
11-54	4151-4163	Elektroautos	_	I
11-55	4164-4166	so	_	_
11-56	4167-4174	einfach	_	_
11-57	4175-4179	sein	_	_
11-58	4180-4184	wird	_	_
11-59	4184-4185	,	_	_
11-60	4186-4189	wie	_	_
11-61	4190-4193	man	_	B
11-62	4194-4197	das	_	_
11-63	4198-4201	vom	_	_
11-64	4202-4208	Tanken	_	B
11-65	4209-4214	kennt	_	_
11-66	4214-4215	,	_	_
11-67	4216-4226	vielleicht	_	_
11-68	4227-4232	sogar	_	_
11-69	4233-4237	noch	_	_
11-70	4238-4247	einfacher	_	_
11-71	4247-4248	,	_	_
11-72	4249-4253	wenn	_	_
11-73	4254-4257	man	_	B
11-74	4258-4263	seine	_	B
11-75	4264-4270	eigene	_	I
11-76	4271-4282	Ladestation	_	I
11-77	4283-4285	zu	_	_
11-78	4286-4291	Hause	_	B
11-79	4292-4295	hat	_	_
11-80	4295-4296	.	_	_
11-81	4297-4300	Das	_	B
11-82	4301-4305	muss	_	_
11-83	4306-4311	unser	_	B
11-84	4312-4316	Ziel	_	I
11-85	4317-4321	sein	_	_
11-86	4321-4322	.	_	_

#Text=Wenn wir über batteriebetriebene Elektroautos sprechen, dann hört man häufig – das waren ja heute wieder die Vorwürfe aus der AfD-Fraktion, und auch bei der FDP hat man das gehört –: Batteriebetriebene Elektroautos seien gar nicht klimafreundlich; denn entweder seien sie mit Strom aus Braunkohle unterwegs,
12-1	4334-4338	Wenn	_	_
12-2	4339-4342	wir	_	B
12-3	4343-4347	über	_	_
12-4	4348-4366	batteriebetriebene	_	B
12-5	4367-4379	Elektroautos	_	I
12-6	4380-4388	sprechen	_	_
12-7	4388-4389	,	_	_
12-8	4390-4394	dann	_	_
12-9	4395-4399	hört	_	_
12-10	4400-4403	man	_	B
12-11	4404-4410	häufig	_	_
12-12	4411-4412	–	_	_
12-13	4413-4416	das	_	B
12-14	4417-4422	waren	_	_
12-15	4423-4425	ja	_	_
12-16	4426-4431	heute	_	_
12-17	4432-4438	wieder	_	_
12-18	4439-4442	die	_	B
12-19	4443-4451	Vorwürfe	_	I
12-20	4452-4455	aus	_	_
12-21	4456-4459	der	_	B
12-22	4460-4472	AfD-Fraktion	_	I
12-23	4472-4473	,	_	_
12-24	4474-4477	und	_	_
12-25	4478-4482	auch	_	_
12-26	4483-4486	bei	_	_
12-27	4487-4490	der	_	B
12-28	4491-4494	FDP	_	I
12-29	4495-4498	hat	_	_
12-30	4499-4502	man	_	B
12-31	4503-4506	das	_	B
12-32	4507-4513	gehört	_	_
12-33	4514-4515	–	_	_
12-34	4515-4516	:	_	_
12-35	4517-4535	Batteriebetriebene	_	B
12-36	4536-4548	Elektroautos	_	I
12-37	4549-4554	seien	_	_
12-38	4555-4558	gar	_	_
12-39	4559-4564	nicht	_	_
12-40	4565-4580	klimafreundlich	_	_
12-41	4580-4581	;	_	_
12-42	4582-4586	denn	_	_
12-43	4587-4595	entweder	_	_
12-44	4596-4601	seien	_	_
12-45	4602-4605	sie	_	B
12-46	4606-4609	mit	_	_
12-47	4610-4615	Strom	_	B
12-48	4616-4619	aus	_	_
12-49	4620-4630	Braunkohle	_	B
12-50	4631-4640	unterwegs	_	_
12-51	4640-4641	,	_	_

#Text=oder die Entsorgung der Batterien sei klimaschädlich. Deswegen solle man darauf nicht setzen. – Ich kann ganz klar sagen: Natürlich sind Elektroautos für die Umwelt nur dann gut, wenn sie mit Wind-, Wasser- oder Solarstrom betrieben werden;
13-1	4647-4651	oder	_	_
13-2	4652-4655	die	_	B
13-3	4656-4666	Entsorgung	_	I
13-4	4667-4670	der	_	B
13-5	4671-4680	Batterien	_	I
13-6	4681-4684	sei	_	_
13-7	4685-4699	klimaschädlich	_	_
13-8	4699-4700	.	_	_
13-9	4701-4709	Deswegen	_	_
13-10	4710-4715	solle	_	_
13-11	4716-4719	man	_	B
13-12	4720-4726	darauf	_	_
13-13	4727-4732	nicht	_	_
13-14	4733-4739	setzen	_	_
13-15	4739-4740	.	_	_
13-16	4741-4742	–	_	_
13-17	4743-4746	Ich	_	B
13-18	4747-4751	kann	_	_
13-19	4752-4756	ganz	_	_
13-20	4757-4761	klar	_	_
13-21	4762-4767	sagen	_	_
13-22	4767-4768	:	_	_
13-23	4769-4778	Natürlich	_	_
13-24	4779-4783	sind	_	_
13-25	4784-4796	Elektroautos	_	B
13-26	4797-4800	für	_	_
13-27	4801-4804	die	_	B
13-28	4805-4811	Umwelt	_	I
13-29	4812-4815	nur	_	_
13-30	4816-4820	dann	_	_
13-31	4821-4824	gut	_	_
13-32	4824-4825	,	_	_
13-33	4826-4830	wenn	_	_
13-34	4831-4834	sie	_	B
13-35	4835-4838	mit	_	_
13-36	4839-4844	Wind-	_	B
13-37	4844-4845	,	_	I
13-38	4846-4853	Wasser-	_	I
13-39	4854-4858	oder	_	I
13-40	4859-4869	Solarstrom	_	I
13-41	4870-4879	betrieben	_	_
13-42	4880-4886	werden	_	_
13-43	4886-4887	;	_	_

#Text=denn ansonsten erfolgt der Schadstoffausstoß woanders. Es muss unser Ziel sein, die Klimafreundlichkeit noch weiter auszubauen.
14-1	4894-4898	denn	_	_
14-2	4899-4908	ansonsten	_	_
14-3	4909-4916	erfolgt	_	_
14-4	4917-4920	der	_	B
14-5	4921-4938	Schadstoffausstoß	_	I
14-6	4939-4947	woanders	_	_
14-7	4947-4948	.	_	_
14-8	4949-4951	Es	_	B
14-9	4952-4956	muss	_	_
14-10	4957-4962	unser	_	B
14-11	4963-4967	Ziel	_	I
14-12	4968-4972	sein	_	_
14-13	4972-4973	,	_	_
14-14	4974-4977	die	_	B
14-15	4978-4997	Klimafreundlichkeit	_	I
14-16	4998-5002	noch	_	_
14-17	5003-5009	weiter	_	_
14-18	5010-5020	auszubauen	_	_
14-19	5020-5021	.	_	_

#Text=Natürlich steht und fällt der umweltpolitische Beitrag von Elektroautos auch damit, ob es gelingt, ein nachhaltiges Recyclingsystem zu etablieren und Nachnutzungskonzepte zu implementieren.
15-1	5025-5034	Natürlich	_	_
15-2	5035-5040	steht	_	_
15-3	5041-5044	und	_	_
15-4	5045-5050	fällt	_	_
15-5	5051-5054	der	_	B
15-6	5055-5071	umweltpolitische	_	I
15-7	5072-5079	Beitrag	_	I
15-8	5080-5083	von	_	_
15-9	5084-5096	Elektroautos	_	B
15-10	5097-5101	auch	_	_
15-11	5102-5107	damit	_	_
15-12	5107-5108	,	_	_
15-13	5109-5111	ob	_	_
15-14	5112-5114	es	_	B
15-15	5115-5122	gelingt	_	_
15-16	5122-5123	,	_	_
15-17	5124-5127	ein	_	B
15-18	5128-5140	nachhaltiges	_	I
15-19	5141-5156	Recyclingsystem	_	I
15-20	5157-5159	zu	_	_
15-21	5160-5170	etablieren	_	_
15-22	5171-5174	und	_	_
15-23	5175-5195	Nachnutzungskonzepte	_	B
15-24	5196-5198	zu	_	_
15-25	5199-5213	implementieren	_	_
15-26	5213-5214	.	_	_

#Text=Und das, meine Damen und Herren, ist möglich; Sie haben hier den völlig gegenteiligen Eindruck erweckt. Dafür brauchen wir politisch vorgegebene Standards für das technische Design der Batterien – da findet im Moment noch viel zu viel individuell statt –, und wir müssen dem Normungsbedarf für die Wiederverwertung der Autobatterien gerecht werden und die Wiederverwertung etablieren.
16-1	5218-5221	Und	_	_
16-2	5222-5225	das	_	B
16-3	5225-5226	,	_	_
16-4	5227-5232	meine	_	B
16-5	5233-5238	Damen	_	I
16-6	5239-5242	und	_	_
16-7	5243-5249	Herren	_	B
16-8	5249-5250	,	_	_
16-9	5251-5254	ist	_	_
16-10	5255-5262	möglich	_	_
16-11	5262-5263	;	_	_
16-12	5264-5267	Sie	_	B
16-13	5268-5273	haben	_	_
16-14	5274-5278	hier	_	_
16-15	5279-5282	den	_	B
16-16	5283-5289	völlig	_	I
16-17	5290-5303	gegenteiligen	_	I
16-18	5304-5312	Eindruck	_	I
16-19	5313-5320	erweckt	_	_
16-20	5320-5321	.	_	_
16-21	5322-5327	Dafür	_	_
16-22	5328-5336	brauchen	_	_
16-23	5337-5340	wir	_	B
16-24	5341-5350	politisch	_	B
16-25	5351-5362	vorgegebene	_	I
16-26	5363-5372	Standards	_	I
16-27	5373-5376	für	_	_
16-28	5377-5380	das	_	B
16-29	5381-5391	technische	_	I
16-30	5392-5398	Design	_	I
16-31	5399-5402	der	_	B
16-32	5403-5412	Batterien	_	I
16-33	5413-5414	–	_	_
16-34	5415-5417	da	_	_
16-35	5418-5424	findet	_	_
16-36	5425-5427	im	_	_
16-37	5428-5434	Moment	_	B
16-38	5435-5439	noch	_	_
16-39	5440-5444	viel	_	B
16-40	5445-5447	zu	_	I
16-41	5448-5452	viel	_	I
16-42	5453-5464	individuell	_	_
16-43	5465-5470	statt	_	_
16-44	5471-5472	–	_	_
16-45	5472-5473	,	_	_
16-46	5474-5477	und	_	_
16-47	5478-5481	wir	_	B
16-48	5482-5488	müssen	_	_
16-49	5489-5492	dem	_	B
16-50	5493-5507	Normungsbedarf	_	I
16-51	5508-5511	für	_	_
16-52	5512-5515	die	_	B
16-53	5516-5532	Wiederverwertung	_	I
16-54	5533-5536	der	_	B
16-55	5537-5550	Autobatterien	_	I
16-56	5551-5558	gerecht	_	_
16-57	5559-5565	werden	_	_
16-58	5566-5569	und	_	_
16-59	5570-5573	die	_	B
16-60	5574-5590	Wiederverwertung	_	I
16-61	5591-5601	etablieren	_	_
16-62	5601-5602	.	_	_

#Text=Außerdem brauchen wir eine hohe Recyclingquote für die in der Batterie enthaltenen Materialien. Aber die Autobauer, die auf Elektromobilität setzen, sind heute schon in der Lage, mehr als 50 Prozent zu recyceln. Viele sagen ganz klar, dass sie es bald schaffen werden, annähernd 100 Prozent zu recyceln. Das muss der Weg sein. Alles andere, was Sie hier vorgeschlagen haben, wäre klimapolitisch der völlig falsche Weg. Deswegen müssen wir auf Elektromobilität setzen, wenn wir den Verkehr in Deutschland umweltfreundlicher gestalten wollen.
17-1	5609-5617	Außerdem	_	_
17-2	5618-5626	brauchen	_	_
17-3	5627-5630	wir	_	B
17-4	5631-5635	eine	_	B
17-5	5636-5640	hohe	_	I
17-6	5641-5655	Recyclingquote	_	I
17-7	5656-5659	für	_	_
17-8	5660-5663	die	_	_
17-9	5664-5666	in	_	_
17-10	5667-5670	der	_	B
17-11	5671-5679	Batterie	_	I
17-12	5680-5691	enthaltenen	_	_
17-13	5692-5703	Materialien	_	_
17-14	5703-5704	.	_	_
17-15	5705-5709	Aber	_	_
17-16	5710-5713	die	_	B
17-17	5714-5723	Autobauer	_	I
17-18	5723-5724	,	_	_
17-19	5725-5728	die	_	B
17-20	5729-5732	auf	_	_
17-21	5733-5749	Elektromobilität	_	B
17-22	5750-5756	setzen	_	_
17-23	5756-5757	,	_	_
17-24	5758-5762	sind	_	_
17-25	5763-5768	heute	_	_
17-26	5769-5774	schon	_	_
17-27	5775-5777	in	_	_
17-28	5778-5781	der	_	B
17-29	5782-5786	Lage	_	I
17-30	5786-5787	,	_	_
17-31	5788-5792	mehr	_	B
17-32	5793-5796	als	_	I
17-33	5797-5799	50	_	I
17-34	5800-5807	Prozent	_	I
17-35	5808-5810	zu	_	_
17-36	5811-5819	recyceln	_	_
17-37	5819-5820	.	_	_
17-38	5821-5826	Viele	_	B
17-39	5827-5832	sagen	_	_
17-40	5833-5837	ganz	_	_
17-41	5838-5842	klar	_	_
17-42	5842-5843	,	_	_
17-43	5844-5848	dass	_	_
17-44	5849-5852	sie	_	B
17-45	5853-5855	es	_	B
17-46	5856-5860	bald	_	_
17-47	5861-5869	schaffen	_	_
17-48	5870-5876	werden	_	_
17-49	5876-5877	,	_	_
17-50	5878-5887	annähernd	_	B
17-51	5888-5891	100	_	I
17-52	5892-5899	Prozent	_	I
17-53	5900-5902	zu	_	_
17-54	5903-5911	recyceln	_	_
17-55	5911-5912	.	_	_
17-56	5913-5916	Das	_	B
17-57	5917-5921	muss	_	_
17-58	5922-5925	der	_	B
17-59	5926-5929	Weg	_	I
17-60	5930-5934	sein	_	_
17-61	5934-5935	.	_	_
17-62	5936-5941	Alles	_	B
17-63	5942-5948	andere	_	I
17-64	5948-5949	,	_	_
17-65	5950-5953	was	_	B
17-66	5954-5957	Sie	_	B
17-67	5958-5962	hier	_	_
17-68	5963-5976	vorgeschlagen	_	_
17-69	5977-5982	haben	_	_
17-70	5982-5983	,	_	_
17-71	5984-5988	wäre	_	_
17-72	5989-6003	klimapolitisch	_	_
17-73	6004-6007	der	_	B
17-74	6008-6014	völlig	_	I
17-75	6015-6022	falsche	_	I
17-76	6023-6026	Weg	_	I
17-77	6026-6027	.	_	_
17-78	6028-6036	Deswegen	_	_
17-79	6037-6043	müssen	_	_
17-80	6044-6047	wir	_	B
17-81	6048-6051	auf	_	_
17-82	6052-6068	Elektromobilität	_	B
17-83	6069-6075	setzen	_	_
17-84	6075-6076	,	_	_
17-85	6077-6081	wenn	_	_
17-86	6082-6085	wir	_	B
17-87	6086-6089	den	_	B
17-88	6090-6097	Verkehr	_	I
17-89	6098-6100	in	_	_
17-90	6101-6112	Deutschland	_	B
17-91	6113-6131	umweltfreundlicher	_	_
17-92	6132-6141	gestalten	_	_
17-93	6142-6148	wollen	_	_
17-94	6148-6149	.	_	_

#Text=Meine Damen und Herren, wir alle wissen: Wir haben hier mit die besten Ingenieure in der Welt. Wir können, wenn wir es wollen, mit Investitionen in neue Technologien und in die Forschung an der Spitze des Fortschritts stehen. Das muss der Anspruch sein. Wir, die CDU/CSU-Fraktion, setzen nicht auf Fahrverbote oder Gängelung der Bürger. Wir setzen auf Innovationen. Damit machen wir Deutschland noch mobiler und noch klimafreundlicher.
18-1	6164-6169	Meine	_	B
18-2	6170-6175	Damen	_	I
18-3	6176-6179	und	_	_
18-4	6180-6186	Herren	_	B
18-5	6186-6187	,	_	_
18-6	6188-6191	wir	_	B
18-7	6192-6196	alle	_	B
18-8	6197-6203	wissen	_	_
18-9	6203-6204	:	_	_
18-10	6205-6208	Wir	_	B
18-11	6209-6214	haben	_	_
18-12	6215-6219	hier	_	_
18-13	6220-6223	mit	_	_
18-14	6224-6227	die	_	B
18-15	6228-6234	besten	_	I
18-16	6235-6245	Ingenieure	_	I
18-17	6246-6248	in	_	_
18-18	6249-6252	der	_	B
18-19	6253-6257	Welt	_	I
18-20	6257-6258	.	_	_
18-21	6259-6262	Wir	_	B
18-22	6263-6269	können	_	_
18-23	6269-6270	,	_	_
18-24	6271-6275	wenn	_	_
18-25	6276-6279	wir	_	B
18-26	6280-6282	es	_	B
18-27	6283-6289	wollen	_	_
18-28	6289-6290	,	_	_
18-29	6291-6294	mit	_	_
18-30	6295-6308	Investitionen	_	B
18-31	6309-6311	in	_	_
18-32	6312-6316	neue	_	B
18-33	6317-6329	Technologien	_	I
18-34	6330-6333	und	_	_
18-35	6334-6336	in	_	_
18-36	6337-6340	die	_	B
18-37	6341-6350	Forschung	_	I
18-38	6351-6353	an	_	_
18-39	6354-6357	der	_	B
18-40	6358-6364	Spitze	_	I
18-41	6365-6368	des	_	B
18-42	6369-6381	Fortschritts	_	I
18-43	6382-6388	stehen	_	_
18-44	6388-6389	.	_	_
18-45	6390-6393	Das	_	B
18-46	6394-6398	muss	_	_
18-47	6399-6402	der	_	B
18-48	6403-6411	Anspruch	_	I
18-49	6412-6416	sein	_	_
18-50	6416-6417	.	_	_
18-51	6418-6421	Wir	_	B
18-52	6421-6422	,	_	_
18-53	6423-6426	die	_	B
18-54	6427-6430	CDU	_	I
18-55	6430-6431	/	_	B
18-56	6431-6443	CSU-Fraktion	_	B
18-57	6443-6444	,	_	_
18-58	6445-6451	setzen	_	_
18-59	6452-6457	nicht	_	_
18-60	6458-6461	auf	_	_
18-61	6462-6473	Fahrverbote	_	B
18-62	6474-6478	oder	_	_
18-63	6479-6488	Gängelung	_	B
18-64	6489-6492	der	_	B
18-65	6493-6499	Bürger	_	I
18-66	6499-6500	.	_	_
18-67	6501-6504	Wir	_	B
18-68	6505-6511	setzen	_	_
18-69	6512-6515	auf	_	_
18-70	6516-6528	Innovationen	_	B
18-71	6528-6529	.	_	_
18-72	6530-6535	Damit	_	_
18-73	6536-6542	machen	_	_
18-74	6543-6546	wir	_	B
18-75	6547-6558	Deutschland	_	B
18-76	6559-6563	noch	_	_
18-77	6564-6571	mobiler	_	_
18-78	6572-6575	und	_	_
18-79	6576-6580	noch	_	_
18-80	6581-6598	klimafreundlicher	_	_
18-81	6598-6599	.	_	_

#Text=Herzlichen Dank.
19-1	6614-6624	Herzlichen	_	B
19-2	6625-6629	Dank	_	I
19-3	6629-6630	.	_	_

#Text=Vielen Dank, Dr. Christoph Ploß. – Schönen guten Abend, liebe Kolleginnen und Kollegen! – Nächster Redner für die SPD-Fraktion: Johann Saathoff.
20-1	6632-6638	Vielen	_	_
20-2	6639-6643	Dank	_	_
20-3	6643-6644	,	_	_
20-4	6645-6648	Dr.	_	B
20-5	6649-6658	Christoph	_	I
20-6	6659-6663	Ploß	_	I
20-7	6663-6664	.	_	_
20-8	6665-6666	–	_	_
20-9	6667-6674	Schönen	_	B
20-10	6675-6680	guten	_	_
20-11	6681-6686	Abend	_	_
20-12	6686-6687	,	_	_
20-13	6688-6693	liebe	_	B
20-14	6694-6705	Kolleginnen	_	I
20-15	6706-6709	und	_	_
20-16	6710-6718	Kollegen	_	B
20-17	6718-6719	!	_	_
20-18	6720-6721	–	_	B
20-19	6722-6730	Nächster	_	I
20-20	6731-6737	Redner	_	I
20-21	6738-6741	für	_	_
20-22	6742-6745	die	_	B
20-23	6746-6758	SPD-Fraktion	_	I
20-24	6758-6759	:	_	_
20-25	6760-6766	Johann	_	_
20-26	6767-6775	Saathoff	_	_
20-27	6775-6776	.	_	_
