#FORMAT=WebAnno TSV 3.2
#T_SP=webanno.custom.Animacy|Animated
#T_SP=webanno.custom.CustomChunk|Chunk


#Text=Herr Präsident! Liebe Kolleginnen! Liebe Kollegen! Wir werden über dieses Gesetz abstimmen, und ich bitte Sie, jede Einzelne und jeden Einzelnen in diesem Haus: Überlegen Sie sich, was wäre, wenn es Ihr Kind wäre.
1-1	0-4	Herr	_	B
1-2	5-14	Präsident	_	I
1-3	14-15	!	_	_
1-4	16-21	Liebe	_	B
1-5	22-33	Kolleginnen	_	I
1-6	33-34	!	_	_
1-7	35-40	Liebe	_	B
1-8	41-49	Kollegen	_	I
1-9	49-50	!	_	_
1-10	51-54	Wir	_	B
1-11	55-61	werden	_	_
1-12	62-66	über	_	_
1-13	67-73	dieses	_	B
1-14	74-80	Gesetz	_	I
1-15	81-90	abstimmen	_	_
1-16	90-91	,	_	_
1-17	92-95	und	_	_
1-18	96-99	ich	_	B
1-19	100-105	bitte	_	_
1-20	106-109	Sie	_	B
1-21	109-110	,	_	_
1-22	111-115	jede	_	B
1-23	116-124	Einzelne	_	I
1-24	125-128	und	_	_
1-25	129-134	jeden	_	B
1-26	135-144	Einzelnen	_	I
1-27	145-147	in	_	_
1-28	148-154	diesem	_	B
1-29	155-159	Haus	_	I
1-30	159-160	:	_	_
1-31	161-170	Überlegen	_	_
1-32	171-174	Sie	_	B
1-33	175-179	sich	_	B
1-34	179-180	,	_	_
1-35	181-184	was	_	B
1-36	185-189	wäre	_	_
1-37	189-190	,	_	_
1-38	191-195	wenn	_	_
1-39	196-198	es	_	B
1-40	199-202	Ihr	_	B
1-41	203-207	Kind	_	I
1-42	208-212	wäre	_	_
1-43	212-213	.	_	_

#Text=Ich nehme an, auch Sie haben Kinder, für die Sie Verantwortung haben, liebe Kolleginnen und Kollegen von der AfD. Stellen wir uns einmal vor, eines Ihrer Kinder würde irgendwo im Kriegsgebiet warten und Sie könnten es nicht nachholen.
2-1	223-226	Ich	_	B
2-2	227-232	nehme	_	_
2-3	233-235	an	_	_
2-4	235-236	,	_	_
2-5	237-241	auch	_	B
2-6	242-245	Sie	_	I
2-7	246-251	haben	_	_
2-8	252-258	Kinder	_	B
2-9	258-259	,	_	_
2-10	260-263	für	_	_
2-11	264-267	die	_	B
2-12	268-271	Sie	_	B
2-13	272-285	Verantwortung	_	B
2-14	286-291	haben	_	_
2-15	291-292	,	_	_
2-16	293-298	liebe	_	B
2-17	299-310	Kolleginnen	_	I
2-18	311-314	und	_	_
2-19	315-323	Kollegen	_	B
2-20	324-327	von	_	_
2-21	328-331	der	_	B
2-22	332-336	AfD.	_	I
2-23	337-344	Stellen	_	B
2-24	345-348	wir	_	B
2-25	349-352	uns	_	B
2-26	353-359	einmal	_	_
2-27	360-363	vor	_	_
2-28	363-364	,	_	_
2-29	365-370	eines	_	B
2-30	371-376	Ihrer	_	B
2-31	377-383	Kinder	_	I
2-32	384-389	würde	_	_
2-33	390-398	irgendwo	_	_
2-34	399-401	im	_	_
2-35	402-414	Kriegsgebiet	_	B
2-36	415-421	warten	_	_
2-37	422-425	und	_	_
2-38	426-429	Sie	_	B
2-39	430-437	könnten	_	_
2-40	438-440	es	_	B
2-41	441-446	nicht	_	_
2-42	447-456	nachholen	_	_
2-43	456-457	.	_	_

#Text=Da würden selbst Sie mit Ihren menschenverachtenden Parolen sagen: Ich tue alles für dieses Kind.
3-1	463-465	Da	_	_
3-2	466-472	würden	_	_
3-3	473-479	selbst	_	B
3-4	480-483	Sie	_	I
3-5	484-487	mit	_	_
3-6	488-493	Ihren	_	B
3-7	494-514	menschenverachtenden	_	I
3-8	515-522	Parolen	_	I
3-9	523-528	sagen	_	_
3-10	528-529	:	_	_
3-11	530-533	Ich	_	B
3-12	534-537	tue	_	_
3-13	538-543	alles	_	B
3-14	544-547	für	_	_
3-15	548-554	dieses	_	B
3-16	555-559	Kind	_	I
3-17	559-560	.	_	_

#Text=Frau Kollegin?
4-1	563-567	Frau	_	B
4-2	568-576	Kollegin	_	I
4-3	576-577	?	_	_

#Text=Nein, das ist AfD-TV. Ich lasse keine Frage zu. Sie können das ohne mich machen.
5-1	579-583	Nein	_	B
5-2	583-584	,	_	I
5-3	585-588	das	_	I
5-4	589-592	ist	_	_
5-5	593-599	AfD-TV	_	B
5-6	599-600	.	_	_
5-7	601-604	Ich	_	B
5-8	605-610	lasse	_	_
5-9	611-616	keine	_	B
5-10	617-622	Frage	_	I
5-11	623-625	zu	_	_
5-12	625-626	.	_	_
5-13	627-630	Sie	_	B
5-14	631-637	können	_	_
5-15	638-641	das	_	B
5-16	642-646	ohne	_	_
5-17	647-651	mich	_	B
5-18	652-658	machen	_	_
5-19	658-659	.	_	_

#Text=Ich will auch die Kolleginnen und Kollegen von der CSU – christlich und sozial nennt sich diese Partei ja – einmal fragen: Wie kann es eigentlich sein, dass Sie die Frage, ob Familien zusammenkommen können, ob Kinder in den Flieger steigen und sicher nach Deutschland kommen können, zur Gretchenfrage einer Koalition machen, zur Gretchenfrage für dieses Land machen? Das ist doch nicht christlich, das ist doch nicht sozial. Das ist doch komplett absurd, meine Damen und Herren.
6-1	664-667	Ich	_	B
6-2	668-672	will	_	_
6-3	673-677	auch	_	B
6-4	678-681	die	_	I
6-5	682-693	Kolleginnen	_	I
6-6	694-697	und	_	_
6-7	698-706	Kollegen	_	B
6-8	707-710	von	_	_
6-9	711-714	der	_	B
6-10	715-718	CSU	_	I
6-11	719-720	–	_	_
6-12	721-731	christlich	_	_
6-13	732-735	und	_	_
6-14	736-742	sozial	_	_
6-15	743-748	nennt	_	_
6-16	749-753	sich	_	B
6-17	754-759	diese	_	B
6-18	760-766	Partei	_	I
6-19	767-769	ja	_	_
6-20	770-771	–	_	_
6-21	772-778	einmal	_	_
6-22	779-785	fragen	_	_
6-23	785-786	:	_	_
6-24	787-790	Wie	_	_
6-25	791-795	kann	_	_
6-26	796-798	es	_	B
6-27	799-809	eigentlich	_	_
6-28	810-814	sein	_	_
6-29	814-815	,	_	_
6-30	816-820	dass	_	_
6-31	821-824	Sie	_	B
6-32	825-828	die	_	_
6-33	829-834	Frage	_	_
6-34	834-835	,	_	_
6-35	836-838	ob	_	_
6-36	839-847	Familien	_	B
6-37	848-862	zusammenkommen	_	_
6-38	863-869	können	_	_
6-39	869-870	,	_	_
6-40	871-873	ob	_	_
6-41	874-880	Kinder	_	B
6-42	881-883	in	_	_
6-43	884-887	den	_	B
6-44	888-895	Flieger	_	I
6-45	896-903	steigen	_	_
6-46	904-907	und	_	_
6-47	908-914	sicher	_	_
6-48	915-919	nach	_	_
6-49	920-931	Deutschland	_	B
6-50	932-938	kommen	_	_
6-51	939-945	können	_	_
6-52	945-946	,	_	_
6-53	947-950	zur	_	_
6-54	951-964	Gretchenfrage	_	B
6-55	965-970	einer	_	B
6-56	971-980	Koalition	_	I
6-57	981-987	machen	_	_
6-58	987-988	,	_	_
6-59	989-992	zur	_	_
6-60	993-1006	Gretchenfrage	_	B
6-61	1007-1010	für	_	_
6-62	1011-1017	dieses	_	B
6-63	1018-1022	Land	_	I
6-64	1023-1029	machen	_	_
6-65	1029-1030	?	_	_
6-66	1031-1034	Das	_	B
6-67	1035-1038	ist	_	_
6-68	1039-1043	doch	_	_
6-69	1044-1049	nicht	_	_
6-70	1050-1060	christlich	_	_
6-71	1060-1061	,	_	_
6-72	1062-1065	das	_	B
6-73	1066-1069	ist	_	_
6-74	1070-1074	doch	_	_
6-75	1075-1080	nicht	_	_
6-76	1081-1087	sozial	_	_
6-77	1087-1088	.	_	_
6-78	1089-1092	Das	_	B
6-79	1093-1096	ist	_	_
6-80	1097-1101	doch	_	_
6-81	1102-1110	komplett	_	_
6-82	1111-1117	absurd	_	_
6-83	1117-1118	,	_	_
6-84	1119-1124	meine	_	B
6-85	1125-1130	Damen	_	I
6-86	1131-1134	und	_	_
6-87	1135-1141	Herren	_	B
6-88	1141-1142	.	_	_

#Text=Heute Morgen hätten Sie vor dem Bundestag sehen können, dass dort eine Reihe von Demonstrantinnen und Demonstranten standen, mit denen unter anderem ich geredet habe.
7-1	1154-1159	Heute	_	_
7-2	1160-1166	Morgen	_	_
7-3	1167-1173	hätten	_	_
7-4	1174-1177	Sie	_	B
7-5	1178-1181	vor	_	_
7-6	1182-1185	dem	_	B
7-7	1186-1195	Bundestag	_	I
7-8	1196-1201	sehen	_	_
7-9	1202-1208	können	_	_
7-10	1208-1209	,	_	_
7-11	1210-1214	dass	_	_
7-12	1215-1219	dort	_	_
7-13	1220-1224	eine	_	B
7-14	1225-1230	Reihe	_	I
7-15	1231-1234	von	_	_
7-16	1235-1251	Demonstrantinnen	_	B
7-17	1252-1255	und	_	_
7-18	1256-1269	Demonstranten	_	B
7-19	1270-1277	standen	_	_
7-20	1277-1278	,	_	_
7-21	1279-1282	mit	_	_
7-22	1283-1288	denen	_	B
7-23	1289-1294	unter	_	_
7-24	1295-1302	anderem	_	B
7-25	1303-1306	ich	_	_
7-26	1307-1314	geredet	_	_
7-27	1315-1319	habe	_	_
7-28	1319-1320	.	_	_

#Text=Dort waren zwei Jungs aus Syrien, acht Jahre und sechs Jahre alt. Diese beiden Jungs sind mit ihrer älteren Schwester hierhergekommen. Ihre Eltern sind nach wie vor in Syrien. Sie sind genau dort in Syrien, wo gerade die Türkei mit deutschen Panzern angreift. Ich habe diesen beiden Jungs versprochen, dass ich Ihnen hier sagen werde: Diese beiden Kinder warten seit zwei Jahren darauf, dass Mutter und Vater zu ihnen kommen. Es wäre doch unmenschlich, wenn man nicht sagen würde: Selbstverständlich müssen die Eltern dieser beiden Jungs, die hier draußen standen, die schon Deutsch gelernt haben, die alles daransetzen, hier anzukommen, die alles daransetzen, hier in Frieden zu leben, nachkommen. Die Kinder brauchen doch Mutter und Vater. – Es ist doch absurd, zu sagen: Vielleicht ist das ein Härtefall – oder eben auch nicht, meine Damen und Herren.
8-1	1324-1328	Dort	_	_
8-2	1329-1334	waren	_	_
8-3	1335-1339	zwei	_	B
8-4	1340-1345	Jungs	_	I
8-5	1346-1349	aus	_	_
8-6	1350-1356	Syrien	_	B
8-7	1356-1357	,	_	_
8-8	1358-1362	acht	_	_
8-9	1363-1368	Jahre	_	_
8-10	1369-1372	und	_	_
8-11	1373-1378	sechs	_	_
8-12	1379-1384	Jahre	_	_
8-13	1385-1388	alt	_	_
8-14	1388-1389	.	_	_
8-15	1390-1395	Diese	_	B
8-16	1396-1402	beiden	_	I
8-17	1403-1408	Jungs	_	I
8-18	1409-1413	sind	_	_
8-19	1414-1417	mit	_	_
8-20	1418-1423	ihrer	_	B
8-21	1424-1431	älteren	_	I
8-22	1432-1441	Schwester	_	I
8-23	1442-1457	hierhergekommen	_	_
8-24	1457-1458	.	_	_
8-25	1459-1463	Ihre	_	B
8-26	1464-1470	Eltern	_	I
8-27	1471-1475	sind	_	_
8-28	1476-1480	nach	_	_
8-29	1481-1484	wie	_	_
8-30	1485-1488	vor	_	_
8-31	1489-1491	in	_	_
8-32	1492-1498	Syrien	_	B
8-33	1498-1499	.	_	_
8-34	1500-1503	Sie	_	B
8-35	1504-1508	sind	_	_
8-36	1509-1514	genau	_	_
8-37	1515-1519	dort	_	_
8-38	1520-1522	in	_	_
8-39	1523-1529	Syrien	_	B
8-40	1529-1530	,	_	_
8-41	1531-1533	wo	_	_
8-42	1534-1540	gerade	_	_
8-43	1541-1544	die	_	B
8-44	1545-1551	Türkei	_	I
8-45	1552-1555	mit	_	_
8-46	1556-1565	deutschen	_	B
8-47	1566-1573	Panzern	_	I
8-48	1574-1582	angreift	_	_
8-49	1582-1583	.	_	_
8-50	1584-1587	Ich	_	B
8-51	1588-1592	habe	_	_
8-52	1593-1599	diesen	_	B
8-53	1600-1606	beiden	_	I
8-54	1607-1612	Jungs	_	I
8-55	1613-1624	versprochen	_	_
8-56	1624-1625	,	_	_
8-57	1626-1630	dass	_	_
8-58	1631-1634	ich	_	B
8-59	1635-1640	Ihnen	_	B
8-60	1641-1645	hier	_	_
8-61	1646-1651	sagen	_	_
8-62	1652-1657	werde	_	_
8-63	1657-1658	:	_	_
8-64	1659-1664	Diese	_	B
8-65	1665-1671	beiden	_	I
8-66	1672-1678	Kinder	_	I
8-67	1679-1685	warten	_	_
8-68	1686-1690	seit	_	_
8-69	1691-1695	zwei	_	B
8-70	1696-1702	Jahren	_	I
8-71	1703-1709	darauf	_	_
8-72	1709-1710	,	_	_
8-73	1711-1715	dass	_	_
8-74	1716-1722	Mutter	_	B
8-75	1723-1726	und	_	_
8-76	1727-1732	Vater	_	B
8-77	1733-1735	zu	_	_
8-78	1736-1741	ihnen	_	B
8-79	1742-1748	kommen	_	_
8-80	1748-1749	.	_	_
8-81	1750-1752	Es	_	B
8-82	1753-1757	wäre	_	_
8-83	1758-1762	doch	_	_
8-84	1763-1775	unmenschlich	_	_
8-85	1775-1776	,	_	_
8-86	1777-1781	wenn	_	_
8-87	1782-1785	man	_	B
8-88	1786-1791	nicht	_	_
8-89	1792-1797	sagen	_	_
8-90	1798-1803	würde	_	_
8-91	1803-1804	:	_	_
8-92	1805-1823	Selbstverständlich	_	_
8-93	1824-1830	müssen	_	_
8-94	1831-1834	die	_	B
8-95	1835-1841	Eltern	_	I
8-96	1842-1848	dieser	_	B
8-97	1849-1855	beiden	_	I
8-98	1856-1861	Jungs	_	I
8-99	1861-1862	,	_	_
8-100	1863-1866	die	_	B
8-101	1867-1871	hier	_	_
8-102	1872-1879	draußen	_	_
8-103	1880-1887	standen	_	_
8-104	1887-1888	,	_	_
8-105	1889-1892	die	_	B
8-106	1893-1898	schon	_	_
8-107	1899-1906	Deutsch	_	B
8-108	1907-1914	gelernt	_	_
8-109	1915-1920	haben	_	_
8-110	1920-1921	,	_	_
8-111	1922-1925	die	_	B
8-112	1926-1931	alles	_	B
8-113	1932-1943	daransetzen	_	_
8-114	1943-1944	,	_	_
8-115	1945-1949	hier	_	_
8-116	1950-1960	anzukommen	_	_
8-117	1960-1961	,	_	_
8-118	1962-1965	die	_	B
8-119	1966-1971	alles	_	B
8-120	1972-1983	daransetzen	_	_
8-121	1983-1984	,	_	_
8-122	1985-1989	hier	_	_
8-123	1990-1992	in	_	_
8-124	1993-2000	Frieden	_	B
8-125	2001-2003	zu	_	_
8-126	2004-2009	leben	_	_
8-127	2009-2010	,	_	_
8-128	2011-2021	nachkommen	_	_
8-129	2021-2022	.	_	_
8-130	2023-2026	Die	_	B
8-131	2027-2033	Kinder	_	I
8-132	2034-2042	brauchen	_	_
8-133	2043-2047	doch	_	_
8-134	2048-2054	Mutter	_	B
8-135	2055-2058	und	_	_
8-136	2059-2064	Vater	_	B
8-137	2064-2065	.	_	_
8-138	2066-2067	–	_	B
8-139	2068-2070	Es	_	I
8-140	2071-2074	ist	_	_
8-141	2075-2079	doch	_	_
8-142	2080-2086	absurd	_	_
8-143	2086-2087	,	_	_
8-144	2088-2090	zu	_	_
8-145	2091-2096	sagen	_	_
8-146	2096-2097	:	_	_
8-147	2098-2108	Vielleicht	_	_
8-148	2109-2112	ist	_	_
8-149	2113-2116	das	_	B
8-150	2117-2120	ein	_	B
8-151	2121-2130	Härtefall	_	I
8-152	2131-2132	–	_	_
8-153	2133-2137	oder	_	_
8-154	2138-2142	eben	_	_
8-155	2143-2147	auch	_	_
8-156	2148-2153	nicht	_	_
8-157	2153-2154	,	_	_
8-158	2155-2160	meine	_	B
8-159	2161-2166	Damen	_	I
8-160	2167-2170	und	_	_
8-161	2171-2177	Herren	_	B
8-162	2177-2178	.	_	_

#Text=Sie schaden auch dem Ansehen unseres Landes. Sie schaden aber auch dem Rechtsstaat. Die Leute da draußen haben nämlich vertrauensvoll gewartet. Sie waren die ganze Zeit ziemlich ruhig. Denen hatten Sie nämlich gesagt: In zwei Jahren geht es wieder. – Jetzt haben Sie die aber betrogen. Die fragen sich jetzt: Wieso ist das Land, in dem ich angekommen bin, ein Rechtsstaat, indem mir alle immer wieder sagen, ich müsse mich an Recht und Gesetz halten? Selbstverständlich wollen die das. Jetzt aber werden sie betrogen, und es wird ihnen gesagt: „April! April!“, und es ist doch nicht so. – Wie können Sie eigentlich dem eigenen Rechtsstaat, auf den wir so stolz sind, auf diese Art und Weise schaden?
9-1	2204-2207	Sie	_	B
9-2	2208-2215	schaden	_	_
9-3	2216-2220	auch	_	_
9-4	2221-2224	dem	_	B
9-5	2225-2232	Ansehen	_	I
9-6	2233-2240	unseres	_	B
9-7	2241-2247	Landes	_	I
9-8	2247-2248	.	_	_
9-9	2249-2252	Sie	_	B
9-10	2253-2260	schaden	_	_
9-11	2261-2265	aber	_	_
9-12	2266-2270	auch	_	_
9-13	2271-2274	dem	_	B
9-14	2275-2286	Rechtsstaat	_	I
9-15	2286-2287	.	_	_
9-16	2288-2291	Die	_	B
9-17	2292-2297	Leute	_	I
9-18	2298-2300	da	_	_
9-19	2301-2308	draußen	_	_
9-20	2309-2314	haben	_	_
9-21	2315-2322	nämlich	_	_
9-22	2323-2337	vertrauensvoll	_	_
9-23	2338-2346	gewartet	_	_
9-24	2346-2347	.	_	_
9-25	2348-2351	Sie	_	B
9-26	2352-2357	waren	_	_
9-27	2358-2361	die	_	B
9-28	2362-2367	ganze	_	I
9-29	2368-2372	Zeit	_	I
9-30	2373-2381	ziemlich	_	_
9-31	2382-2387	ruhig	_	_
9-32	2387-2388	.	_	_
9-33	2389-2394	Denen	_	B
9-34	2395-2401	hatten	_	_
9-35	2402-2405	Sie	_	B
9-36	2406-2413	nämlich	_	_
9-37	2414-2420	gesagt	_	_
9-38	2420-2421	:	_	_
9-39	2422-2424	In	_	_
9-40	2425-2429	zwei	_	B
9-41	2430-2436	Jahren	_	I
9-42	2437-2441	geht	_	_
9-43	2442-2444	es	_	_
9-44	2445-2451	wieder	_	_
9-45	2451-2452	.	_	_
9-46	2453-2454	–	_	_
9-47	2455-2460	Jetzt	_	_
9-48	2461-2466	haben	_	_
9-49	2467-2470	Sie	_	B
9-50	2471-2474	die	_	B
9-51	2475-2479	aber	_	_
9-52	2480-2488	betrogen	_	_
9-53	2488-2489	.	_	_
9-54	2490-2493	Die	_	B
9-55	2494-2500	fragen	_	_
9-56	2501-2505	sich	_	B
9-57	2506-2511	jetzt	_	_
9-58	2511-2512	:	_	_
9-59	2513-2518	Wieso	_	_
9-60	2519-2522	ist	_	_
9-61	2523-2526	das	_	B
9-62	2527-2531	Land	_	I
9-63	2531-2532	,	_	_
9-64	2533-2535	in	_	_
9-65	2536-2539	dem	_	B
9-66	2540-2543	ich	_	B
9-67	2544-2554	angekommen	_	_
9-68	2555-2558	bin	_	_
9-69	2558-2559	,	_	_
9-70	2560-2563	ein	_	B
9-71	2564-2575	Rechtsstaat	_	I
9-72	2575-2576	,	_	_
9-73	2577-2582	indem	_	_
9-74	2583-2586	mir	_	B
9-75	2587-2591	alle	_	B
9-76	2592-2597	immer	_	_
9-77	2598-2604	wieder	_	_
9-78	2605-2610	sagen	_	_
9-79	2610-2611	,	_	_
9-80	2612-2615	ich	_	B
9-81	2616-2621	müsse	_	_
9-82	2622-2626	mich	_	B
9-83	2627-2629	an	_	_
9-84	2630-2635	Recht	_	B
9-85	2636-2639	und	_	_
9-86	2640-2646	Gesetz	_	B
9-87	2647-2653	halten	_	_
9-88	2653-2654	?	_	_
9-89	2655-2673	Selbstverständlich	_	_
9-90	2674-2680	wollen	_	_
9-91	2681-2684	die	_	B
9-92	2685-2688	das	_	I
9-93	2688-2689	.	_	_
9-94	2690-2695	Jetzt	_	_
9-95	2696-2700	aber	_	_
9-96	2701-2707	werden	_	_
9-97	2708-2711	sie	_	B
9-98	2712-2720	betrogen	_	_
9-99	2720-2721	,	_	_
9-100	2722-2725	und	_	_
9-101	2726-2728	es	_	B
9-102	2729-2733	wird	_	_
9-103	2734-2739	ihnen	_	B
9-104	2740-2746	gesagt	_	_
9-105	2746-2747	:	_	_
9-106	2748-2749	„	_	_
9-107	2749-2754	April	_	_
9-108	2754-2755	!	_	_
9-109	2756-2761	April	_	_
9-110	2761-2762	!	_	_
9-111	2762-2763	“	_	_
9-112	2763-2764	,	_	_
9-113	2765-2768	und	_	_
9-114	2769-2771	es	_	B
9-115	2772-2775	ist	_	_
9-116	2776-2780	doch	_	_
9-117	2781-2786	nicht	_	_
9-118	2787-2789	so	_	_
9-119	2789-2790	.	_	_
9-120	2791-2792	–	_	_
9-121	2793-2796	Wie	_	_
9-122	2797-2803	können	_	_
9-123	2804-2807	Sie	_	B
9-124	2808-2818	eigentlich	_	_
9-125	2819-2822	dem	_	B
9-126	2823-2830	eigenen	_	I
9-127	2831-2842	Rechtsstaat	_	I
9-128	2842-2843	,	_	_
9-129	2844-2847	auf	_	_
9-130	2848-2851	den	_	B
9-131	2852-2855	wir	_	B
9-132	2856-2858	so	_	_
9-133	2859-2864	stolz	_	_
9-134	2865-2869	sind	_	_
9-135	2869-2870	,	_	_
9-136	2871-2874	auf	_	_
9-137	2875-2880	diese	_	B
9-138	2881-2884	Art	_	I
9-139	2885-2888	und	_	_
9-140	2889-2894	Weise	_	B
9-141	2895-2902	schaden	_	_
9-142	2902-2903	?	_	_

#Text=Liebe Union und liebe SPD, ich verstehe es einfach nicht.
10-1	2929-2934	Liebe	_	B
10-2	2935-2940	Union	_	_
10-3	2941-2944	und	_	_
10-4	2945-2950	liebe	_	B
10-5	2951-2954	SPD	_	I
10-6	2954-2955	,	_	_
10-7	2956-2959	ich	_	B
10-8	2960-2968	verstehe	_	_
10-9	2969-2971	es	_	B
10-10	2972-2979	einfach	_	_
10-11	2980-2985	nicht	_	_
10-12	2985-2986	.	_	_

#Text=Frau Kollegin Göring-Eckardt, ich habe es richtig verstanden, dass Sie Zwischenfragen der AfD-Fraktion nicht beantworten wollen?
11-1	2989-2993	Frau	_	B
11-2	2994-3002	Kollegin	_	I
11-3	3003-3017	Göring-Eckardt	_	I
11-4	3017-3018	,	_	_
11-5	3019-3022	ich	_	B
11-6	3023-3027	habe	_	_
11-7	3028-3030	es	_	B
11-8	3031-3038	richtig	_	_
11-9	3039-3049	verstanden	_	_
11-10	3049-3050	,	_	_
11-11	3051-3055	dass	_	_
11-12	3056-3059	Sie	_	B
11-13	3060-3074	Zwischenfragen	_	B
11-14	3075-3078	der	_	B
11-15	3079-3091	AfD-Fraktion	_	I
11-16	3092-3097	nicht	_	_
11-17	3098-3109	beantworten	_	_
11-18	3110-3116	wollen	_	_
11-19	3116-3117	?	_	_

#Text=Das haben Sie richtig verstanden. Vielen Dank.
12-1	3121-3124	Das	_	B
12-2	3125-3130	haben	_	_
12-3	3131-3134	Sie	_	B
12-4	3135-3142	richtig	_	_
12-5	3143-3153	verstanden	_	_
12-6	3153-3154	.	_	_
12-7	3155-3161	Vielen	_	_
12-8	3162-3166	Dank	_	_
12-9	3166-3167	.	_	_

#Text=Herr Dobrindt hat leider recht; Herr Bartsch hat darauf hingewiesen. Herr Dobrindt hat sehr klar gesagt: Die neue alte GroKo schafft das Recht auf Familiennachzug ab. – Genauso ist es. Es geht um das, was eigentlich Völkerrecht ist, um das, was eigentlich selbstverständlich mit unserem Grundgesetz vereinbar sein muss, nämlich den besonderen Schutz von Ehe und Familie. Das schaffen Sie ab. Sie machen daraus nicht mehr ein Völkerrecht, nicht mehr ein Grundrecht – Sie machen daraus jetzt ein Gnadenrecht. Ich finde, bei Familie kann es kein Gnadenrecht geben.
13-1	3170-3174	Herr	_	B
13-2	3175-3183	Dobrindt	_	I
13-3	3184-3187	hat	_	_
13-4	3188-3194	leider	_	_
13-5	3195-3200	recht	_	B
13-6	3200-3201	;	_	_
13-7	3202-3206	Herr	_	B
13-8	3207-3214	Bartsch	_	I
13-9	3215-3218	hat	_	_
13-10	3219-3225	darauf	_	_
13-11	3226-3237	hingewiesen	_	_
13-12	3237-3238	.	_	_
13-13	3239-3243	Herr	_	B
13-14	3244-3252	Dobrindt	_	I
13-15	3253-3256	hat	_	_
13-16	3257-3261	sehr	_	_
13-17	3262-3266	klar	_	_
13-18	3267-3273	gesagt	_	_
13-19	3273-3274	:	_	_
13-20	3275-3278	Die	_	B
13-21	3279-3283	neue	_	I
13-22	3284-3288	alte	_	I
13-23	3289-3294	GroKo	_	I
13-24	3295-3302	schafft	_	_
13-25	3303-3306	das	_	B
13-26	3307-3312	Recht	_	I
13-27	3313-3316	auf	_	_
13-28	3317-3332	Familiennachzug	_	B
13-29	3333-3335	ab	_	_
13-30	3335-3336	.	_	_
13-31	3337-3338	–	_	_
13-32	3339-3346	Genauso	_	_
13-33	3347-3350	ist	_	_
13-34	3351-3353	es	_	B
13-35	3353-3354	.	_	_
13-36	3355-3357	Es	_	_
13-37	3358-3362	geht	_	_
13-38	3363-3365	um	_	_
13-39	3366-3369	das	_	B
13-40	3369-3370	,	_	_
13-41	3371-3374	was	_	B
13-42	3375-3385	eigentlich	_	_
13-43	3386-3397	Völkerrecht	_	B
13-44	3398-3401	ist	_	_
13-45	3401-3402	,	_	_
13-46	3403-3405	um	_	_
13-47	3406-3409	das	_	B
13-48	3409-3410	,	_	_
13-49	3411-3414	was	_	B
13-50	3415-3425	eigentlich	_	_
13-51	3426-3444	selbstverständlich	_	_
13-52	3445-3448	mit	_	_
13-53	3449-3456	unserem	_	B
13-54	3457-3468	Grundgesetz	_	I
13-55	3469-3478	vereinbar	_	_
13-56	3479-3483	sein	_	_
13-57	3484-3488	muss	_	_
13-58	3488-3489	,	_	_
13-59	3490-3497	nämlich	_	B
13-60	3498-3501	den	_	I
13-61	3502-3512	besonderen	_	I
13-62	3513-3519	Schutz	_	I
13-63	3520-3523	von	_	_
13-64	3524-3527	Ehe	_	B
13-65	3528-3531	und	_	_
13-66	3532-3539	Familie	_	B
13-67	3539-3540	.	_	_
13-68	3541-3544	Das	_	B
13-69	3545-3553	schaffen	_	_
13-70	3554-3557	Sie	_	B
13-71	3558-3560	ab	_	_
13-72	3560-3561	.	_	_
13-73	3562-3565	Sie	_	B
13-74	3566-3572	machen	_	_
13-75	3573-3579	daraus	_	_
13-76	3580-3585	nicht	_	_
13-77	3586-3590	mehr	_	_
13-78	3591-3594	ein	_	B
13-79	3595-3606	Völkerrecht	_	I
13-80	3606-3607	,	_	_
13-81	3608-3613	nicht	_	_
13-82	3614-3618	mehr	_	_
13-83	3619-3622	ein	_	B
13-84	3623-3633	Grundrecht	_	I
13-85	3634-3635	–	_	_
13-86	3636-3639	Sie	_	B
13-87	3640-3646	machen	_	_
13-88	3647-3653	daraus	_	_
13-89	3654-3659	jetzt	_	_
13-90	3660-3663	ein	_	B
13-91	3664-3675	Gnadenrecht	_	I
13-92	3675-3676	.	_	_
13-93	3677-3680	Ich	_	B
13-94	3681-3686	finde	_	_
13-95	3686-3687	,	_	_
13-96	3688-3691	bei	_	_
13-97	3692-3699	Familie	_	B
13-98	3700-3704	kann	_	_
13-99	3705-3707	es	_	_
13-100	3708-3712	kein	_	B
13-101	3713-3724	Gnadenrecht	_	I
13-102	3725-3730	geben	_	_
13-103	3730-3731	.	_	_

#Text=Lieber Herr de Maizière, Sie sagten hier am Anfang, wir sollten doch einmal darüber nachdenken, dass es ein bisschen Barmherzigkeit geben soll. Dann machen Sie lange Ausführungen darüber, was bei Wikipedia über „Kompromiss“ steht. Haben Sie vielleicht einmal nachgeguckt, was bei Wikipedia über „Familie“ steht? Meine Damen und Herren, darum geht es doch; es geht hier nicht um irgendeinen Kompromiss, es geht um Familie und Kinder.
14-1	3747-3753	Lieber	_	B
14-2	3754-3758	Herr	_	I
14-3	3759-3761	de	_	I
14-4	3762-3770	Maizière	_	I
14-5	3770-3771	,	_	_
14-6	3772-3775	Sie	_	B
14-7	3776-3782	sagten	_	_
14-8	3783-3787	hier	_	_
14-9	3788-3790	am	_	_
14-10	3791-3797	Anfang	_	B
14-11	3797-3798	,	_	_
14-12	3799-3802	wir	_	B
14-13	3803-3810	sollten	_	_
14-14	3811-3815	doch	_	_
14-15	3816-3822	einmal	_	_
14-16	3823-3830	darüber	_	_
14-17	3831-3841	nachdenken	_	_
14-18	3841-3842	,	_	_
14-19	3843-3847	dass	_	_
14-20	3848-3850	es	_	_
14-21	3851-3854	ein	_	B
14-22	3855-3863	bisschen	_	I
14-23	3864-3878	Barmherzigkeit	_	I
14-24	3879-3884	geben	_	_
14-25	3885-3889	soll	_	_
14-26	3889-3890	.	_	_
14-27	3891-3895	Dann	_	_
14-28	3896-3902	machen	_	_
14-29	3903-3906	Sie	_	B
14-30	3907-3912	lange	_	B
14-31	3913-3925	Ausführungen	_	I
14-32	3926-3933	darüber	_	_
14-33	3933-3934	,	_	_
14-34	3935-3938	was	_	B
14-35	3939-3942	bei	_	_
14-36	3943-3952	Wikipedia	_	B
14-37	3953-3957	über	_	_
14-38	3958-3959	„	_	B
14-39	3959-3969	Kompromiss	_	I
14-40	3969-3970	“	_	_
14-41	3971-3976	steht	_	_
14-42	3976-3977	.	_	_
14-43	3978-3983	Haben	_	_
14-44	3984-3987	Sie	_	B
14-45	3988-3998	vielleicht	_	_
14-46	3999-4005	einmal	_	_
14-47	4006-4017	nachgeguckt	_	_
14-48	4017-4018	,	_	_
14-49	4019-4022	was	_	B
14-50	4023-4026	bei	_	_
14-51	4027-4036	Wikipedia	_	B
14-52	4037-4041	über	_	_
14-53	4042-4043	„	_	B
14-54	4043-4050	Familie	_	I
14-55	4050-4051	“	_	_
14-56	4052-4057	steht	_	_
14-57	4057-4058	?	_	_
14-58	4059-4064	Meine	_	B
14-59	4065-4070	Damen	_	I
14-60	4071-4074	und	_	_
14-61	4075-4081	Herren	_	B
14-62	4081-4082	,	_	_
14-63	4083-4088	darum	_	_
14-64	4089-4093	geht	_	_
14-65	4094-4096	es	_	_
14-66	4097-4101	doch	_	_
14-67	4101-4102	;	_	_
14-68	4103-4105	es	_	_
14-69	4106-4110	geht	_	_
14-70	4111-4115	hier	_	_
14-71	4116-4121	nicht	_	B
14-72	4122-4124	um	_	I
14-73	4125-4136	irgendeinen	_	I
14-74	4137-4147	Kompromiss	_	I
14-75	4147-4148	,	_	_
14-76	4149-4151	es	_	_
14-77	4152-4156	geht	_	_
14-78	4157-4159	um	_	_
14-79	4160-4167	Familie	_	B
14-80	4168-4171	und	_	_
14-81	4172-4178	Kinder	_	B
14-82	4178-4179	.	_	_

#Text=Nein, ein bisschen Barmherzigkeit gibt es nicht, und Härtefälle sind eben Härtefälle. Es ist sehr nett, Herr Gabriel, dass Sie auf die Anmerkung von Frau Amtsberg hier durch den Saal gegangen sind – ich nehme an, es gibt Fotos davon – und sich diesen einen Härtefall noch einmal genau anschauen wollten, um zu sehen, ob Sie nicht doch etwas tun können. Aber genau das ist der falsche Ansatz.
15-1	4196-4200	Nein	_	_
15-2	4200-4201	,	_	_
15-3	4202-4205	ein	_	B
15-4	4206-4214	bisschen	_	I
15-5	4215-4229	Barmherzigkeit	_	I
15-6	4230-4234	gibt	_	_
15-7	4235-4237	es	_	_
15-8	4238-4243	nicht	_	_
15-9	4243-4244	,	_	_
15-10	4245-4248	und	_	_
15-11	4249-4259	Härtefälle	_	B
15-12	4260-4264	sind	_	_
15-13	4265-4269	eben	_	_
15-14	4270-4280	Härtefälle	_	B
15-15	4280-4281	.	_	_
15-16	4282-4284	Es	_	B
15-17	4285-4288	ist	_	_
15-18	4289-4293	sehr	_	_
15-19	4294-4298	nett	_	_
15-20	4298-4299	,	_	_
15-21	4300-4304	Herr	_	B
15-22	4305-4312	Gabriel	_	I
15-23	4312-4313	,	_	_
15-24	4314-4318	dass	_	_
15-25	4319-4322	Sie	_	B
15-26	4323-4326	auf	_	_
15-27	4327-4330	die	_	B
15-28	4331-4340	Anmerkung	_	I
15-29	4341-4344	von	_	_
15-30	4345-4349	Frau	_	B
15-31	4350-4358	Amtsberg	_	I
15-32	4359-4363	hier	_	_
15-33	4364-4369	durch	_	_
15-34	4370-4373	den	_	B
15-35	4374-4378	Saal	_	I
15-36	4379-4387	gegangen	_	_
15-37	4388-4392	sind	_	_
15-38	4393-4394	–	_	_
15-39	4395-4398	ich	_	B
15-40	4399-4404	nehme	_	_
15-41	4405-4407	an	_	_
15-42	4407-4408	,	_	_
15-43	4409-4411	es	_	_
15-44	4412-4416	gibt	_	_
15-45	4417-4422	Fotos	_	B
15-46	4423-4428	davon	_	_
15-47	4429-4430	–	_	_
15-48	4431-4434	und	_	_
15-49	4435-4439	sich	_	B
15-50	4440-4446	diesen	_	B
15-51	4447-4452	einen	_	B
15-52	4453-4462	Härtefall	_	I
15-53	4463-4467	noch	_	_
15-54	4468-4474	einmal	_	_
15-55	4475-4480	genau	_	_
15-56	4481-4490	anschauen	_	_
15-57	4491-4498	wollten	_	_
15-58	4498-4499	,	_	_
15-59	4500-4502	um	_	_
15-60	4503-4505	zu	_	_
15-61	4506-4511	sehen	_	_
15-62	4511-4512	,	_	_
15-63	4513-4515	ob	_	_
15-64	4516-4519	Sie	_	B
15-65	4520-4525	nicht	_	_
15-66	4526-4530	doch	_	_
15-67	4531-4536	etwas	_	B
15-68	4537-4540	tun	_	_
15-69	4541-4547	können	_	_
15-70	4547-4548	.	_	_
15-71	4549-4553	Aber	_	_
15-72	4554-4559	genau	_	B
15-73	4560-4563	das	_	I
15-74	4564-4567	ist	_	_
15-75	4568-4571	der	_	B
15-76	4572-4579	falsche	_	I
15-77	4580-4586	Ansatz	_	I
15-78	4586-4587	.	_	_

#Text=Was ist denn ein Härtefall? Sind diese beiden Jungs da draußen ein Härtefall? Muss man schwerstbehindert sein oder was auch immer? Nein.
16-1	4598-4601	Was	_	B
16-2	4602-4605	ist	_	_
16-3	4606-4610	denn	_	_
16-4	4611-4614	ein	_	B
16-5	4615-4624	Härtefall	_	I
16-6	4624-4625	?	_	_
16-7	4626-4630	Sind	_	_
16-8	4631-4636	diese	_	B
16-9	4637-4643	beiden	_	I
16-10	4644-4649	Jungs	_	I
16-11	4650-4652	da	_	_
16-12	4653-4660	draußen	_	_
16-13	4661-4664	ein	_	B
16-14	4665-4674	Härtefall	_	I
16-15	4674-4675	?	_	_
16-16	4676-4680	Muss	_	_
16-17	4681-4684	man	_	B
16-18	4685-4702	schwerstbehindert	_	_
16-19	4703-4707	sein	_	_
16-20	4708-4712	oder	_	_
16-21	4713-4716	was	_	B
16-22	4717-4721	auch	_	_
16-23	4722-4727	immer	_	_
16-24	4727-4728	?	_	_
16-25	4729-4733	Nein	_	_
16-26	4733-4734	.	_	_

#Text=Jeder einzelne Fall – wenn Familien getrennt sind, wenn Kinder von ihren Eltern getrennt sind, wenn Geschwister getrennt sind – ist doch ein Härtefall. Das ist die Wirklichkeit, wenn es um Familien geht, meine Damen und Herren.
17-1	4739-4744	Jeder	_	B
17-2	4745-4753	einzelne	_	I
17-3	4754-4758	Fall	_	I
17-4	4759-4760	–	_	_
17-5	4761-4765	wenn	_	_
17-6	4766-4774	Familien	_	B
17-7	4775-4783	getrennt	_	_
17-8	4784-4788	sind	_	_
17-9	4788-4789	,	_	_
17-10	4790-4794	wenn	_	_
17-11	4795-4801	Kinder	_	B
17-12	4802-4805	von	_	_
17-13	4806-4811	ihren	_	B
17-14	4812-4818	Eltern	_	I
17-15	4819-4827	getrennt	_	_
17-16	4828-4832	sind	_	_
17-17	4832-4833	,	_	_
17-18	4834-4838	wenn	_	_
17-19	4839-4850	Geschwister	_	B
17-20	4851-4859	getrennt	_	_
17-21	4860-4864	sind	_	_
17-22	4865-4866	–	_	_
17-23	4867-4870	ist	_	_
17-24	4871-4875	doch	_	_
17-25	4876-4879	ein	_	B
17-26	4880-4889	Härtefall	_	I
17-27	4889-4890	.	_	_
17-28	4891-4894	Das	_	B
17-29	4895-4898	ist	_	_
17-30	4899-4902	die	_	B
17-31	4903-4915	Wirklichkeit	_	I
17-32	4915-4916	,	_	_
17-33	4917-4921	wenn	_	_
17-34	4922-4924	es	_	_
17-35	4925-4927	um	_	_
17-36	4928-4936	Familien	_	B
17-37	4937-4941	geht	_	_
17-38	4941-4942	,	_	_
17-39	4943-4948	meine	_	B
17-40	4949-4954	Damen	_	I
17-41	4955-4958	und	_	_
17-42	4959-4965	Herren	_	B
17-43	4965-4966	.	_	_

#Text=Frau Högl, Sie haben darauf hingewiesen, dass Sie das alles unter der Berücksichtigung der Kinderrechtskonvention machen wollen. Das kann man nicht; man kann nicht nur ein bisschen die Kinderrechtskonvention berücksichtigen.
18-1	4973-4977	Frau	_	B
18-2	4978-4982	Högl	_	I
18-3	4982-4983	,	_	_
18-4	4984-4987	Sie	_	B
18-5	4988-4993	haben	_	_
18-6	4994-5000	darauf	_	_
18-7	5001-5012	hingewiesen	_	_
18-8	5012-5013	,	_	_
18-9	5014-5018	dass	_	_
18-10	5019-5022	Sie	_	B
18-11	5023-5026	das	_	B
18-12	5027-5032	alles	_	I
18-13	5033-5038	unter	_	_
18-14	5039-5042	der	_	B
18-15	5043-5059	Berücksichtigung	_	I
18-16	5060-5063	der	_	B
18-17	5064-5086	Kinderrechtskonvention	_	I
18-18	5087-5093	machen	_	_
18-19	5094-5100	wollen	_	_
18-20	5100-5101	.	_	_
18-21	5102-5105	Das	_	B
18-22	5106-5110	kann	_	_
18-23	5111-5114	man	_	B
18-24	5115-5120	nicht	_	_
18-25	5120-5121	;	_	_
18-26	5122-5125	man	_	B
18-27	5126-5130	kann	_	_
18-28	5131-5136	nicht	_	_
18-29	5137-5140	nur	_	_
18-30	5141-5144	ein	_	_
18-31	5145-5153	bisschen	_	_
18-32	5154-5157	die	_	B
18-33	5158-5180	Kinderrechtskonvention	_	I
18-34	5181-5196	berücksichtigen	_	_
18-35	5196-5197	.	_	_

#Text=Die Kinderrechtskonvention gilt! Das ist der Unterschied: Sie gilt für jedes Kind und nicht nur für 1 000 oder für 1 000 plus 97. Für jedes einzelne Kind gilt die Kinderrechtskonvention. Das ist das Problem, das Sie mit Ihrem sogenannten Kompromiss geschaffen haben, meine Damen und Herren.
19-1	5203-5206	Die	_	B
19-2	5207-5229	Kinderrechtskonvention	_	I
19-3	5230-5234	gilt	_	_
19-4	5234-5235	!	_	_
19-5	5236-5239	Das	_	B
19-6	5240-5243	ist	_	_
19-7	5244-5247	der	_	B
19-8	5248-5259	Unterschied	_	I
19-9	5259-5260	:	_	_
19-10	5261-5264	Sie	_	B
19-11	5265-5269	gilt	_	_
19-12	5270-5273	für	_	_
19-13	5274-5279	jedes	_	B
19-14	5280-5284	Kind	_	I
19-15	5285-5288	und	_	_
19-16	5289-5294	nicht	_	_
19-17	5295-5298	nur	_	_
19-18	5299-5302	für	_	_
19-19	5303-5304	1	_	_
19-20	5305-5308	000	_	_
19-21	5309-5313	oder	_	_
19-22	5314-5317	für	_	_
19-23	5318-5319	1	_	_
19-24	5320-5323	000	_	_
19-25	5324-5328	plus	_	_
19-26	5329-5332	97.	_	_
19-27	5333-5336	Für	_	_
19-28	5337-5342	jedes	_	B
19-29	5343-5351	einzelne	_	I
19-30	5352-5356	Kind	_	I
19-31	5357-5361	gilt	_	_
19-32	5362-5365	die	_	B
19-33	5366-5388	Kinderrechtskonvention	_	I
19-34	5388-5389	.	_	_
19-35	5390-5393	Das	_	B
19-36	5394-5397	ist	_	_
19-37	5398-5401	das	_	B
19-38	5402-5409	Problem	_	I
19-39	5409-5410	,	_	_
19-40	5411-5414	das	_	B
19-41	5415-5418	Sie	_	B
19-42	5419-5422	mit	_	_
19-43	5423-5428	Ihrem	_	B
19-44	5429-5440	sogenannten	_	I
19-45	5441-5451	Kompromiss	_	I
19-46	5452-5462	geschaffen	_	_
19-47	5463-5468	haben	_	_
19-48	5468-5469	,	_	_
19-49	5470-5475	meine	_	B
19-50	5476-5481	Damen	_	I
19-51	5482-5485	und	_	_
19-52	5486-5492	Herren	_	B
19-53	5492-5493	.	_	_

#Text=Liebe Kolleginnen und Kollegen von der SPD, man kann ja viel darüber reden, auf welche Art und Weise Sie verhandeln und was uns wahrscheinlich mit dieser Art von Großen Koalition – „kleine Koalition“ kann man ja eigentlich nur sagen – bevorstehen wird. Sie knicken in der Familienfrage ein. Du liebe Güte! Sie stellen sogar immer noch die Familienministerin. Ich frage: Wie klein will sich die SPD noch machen? Sie sind noch in keiner Koalition. Sie können heute hier zeigen, dass es Ihnen wirklich um die Familien geht. Sie können es heute hier zeigen, indem Sie diesem unsäglichen Kompromiss, den Ihre Führung gemacht hat, nicht zustimmen.
20-1	5500-5505	Liebe	_	B
20-2	5506-5517	Kolleginnen	_	B
20-3	5518-5521	und	_	_
20-4	5522-5530	Kollegen	_	B
20-5	5531-5534	von	_	_
20-6	5535-5538	der	_	B
20-7	5539-5542	SPD	_	I
20-8	5542-5543	,	_	_
20-9	5544-5547	man	_	B
20-10	5548-5552	kann	_	_
20-11	5553-5555	ja	_	_
20-12	5556-5560	viel	_	B
20-13	5561-5568	darüber	_	_
20-14	5569-5574	reden	_	_
20-15	5574-5575	,	_	_
20-16	5576-5579	auf	_	_
20-17	5580-5586	welche	_	B
20-18	5587-5590	Art	_	I
20-19	5591-5594	und	_	_
20-20	5595-5600	Weise	_	B
20-21	5601-5604	Sie	_	B
20-22	5605-5615	verhandeln	_	_
20-23	5616-5619	und	_	_
20-24	5620-5623	was	_	B
20-25	5624-5627	uns	_	B
20-26	5628-5642	wahrscheinlich	_	_
20-27	5643-5646	mit	_	_
20-28	5647-5653	dieser	_	B
20-29	5654-5657	Art	_	I
20-30	5658-5661	von	_	_
20-31	5662-5668	Großen	_	B
20-32	5669-5678	Koalition	_	I
20-33	5679-5680	–	_	_
20-34	5681-5682	„	_	_
20-35	5682-5688	kleine	_	_
20-36	5689-5698	Koalition	_	_
20-37	5698-5699	“	_	_
20-38	5700-5704	kann	_	_
20-39	5705-5708	man	_	B
20-40	5709-5711	ja	_	_
20-41	5712-5722	eigentlich	_	_
20-42	5723-5726	nur	_	_
20-43	5727-5732	sagen	_	_
20-44	5733-5734	–	_	_
20-45	5735-5746	bevorstehen	_	_
20-46	5747-5751	wird	_	_
20-47	5751-5752	.	_	_
20-48	5753-5756	Sie	_	B
20-49	5757-5764	knicken	_	_
20-50	5765-5767	in	_	_
20-51	5768-5771	der	_	B
20-52	5772-5785	Familienfrage	_	I
20-53	5786-5789	ein	_	_
20-54	5789-5790	.	_	_
20-55	5791-5793	Du	_	B
20-56	5794-5799	liebe	_	_
20-57	5800-5804	Güte	_	B
20-58	5804-5805	!	_	_
20-59	5806-5809	Sie	_	B
20-60	5810-5817	stellen	_	_
20-61	5818-5823	sogar	_	_
20-62	5824-5829	immer	_	_
20-63	5830-5834	noch	_	_
20-64	5835-5838	die	_	B
20-65	5839-5857	Familienministerin	_	I
20-66	5857-5858	.	_	_
20-67	5859-5862	Ich	_	B
20-68	5863-5868	frage	_	_
20-69	5868-5869	:	_	_
20-70	5870-5873	Wie	_	_
20-71	5874-5879	klein	_	_
20-72	5880-5884	will	_	_
20-73	5885-5889	sich	_	B
20-74	5890-5893	die	_	B
20-75	5894-5897	SPD	_	I
20-76	5898-5902	noch	_	_
20-77	5903-5909	machen	_	_
20-78	5909-5910	?	_	_
20-79	5911-5914	Sie	_	B
20-80	5915-5919	sind	_	_
20-81	5920-5924	noch	_	_
20-82	5925-5927	in	_	_
20-83	5928-5934	keiner	_	B
20-84	5935-5944	Koalition	_	I
20-85	5944-5945	.	_	_
20-86	5946-5949	Sie	_	B
20-87	5950-5956	können	_	_
20-88	5957-5962	heute	_	_
20-89	5963-5967	hier	_	_
20-90	5968-5974	zeigen	_	_
20-91	5974-5975	,	_	_
20-92	5976-5980	dass	_	_
20-93	5981-5983	es	_	_
20-94	5984-5989	Ihnen	_	B
20-95	5990-5998	wirklich	_	_
20-96	5999-6001	um	_	_
20-97	6002-6005	die	_	B
20-98	6006-6014	Familien	_	I
20-99	6015-6019	geht	_	_
20-100	6019-6020	.	_	_
20-101	6021-6024	Sie	_	B
20-102	6025-6031	können	_	_
20-103	6032-6034	es	_	B
20-104	6035-6040	heute	_	_
20-105	6041-6045	hier	_	_
20-106	6046-6052	zeigen	_	_
20-107	6052-6053	,	_	_
20-108	6054-6059	indem	_	_
20-109	6060-6063	Sie	_	B
20-110	6064-6070	diesem	_	B
20-111	6071-6082	unsäglichen	_	I
20-112	6083-6093	Kompromiss	_	I
20-113	6093-6094	,	_	_
20-114	6095-6098	den	_	B
20-115	6099-6103	Ihre	_	B
20-116	6104-6111	Führung	_	I
20-117	6112-6119	gemacht	_	_
20-118	6120-6123	hat	_	_
20-119	6123-6124	,	_	_
20-120	6125-6130	nicht	_	_
20-121	6131-6140	zustimmen	_	_
20-122	6140-6141	.	_	_

#Text=Jeder Einzelne von Ihnen kann heute entscheiden: Ich setze mich ein für die syrischen Familien. Ich setze mich ein dafür, dass jedes Kind das Recht hat, mit seinen Eltern zusammenzuleben.
21-1	6159-6164	Jeder	_	B
21-2	6165-6173	Einzelne	_	I
21-3	6174-6177	von	_	_
21-4	6178-6183	Ihnen	_	B
21-5	6184-6188	kann	_	_
21-6	6189-6194	heute	_	_
21-7	6195-6206	entscheiden	_	_
21-8	6206-6207	:	_	_
21-9	6208-6211	Ich	_	B
21-10	6212-6217	setze	_	_
21-11	6218-6222	mich	_	B
21-12	6223-6226	ein	_	_
21-13	6227-6230	für	_	_
21-14	6231-6234	die	_	B
21-15	6235-6244	syrischen	_	I
21-16	6245-6253	Familien	_	I
21-17	6253-6254	.	_	_
21-18	6255-6258	Ich	_	B
21-19	6259-6264	setze	_	_
21-20	6265-6269	mich	_	B
21-21	6270-6273	ein	_	_
21-22	6274-6279	dafür	_	_
21-23	6279-6280	,	_	_
21-24	6281-6285	dass	_	_
21-25	6286-6291	jedes	_	B
21-26	6292-6296	Kind	_	I
21-27	6297-6300	das	_	B
21-28	6301-6306	Recht	_	I
21-29	6307-6310	hat	_	_
21-30	6310-6311	,	_	_
21-31	6312-6315	mit	_	_
21-32	6316-6322	seinen	_	B
21-33	6323-6329	Eltern	_	I
21-34	6330-6345	zusammenzuleben	_	_
21-35	6345-6346	.	_	_

#Text=Ich setze mich dafür ein, dass die Frage: „Was wäre, wenn es mein Kind wäre?“, beantwortet wird mit: Ja, ich würde alles dafür tun, dass diese Kinder hierherkommen können.
22-1	6352-6355	Ich	_	B
22-2	6356-6361	setze	_	_
22-3	6362-6366	mich	_	B
22-4	6367-6372	dafür	_	_
22-5	6373-6376	ein	_	_
22-6	6376-6377	,	_	_
22-7	6378-6382	dass	_	_
22-8	6383-6386	die	_	_
22-9	6387-6392	Frage	_	_
22-10	6392-6393	:	_	_
22-11	6394-6395	„	_	_
22-12	6395-6398	Was	_	B
22-13	6399-6403	wäre	_	_
22-14	6403-6404	,	_	_
22-15	6405-6409	wenn	_	_
22-16	6410-6412	es	_	B
22-17	6413-6417	mein	_	B
22-18	6418-6422	Kind	_	I
22-19	6423-6427	wäre	_	_
22-20	6427-6428	?	_	_
22-21	6428-6429	“	_	_
22-22	6429-6430	,	_	_
22-23	6431-6442	beantwortet	_	_
22-24	6443-6447	wird	_	_
22-25	6448-6451	mit	_	_
22-26	6451-6452	:	_	_
22-27	6453-6455	Ja	_	_
22-28	6455-6456	,	_	_
22-29	6457-6460	ich	_	B
22-30	6461-6466	würde	_	_
22-31	6467-6472	alles	_	B
22-32	6473-6478	dafür	_	_
22-33	6479-6482	tun	_	_
22-34	6482-6483	,	_	_
22-35	6484-6488	dass	_	_
22-36	6489-6494	diese	_	B
22-37	6495-6501	Kinder	_	I
22-38	6502-6515	hierherkommen	_	_
22-39	6516-6522	können	_	_
22-40	6522-6523	.	_	_

#Text=Vielen Dank.
23-1	6535-6541	Vielen	_	_
23-2	6542-6546	Dank	_	_
23-3	6546-6547	.	_	_

#Text=Jetzt erteile ich das Wort dem Kollegen Dr. Braun zu einer Kurzintervention.
24-1	6549-6554	Jetzt	_	_
24-2	6555-6562	erteile	_	_
24-3	6563-6566	ich	_	B
24-4	6567-6570	das	_	B
24-5	6571-6575	Wort	_	I
24-6	6576-6579	dem	_	B
24-7	6580-6588	Kollegen	_	I
24-8	6589-6592	Dr.	_	I
24-9	6593-6598	Braun	_	B
24-10	6599-6601	zu	_	_
24-11	6602-6607	einer	_	B
24-12	6608-6624	Kurzintervention	_	I
24-13	6624-6625	.	_	_
