#FORMAT=WebAnno TSV 3.2
#T_SP=webanno.custom.Animacy|Animated
#T_SP=webanno.custom.CustomChunk|Chunk


#Text=Vielen Dank, Herr Präsident. – Herr Albani und ich sind noch nicht verwechselt worden; aber es ist in Ordnung. – Frau Ministerin, Sie haben die Einigung in der Gemeinsamen Wissenschaftskonferenz bezüglich der Wissenschaftspakte angesprochen. Das ist in der Tat, glaube ich, ein Durchbruch, weil wir damit Stabilität für sieben Jahre, beim Pakt für Forschung und Innovation sogar für zehn Jahre, schaffen. Was uns besonders gefreut hat, war, dass Sie beim Hochschulpakt zustimmen konnten, dass es 2024 einen Mittelaufwuchs gibt; das war ja durchaus umstritten. Ich glaube, dass das notwendig ist, um die Qualität der Lehre zu stabilisieren. Ich möchte Sie fragen, ob Sie dem zustimmen, dass es eine Voraussetzung für den Durchbruch war, dass sich bei der Frage des Mittelaufwuchses im Hochschulpakt der Bund bewegt hat, und wie Sie das Ziel weiterverfolgen wollen, dauerhafte Stellen an den Universitäten zu schaffen?
1-1	0-6	Vielen	_	_
1-2	7-11	Dank	_	_
1-3	11-12	,	_	_
1-4	13-17	Herr	_	B
1-5	18-27	Präsident	_	I
1-6	27-28	.	_	_
1-7	29-30	–	_	_
1-8	31-35	Herr	_	B
1-9	36-42	Albani	_	I
1-10	43-46	und	_	_
1-11	47-50	ich	_	B
1-12	51-55	sind	_	_
1-13	56-60	noch	_	_
1-14	61-66	nicht	_	_
1-15	67-78	verwechselt	_	_
1-16	79-85	worden	_	_
1-17	85-86	;	_	_
1-18	87-91	aber	_	_
1-19	92-94	es	_	B
1-20	95-98	ist	_	_
1-21	99-101	in	_	_
1-22	102-109	Ordnung	_	B
1-23	109-110	.	_	_
1-24	111-112	–	_	_
1-25	113-117	Frau	_	_
1-26	118-128	Ministerin	_	B
1-27	128-129	,	_	_
1-28	130-133	Sie	_	B
1-29	134-139	haben	_	_
1-30	140-143	die	_	B
1-31	144-152	Einigung	_	I
1-32	153-155	in	_	_
1-33	156-159	der	_	B
1-34	160-171	Gemeinsamen	_	I
1-35	172-194	Wissenschaftskonferenz	_	I
1-36	195-204	bezüglich	_	_
1-37	205-208	der	_	B
1-38	209-227	Wissenschaftspakte	_	I
1-39	228-240	angesprochen	_	_
1-40	240-241	.	_	_
1-41	242-245	Das	_	B
1-42	246-249	ist	_	_
1-43	250-252	in	_	_
1-44	253-256	der	_	B
1-45	257-260	Tat	_	I
1-46	260-261	,	_	_
1-47	262-268	glaube	_	_
1-48	269-272	ich	_	B
1-49	272-273	,	_	_
1-50	274-277	ein	_	_
1-51	278-288	Durchbruch	_	_
1-52	288-289	,	_	_
1-53	290-294	weil	_	_
1-54	295-298	wir	_	B
1-55	299-304	damit	_	_
1-56	305-315	Stabilität	_	B
1-57	316-319	für	_	_
1-58	320-326	sieben	_	B
1-59	327-332	Jahre	_	I
1-60	332-333	,	_	_
1-61	334-338	beim	_	_
1-62	339-343	Pakt	_	B
1-63	344-347	für	_	_
1-64	348-357	Forschung	_	B
1-65	358-361	und	_	_
1-66	362-372	Innovation	_	B
1-67	373-378	sogar	_	_
1-68	379-382	für	_	_
1-69	383-387	zehn	_	B
1-70	388-393	Jahre	_	I
1-71	393-394	,	_	_
1-72	395-403	schaffen	_	_
1-73	403-404	.	_	_
1-74	405-408	Was	_	B
1-75	409-412	uns	_	B
1-76	413-422	besonders	_	_
1-77	423-430	gefreut	_	_
1-78	431-434	hat	_	_
1-79	434-435	,	_	_
1-80	436-439	war	_	_
1-81	439-440	,	_	_
1-82	441-445	dass	_	_
1-83	446-449	Sie	_	B
1-84	450-454	beim	_	_
1-85	455-468	Hochschulpakt	_	B
1-86	469-478	zustimmen	_	_
1-87	479-486	konnten	_	_
1-88	486-487	,	_	_
1-89	488-492	dass	_	_
1-90	493-495	es	_	_
1-91	496-500	2024	_	_
1-92	501-506	einen	_	B
1-93	507-521	Mittelaufwuchs	_	I
1-94	522-526	gibt	_	_
1-95	526-527	;	_	_
1-96	528-531	das	_	B
1-97	532-535	war	_	_
1-98	536-538	ja	_	_
1-99	539-547	durchaus	_	_
1-100	548-558	umstritten	_	_
1-101	558-559	.	_	_
1-102	560-563	Ich	_	B
1-103	564-570	glaube	_	_
1-104	570-571	,	_	_
1-105	572-576	dass	_	_
1-106	577-580	das	_	B
1-107	581-590	notwendig	_	_
1-108	591-594	ist	_	_
1-109	594-595	,	_	_
1-110	596-598	um	_	_
1-111	599-602	die	_	B
1-112	603-611	Qualität	_	I
1-113	612-615	der	_	B
1-114	616-621	Lehre	_	I
1-115	622-624	zu	_	_
1-116	625-638	stabilisieren	_	_
1-117	638-639	.	_	_
1-118	640-643	Ich	_	B
1-119	644-650	möchte	_	_
1-120	651-654	Sie	_	B
1-121	655-661	fragen	_	_
1-122	661-662	,	_	_
1-123	663-665	ob	_	_
1-124	666-669	Sie	_	B
1-125	670-673	dem	_	B
1-126	674-683	zustimmen	_	_
1-127	683-684	,	_	_
1-128	685-689	dass	_	_
1-129	690-692	es	_	B
1-130	693-697	eine	_	B
1-131	698-711	Voraussetzung	_	I
1-132	712-715	für	_	_
1-133	716-719	den	_	B
1-134	720-730	Durchbruch	_	I
1-135	731-734	war	_	_
1-136	734-735	,	_	_
1-137	736-740	dass	_	_
1-138	741-745	sich	_	B
1-139	746-749	bei	_	_
1-140	750-753	der	_	B
1-141	754-759	Frage	_	I
1-142	760-763	des	_	B
1-143	764-780	Mittelaufwuchses	_	I
1-144	781-783	im	_	_
1-145	784-797	Hochschulpakt	_	B
1-146	798-801	der	_	B
1-147	802-806	Bund	_	I
1-148	807-813	bewegt	_	_
1-149	814-817	hat	_	_
1-150	817-818	,	_	_
1-151	819-822	und	_	_
1-152	823-826	wie	_	_
1-153	827-830	Sie	_	B
1-154	831-834	das	_	B
1-155	835-839	Ziel	_	I
1-156	840-855	weiterverfolgen	_	_
1-157	856-862	wollen	_	_
1-158	862-863	,	_	_
1-159	864-874	dauerhafte	_	B
1-160	875-882	Stellen	_	I
1-161	883-885	an	_	_
1-162	886-889	den	_	B
1-163	890-903	Universitäten	_	I
1-164	904-906	zu	_	_
1-165	907-915	schaffen	_	_
1-166	915-916	?	_	_
