#FORMAT=WebAnno TSV 3.2
#T_SP=webanno.custom.Animacy|Animated
#T_SP=webanno.custom.CustomChunk|Chunk


#Text=Herr Präsident! Liebe Kolleginnen! Liebe Kollegen! Stellen Sie sich vor, Sie sitzen hier, lauschen der Plenar­debatte und liegen parallel irgendwo anders noch am Strand und genießen die Sonne. Was sich wirr anhört, wäre Ihnen theoretisch möglich, wenn Sie ein Quantenteilchen wären.
1-1	0-4	Herr	_	B
1-2	5-14	Präsident	_	I
1-3	14-15	!	_	_
1-4	16-21	Liebe	_	B
1-5	22-33	Kolleginnen	_	I
1-6	33-34	!	_	_
1-7	35-40	Liebe	_	B
1-8	41-49	Kollegen	_	I
1-9	49-50	!	_	_
1-10	51-58	Stellen	_	B
1-11	59-62	Sie	_	B
1-12	63-67	sich	_	B
1-13	68-71	vor	_	_
1-14	71-72	,	_	_
1-15	73-76	Sie	_	B
1-16	77-83	sitzen	_	_
1-17	84-88	hier	_	_
1-18	88-89	,	_	_
1-19	90-98	lauschen	_	_
1-20	99-102	der	_	B
1-21	103-117	Plenar­debatte	_	I
1-22	118-121	und	_	_
1-23	122-128	liegen	_	_
1-24	129-137	parallel	_	_
1-25	138-146	irgendwo	_	_
1-26	147-153	anders	_	_
1-27	154-158	noch	_	_
1-28	159-161	am	_	_
1-29	162-168	Strand	_	B
1-30	169-172	und	_	_
1-31	173-181	genießen	_	_
1-32	182-185	die	_	B
1-33	186-191	Sonne	_	I
1-34	191-192	.	_	_
1-35	193-196	Was	_	B
1-36	197-201	sich	_	B
1-37	202-206	wirr	_	_
1-38	207-213	anhört	_	_
1-39	213-214	,	_	_
1-40	215-219	wäre	_	_
1-41	220-225	Ihnen	_	B
1-42	226-237	theoretisch	_	_
1-43	238-245	möglich	_	_
1-44	245-246	,	_	_
1-45	247-251	wenn	_	_
1-46	252-255	Sie	_	B
1-47	256-259	ein	_	B
1-48	260-275	Quantenteilchen	_	I
1-49	276-281	wären	_	_
1-50	281-282	.	_	_

#Text=Diese interessante Domäne der Physik wird wahrscheinlich unser Leben verändern. Deswegen möchte ich meine spärliche Redezeit von zwei Minuten und dreißig Sekunden dem Rahmenprogramm „Quantentechnologien“ widmen.
2-1	292-297	Diese	_	B
2-2	298-310	interessante	_	I
2-3	311-317	Domäne	_	I
2-4	318-321	der	_	B
2-5	322-328	Physik	_	I
2-6	329-333	wird	_	_
2-7	334-348	wahrscheinlich	_	_
2-8	349-354	unser	_	B
2-9	355-360	Leben	_	I
2-10	361-370	verändern	_	_
2-11	370-371	.	_	_
2-12	372-380	Deswegen	_	_
2-13	381-387	möchte	_	_
2-14	388-391	ich	_	B
2-15	392-397	meine	_	B
2-16	398-407	spärliche	_	I
2-17	408-416	Redezeit	_	I
2-18	417-420	von	_	_
2-19	421-425	zwei	_	B
2-20	426-433	Minuten	_	I
2-21	434-437	und	_	_
2-22	438-445	dreißig	_	B
2-23	446-454	Sekunden	_	I
2-24	455-458	dem	_	B
2-25	459-473	Rahmenprogramm	_	I
2-26	474-475	„	_	I
2-27	475-494	Quantentechnologien	_	I
2-28	494-495	“	_	_
2-29	496-502	widmen	_	_
2-30	502-503	.	_	_

#Text=Vorab: Ich bin froh, dass es dieses Programm gibt und dass – Kollegin Schüle hat es gesagt – Geld hineinfließt. Es gibt da durchaus Bereiche, die mich positiv stimmen. Bei industrienaher Forschung wie Quantensensorik oder Quantenkommunikation gibt es Partnerschaften mit Unternehmen. Dort sehe ich Fortschritt.
3-1	508-513	Vorab	_	_
3-2	513-514	:	_	_
3-3	515-518	Ich	_	B
3-4	519-522	bin	_	_
3-5	523-527	froh	_	_
3-6	527-528	,	_	_
3-7	529-533	dass	_	_
3-8	534-536	es	_	_
3-9	537-543	dieses	_	B
3-10	544-552	Programm	_	I
3-11	553-557	gibt	_	_
3-12	558-561	und	_	_
3-13	562-566	dass	_	_
3-14	567-568	–	_	_
3-15	569-577	Kollegin	_	B
3-16	578-584	Schüle	_	I
3-17	585-588	hat	_	_
3-18	589-591	es	_	B
3-19	592-598	gesagt	_	_
3-20	599-600	–	_	_
3-21	601-605	Geld	_	B
3-22	606-618	hineinfließt	_	_
3-23	618-619	.	_	_
3-24	620-622	Es	_	_
3-25	623-627	gibt	_	_
3-26	628-630	da	_	_
3-27	631-639	durchaus	_	_
3-28	640-648	Bereiche	_	B
3-29	648-649	,	_	_
3-30	650-653	die	_	B
3-31	654-658	mich	_	B
3-32	659-666	positiv	_	_
3-33	667-674	stimmen	_	_
3-34	674-675	.	_	_
3-35	676-679	Bei	_	_
3-36	680-694	industrienaher	_	B
3-37	695-704	Forschung	_	I
3-38	705-708	wie	_	_
3-39	709-724	Quantensensorik	_	_
3-40	725-729	oder	_	_
3-41	730-750	Quantenkommunikation	_	B
3-42	751-755	gibt	_	_
3-43	756-758	es	_	_
3-44	759-774	Partnerschaften	_	B
3-45	775-778	mit	_	_
3-46	779-790	Unternehmen	_	B
3-47	790-791	.	_	_
3-48	792-796	Dort	_	_
3-49	797-801	sehe	_	_
3-50	802-805	ich	_	B
3-51	806-817	Fortschritt	_	B
3-52	817-818	.	_	_

#Text=Etwas problematischer sieht es bei Quantencomputern aus. Unsere klassischen Fördersysteme greifen dort leider oft nicht; denn es ist nicht ganz klar, welche Technologie sich durchsetzt, ob supraleitend oder gefangene Ionen. Des Weiteren ist es nicht möglich, Prototypen zu bauen und Umsätze zu zeigen, um in gängige Förderprogramme zu kommen. Deswegen haben die Freien Demokraten Ihnen – mein Kollege Thomas Sattelberger ist darauf eingegangen – verschiedene Lösungsmöglichkeiten vorgelegt. Greifen Sie zu! Bedienen Sie sich! So geht Forschungsförderung.
4-1	826-831	Etwas	_	_
4-2	832-847	problematischer	_	_
4-3	848-853	sieht	_	_
4-4	854-856	es	_	_
4-5	857-860	bei	_	_
4-6	861-877	Quantencomputern	_	B
4-7	878-881	aus	_	_
4-8	881-882	.	_	_
4-9	883-889	Unsere	_	B
4-10	890-901	klassischen	_	I
4-11	902-915	Fördersysteme	_	I
4-12	916-923	greifen	_	_
4-13	924-928	dort	_	_
4-14	929-935	leider	_	_
4-15	936-939	oft	_	_
4-16	940-945	nicht	_	_
4-17	945-946	;	_	_
4-18	947-951	denn	_	_
4-19	952-954	es	_	B
4-20	955-958	ist	_	_
4-21	959-964	nicht	_	_
4-22	965-969	ganz	_	_
4-23	970-974	klar	_	_
4-24	974-975	,	_	_
4-25	976-982	welche	_	B
4-26	983-994	Technologie	_	I
4-27	995-999	sich	_	B
4-28	1000-1010	durchsetzt	_	_
4-29	1010-1011	,	_	_
4-30	1012-1014	ob	_	_
4-31	1015-1027	supraleitend	_	_
4-32	1028-1032	oder	_	_
4-33	1033-1042	gefangene	_	B
4-34	1043-1048	Ionen	_	I
4-35	1048-1049	.	_	_
4-36	1050-1053	Des	_	_
4-37	1054-1062	Weiteren	_	_
4-38	1063-1066	ist	_	_
4-39	1067-1069	es	_	B
4-40	1070-1075	nicht	_	_
4-41	1076-1083	möglich	_	_
4-42	1083-1084	,	_	_
4-43	1085-1095	Prototypen	_	B
4-44	1096-1098	zu	_	_
4-45	1099-1104	bauen	_	_
4-46	1105-1108	und	_	_
4-47	1109-1116	Umsätze	_	B
4-48	1117-1119	zu	_	_
4-49	1120-1126	zeigen	_	_
4-50	1126-1127	,	_	_
4-51	1128-1130	um	_	_
4-52	1131-1133	in	_	_
4-53	1134-1141	gängige	_	B
4-54	1142-1157	Förderprogramme	_	I
4-55	1158-1160	zu	_	_
4-56	1161-1167	kommen	_	_
4-57	1167-1168	.	_	_
4-58	1169-1177	Deswegen	_	_
4-59	1178-1183	haben	_	_
4-60	1184-1187	die	_	B
4-61	1188-1194	Freien	_	I
4-62	1195-1205	Demokraten	_	I
4-63	1206-1211	Ihnen	_	_
4-64	1212-1213	–	_	_
4-65	1214-1218	mein	_	B
4-66	1219-1226	Kollege	_	I
4-67	1227-1233	Thomas	_	I
4-68	1234-1246	Sattelberger	_	I
4-69	1247-1250	ist	_	_
4-70	1251-1257	darauf	_	_
4-71	1258-1269	eingegangen	_	_
4-72	1270-1271	–	_	_
4-73	1272-1284	verschiedene	_	B
4-74	1285-1305	Lösungsmöglichkeiten	_	I
4-75	1306-1315	vorgelegt	_	_
4-76	1315-1316	.	_	_
4-77	1317-1324	Greifen	_	_
4-78	1325-1328	Sie	_	B
4-79	1329-1331	zu	_	_
4-80	1331-1332	!	_	_
4-81	1333-1341	Bedienen	_	_
4-82	1342-1345	Sie	_	B
4-83	1346-1350	sich	_	B
4-84	1350-1351	!	_	_
4-85	1352-1354	So	_	_
4-86	1355-1359	geht	_	_
4-87	1360-1379	Forschungsförderung	_	B
4-88	1379-1380	.	_	_

#Text=Ein weiterer Antrag von mir und meiner Fraktion zum Thema Quantencomputer liegt vor; denn hier liegen die Chancen auf der Straße. Gehen Sie zusammen mit unseren Forschern und Start-ups mutig voran, und setzen Sie sich für quantenresistente Kryptografie made in Germany ein!
5-1	1393-1396	Ein	_	B
5-2	1397-1405	weiterer	_	I
5-3	1406-1412	Antrag	_	I
5-4	1413-1416	von	_	_
5-5	1417-1420	mir	_	B
5-6	1421-1424	und	_	_
5-7	1425-1431	meiner	_	B
5-8	1432-1440	Fraktion	_	I
5-9	1441-1444	zum	_	_
5-10	1445-1450	Thema	_	B
5-11	1451-1466	Quantencomputer	_	I
5-12	1467-1472	liegt	_	_
5-13	1473-1476	vor	_	_
5-14	1476-1477	;	_	_
5-15	1478-1482	denn	_	_
5-16	1483-1487	hier	_	_
5-17	1488-1494	liegen	_	_
5-18	1495-1498	die	_	B
5-19	1499-1506	Chancen	_	I
5-20	1507-1510	auf	_	_
5-21	1511-1514	der	_	B
5-22	1515-1521	Straße	_	I
5-23	1521-1522	.	_	_
5-24	1523-1528	Gehen	_	_
5-25	1529-1532	Sie	_	B
5-26	1533-1541	zusammen	_	_
5-27	1542-1545	mit	_	_
5-28	1546-1553	unseren	_	B
5-29	1554-1563	Forschern	_	I
5-30	1564-1567	und	_	_
5-31	1568-1577	Start-ups	_	B
5-32	1578-1583	mutig	_	_
5-33	1584-1589	voran	_	_
5-34	1589-1590	,	_	_
5-35	1591-1594	und	_	_
5-36	1595-1601	setzen	_	_
5-37	1602-1605	Sie	_	B
5-38	1606-1610	sich	_	B
5-39	1611-1614	für	_	_
5-40	1615-1632	quantenresistente	_	B
5-41	1633-1645	Kryptografie	_	I
5-42	1646-1650	made	_	_
5-43	1651-1653	in	_	_
5-44	1654-1661	Germany	_	_
5-45	1662-1665	ein	_	_
5-46	1665-1666	!	_	_

#Text=Wir haben sowohl die Leute als auch die Reputation, um da einen Standard zu setzen, der weltweit lange gültig ist und von dem wir lange zehren können. Auch hier liegen Lösungen vor. Bedienen Sie sich!
6-1	1671-1674	Wir	_	B
6-2	1675-1680	haben	_	_
6-3	1681-1687	sowohl	_	B
6-4	1688-1691	die	_	I
6-5	1692-1697	Leute	_	I
6-6	1698-1701	als	_	_
6-7	1702-1706	auch	_	B
6-8	1707-1710	die	_	I
6-9	1711-1721	Reputation	_	I
6-10	1721-1722	,	_	_
6-11	1723-1725	um	_	_
6-12	1726-1728	da	_	_
6-13	1729-1734	einen	_	B
6-14	1735-1743	Standard	_	I
6-15	1744-1746	zu	_	_
6-16	1747-1753	setzen	_	_
6-17	1753-1754	,	_	_
6-18	1755-1758	der	_	B
6-19	1759-1767	weltweit	_	_
6-20	1768-1773	lange	_	_
6-21	1774-1780	gültig	_	_
6-22	1781-1784	ist	_	_
6-23	1785-1788	und	_	_
6-24	1789-1792	von	_	_
6-25	1793-1796	dem	_	B
6-26	1797-1800	wir	_	B
6-27	1801-1806	lange	_	_
6-28	1807-1813	zehren	_	_
6-29	1814-1820	können	_	_
6-30	1820-1821	.	_	_
6-31	1822-1826	Auch	_	_
6-32	1827-1831	hier	_	_
6-33	1832-1838	liegen	_	_
6-34	1839-1847	Lösungen	_	B
6-35	1848-1851	vor	_	_
6-36	1851-1852	.	_	_
6-37	1853-1861	Bedienen	_	_
6-38	1862-1865	Sie	_	B
6-39	1866-1870	sich	_	B
6-40	1870-1871	!	_	_

#Text=Als letzter Bereich in dem Report wird die Sichtbarkeit dieser Industrie bzw. dieses Forschungsbereichs angesprochen. Wenn man mit Gründern in dieser Szene spricht, erfährt man, dass sie sich oft nicht richtig wahrgenommen fühlen. Wir variieren ja die Instrumente, auf die Sie potenziell reagieren könnten; wir haben es auch mit einer schriftlichen Einzelfrage versucht. Ich sage Ihnen: Schreiben Sie doch einen Wettbewerb mit einem Preisgeld auf das Erreichen eines in der Szene wirklich wahrgenommenen Meilensteins aus – das könnte beispielsweise der erste Rechner mit 50 Qubits sein –, um Aufmerksamkeit auf dieses Feld zu legen, in dem wir so viele schlaue Köpfe haben und sehr anerkannt sind. Greifen Sie ihnen unter die Arme! Die FDP unterstützt Sie dabei.
7-1	1877-1880	Als	_	_
7-2	1881-1888	letzter	_	B
7-3	1889-1896	Bereich	_	I
7-4	1897-1899	in	_	_
7-5	1900-1903	dem	_	B
7-6	1904-1910	Report	_	I
7-7	1911-1915	wird	_	_
7-8	1916-1919	die	_	B
7-9	1920-1932	Sichtbarkeit	_	I
7-10	1933-1939	dieser	_	B
7-11	1940-1949	Industrie	_	I
7-12	1950-1954	bzw.	_	_
7-13	1955-1961	dieses	_	B
7-14	1962-1980	Forschungsbereichs	_	I
7-15	1981-1993	angesprochen	_	_
7-16	1993-1994	.	_	_
7-17	1995-1999	Wenn	_	_
7-18	2000-2003	man	_	B
7-19	2004-2007	mit	_	_
7-20	2008-2016	Gründern	_	B
7-21	2017-2019	in	_	_
7-22	2020-2026	dieser	_	B
7-23	2027-2032	Szene	_	I
7-24	2033-2040	spricht	_	_
7-25	2040-2041	,	_	_
7-26	2042-2049	erfährt	_	_
7-27	2050-2053	man	_	B
7-28	2053-2054	,	_	_
7-29	2055-2059	dass	_	_
7-30	2060-2063	sie	_	B
7-31	2064-2068	sich	_	B
7-32	2069-2072	oft	_	_
7-33	2073-2078	nicht	_	_
7-34	2079-2086	richtig	_	_
7-35	2087-2099	wahrgenommen	_	_
7-36	2100-2106	fühlen	_	_
7-37	2106-2107	.	_	_
7-38	2108-2111	Wir	_	B
7-39	2112-2121	variieren	_	_
7-40	2122-2124	ja	_	_
7-41	2125-2128	die	_	B
7-42	2129-2140	Instrumente	_	I
7-43	2140-2141	,	_	_
7-44	2142-2145	auf	_	_
7-45	2146-2149	die	_	B
7-46	2150-2153	Sie	_	B
7-47	2154-2164	potenziell	_	_
7-48	2165-2174	reagieren	_	_
7-49	2175-2182	könnten	_	_
7-50	2182-2183	;	_	_
7-51	2184-2187	wir	_	B
7-52	2188-2193	haben	_	_
7-53	2194-2196	es	_	B
7-54	2197-2201	auch	_	_
7-55	2202-2205	mit	_	_
7-56	2206-2211	einer	_	B
7-57	2212-2225	schriftlichen	_	I
7-58	2226-2237	Einzelfrage	_	I
7-59	2238-2246	versucht	_	_
7-60	2246-2247	.	_	_
7-61	2248-2251	Ich	_	B
7-62	2252-2256	sage	_	_
7-63	2257-2262	Ihnen	_	B
7-64	2262-2263	:	_	_
7-65	2264-2273	Schreiben	_	_
7-66	2274-2277	Sie	_	B
7-67	2278-2282	doch	_	_
7-68	2283-2288	einen	_	B
7-69	2289-2299	Wettbewerb	_	I
7-70	2300-2303	mit	_	_
7-71	2304-2309	einem	_	B
7-72	2310-2319	Preisgeld	_	I
7-73	2320-2323	auf	_	_
7-74	2324-2327	das	_	B
7-75	2328-2337	Erreichen	_	I
7-76	2338-2343	eines	_	_
7-77	2344-2346	in	_	_
7-78	2347-2350	der	_	B
7-79	2351-2356	Szene	_	I
7-80	2357-2365	wirklich	_	_
7-81	2366-2380	wahrgenommenen	_	_
7-82	2381-2393	Meilensteins	_	_
7-83	2394-2397	aus	_	_
7-84	2398-2399	–	_	_
7-85	2400-2403	das	_	B
7-86	2404-2410	könnte	_	_
7-87	2411-2425	beispielsweise	_	B
7-88	2426-2429	der	_	I
7-89	2430-2435	erste	_	I
7-90	2436-2443	Rechner	_	I
7-91	2444-2447	mit	_	_
7-92	2448-2450	50	_	B
7-93	2451-2457	Qubits	_	I
7-94	2458-2462	sein	_	_
7-95	2463-2464	–	_	_
7-96	2464-2465	,	_	_
7-97	2466-2468	um	_	_
7-98	2469-2483	Aufmerksamkeit	_	B
7-99	2484-2487	auf	_	_
7-100	2488-2494	dieses	_	B
7-101	2495-2499	Feld	_	I
7-102	2500-2502	zu	_	_
7-103	2503-2508	legen	_	_
7-104	2508-2509	,	_	_
7-105	2510-2512	in	_	_
7-106	2513-2516	dem	_	B
7-107	2517-2520	wir	_	B
7-108	2521-2523	so	_	B
7-109	2524-2529	viele	_	I
7-110	2530-2537	schlaue	_	I
7-111	2538-2543	Köpfe	_	I
7-112	2544-2549	haben	_	_
7-113	2550-2553	und	_	_
7-114	2554-2558	sehr	_	_
7-115	2559-2568	anerkannt	_	_
7-116	2569-2573	sind	_	_
7-117	2573-2574	.	_	_
7-118	2575-2582	Greifen	_	_
7-119	2583-2586	Sie	_	B
7-120	2587-2592	ihnen	_	B
7-121	2593-2598	unter	_	_
7-122	2599-2602	die	_	B
7-123	2603-2607	Arme	_	I
7-124	2607-2608	!	_	_
7-125	2609-2612	Die	_	B
7-126	2613-2616	FDP	_	I
7-127	2617-2628	unterstützt	_	_
7-128	2629-2632	Sie	_	B
7-129	2633-2638	dabei	_	_
7-130	2638-2639	.	_	_

#Text=Vielen Dank und ein schönes Wochenende.
8-1	2653-2659	Vielen	_	_
8-2	2660-2664	Dank	_	_
8-3	2665-2668	und	_	_
8-4	2669-2672	ein	_	B
8-5	2673-2680	schönes	_	I
8-6	2681-2691	Wochenende	_	I
8-7	2691-2692	.	_	_

#Text=Kai Gehring, Bündnis 90/Die Grünen, ist der nächste Redner.
9-1	2694-2697	Kai	_	B
9-2	2698-2705	Gehring	_	I
9-3	2705-2706	,	_	_
9-4	2707-2714	Bündnis	_	_
9-5	2715-2717	90	_	_
9-6	2717-2718	/	_	_
9-7	2718-2721	Die	_	B
9-8	2722-2728	Grünen	_	I
9-9	2728-2729	,	_	_
9-10	2730-2733	ist	_	_
9-11	2734-2737	der	_	B
9-12	2738-2745	nächste	_	I
9-13	2746-2752	Redner	_	I
9-14	2752-2753	.	_	_
