#FORMAT=WebAnno TSV 3.2
#T_SP=webanno.custom.Animacy|Animated
#T_SP=webanno.custom.CustomChunk|Chunk


#Text=Herr Präsident! Liebe Kolleginnen und Kollegen! Es war 2016 wirklich ein großer Erfolg, als das erste Datenaustauschverbesserungsgesetz den Bundestag passiert hat. Man muss sich vorstellen: Das war in der Hochphase der Migrationskrise. In dieser Situation mehr Ordnung und mehr Steuerung in das Asylverfahren zu bringen, war eine große Leistung und eine klare Verbesserung, weil es gelungen ist, frühzeitig zu registrieren und die erfassten Daten allen relevanten Behörden zur Verfügung zu stellen. Vor diesem Hintergrund muss man sagen: Damit war eine neue, sehr komplexe und anspruchsvolle IT-Infrastruktur verbunden, mit der es gelungen ist, sehr heterogene Daten und Systeme über die föderalen Grenzen hinweg miteinander zu vernetzen. Das war ein großer Erfolg, den man anerkennen muss.
1-1	0-4	Herr	_	B
1-2	5-14	Präsident	_	I
1-3	14-15	!	_	_
1-4	16-21	Liebe	_	B
1-5	22-33	Kolleginnen	_	_
1-6	34-37	und	_	_
1-7	38-46	Kollegen	_	B
1-8	46-47	!	_	_
1-9	48-50	Es	_	B
1-10	51-54	war	_	_
1-11	55-59	2016	_	_
1-12	60-68	wirklich	_	_
1-13	69-72	ein	_	B
1-14	73-79	großer	_	I
1-15	80-86	Erfolg	_	I
1-16	86-87	,	_	_
1-17	88-91	als	_	_
1-18	92-95	das	_	B
1-19	96-101	erste	_	I
1-20	102-135	Datenaustauschverbesserungsgesetz	_	I
1-21	136-139	den	_	B
1-22	140-149	Bundestag	_	I
1-23	150-158	passiert	_	_
1-24	159-162	hat	_	_
1-25	162-163	.	_	_
1-26	164-167	Man	_	B
1-27	168-172	muss	_	_
1-28	173-177	sich	_	B
1-29	178-188	vorstellen	_	_
1-30	188-189	:	_	_
1-31	190-193	Das	_	B
1-32	194-197	war	_	_
1-33	198-200	in	_	_
1-34	201-204	der	_	B
1-35	205-214	Hochphase	_	I
1-36	215-218	der	_	B
1-37	219-234	Migrationskrise	_	I
1-38	234-235	.	_	_
1-39	236-238	In	_	_
1-40	239-245	dieser	_	B
1-41	246-255	Situation	_	I
1-42	256-260	mehr	_	B
1-43	261-268	Ordnung	_	I
1-44	269-272	und	_	_
1-45	273-277	mehr	_	B
1-46	278-287	Steuerung	_	I
1-47	288-290	in	_	_
1-48	291-294	das	_	B
1-49	295-308	Asylverfahren	_	I
1-50	309-311	zu	_	_
1-51	312-319	bringen	_	_
1-52	319-320	,	_	_
1-53	321-324	war	_	_
1-54	325-329	eine	_	B
1-55	330-335	große	_	I
1-56	336-344	Leistung	_	I
1-57	345-348	und	_	_
1-58	349-353	eine	_	B
1-59	354-359	klare	_	I
1-60	360-372	Verbesserung	_	I
1-61	372-373	,	_	_
1-62	374-378	weil	_	_
1-63	379-381	es	_	B
1-64	382-390	gelungen	_	_
1-65	391-394	ist	_	_
1-66	394-395	,	_	_
1-67	396-406	frühzeitig	_	_
1-68	407-409	zu	_	_
1-69	410-422	registrieren	_	_
1-70	423-426	und	_	_
1-71	427-430	die	_	B
1-72	431-440	erfassten	_	I
1-73	441-446	Daten	_	I
1-74	447-452	allen	_	B
1-75	453-463	relevanten	_	I
1-76	464-472	Behörden	_	I
1-77	473-476	zur	_	_
1-78	477-486	Verfügung	_	B
1-79	487-489	zu	_	_
1-80	490-497	stellen	_	_
1-81	497-498	.	_	_
1-82	499-502	Vor	_	_
1-83	503-509	diesem	_	B
1-84	510-521	Hintergrund	_	I
1-85	522-526	muss	_	_
1-86	527-530	man	_	B
1-87	531-536	sagen	_	_
1-88	536-537	:	_	_
1-89	538-543	Damit	_	_
1-90	544-547	war	_	_
1-91	548-552	eine	_	B
1-92	553-557	neue	_	I
1-93	557-558	,	_	I
1-94	559-563	sehr	_	I
1-95	564-572	komplexe	_	I
1-96	573-576	und	_	I
1-97	577-591	anspruchsvolle	_	I
1-98	592-608	IT-Infrastruktur	_	I
1-99	609-618	verbunden	_	_
1-100	618-619	,	_	_
1-101	620-623	mit	_	_
1-102	624-627	der	_	B
1-103	628-630	es	_	B
1-104	631-639	gelungen	_	_
1-105	640-643	ist	_	_
1-106	643-644	,	_	_
1-107	645-649	sehr	_	B
1-108	650-660	heterogene	_	I
1-109	661-666	Daten	_	I
1-110	667-670	und	_	_
1-111	671-678	Systeme	_	B
1-112	679-683	über	_	_
1-113	684-687	die	_	B
1-114	688-697	föderalen	_	I
1-115	698-705	Grenzen	_	I
1-116	706-712	hinweg	_	_
1-117	713-724	miteinander	_	_
1-118	725-727	zu	_	_
1-119	728-737	vernetzen	_	_
1-120	737-738	.	_	_
1-121	739-742	Das	_	B
1-122	743-746	war	_	_
1-123	747-750	ein	_	B
1-124	751-757	großer	_	I
1-125	758-764	Erfolg	_	I
1-126	764-765	,	_	_
1-127	766-769	den	_	B
1-128	770-773	man	_	B
1-129	774-784	anerkennen	_	_
1-130	785-789	muss	_	_
1-131	789-790	.	_	_

#Text=Es stimmt, dass wir ein gutes Stück weit auf dem Weg vorangekommen sind. Das erste Datenaustauschverbesserungsgesetz ist eine gute Grundlage für all das, was wir jetzt regeln werden. Wenn wir uns jetzt mit dem Zweiten Datenaustauschverbesserungsgesetz beschäftigen, dann können wir das vor dem Hintergrund der Erfahrungen der letzten drei Jahre machen.
2-1	808-810	Es	_	B
2-2	811-817	stimmt	_	_
2-3	817-818	,	_	_
2-4	819-823	dass	_	_
2-5	824-827	wir	_	B
2-6	828-831	ein	_	B
2-7	832-837	gutes	_	I
2-8	838-843	Stück	_	I
2-9	844-848	weit	_	_
2-10	849-852	auf	_	_
2-11	853-856	dem	_	B
2-12	857-860	Weg	_	I
2-13	861-874	vorangekommen	_	_
2-14	875-879	sind	_	_
2-15	879-880	.	_	_
2-16	881-884	Das	_	B
2-17	885-890	erste	_	I
2-18	891-924	Datenaustauschverbesserungsgesetz	_	I
2-19	925-928	ist	_	_
2-20	929-933	eine	_	B
2-21	934-938	gute	_	I
2-22	939-948	Grundlage	_	I
2-23	949-952	für	_	_
2-24	953-956	all	_	B
2-25	957-960	das	_	I
2-26	960-961	,	_	_
2-27	962-965	was	_	B
2-28	966-969	wir	_	B
2-29	970-975	jetzt	_	_
2-30	976-982	regeln	_	_
2-31	983-989	werden	_	_
2-32	989-990	.	_	_
2-33	991-995	Wenn	_	_
2-34	996-999	wir	_	B
2-35	1000-1003	uns	_	B
2-36	1004-1009	jetzt	_	_
2-37	1010-1013	mit	_	_
2-38	1014-1017	dem	_	B
2-39	1018-1025	Zweiten	_	I
2-40	1026-1059	Datenaustauschverbesserungsgesetz	_	I
2-41	1060-1072	beschäftigen	_	_
2-42	1072-1073	,	_	_
2-43	1074-1078	dann	_	_
2-44	1079-1085	können	_	_
2-45	1086-1089	wir	_	B
2-46	1090-1093	das	_	B
2-47	1094-1097	vor	_	_
2-48	1098-1101	dem	_	B
2-49	1102-1113	Hintergrund	_	I
2-50	1114-1117	der	_	B
2-51	1118-1129	Erfahrungen	_	I
2-52	1130-1133	der	_	B
2-53	1134-1141	letzten	_	I
2-54	1142-1146	drei	_	I
2-55	1147-1152	Jahre	_	I
2-56	1153-1159	machen	_	_
2-57	1159-1160	.	_	_

#Text=Aber es ist tatsächlich so, dass wir von unterschiedlichen Vorstellungen ausgehen. Wir wollen, dass die Behörden digital kommunizieren, und wir wollen das unter dem Gesichtspunkt von weniger Bürokratie, besserer Datenqualität und vor allen Dingen mehr Sicherheit erledigen. Deswegen gibt es drei große Bereiche, die beim vorliegenden Gesetzentwurf entscheidend sind:
3-1	1167-1171	Aber	_	_
3-2	1172-1174	es	_	B
3-3	1175-1178	ist	_	_
3-4	1179-1190	tatsächlich	_	_
3-5	1191-1193	so	_	_
3-6	1193-1194	,	_	_
3-7	1195-1199	dass	_	_
3-8	1200-1203	wir	_	B
3-9	1204-1207	von	_	_
3-10	1208-1225	unterschiedlichen	_	B
3-11	1226-1239	Vorstellungen	_	I
3-12	1240-1248	ausgehen	_	_
3-13	1248-1249	.	_	_
3-14	1250-1253	Wir	_	B
3-15	1254-1260	wollen	_	_
3-16	1260-1261	,	_	_
3-17	1262-1266	dass	_	_
3-18	1267-1270	die	_	B
3-19	1271-1279	Behörden	_	I
3-20	1280-1287	digital	_	_
3-21	1288-1301	kommunizieren	_	_
3-22	1301-1302	,	_	_
3-23	1303-1306	und	_	_
3-24	1307-1310	wir	_	B
3-25	1311-1317	wollen	_	_
3-26	1318-1321	das	_	B
3-27	1322-1327	unter	_	_
3-28	1328-1331	dem	_	B
3-29	1332-1345	Gesichtspunkt	_	I
3-30	1346-1349	von	_	_
3-31	1350-1357	weniger	_	B
3-32	1358-1368	Bürokratie	_	I
3-33	1368-1369	,	_	_
3-34	1370-1378	besserer	_	B
3-35	1379-1392	Datenqualität	_	I
3-36	1393-1396	und	_	_
3-37	1397-1400	vor	_	_
3-38	1401-1406	allen	_	B
3-39	1407-1413	Dingen	_	I
3-40	1414-1418	mehr	_	B
3-41	1419-1429	Sicherheit	_	I
3-42	1430-1439	erledigen	_	_
3-43	1439-1440	.	_	_
3-44	1441-1449	Deswegen	_	_
3-45	1450-1454	gibt	_	_
3-46	1455-1457	es	_	_
3-47	1458-1462	drei	_	B
3-48	1463-1468	große	_	I
3-49	1469-1477	Bereiche	_	I
3-50	1477-1478	,	_	_
3-51	1479-1482	die	_	B
3-52	1483-1487	beim	_	_
3-53	1488-1500	vorliegenden	_	B
3-54	1501-1514	Gesetzentwurf	_	I
3-55	1515-1527	entscheidend	_	_
3-56	1528-1532	sind	_	_
3-57	1532-1533	:	_	_

#Text=Erstens. Das Ausländerzentralregister und die damit vergebene Nummer muss so ausgebaut und gestärkt werden, dass möglichst viele Behörden, die betroffen sind, Zugriff haben. Das gilt beispielsweise für die Polizeien von Bund und Ländern, das gilt für die Jugendämter, und das gilt auch für die Auslandsvertretungen. Es geht da­rum, dass man klare Zuordnungen vornehmen kann.
4-1	1542-1549	Erstens	_	_
4-2	1549-1550	.	_	_
4-3	1551-1554	Das	_	B
4-4	1555-1579	Ausländerzentralregister	_	I
4-5	1580-1583	und	_	_
4-6	1584-1587	die	_	B
4-7	1588-1593	damit	_	I
4-8	1594-1603	vergebene	_	I
4-9	1604-1610	Nummer	_	I
4-10	1611-1615	muss	_	_
4-11	1616-1618	so	_	_
4-12	1619-1628	ausgebaut	_	_
4-13	1629-1632	und	_	_
4-14	1633-1641	gestärkt	_	_
4-15	1642-1648	werden	_	_
4-16	1648-1649	,	_	_
4-17	1650-1654	dass	_	_
4-18	1655-1664	möglichst	_	B
4-19	1665-1670	viele	_	I
4-20	1671-1679	Behörden	_	I
4-21	1679-1680	,	_	_
4-22	1681-1684	die	_	B
4-23	1685-1694	betroffen	_	_
4-24	1695-1699	sind	_	_
4-25	1699-1700	,	_	_
4-26	1701-1708	Zugriff	_	B
4-27	1709-1714	haben	_	_
4-28	1714-1715	.	_	_
4-29	1716-1719	Das	_	B
4-30	1720-1724	gilt	_	_
4-31	1725-1739	beispielsweise	_	_
4-32	1740-1743	für	_	_
4-33	1744-1747	die	_	B
4-34	1748-1757	Polizeien	_	I
4-35	1758-1761	von	_	_
4-36	1762-1766	Bund	_	B
4-37	1767-1770	und	_	_
4-38	1771-1778	Ländern	_	B
4-39	1778-1779	,	_	_
4-40	1780-1783	das	_	B
4-41	1784-1788	gilt	_	_
4-42	1789-1792	für	_	_
4-43	1793-1796	die	_	B
4-44	1797-1808	Jugendämter	_	I
4-45	1808-1809	,	_	_
4-46	1810-1813	und	_	_
4-47	1814-1817	das	_	B
4-48	1818-1822	gilt	_	_
4-49	1823-1827	auch	_	_
4-50	1828-1831	für	_	_
4-51	1832-1835	die	_	B
4-52	1836-1856	Auslandsvertretungen	_	I
4-53	1856-1857	.	_	_
4-54	1858-1860	Es	_	_
4-55	1861-1865	geht	_	_
4-56	1866-1872	da­rum	_	B
4-57	1872-1873	,	_	_
4-58	1874-1878	dass	_	_
4-59	1879-1882	man	_	B
4-60	1883-1888	klare	_	B
4-61	1889-1900	Zuordnungen	_	I
4-62	1901-1910	vornehmen	_	_
4-63	1911-1915	kann	_	_
4-64	1915-1916	.	_	_

#Text=Zweitens. Es geht darum, dass wir klare Identitätsfeststellungen ermöglichen, dass wir es beenden, dass es Mehrfachidentitäten gibt, die nicht nur im Bereich der Sicherheit missbraucht werden, sondern beispielsweise auch, wenn es darum geht, dass Verwaltungen Leistungen erbringen, die nicht zulässig sind, weil sich jemand zweite, dritte oder noch mehr Leistungen erschleicht. Das werden wir mit diesem Gesetz beenden können.
5-1	1927-1935	Zweitens	_	_
5-2	1935-1936	.	_	_
5-3	1937-1939	Es	_	_
5-4	1940-1944	geht	_	_
5-5	1945-1950	darum	_	_
5-6	1950-1951	,	_	_
5-7	1952-1956	dass	_	_
5-8	1957-1960	wir	_	B
5-9	1961-1966	klare	_	B
5-10	1967-1991	Identitätsfeststellungen	_	I
5-11	1992-2003	ermöglichen	_	_
5-12	2003-2004	,	_	_
5-13	2005-2009	dass	_	_
5-14	2010-2013	wir	_	B
5-15	2014-2016	es	_	B
5-16	2017-2024	beenden	_	_
5-17	2024-2025	,	_	_
5-18	2026-2030	dass	_	_
5-19	2031-2033	es	_	_
5-20	2034-2053	Mehrfachidentitäten	_	B
5-21	2054-2058	gibt	_	_
5-22	2058-2059	,	_	_
5-23	2060-2063	die	_	B
5-24	2064-2069	nicht	_	_
5-25	2070-2073	nur	_	_
5-26	2074-2076	im	_	_
5-27	2077-2084	Bereich	_	B
5-28	2085-2088	der	_	B
5-29	2089-2099	Sicherheit	_	I
5-30	2100-2111	missbraucht	_	_
5-31	2112-2118	werden	_	_
5-32	2118-2119	,	_	_
5-33	2120-2127	sondern	_	_
5-34	2128-2142	beispielsweise	_	_
5-35	2143-2147	auch	_	_
5-36	2147-2148	,	_	_
5-37	2149-2153	wenn	_	_
5-38	2154-2156	es	_	_
5-39	2157-2162	darum	_	_
5-40	2163-2167	geht	_	_
5-41	2167-2168	,	_	_
5-42	2169-2173	dass	_	_
5-43	2174-2186	Verwaltungen	_	B
5-44	2187-2197	Leistungen	_	B
5-45	2198-2207	erbringen	_	_
5-46	2207-2208	,	_	_
5-47	2209-2212	die	_	B
5-48	2213-2218	nicht	_	_
5-49	2219-2227	zulässig	_	_
5-50	2228-2232	sind	_	_
5-51	2232-2233	,	_	_
5-52	2234-2238	weil	_	_
5-53	2239-2243	sich	_	B
5-54	2244-2250	jemand	_	B
5-55	2251-2257	zweite	_	_
5-56	2257-2258	,	_	_
5-57	2259-2265	dritte	_	_
5-58	2266-2270	oder	_	_
5-59	2271-2275	noch	_	_
5-60	2276-2280	mehr	_	_
5-61	2281-2291	Leistungen	_	_
5-62	2292-2303	erschleicht	_	_
5-63	2303-2304	.	_	_
5-64	2305-2308	Das	_	B
5-65	2309-2315	werden	_	_
5-66	2316-2319	wir	_	B
5-67	2320-2323	mit	_	_
5-68	2324-2330	diesem	_	B
5-69	2331-2337	Gesetz	_	I
5-70	2338-2345	beenden	_	_
5-71	2346-2352	können	_	_
5-72	2352-2353	.	_	_

#Text=Das wird auch bedeuten, dass eine Person, egal ob er Asylbewerber, ob er anerkannter Flüchtling oder ob er ausreisepflichtig ist, von den Behörden zweifelsfrei identifizierbar ist und deshalb klar ist, mit wem man es zu tun hat.
6-1	2367-2370	Das	_	B
6-2	2371-2375	wird	_	_
6-3	2376-2380	auch	_	_
6-4	2381-2389	bedeuten	_	_
6-5	2389-2390	,	_	_
6-6	2391-2395	dass	_	_
6-7	2396-2400	eine	_	B
6-8	2401-2407	Person	_	I
6-9	2407-2408	,	_	_
6-10	2409-2413	egal	_	_
6-11	2414-2416	ob	_	_
6-12	2417-2419	er	_	B
6-13	2420-2432	Asylbewerber	_	B
6-14	2432-2433	,	_	_
6-15	2434-2436	ob	_	_
6-16	2437-2439	er	_	B
6-17	2440-2451	anerkannter	_	B
6-18	2452-2462	Flüchtling	_	I
6-19	2463-2467	oder	_	_
6-20	2468-2470	ob	_	_
6-21	2471-2473	er	_	B
6-22	2474-2491	ausreisepflichtig	_	_
6-23	2492-2495	ist	_	_
6-24	2495-2496	,	_	_
6-25	2497-2500	von	_	_
6-26	2501-2504	den	_	B
6-27	2505-2513	Behörden	_	I
6-28	2514-2526	zweifelsfrei	_	_
6-29	2527-2542	identifizierbar	_	_
6-30	2543-2546	ist	_	_
6-31	2547-2550	und	_	_
6-32	2551-2558	deshalb	_	_
6-33	2559-2563	klar	_	_
6-34	2564-2567	ist	_	_
6-35	2567-2568	,	_	_
6-36	2569-2572	mit	_	_
6-37	2573-2576	wem	_	B
6-38	2577-2580	man	_	B
6-39	2581-2583	es	_	B
6-40	2584-2586	zu	_	_
6-41	2587-2590	tun	_	_
6-42	2591-2594	hat	_	_
6-43	2594-2595	.	_	_

#Text=Drittens. Es geht um mehr Sicherheit. Ich glaube schon, dass wir den Menschen die Frage beantworten müssen, was wir eigentlich tun, damit unter dem Deckmantel der Asylsuche nicht auch Verbrecher und Terroristen nach Deutschland kommen. Was tun wir dagegen? Durch das erste Datenaustauschverbesserungsgesetz wurden wichtige Grundlagen gelegt. Durch einen Abgleich von Datenbanken der Sicherheitsbehörden und der Nachrichtendienste kann man, wenn jemand unerlaubt nach Deutschland kommt, umfassend feststellen, ob irgendwo erkennungsdienstliche Erkenntnisse vorliegen. Genau auf dieser Basis sorgen wir jetzt für Verbesserungen: dass ein Abgleich frühzeitiger möglich ist, dass es eine breitere Datengrundlage gibt und dass es mehr Anlässe gibt, die zugrunde gelegt werden. Es geht darum, dass die Bundespolizei auch außerhalb des 30‑Kilometer-Grenzraumes tätig werden kann.
7-1	2602-2610	Drittens	_	_
7-2	2610-2611	.	_	_
7-3	2612-2614	Es	_	_
7-4	2615-2619	geht	_	_
7-5	2620-2622	um	_	_
7-6	2623-2627	mehr	_	B
7-7	2628-2638	Sicherheit	_	I
7-8	2638-2639	.	_	_
7-9	2640-2643	Ich	_	B
7-10	2644-2650	glaube	_	_
7-11	2651-2656	schon	_	_
7-12	2656-2657	,	_	_
7-13	2658-2662	dass	_	_
7-14	2663-2666	wir	_	B
7-15	2667-2670	den	_	B
7-16	2671-2679	Menschen	_	I
7-17	2680-2683	die	_	B
7-18	2684-2689	Frage	_	I
7-19	2690-2701	beantworten	_	_
7-20	2702-2708	müssen	_	_
7-21	2708-2709	,	_	_
7-22	2710-2713	was	_	B
7-23	2714-2717	wir	_	B
7-24	2718-2728	eigentlich	_	_
7-25	2729-2732	tun	_	_
7-26	2732-2733	,	_	_
7-27	2734-2739	damit	_	_
7-28	2740-2745	unter	_	_
7-29	2746-2749	dem	_	B
7-30	2750-2760	Deckmantel	_	I
7-31	2761-2764	der	_	B
7-32	2765-2774	Asylsuche	_	I
7-33	2775-2780	nicht	_	B
7-34	2781-2785	auch	_	I
7-35	2786-2796	Verbrecher	_	I
7-36	2797-2800	und	_	_
7-37	2801-2812	Terroristen	_	B
7-38	2813-2817	nach	_	_
7-39	2818-2829	Deutschland	_	B
7-40	2830-2836	kommen	_	_
7-41	2836-2837	.	_	_
7-42	2838-2841	Was	_	B
7-43	2842-2845	tun	_	_
7-44	2846-2849	wir	_	B
7-45	2850-2857	dagegen	_	_
7-46	2857-2858	?	_	_
7-47	2859-2864	Durch	_	_
7-48	2865-2868	das	_	B
7-49	2869-2874	erste	_	I
7-50	2875-2908	Datenaustauschverbesserungsgesetz	_	I
7-51	2909-2915	wurden	_	_
7-52	2916-2924	wichtige	_	B
7-53	2925-2935	Grundlagen	_	I
7-54	2936-2942	gelegt	_	_
7-55	2942-2943	.	_	_
7-56	2944-2949	Durch	_	_
7-57	2950-2955	einen	_	B
7-58	2956-2964	Abgleich	_	I
7-59	2965-2968	von	_	_
7-60	2969-2980	Datenbanken	_	B
7-61	2981-2984	der	_	B
7-62	2985-3004	Sicherheitsbehörden	_	I
7-63	3005-3008	und	_	_
7-64	3009-3012	der	_	B
7-65	3013-3031	Nachrichtendienste	_	I
7-66	3032-3036	kann	_	_
7-67	3037-3040	man	_	B
7-68	3040-3041	,	_	_
7-69	3042-3046	wenn	_	_
7-70	3047-3053	jemand	_	B
7-71	3054-3063	unerlaubt	_	_
7-72	3064-3068	nach	_	_
7-73	3069-3080	Deutschland	_	B
7-74	3081-3086	kommt	_	_
7-75	3086-3087	,	_	_
7-76	3088-3097	umfassend	_	_
7-77	3098-3109	feststellen	_	_
7-78	3109-3110	,	_	_
7-79	3111-3113	ob	_	_
7-80	3114-3122	irgendwo	_	_
7-81	3123-3144	erkennungsdienstliche	_	B
7-82	3145-3157	Erkenntnisse	_	I
7-83	3158-3167	vorliegen	_	_
7-84	3167-3168	.	_	_
7-85	3169-3174	Genau	_	_
7-86	3175-3178	auf	_	_
7-87	3179-3185	dieser	_	B
7-88	3186-3191	Basis	_	I
7-89	3192-3198	sorgen	_	_
7-90	3199-3202	wir	_	B
7-91	3203-3208	jetzt	_	_
7-92	3209-3212	für	_	_
7-93	3213-3227	Verbesserungen	_	B
7-94	3227-3228	:	_	_
7-95	3229-3233	dass	_	_
7-96	3234-3237	ein	_	B
7-97	3238-3246	Abgleich	_	I
7-98	3247-3259	frühzeitiger	_	_
7-99	3260-3267	möglich	_	_
7-100	3268-3271	ist	_	_
7-101	3271-3272	,	_	_
7-102	3273-3277	dass	_	_
7-103	3278-3280	es	_	_
7-104	3281-3285	eine	_	B
7-105	3286-3294	breitere	_	I
7-106	3295-3309	Datengrundlage	_	I
7-107	3310-3314	gibt	_	_
7-108	3315-3318	und	_	_
7-109	3319-3323	dass	_	_
7-110	3324-3326	es	_	_
7-111	3327-3331	mehr	_	B
7-112	3332-3339	Anlässe	_	I
7-113	3340-3344	gibt	_	_
7-114	3344-3345	,	_	_
7-115	3346-3349	die	_	B
7-116	3350-3358	zugrunde	_	_
7-117	3359-3365	gelegt	_	_
7-118	3366-3372	werden	_	_
7-119	3372-3373	.	_	_
7-120	3374-3376	Es	_	_
7-121	3377-3381	geht	_	_
7-122	3382-3387	darum	_	_
7-123	3387-3388	,	_	_
7-124	3389-3393	dass	_	_
7-125	3394-3397	die	_	B
7-126	3398-3411	Bundespolizei	_	I
7-127	3412-3416	auch	_	_
7-128	3417-3426	außerhalb	_	_
7-129	3427-3430	des	_	B
7-130	3431-3455	30‑Kilometer-Grenzraumes	_	I
7-131	3456-3461	tätig	_	_
7-132	3462-3468	werden	_	_
7-133	3469-3473	kann	_	_
7-134	3473-3474	.	_	_

#Text=Es geht darum, dass wir zusätzliche Möglichkeiten für weitere Behörden schaffen, tätig zu werden. Deshalb ist es das ein guter Gesetzentwurf. Wir werden ihn beraten. Ich kann für unsere Fraktion volle Zustimmung signalisieren.
8-1	3493-3495	Es	_	_
8-2	3496-3500	geht	_	_
8-3	3501-3506	darum	_	_
8-4	3506-3507	,	_	_
8-5	3508-3512	dass	_	_
8-6	3513-3516	wir	_	B
8-7	3517-3528	zusätzliche	_	B
8-8	3529-3542	Möglichkeiten	_	I
8-9	3543-3546	für	_	_
8-10	3547-3554	weitere	_	B
8-11	3555-3563	Behörden	_	I
8-12	3564-3572	schaffen	_	_
8-13	3572-3573	,	_	_
8-14	3574-3579	tätig	_	_
8-15	3580-3582	zu	_	_
8-16	3583-3589	werden	_	_
8-17	3589-3590	.	_	_
8-18	3591-3598	Deshalb	_	_
8-19	3599-3602	ist	_	_
8-20	3603-3605	es	_	B
8-21	3606-3609	das	_	B
8-22	3610-3613	ein	_	B
8-23	3614-3619	guter	_	I
8-24	3620-3633	Gesetzentwurf	_	I
8-25	3633-3634	.	_	_
8-26	3635-3638	Wir	_	B
8-27	3639-3645	werden	_	_
8-28	3646-3649	ihn	_	B
8-29	3650-3657	beraten	_	_
8-30	3657-3658	.	_	_
8-31	3659-3662	Ich	_	B
8-32	3663-3667	kann	_	_
8-33	3668-3671	für	_	_
8-34	3672-3678	unsere	_	B
8-35	3679-3687	Fraktion	_	I
8-36	3688-3693	volle	_	B
8-37	3694-3704	Zustimmung	_	I
8-38	3705-3718	signalisieren	_	_
8-39	3718-3719	.	_	_

#Text=Vielen Dank.
9-1	3726-3732	Vielen	_	_
9-2	3733-3737	Dank	_	_
9-3	3737-3738	.	_	_

#Text=Vielen Dank, Herr Kollege Frei. – Als nächste Rednerin hat die Kollegin Saskia Esken, SPD-Fraktion, das Wort.
10-1	3740-3746	Vielen	_	_
10-2	3747-3751	Dank	_	_
10-3	3751-3752	,	_	_
10-4	3753-3757	Herr	_	B
10-5	3758-3765	Kollege	_	I
10-6	3766-3770	Frei	_	_
10-7	3770-3771	.	_	_
10-8	3772-3773	–	_	_
10-9	3774-3777	Als	_	_
10-10	3778-3785	nächste	_	B
10-11	3786-3794	Rednerin	_	I
10-12	3795-3798	hat	_	_
10-13	3799-3802	die	_	B
10-14	3803-3811	Kollegin	_	I
10-15	3812-3818	Saskia	_	I
10-16	3819-3824	Esken	_	I
10-17	3824-3825	,	_	_
10-18	3826-3838	SPD-Fraktion	_	B
10-19	3838-3839	,	_	_
10-20	3840-3843	das	_	B
10-21	3844-3848	Wort	_	I
10-22	3848-3849	.	_	_
