#FORMAT=WebAnno TSV 3.2
#T_SP=webanno.custom.Animacy|Animated
#T_SP=webanno.custom.CustomChunk|Chunk


#Text=Frau Präsidentin! Meine sehr verehrten Damen und Herren! Am vergangenen Montag fand ich vor meinem Büro in Bautzen einen großen Blutfleck. Dahinter steckte eine geschmacklose Aktion, die sich nicht nur gegen mich, sondern auch gegen die Büros von CDU, SPD und Grünen richtete. Auf Twitter bekannte sich die sogenannte Identitäre Bewegung dazu, eine Bewegung, die der AfD-Bundestagsabgeordnete Petr Bystron für eine – Zitat – „tolle Organisation“ und eine „Vorfeldorganisation der AfD“ hält. Das sind Ihre Freunde!
1-1	0-4	Frau	_	B
1-2	5-16	Präsidentin	_	I
1-3	16-17	!	_	_
1-4	18-23	Meine	_	B
1-5	24-28	sehr	_	I
1-6	29-38	verehrten	_	I
1-7	39-44	Damen	_	I
1-8	45-48	und	_	_
1-9	49-55	Herren	_	B
1-10	55-56	!	_	_
1-11	57-59	Am	_	_
1-12	60-71	vergangenen	_	B
1-13	72-78	Montag	_	I
1-14	79-83	fand	_	_
1-15	84-87	ich	_	B
1-16	88-91	vor	_	_
1-17	92-98	meinem	_	B
1-18	99-103	Büro	_	I
1-19	104-106	in	_	_
1-20	107-114	Bautzen	_	B
1-21	115-120	einen	_	B
1-22	121-127	großen	_	I
1-23	128-137	Blutfleck	_	I
1-24	137-138	.	_	_
1-25	139-147	Dahinter	_	_
1-26	148-155	steckte	_	_
1-27	156-160	eine	_	B
1-28	161-174	geschmacklose	_	I
1-29	175-181	Aktion	_	I
1-30	181-182	,	_	_
1-31	183-186	die	_	B
1-32	187-191	sich	_	B
1-33	192-197	nicht	_	_
1-34	198-201	nur	_	_
1-35	202-207	gegen	_	_
1-36	208-212	mich	_	B
1-37	212-213	,	_	_
1-38	214-221	sondern	_	_
1-39	222-226	auch	_	_
1-40	227-232	gegen	_	_
1-41	233-236	die	_	B
1-42	237-242	Büros	_	I
1-43	243-246	von	_	_
1-44	247-250	CDU	_	B
1-45	250-251	,	_	_
1-46	252-255	SPD	_	B
1-47	256-259	und	_	_
1-48	260-266	Grünen	_	B
1-49	267-275	richtete	_	_
1-50	275-276	.	_	_
1-51	277-280	Auf	_	_
1-52	281-288	Twitter	_	B
1-53	289-297	bekannte	_	_
1-54	298-302	sich	_	B
1-55	303-306	die	_	B
1-56	307-317	sogenannte	_	I
1-57	318-328	Identitäre	_	I
1-58	329-337	Bewegung	_	I
1-59	338-342	dazu	_	_
1-60	342-343	,	_	_
1-61	344-348	eine	_	B
1-62	349-357	Bewegung	_	I
1-63	357-358	,	_	_
1-64	359-362	die	_	B
1-65	363-366	der	_	B
1-66	367-392	AfD-Bundestagsabgeordnete	_	I
1-67	393-397	Petr	_	I
1-68	398-405	Bystron	_	I
1-69	406-409	für	_	_
1-70	410-414	eine	_	B
1-71	415-416	–	_	I
1-72	417-422	Zitat	_	I
1-73	423-424	–	_	_
1-74	425-426	„	_	B
1-75	426-431	tolle	_	I
1-76	432-444	Organisation	_	I
1-77	444-445	“	_	_
1-78	446-449	und	_	_
1-79	450-454	eine	_	B
1-80	455-456	„	_	I
1-81	456-475	Vorfeldorganisation	_	I
1-82	476-479	der	_	B
1-83	480-483	AfD	_	I
1-84	483-484	“	_	_
1-85	485-489	hält	_	_
1-86	489-490	.	_	_
1-87	491-494	Das	_	B
1-88	495-499	sind	_	_
1-89	500-504	Ihre	_	B
1-90	505-512	Freunde	_	I
1-91	512-513	!	_	_

#Text=Der Vorfall am Montag war der 28. Angriff auf meine Büros im Landkreis Bautzen. In der Vergangenheit ging es um Schmierereien mit der Aufschrift „Judenbüro“, um Hakenkreuze, um zerschlagene Fensterscheiben, um Farban­schläge, Hausfriedensbruch, aber auch persönliche Bedrohungen meiner Gäste, meiner Mitarbeiter und von mir persönlich.
2-1	529-532	Der	_	B
2-2	533-540	Vorfall	_	I
2-3	541-543	am	_	_
2-4	544-550	Montag	_	B
2-5	551-554	war	_	_
2-6	555-558	der	_	B
2-7	559-562	28.	_	I
2-8	563-570	Angriff	_	I
2-9	571-574	auf	_	_
2-10	575-580	meine	_	B
2-11	581-586	Büros	_	I
2-12	587-589	im	_	_
2-13	590-599	Landkreis	_	B
2-14	600-607	Bautzen	_	I
2-15	607-608	.	_	_
2-16	609-611	In	_	_
2-17	612-615	der	_	B
2-18	616-629	Vergangenheit	_	I
2-19	630-634	ging	_	_
2-20	635-637	es	_	_
2-21	638-640	um	_	_
2-22	641-654	Schmierereien	_	B
2-23	655-658	mit	_	_
2-24	659-662	der	_	B
2-25	663-673	Aufschrift	_	I
2-26	674-675	„	_	I
2-27	675-684	Judenbüro	_	I
2-28	684-685	“	_	_
2-29	685-686	,	_	_
2-30	687-689	um	_	_
2-31	690-701	Hakenkreuze	_	B
2-32	701-702	,	_	_
2-33	703-705	um	_	_
2-34	706-718	zerschlagene	_	B
2-35	719-734	Fensterscheiben	_	I
2-36	734-735	,	_	_
2-37	736-738	um	_	B
2-38	739-753	Farban­schläge	_	I
2-39	753-754	,	_	_
2-40	755-772	Hausfriedensbruch	_	B
2-41	772-773	,	_	_
2-42	774-778	aber	_	_
2-43	779-783	auch	_	B
2-44	784-795	persönliche	_	I
2-45	796-807	Bedrohungen	_	I
2-46	808-814	meiner	_	B
2-47	815-820	Gäste	_	I
2-48	820-821	,	_	_
2-49	822-828	meiner	_	B
2-50	829-840	Mitarbeiter	_	I
2-51	841-844	und	_	_
2-52	845-848	von	_	_
2-53	849-852	mir	_	B
2-54	853-863	persönlich	_	_
2-55	863-864	.	_	_

#Text=Nur in einem einzigen Fall kam es zu einer Festnahme. Das, meine Damen und Herren, ist erschreckend.
3-1	875-878	Nur	_	_
3-2	879-881	in	_	_
3-3	882-887	einem	_	B
3-4	888-896	einzigen	_	I
3-5	897-901	Fall	_	I
3-6	902-905	kam	_	_
3-7	906-908	es	_	_
3-8	909-911	zu	_	_
3-9	912-917	einer	_	B
3-10	918-927	Festnahme	_	I
3-11	927-928	.	_	_
3-12	929-932	Das	_	B
3-13	932-933	,	_	_
3-14	934-939	meine	_	B
3-15	940-945	Damen	_	I
3-16	946-949	und	_	_
3-17	950-956	Herren	_	B
3-18	956-957	,	_	_
3-19	958-961	ist	_	_
3-20	962-974	erschreckend	_	_
3-21	974-975	.	_	_

#Text=Auch Politikerinnen und Politiker anderer Parteien werden von militanten Rechten bedroht. Bereits erwähnt worden ist die Kölner Oberbürgermeisterin Henriette Reker von der CDU.
4-1	980-984	Auch	_	B
4-2	985-999	Politikerinnen	_	I
4-3	1000-1003	und	_	_
4-4	1004-1013	Politiker	_	B
4-5	1014-1021	anderer	_	B
4-6	1022-1030	Parteien	_	I
4-7	1031-1037	werden	_	_
4-8	1038-1041	von	_	_
4-9	1042-1052	militanten	_	B
4-10	1053-1060	Rechten	_	I
4-11	1061-1068	bedroht	_	_
4-12	1068-1069	.	_	_
4-13	1070-1077	Bereits	_	_
4-14	1078-1085	erwähnt	_	_
4-15	1086-1092	worden	_	_
4-16	1093-1096	ist	_	_
4-17	1097-1100	die	_	B
4-18	1101-1107	Kölner	_	I
4-19	1108-1127	Oberbürgermeisterin	_	I
4-20	1128-1137	Henriette	_	I
4-21	1138-1143	Reker	_	I
4-22	1144-1147	von	_	_
4-23	1148-1151	der	_	B
4-24	1152-1155	CDU	_	I
4-25	1155-1156	.	_	_

#Text=– Sie ist parteilos, Entschuldigung. – Aber auch Christoph Bergner, CDU-Bundestagsabgeordneter, Dr. Karamba Diaby von der SPD oder der Kollege Sebastian Striegel von den sächsischen Grünen waren von rechter Gewalt betroffen. Es gibt unzählige Beispiele.
5-1	1159-1160	–	_	_
5-2	1161-1164	Sie	_	B
5-3	1165-1168	ist	_	_
5-4	1169-1178	parteilos	_	_
5-5	1178-1179	,	_	_
5-6	1180-1194	Entschuldigung	_	B
5-7	1194-1195	.	_	_
5-8	1196-1197	–	_	_
5-9	1198-1202	Aber	_	_
5-10	1203-1207	auch	_	B
5-11	1208-1217	Christoph	_	I
5-12	1218-1225	Bergner	_	I
5-13	1225-1226	,	_	_
5-14	1227-1253	CDU-Bundestagsabgeordneter	_	B
5-15	1253-1254	,	_	_
5-16	1255-1258	Dr.	_	B
5-17	1259-1266	Karamba	_	I
5-18	1267-1272	Diaby	_	I
5-19	1273-1276	von	_	_
5-20	1277-1280	der	_	B
5-21	1281-1284	SPD	_	I
5-22	1285-1289	oder	_	_
5-23	1290-1293	der	_	B
5-24	1294-1301	Kollege	_	I
5-25	1302-1311	Sebastian	_	I
5-26	1312-1320	Striegel	_	I
5-27	1321-1324	von	_	_
5-28	1325-1328	den	_	B
5-29	1329-1340	sächsischen	_	I
5-30	1341-1347	Grünen	_	I
5-31	1348-1353	waren	_	_
5-32	1354-1357	von	_	_
5-33	1358-1365	rechter	_	B
5-34	1366-1372	Gewalt	_	I
5-35	1373-1382	betroffen	_	_
5-36	1382-1383	.	_	_
5-37	1384-1386	Es	_	_
5-38	1387-1391	gibt	_	_
5-39	1392-1401	unzählige	_	B
5-40	1402-1411	Beispiele	_	I
5-41	1411-1412	.	_	_

#Text=Aus der Antwort auf eine Kleine Anfrage unserer Fraktion geht hervor: Bis September dieses Jahres gab es 111 Angriffe auf Bundestagsabgeordnete und ihre Büros. Die Verhältnisse sind sehr klar: 93 davon wurden von Rechtsextremen begangen, 18 von Linksextremen. Jeder dieser Angriffe ist ein Angriff zu viel.
6-1	1419-1422	Aus	_	_
6-2	1423-1426	der	_	B
6-3	1427-1434	Antwort	_	I
6-4	1435-1438	auf	_	_
6-5	1439-1443	eine	_	B
6-6	1444-1450	Kleine	_	I
6-7	1451-1458	Anfrage	_	I
6-8	1459-1466	unserer	_	B
6-9	1467-1475	Fraktion	_	I
6-10	1476-1480	geht	_	_
6-11	1481-1487	hervor	_	_
6-12	1487-1488	:	_	_
6-13	1489-1492	Bis	_	_
6-14	1493-1502	September	_	B
6-15	1503-1509	dieses	_	B
6-16	1510-1516	Jahres	_	I
6-17	1517-1520	gab	_	_
6-18	1521-1523	es	_	_
6-19	1524-1527	111	_	B
6-20	1528-1536	Angriffe	_	I
6-21	1537-1540	auf	_	_
6-22	1541-1562	Bundestagsabgeordnete	_	B
6-23	1563-1566	und	_	_
6-24	1567-1571	ihre	_	B
6-25	1572-1577	Büros	_	I
6-26	1577-1578	.	_	_
6-27	1579-1582	Die	_	B
6-28	1583-1595	Verhältnisse	_	I
6-29	1596-1600	sind	_	_
6-30	1601-1605	sehr	_	_
6-31	1606-1610	klar	_	_
6-32	1610-1611	:	_	_
6-33	1612-1614	93	_	_
6-34	1615-1620	davon	_	_
6-35	1621-1627	wurden	_	_
6-36	1628-1631	von	_	_
6-37	1632-1646	Rechtsextremen	_	B
6-38	1647-1655	begangen	_	_
6-39	1655-1656	,	_	_
6-40	1657-1659	18	_	_
6-41	1660-1663	von	_	_
6-42	1664-1677	Linksextremen	_	B
6-43	1677-1678	.	_	_
6-44	1679-1684	Jeder	_	B
6-45	1685-1691	dieser	_	B
6-46	1692-1700	Angriffe	_	I
6-47	1701-1704	ist	_	_
6-48	1705-1708	ein	_	B
6-49	1709-1716	Angriff	_	I
6-50	1717-1719	zu	_	B
6-51	1720-1724	viel	_	I
6-52	1724-1725	.	_	_

#Text=Die Angriffe auf Politikerinnen und Politiker stehen allerdings in keinem Verhältnis zu den zum Teil schlimmen und lebensgefährlichen Angriffen, denen andere Menschen ausgesetzt sind. Ich spreche hier von Geflüchteten, Migrantinnen und Migranten, alternativen Jugendlichen und Obdachlosen. Diese rassistische Gewalt ist das größte Problem, das unsere Demokratie bedroht.
7-1	1732-1735	Die	_	B
7-2	1736-1744	Angriffe	_	I
7-3	1745-1748	auf	_	_
7-4	1749-1763	Politikerinnen	_	B
7-5	1764-1767	und	_	_
7-6	1768-1777	Politiker	_	B
7-7	1778-1784	stehen	_	_
7-8	1785-1795	allerdings	_	_
7-9	1796-1798	in	_	_
7-10	1799-1805	keinem	_	B
7-11	1806-1816	Verhältnis	_	I
7-12	1817-1819	zu	_	_
7-13	1820-1823	den	_	_
7-14	1824-1827	zum	_	_
7-15	1828-1832	Teil	_	B
7-16	1833-1842	schlimmen	_	_
7-17	1843-1846	und	_	_
7-18	1847-1865	lebensgefährlichen	_	_
7-19	1866-1875	Angriffen	_	_
7-20	1875-1876	,	_	_
7-21	1877-1882	denen	_	B
7-22	1883-1889	andere	_	B
7-23	1890-1898	Menschen	_	I
7-24	1899-1909	ausgesetzt	_	_
7-25	1910-1914	sind	_	_
7-26	1914-1915	.	_	_
7-27	1916-1919	Ich	_	B
7-28	1920-1927	spreche	_	_
7-29	1928-1932	hier	_	_
7-30	1933-1936	von	_	_
7-31	1937-1949	Geflüchteten	_	B
7-32	1949-1950	,	_	_
7-33	1951-1963	Migrantinnen	_	B
7-34	1964-1967	und	_	_
7-35	1968-1977	Migranten	_	B
7-36	1977-1978	,	_	_
7-37	1979-1991	alternativen	_	B
7-38	1992-2004	Jugendlichen	_	I
7-39	2005-2008	und	_	_
7-40	2009-2020	Obdachlosen	_	B
7-41	2020-2021	.	_	_
7-42	2022-2027	Diese	_	B
7-43	2028-2040	rassistische	_	I
7-44	2041-2047	Gewalt	_	I
7-45	2048-2051	ist	_	_
7-46	2052-2055	das	_	B
7-47	2056-2062	größte	_	I
7-48	2063-2070	Problem	_	I
7-49	2070-2071	,	_	_
7-50	2072-2075	das	_	B
7-51	2076-2082	unsere	_	B
7-52	2083-2093	Demokratie	_	I
7-53	2094-2101	bedroht	_	_
7-54	2101-2102	.	_	_

#Text=Es gab allein im letzten Jahr fast 1 000 Angriffe auf Flüchtlingsunterkünfte und 2 500 weitere Angriffe auf Geflüchtete. An dieser Stelle vermisse ich die Empörung der AfD.
8-1	2110-2112	Es	_	_
8-2	2113-2116	gab	_	_
8-3	2117-2123	allein	_	_
8-4	2124-2126	im	_	_
8-5	2127-2134	letzten	_	B
8-6	2135-2139	Jahr	_	I
8-7	2140-2144	fast	_	B
8-8	2145-2146	1	_	I
8-9	2147-2150	000	_	I
8-10	2151-2159	Angriffe	_	I
8-11	2160-2163	auf	_	_
8-12	2164-2186	Flüchtlingsunterkünfte	_	B
8-13	2187-2190	und	_	_
8-14	2191-2192	2	_	B
8-15	2193-2196	500	_	I
8-16	2197-2204	weitere	_	I
8-17	2205-2213	Angriffe	_	I
8-18	2214-2217	auf	_	_
8-19	2218-2229	Geflüchtete	_	B
8-20	2229-2230	.	_	_
8-21	2231-2233	An	_	_
8-22	2234-2240	dieser	_	B
8-23	2241-2247	Stelle	_	I
8-24	2248-2256	vermisse	_	_
8-25	2257-2260	ich	_	B
8-26	2261-2264	die	_	B
8-27	2265-2273	Empörung	_	I
8-28	2274-2277	der	_	B
8-29	2278-2282	AfD.	_	I

#Text=Ihre Bundestagsfraktion ist ja nicht gerade zimperlich. Es ist erwähnt worden: Der Bundestagsabgeordnete Stephan Brandner postete ein Foto von einer Machete und bedrohte das Zentrum für Politische Schönheit. Schon im Juli dieses Jahres gab es ein Foto von einer Steinschleuder mit dem Hashtag „Neuerwerb!“. Das, meine Damen und Herren, ist völlig inakzeptabel.
9-1	2284-2288	Ihre	_	B
9-2	2289-2307	Bundestagsfraktion	_	I
9-3	2308-2311	ist	_	_
9-4	2312-2314	ja	_	_
9-5	2315-2320	nicht	_	_
9-6	2321-2327	gerade	_	_
9-7	2328-2338	zimperlich	_	_
9-8	2338-2339	.	_	_
9-9	2340-2342	Es	_	B
9-10	2343-2346	ist	_	_
9-11	2347-2354	erwähnt	_	_
9-12	2355-2361	worden	_	_
9-13	2361-2362	:	_	_
9-14	2363-2366	Der	_	B
9-15	2367-2388	Bundestagsabgeordnete	_	I
9-16	2389-2396	Stephan	_	I
9-17	2397-2405	Brandner	_	I
9-18	2406-2413	postete	_	_
9-19	2414-2417	ein	_	B
9-20	2418-2422	Foto	_	I
9-21	2423-2426	von	_	_
9-22	2427-2432	einer	_	B
9-23	2433-2440	Machete	_	I
9-24	2441-2444	und	_	_
9-25	2445-2453	bedrohte	_	_
9-26	2454-2457	das	_	B
9-27	2458-2465	Zentrum	_	I
9-28	2466-2469	für	_	_
9-29	2470-2480	Politische	_	B
9-30	2481-2490	Schönheit	_	I
9-31	2490-2491	.	_	_
9-32	2492-2497	Schon	_	_
9-33	2498-2500	im	_	_
9-34	2501-2505	Juli	_	B
9-35	2506-2512	dieses	_	B
9-36	2513-2519	Jahres	_	I
9-37	2520-2523	gab	_	_
9-38	2524-2526	es	_	_
9-39	2527-2530	ein	_	B
9-40	2531-2535	Foto	_	I
9-41	2536-2539	von	_	_
9-42	2540-2545	einer	_	B
9-43	2546-2560	Steinschleuder	_	I
9-44	2561-2564	mit	_	_
9-45	2565-2568	dem	_	B
9-46	2569-2576	Hashtag	_	I
9-47	2577-2578	„	_	I
9-48	2578-2587	Neuerwerb	_	I
9-49	2587-2588	!	_	_
9-50	2588-2589	“	_	_
9-51	2589-2590	.	_	_
9-52	2591-2594	Das	_	B
9-53	2594-2595	,	_	_
9-54	2596-2601	meine	_	B
9-55	2602-2607	Damen	_	I
9-56	2608-2611	und	_	_
9-57	2612-2618	Herren	_	B
9-58	2618-2619	,	_	_
9-59	2620-2623	ist	_	_
9-60	2624-2630	völlig	_	_
9-61	2631-2643	inakzeptabel	_	_
9-62	2643-2644	.	_	_

#Text=19 Mitglieder der AfD-Bundestagsfraktion und 33 Landtagsabgeordnete Ihrer Partei waren Mitglieder einer Facebook-Gruppe mit dem Namen „Die Patrioten“. Dort wurde ein Foto gepostet, das Anne Frank – ein Mädchen, das von Nazis ermordet wurde – auf einem Pizzakarton zeigte, mit einem Schriftzug, der so ekelhaft ist, dass ich ihn an dieser Stelle nicht zitieren kann. Das ist so was von geschmacklos und menschenverachtend, meine Damen und Herren! Schämen Sie sich!
10-1	2655-2657	19	_	B
10-2	2658-2668	Mitglieder	_	I
10-3	2669-2672	der	_	B
10-4	2673-2695	AfD-Bundestagsfraktion	_	I
10-5	2696-2699	und	_	_
10-6	2700-2702	33	_	B
10-7	2703-2722	Landtagsabgeordnete	_	I
10-8	2723-2728	Ihrer	_	B
10-9	2729-2735	Partei	_	I
10-10	2736-2741	waren	_	_
10-11	2742-2752	Mitglieder	_	B
10-12	2753-2758	einer	_	B
10-13	2759-2774	Facebook-Gruppe	_	I
10-14	2775-2778	mit	_	_
10-15	2779-2782	dem	_	B
10-16	2783-2788	Namen	_	I
10-17	2789-2790	„	_	I
10-18	2790-2793	Die	_	I
10-19	2794-2803	Patrioten	_	I
10-20	2803-2804	“	_	_
10-21	2804-2805	.	_	_
10-22	2806-2810	Dort	_	_
10-23	2811-2816	wurde	_	_
10-24	2817-2820	ein	_	B
10-25	2821-2825	Foto	_	I
10-26	2826-2834	gepostet	_	_
10-27	2834-2835	,	_	_
10-28	2836-2839	das	_	B
10-29	2840-2844	Anne	_	B
10-30	2845-2850	Frank	_	I
10-31	2851-2852	–	_	_
10-32	2853-2856	ein	_	B
10-33	2857-2864	Mädchen	_	I
10-34	2864-2865	,	_	_
10-35	2866-2869	das	_	B
10-36	2870-2873	von	_	_
10-37	2874-2879	Nazis	_	B
10-38	2880-2888	ermordet	_	_
10-39	2889-2894	wurde	_	_
10-40	2895-2896	–	_	_
10-41	2897-2900	auf	_	_
10-42	2901-2906	einem	_	B
10-43	2907-2918	Pizzakarton	_	I
10-44	2919-2925	zeigte	_	_
10-45	2925-2926	,	_	_
10-46	2927-2930	mit	_	_
10-47	2931-2936	einem	_	B
10-48	2937-2947	Schriftzug	_	I
10-49	2947-2948	,	_	_
10-50	2949-2952	der	_	B
10-51	2953-2955	so	_	_
10-52	2956-2964	ekelhaft	_	_
10-53	2965-2968	ist	_	_
10-54	2968-2969	,	_	_
10-55	2970-2974	dass	_	_
10-56	2975-2978	ich	_	B
10-57	2979-2982	ihn	_	B
10-58	2983-2985	an	_	_
10-59	2986-2992	dieser	_	B
10-60	2993-2999	Stelle	_	I
10-61	3000-3005	nicht	_	_
10-62	3006-3014	zitieren	_	_
10-63	3015-3019	kann	_	_
10-64	3019-3020	.	_	_
10-65	3021-3024	Das	_	B
10-66	3025-3028	ist	_	_
10-67	3029-3031	so	_	_
10-68	3032-3035	was	_	B
10-69	3036-3039	von	_	_
10-70	3040-3052	geschmacklos	_	_
10-71	3053-3056	und	_	_
10-72	3057-3075	menschenverachtend	_	_
10-73	3075-3076	,	_	_
10-74	3077-3082	meine	_	B
10-75	3083-3088	Damen	_	I
10-76	3089-3092	und	_	_
10-77	3093-3099	Herren	_	B
10-78	3099-3100	!	_	_
10-79	3101-3108	Schämen	_	_
10-80	3109-3112	Sie	_	B
10-81	3113-3117	sich	_	B
10-82	3117-3118	!	_	_

#Text=Wer darüber nicht reden und sich davon nicht distanzieren will, der soll aufhören, sich hier als Opfer zu inszenieren. Das ist einfach scheinheilig.
11-1	3131-3134	Wer	_	B
11-2	3135-3142	darüber	_	_
11-3	3143-3148	nicht	_	_
11-4	3149-3154	reden	_	_
11-5	3155-3158	und	_	_
11-6	3159-3163	sich	_	B
11-7	3164-3169	davon	_	_
11-8	3170-3175	nicht	_	_
11-9	3176-3188	distanzieren	_	_
11-10	3189-3193	will	_	_
11-11	3193-3194	,	_	_
11-12	3195-3198	der	_	_
11-13	3199-3203	soll	_	_
11-14	3204-3212	aufhören	_	_
11-15	3212-3213	,	_	_
11-16	3214-3218	sich	_	B
11-17	3219-3223	hier	_	_
11-18	3224-3227	als	_	_
11-19	3228-3233	Opfer	_	B
11-20	3234-3236	zu	_	_
11-21	3237-3248	inszenieren	_	_
11-22	3248-3249	.	_	_
11-23	3250-3253	Das	_	B
11-24	3254-3257	ist	_	_
11-25	3258-3265	einfach	_	_
11-26	3266-3278	scheinheilig	_	_
11-27	3278-3279	.	_	_

#Text=Das ist übrigens der Grund, warum Menschen vor Ihrem Parteitag demonstrieren. Dafür gibt es auch gute Gründe.
12-1	3284-3287	Das	_	B
12-2	3288-3291	ist	_	_
12-3	3292-3300	übrigens	_	_
12-4	3301-3304	der	_	B
12-5	3305-3310	Grund	_	I
12-6	3310-3311	,	_	_
12-7	3312-3317	warum	_	_
12-8	3318-3326	Menschen	_	B
12-9	3327-3330	vor	_	_
12-10	3331-3336	Ihrem	_	B
12-11	3337-3346	Parteitag	_	I
12-12	3347-3360	demonstrieren	_	_
12-13	3360-3361	.	_	_
12-14	3362-3367	Dafür	_	_
12-15	3368-3372	gibt	_	_
12-16	3373-3375	es	_	_
12-17	3376-3380	auch	_	_
12-18	3381-3385	gute	_	B
12-19	3386-3392	Gründe	_	I
12-20	3392-3393	.	_	_

#Text=Gewalt, meine Damen und Herren, insbesondere gegen Personen, lehnen wir Linke unmissverständlich ab. Gewalt ist kein Mittel der Politik, schon gar nicht von linker Politik.
13-1	3397-3403	Gewalt	_	B
13-2	3403-3404	,	_	_
13-3	3405-3410	meine	_	B
13-4	3411-3416	Damen	_	I
13-5	3417-3420	und	_	_
13-6	3421-3427	Herren	_	B
13-7	3427-3428	,	_	_
13-8	3429-3441	insbesondere	_	_
13-9	3442-3447	gegen	_	_
13-10	3448-3456	Personen	_	B
13-11	3456-3457	,	_	_
13-12	3458-3464	lehnen	_	_
13-13	3465-3468	wir	_	B
13-14	3469-3474	Linke	_	B
13-15	3475-3493	unmissverständlich	_	_
13-16	3494-3496	ab	_	_
13-17	3496-3497	.	_	_
13-18	3498-3504	Gewalt	_	B
13-19	3505-3508	ist	_	_
13-20	3509-3513	kein	_	B
13-21	3514-3520	Mittel	_	I
13-22	3521-3524	der	_	B
13-23	3525-3532	Politik	_	I
13-24	3532-3533	,	_	_
13-25	3534-3539	schon	_	B
13-26	3540-3543	gar	_	I
13-27	3544-3549	nicht	_	I
13-28	3550-3553	von	_	I
13-29	3554-3560	linker	_	I
13-30	3561-3568	Politik	_	I
13-31	3568-3569	.	_	_

#Text=Dass Sie aber jetzt so tun, als sei diese Demonstration eine linksextremistische Veranstaltung gewesen,
14-1	3576-3580	Dass	_	_
14-2	3581-3584	Sie	_	B
14-3	3585-3589	aber	_	_
14-4	3590-3595	jetzt	_	_
14-5	3596-3598	so	_	_
14-6	3599-3602	tun	_	_
14-7	3602-3603	,	_	_
14-8	3604-3607	als	_	_
14-9	3608-3611	sei	_	_
14-10	3612-3617	diese	_	B
14-11	3618-3631	Demonstration	_	I
14-12	3632-3636	eine	_	B
14-13	3637-3656	linksextremistische	_	I
14-14	3657-3670	Veranstaltung	_	I
14-15	3671-3678	gewesen	_	_
14-16	3678-3679	,	_	_

#Text=geht nicht. Mit dabei waren Vertreterinnen und Vertreter der Kirchen, der Muslime,
15-1	3682-3686	geht	_	_
15-2	3687-3692	nicht	_	_
15-3	3692-3693	.	_	_
15-4	3694-3697	Mit	_	_
15-5	3698-3703	dabei	_	_
15-6	3704-3709	waren	_	_
15-7	3710-3724	Vertreterinnen	_	B
15-8	3725-3728	und	_	_
15-9	3729-3738	Vertreter	_	B
15-10	3739-3742	der	_	B
15-11	3743-3750	Kirchen	_	I
15-12	3750-3751	,	_	_
15-13	3752-3755	der	_	B
15-14	3756-3763	Muslime	_	I
15-15	3763-3764	,	_	_

#Text=der Gewerkschaften und Überlebende des Holocaust. Sie alle haben Grund, sich Sorgen zu machen und gegen Ihren Parteitag zu demonstrieren.
16-1	3768-3771	der	_	B
16-2	3772-3786	Gewerkschaften	_	I
16-3	3787-3790	und	_	_
16-4	3791-3802	Überlebende	_	B
16-5	3803-3806	des	_	B
16-6	3807-3816	Holocaust	_	I
16-7	3816-3817	.	_	_
16-8	3818-3821	Sie	_	B
16-9	3822-3826	alle	_	B
16-10	3827-3832	haben	_	_
16-11	3833-3838	Grund	_	B
16-12	3838-3839	,	_	_
16-13	3840-3844	sich	_	B
16-14	3845-3851	Sorgen	_	B
16-15	3852-3854	zu	_	_
16-16	3855-3861	machen	_	_
16-17	3862-3865	und	_	_
16-18	3866-3871	gegen	_	_
16-19	3872-3877	Ihren	_	B
16-20	3878-3887	Parteitag	_	I
16-21	3888-3890	zu	_	_
16-22	3891-3904	demonstrieren	_	_
16-23	3904-3905	.	_	_

#Text=Und warum? Weil die AfD und ihr Umfeld diese Gesellschaft spalten und weil Sie Hass schüren.
17-1	3909-3912	Und	_	_
17-2	3913-3918	warum	_	_
17-3	3918-3919	?	_	_
17-4	3920-3924	Weil	_	_
17-5	3925-3928	die	_	B
17-6	3929-3932	AfD	_	I
17-7	3933-3936	und	_	_
17-8	3937-3940	ihr	_	B
17-9	3941-3947	Umfeld	_	I
17-10	3948-3953	diese	_	B
17-11	3954-3966	Gesellschaft	_	I
17-12	3967-3974	spalten	_	_
17-13	3975-3978	und	_	_
17-14	3979-3983	weil	_	_
17-15	3984-3987	Sie	_	B
17-16	3988-3992	Hass	_	B
17-17	3993-4000	schüren	_	_
17-18	4000-4001	.	_	_

#Text=Sie machen Geflüchtete zu Sündenböcken für eine gescheiterte Sozialpolitik. Sie stellen Migrantinnen und Migranten als Kriminelle dar. Sie tun so, als würde es in Großpostwitz kein größeres Problem als die Burka geben oder als würde in Kleinwelka die Einführung der Scharia kurz bevorstehen. Hören Sie endlich auf damit! Hören Sie auf, Hass zu schüren! Lassen Sie Ihre scheinheiligen Anträge sein!
18-1	4004-4007	Sie	_	B
18-2	4008-4014	machen	_	_
18-3	4015-4026	Geflüchtete	_	B
18-4	4027-4029	zu	_	_
18-5	4030-4042	Sündenböcken	_	B
18-6	4043-4046	für	_	_
18-7	4047-4051	eine	_	B
18-8	4052-4064	gescheiterte	_	I
18-9	4065-4078	Sozialpolitik	_	I
18-10	4078-4079	.	_	_
18-11	4080-4083	Sie	_	B
18-12	4084-4091	stellen	_	_
18-13	4092-4104	Migrantinnen	_	B
18-14	4105-4108	und	_	_
18-15	4109-4118	Migranten	_	B
18-16	4119-4122	als	_	_
18-17	4123-4133	Kriminelle	_	B
18-18	4134-4137	dar	_	_
18-19	4137-4138	.	_	_
18-20	4139-4142	Sie	_	B
18-21	4143-4146	tun	_	_
18-22	4147-4149	so	_	_
18-23	4149-4150	,	_	_
18-24	4151-4154	als	_	_
18-25	4155-4160	würde	_	_
18-26	4161-4163	es	_	_
18-27	4164-4166	in	_	_
18-28	4167-4179	Großpostwitz	_	B
18-29	4180-4184	kein	_	B
18-30	4185-4193	größeres	_	I
18-31	4194-4201	Problem	_	I
18-32	4202-4205	als	_	_
18-33	4206-4209	die	_	_
18-34	4210-4215	Burka	_	_
18-35	4216-4221	geben	_	_
18-36	4222-4226	oder	_	_
18-37	4227-4230	als	_	_
18-38	4231-4236	würde	_	_
18-39	4237-4239	in	_	_
18-40	4240-4250	Kleinwelka	_	B
18-41	4251-4254	die	_	B
18-42	4255-4265	Einführung	_	I
18-43	4266-4269	der	_	B
18-44	4270-4277	Scharia	_	I
18-45	4278-4282	kurz	_	_
18-46	4283-4294	bevorstehen	_	_
18-47	4294-4295	.	_	_
18-48	4296-4301	Hören	_	_
18-49	4302-4305	Sie	_	B
18-50	4306-4313	endlich	_	_
18-51	4314-4317	auf	_	_
18-52	4318-4323	damit	_	_
18-53	4323-4324	!	_	_
18-54	4325-4330	Hören	_	_
18-55	4331-4334	Sie	_	B
18-56	4335-4338	auf	_	_
18-57	4338-4339	,	_	_
18-58	4340-4344	Hass	_	B
18-59	4345-4347	zu	_	_
18-60	4348-4355	schüren	_	_
18-61	4355-4356	!	_	_
18-62	4357-4363	Lassen	_	_
18-63	4364-4367	Sie	_	B
18-64	4368-4372	Ihre	_	B
18-65	4373-4387	scheinheiligen	_	I
18-66	4388-4395	Anträge	_	I
18-67	4396-4400	sein	_	_
18-68	4400-4401	!	_	_

#Text=Vielen Dank.
19-1	4410-4416	Vielen	_	_
19-2	4417-4421	Dank	_	_
19-3	4421-4422	.	_	_

#Text=Vielen Dank, Caren Lay. – Noch einmal – weil sich wieder jemand zu einer Zwischenfrage gemeldet hat –: In der Aktuellen Stunde gibt es keine Zwischenfragen; das legt die Geschäftsordnung fest.
20-1	4424-4430	Vielen	_	_
20-2	4431-4435	Dank	_	_
20-3	4435-4436	,	_	_
20-4	4437-4442	Caren	_	B
20-5	4443-4446	Lay	_	I
20-6	4446-4447	.	_	_
20-7	4448-4449	–	_	_
20-8	4450-4454	Noch	_	_
20-9	4455-4461	einmal	_	_
20-10	4462-4463	–	_	_
20-11	4464-4468	weil	_	_
20-12	4469-4473	sich	_	B
20-13	4474-4480	wieder	_	_
20-14	4481-4487	jemand	_	B
20-15	4488-4490	zu	_	_
20-16	4491-4496	einer	_	B
20-17	4497-4510	Zwischenfrage	_	I
20-18	4511-4519	gemeldet	_	_
20-19	4520-4523	hat	_	_
20-20	4524-4525	–	_	_
20-21	4525-4526	:	_	_
20-22	4527-4529	In	_	_
20-23	4530-4533	der	_	B
20-24	4534-4543	Aktuellen	_	I
20-25	4544-4550	Stunde	_	I
20-26	4551-4555	gibt	_	_
20-27	4556-4558	es	_	_
20-28	4559-4564	keine	_	B
20-29	4565-4579	Zwischenfragen	_	I
20-30	4579-4580	;	_	_
20-31	4581-4584	das	_	B
20-32	4585-4589	legt	_	_
20-33	4590-4593	die	_	B
20-34	4594-4610	Geschäftsordnung	_	I
20-35	4611-4615	fest	_	_
20-36	4615-4616	.	_	_

#Text=Nächster Redner: Sven-Christian Kindler für Bündnis 90/Die Grünen.
21-1	4622-4630	Nächster	_	B
21-2	4631-4637	Redner	_	I
21-3	4637-4638	:	_	_
21-4	4639-4653	Sven-Christian	_	B
21-5	4654-4661	Kindler	_	I
21-6	4662-4665	für	_	_
21-7	4666-4673	Bündnis	_	B
21-8	4674-4676	90	_	_
21-9	4676-4677	/	_	_
21-10	4677-4680	Die	_	B
21-11	4681-4687	Grünen	_	I
21-12	4687-4688	.	_	_
