#FORMAT=WebAnno TSV 3.2
#T_SP=webanno.custom.Animacy|Animated
#T_SP=webanno.custom.CustomChunk|Chunk


#Text=Sehr geehrter Herr Präsident! Sehr geehrte Kolleginnen und Kollegen! Liebe Zuschauer und Zuhörer! Wissen Sie, wie lange die Gegenwart dauert? Die Forscher sind sich einig: drei Sekunden. Drei Sekunden hat unser Gehirn, um neue Informationen miteinander zu verbinden und zu verknüpfen. Bekommt es dann keinen neuen Reiz, dann fragt es sofort: Was gibt es Neues?
1-1	0-4	Sehr	_	B
1-2	5-13	geehrter	_	I
1-3	14-18	Herr	_	I
1-4	19-28	Präsident	_	I
1-5	28-29	!	_	_
1-6	30-34	Sehr	_	B
1-7	35-42	geehrte	_	I
1-8	43-54	Kolleginnen	_	I
1-9	55-58	und	_	_
1-10	59-67	Kollegen	_	B
1-11	67-68	!	_	_
1-12	69-74	Liebe	_	B
1-13	75-84	Zuschauer	_	_
1-14	85-88	und	_	_
1-15	89-96	Zuhörer	_	B
1-16	96-97	!	_	_
1-17	98-104	Wissen	_	_
1-18	105-108	Sie	_	B
1-19	108-109	,	_	_
1-20	110-113	wie	_	_
1-21	114-119	lange	_	_
1-22	120-123	die	_	B
1-23	124-133	Gegenwart	_	I
1-24	134-140	dauert	_	_
1-25	140-141	?	_	_
1-26	142-145	Die	_	B
1-27	146-154	Forscher	_	I
1-28	155-159	sind	_	_
1-29	160-164	sich	_	B
1-30	165-170	einig	_	_
1-31	170-171	:	_	_
1-32	172-176	drei	_	B
1-33	177-185	Sekunden	_	I
1-34	185-186	.	_	_
1-35	187-191	Drei	_	B
1-36	192-200	Sekunden	_	I
1-37	201-204	hat	_	_
1-38	205-210	unser	_	B
1-39	211-217	Gehirn	_	I
1-40	217-218	,	_	_
1-41	219-221	um	_	_
1-42	222-226	neue	_	B
1-43	227-240	Informationen	_	I
1-44	241-252	miteinander	_	_
1-45	253-255	zu	_	_
1-46	256-265	verbinden	_	_
1-47	266-269	und	_	_
1-48	270-272	zu	_	_
1-49	273-283	verknüpfen	_	_
1-50	283-284	.	_	_
1-51	285-292	Bekommt	_	_
1-52	293-295	es	_	_
1-53	296-300	dann	_	_
1-54	301-307	keinen	_	B
1-55	308-313	neuen	_	I
1-56	314-318	Reiz	_	I
1-57	318-319	,	_	_
1-58	320-324	dann	_	_
1-59	325-330	fragt	_	_
1-60	331-333	es	_	B
1-61	334-340	sofort	_	_
1-62	340-341	:	_	_
1-63	342-345	Was	_	B
1-64	346-350	gibt	_	_
1-65	351-353	es	_	_
1-66	354-359	Neues	_	B
1-67	359-360	?	_	_

#Text=Als ich den Antrag der FDP gelesen habe, hat mein Gehirn schon nach zwei Sekunden gefragt: Was gibt es eigentlich Neues?
2-1	373-376	Als	_	_
2-2	377-380	ich	_	B
2-3	381-384	den	_	B
2-4	385-391	Antrag	_	I
2-5	392-395	der	_	B
2-6	396-399	FDP	_	I
2-7	400-407	gelesen	_	_
2-8	408-412	habe	_	_
2-9	412-413	,	_	_
2-10	414-417	hat	_	_
2-11	418-422	mein	_	B
2-12	423-429	Gehirn	_	I
2-13	430-435	schon	_	_
2-14	436-440	nach	_	_
2-15	441-445	zwei	_	B
2-16	446-454	Sekunden	_	I
2-17	455-462	gefragt	_	_
2-18	462-463	:	_	_
2-19	464-467	Was	_	B
2-20	468-472	gibt	_	_
2-21	473-475	es	_	_
2-22	476-486	eigentlich	_	_
2-23	487-492	Neues	_	B
2-24	492-493	?	_	_

#Text=Buzzwords first und Verständnis second.
3-1	497-506	Buzzwords	_	_
3-2	507-512	first	_	_
3-3	513-516	und	_	_
3-4	517-528	Verständnis	_	B
3-5	529-535	second	_	_
3-6	535-536	.	_	_

#Text=Die FDP will eine Freiheitszone, wirklich! Im 30. Jahr der Friedlichen Revolution bzw. des Berliner Mauerfalls will die FDP eine Freiheitszone für Ostdeutschland, und zwar weil Ostdeutschland nach Ansicht der FDP ein Synonym für Bevölkerungsrückgang, für Strukturschwäche und für mangelnde Innovationskultur ist. Diese Feststellung treffen Sie, weil Sie ein paar Studien miteinander mixen. Wenn Wirtschaftspolitik so einfach wäre, dann könnte man sie wirklich der FDP anvertrauen. Aber so einfach ist das nicht.
4-1	538-541	Die	_	B
4-2	542-545	FDP	_	I
4-3	546-550	will	_	_
4-4	551-555	eine	_	B
4-5	556-569	Freiheitszone	_	I
4-6	569-570	,	_	_
4-7	571-579	wirklich	_	_
4-8	579-580	!	_	_
4-9	581-583	Im	_	_
4-10	584-587	30.	_	B
4-11	588-592	Jahr	_	I
4-12	593-596	der	_	B
4-13	597-608	Friedlichen	_	I
4-14	609-619	Revolution	_	I
4-15	620-624	bzw.	_	_
4-16	625-628	des	_	B
4-17	629-637	Berliner	_	I
4-18	638-648	Mauerfalls	_	I
4-19	649-653	will	_	_
4-20	654-657	die	_	B
4-21	658-661	FDP	_	I
4-22	662-666	eine	_	B
4-23	667-680	Freiheitszone	_	I
4-24	681-684	für	_	_
4-25	685-699	Ostdeutschland	_	B
4-26	699-700	,	_	_
4-27	701-704	und	_	_
4-28	705-709	zwar	_	_
4-29	710-714	weil	_	_
4-30	715-729	Ostdeutschland	_	B
4-31	730-734	nach	_	_
4-32	735-742	Ansicht	_	B
4-33	743-746	der	_	B
4-34	747-750	FDP	_	I
4-35	751-754	ein	_	B
4-36	755-762	Synonym	_	I
4-37	763-766	für	_	_
4-38	767-787	Bevölkerungsrückgang	_	B
4-39	787-788	,	_	_
4-40	789-792	für	_	_
4-41	793-809	Strukturschwäche	_	B
4-42	810-813	und	_	_
4-43	814-817	für	_	_
4-44	818-827	mangelnde	_	B
4-45	828-845	Innovationskultur	_	I
4-46	846-849	ist	_	_
4-47	849-850	.	_	_
4-48	851-856	Diese	_	B
4-49	857-869	Feststellung	_	I
4-50	870-877	treffen	_	_
4-51	878-881	Sie	_	B
4-52	881-882	,	_	_
4-53	883-887	weil	_	_
4-54	888-891	Sie	_	B
4-55	892-895	ein	_	B
4-56	896-900	paar	_	I
4-57	901-908	Studien	_	I
4-58	909-920	miteinander	_	_
4-59	921-926	mixen	_	_
4-60	926-927	.	_	_
4-61	928-932	Wenn	_	_
4-62	933-951	Wirtschaftspolitik	_	B
4-63	952-954	so	_	_
4-64	955-962	einfach	_	_
4-65	963-967	wäre	_	_
4-66	967-968	,	_	_
4-67	969-973	dann	_	_
4-68	974-980	könnte	_	_
4-69	981-984	man	_	B
4-70	985-988	sie	_	B
4-71	989-997	wirklich	_	_
4-72	998-1001	der	_	B
4-73	1002-1005	FDP	_	I
4-74	1006-1017	anvertrauen	_	_
4-75	1017-1018	.	_	_
4-76	1019-1023	Aber	_	_
4-77	1024-1026	so	_	_
4-78	1027-1034	einfach	_	_
4-79	1035-1038	ist	_	_
4-80	1039-1042	das	_	B
4-81	1043-1048	nicht	_	_
4-82	1048-1049	.	_	_

#Text=Ich sage Ihnen einmal: Sie brauchen kein Statistikstudium, um zu erkennen, dass Megastädte wie München und Frankfurt am Main die Wirtschaftstreiber für den Westen sind. Ja, wir haben solche Megastädte nicht, deswegen möchte ich Sie auch darum bitten,
5-1	1060-1063	Ich	_	B
5-2	1064-1068	sage	_	_
5-3	1069-1074	Ihnen	_	B
5-4	1075-1081	einmal	_	_
5-5	1081-1082	:	_	_
5-6	1083-1086	Sie	_	B
5-7	1087-1095	brauchen	_	_
5-8	1096-1100	kein	_	B
5-9	1101-1117	Statistikstudium	_	I
5-10	1117-1118	,	_	_
5-11	1119-1121	um	_	_
5-12	1122-1124	zu	_	_
5-13	1125-1133	erkennen	_	_
5-14	1133-1134	,	_	_
5-15	1135-1139	dass	_	_
5-16	1140-1150	Megastädte	_	B
5-17	1151-1154	wie	_	_
5-18	1155-1162	München	_	_
5-19	1163-1166	und	_	_
5-20	1167-1176	Frankfurt	_	B
5-21	1177-1179	am	_	_
5-22	1180-1184	Main	_	B
5-23	1185-1188	die	_	B
5-24	1189-1207	Wirtschaftstreiber	_	I
5-25	1208-1211	für	_	_
5-26	1212-1215	den	_	B
5-27	1216-1222	Westen	_	I
5-28	1223-1227	sind	_	_
5-29	1227-1228	.	_	_
5-30	1229-1231	Ja	_	_
5-31	1231-1232	,	_	_
5-32	1233-1236	wir	_	B
5-33	1237-1242	haben	_	_
5-34	1243-1249	solche	_	B
5-35	1250-1260	Megastädte	_	I
5-36	1261-1266	nicht	_	_
5-37	1266-1267	,	_	_
5-38	1268-1276	deswegen	_	_
5-39	1277-1283	möchte	_	_
5-40	1284-1287	ich	_	B
5-41	1288-1291	Sie	_	B
5-42	1292-1296	auch	_	_
5-43	1297-1302	darum	_	_
5-44	1303-1309	bitten	_	_
5-45	1309-1310	,	_	_

#Text=die Städte und Regionen miteinander zu vergleichen, die eine annähernd gleiche Einwohnerzahl haben: Leipzig mit Hannover, Magdeburg mit Kassel oder die Region Mecklenburg mit der Eifel. Dann würden Sie nämlich erkennen, dass die Unterschiede bei der Produktivität gar nicht mehr existent sind.
6-1	1318-1321	die	_	B
6-2	1322-1328	Städte	_	I
6-3	1329-1332	und	_	_
6-4	1333-1341	Regionen	_	B
6-5	1342-1353	miteinander	_	_
6-6	1354-1356	zu	_	_
6-7	1357-1368	vergleichen	_	_
6-8	1368-1369	,	_	_
6-9	1370-1373	die	_	B
6-10	1374-1378	eine	_	B
6-11	1379-1388	annähernd	_	I
6-12	1389-1396	gleiche	_	I
6-13	1397-1410	Einwohnerzahl	_	I
6-14	1411-1416	haben	_	_
6-15	1416-1417	:	_	_
6-16	1418-1425	Leipzig	_	B
6-17	1426-1429	mit	_	_
6-18	1430-1438	Hannover	_	B
6-19	1438-1439	,	_	_
6-20	1440-1449	Magdeburg	_	B
6-21	1450-1453	mit	_	_
6-22	1454-1460	Kassel	_	B
6-23	1461-1465	oder	_	_
6-24	1466-1469	die	_	B
6-25	1470-1476	Region	_	I
6-26	1477-1488	Mecklenburg	_	I
6-27	1489-1492	mit	_	_
6-28	1493-1496	der	_	B
6-29	1497-1502	Eifel	_	I
6-30	1502-1503	.	_	_
6-31	1504-1508	Dann	_	_
6-32	1509-1515	würden	_	_
6-33	1516-1519	Sie	_	B
6-34	1520-1527	nämlich	_	_
6-35	1528-1536	erkennen	_	_
6-36	1536-1537	,	_	_
6-37	1538-1542	dass	_	_
6-38	1543-1546	die	_	B
6-39	1547-1559	Unterschiede	_	I
6-40	1560-1563	bei	_	_
6-41	1564-1567	der	_	B
6-42	1568-1581	Produktivität	_	I
6-43	1582-1585	gar	_	_
6-44	1586-1591	nicht	_	_
6-45	1592-1596	mehr	_	_
6-46	1597-1605	existent	_	_
6-47	1606-1610	sind	_	_
6-48	1610-1611	.	_	_

#Text=Noch nie habe ich in einem Antrag über Ostdeutschland so wenig über den Osten gelesen wie in Ihrem. Besonders die Kommunen haben relativ viel geleistet bei unserem Aufholprozess. Ja, natürlich ist Entbürokratisierung für Unternehmen eine gute und wichtige Sache. Aber, ganz ehrlich, das gilt doch für ganz Deutschland und nicht nur für Ostdeutschland.
7-1	1618-1622	Noch	_	_
7-2	1623-1626	nie	_	_
7-3	1627-1631	habe	_	_
7-4	1632-1635	ich	_	B
7-5	1636-1638	in	_	_
7-6	1639-1644	einem	_	B
7-7	1645-1651	Antrag	_	I
7-8	1652-1656	über	_	_
7-9	1657-1671	Ostdeutschland	_	B
7-10	1672-1674	so	_	B
7-11	1675-1680	wenig	_	I
7-12	1681-1685	über	_	_
7-13	1686-1689	den	_	B
7-14	1690-1695	Osten	_	I
7-15	1696-1703	gelesen	_	_
7-16	1704-1707	wie	_	_
7-17	1708-1710	in	_	_
7-18	1711-1716	Ihrem	_	_
7-19	1716-1717	.	_	_
7-20	1718-1727	Besonders	_	B
7-21	1728-1731	die	_	I
7-22	1732-1740	Kommunen	_	I
7-23	1741-1746	haben	_	_
7-24	1747-1754	relativ	_	B
7-25	1755-1759	viel	_	I
7-26	1760-1769	geleistet	_	_
7-27	1770-1773	bei	_	_
7-28	1774-1781	unserem	_	B
7-29	1782-1795	Aufholprozess	_	I
7-30	1795-1796	.	_	_
7-31	1797-1799	Ja	_	_
7-32	1799-1800	,	_	_
7-33	1801-1810	natürlich	_	_
7-34	1811-1814	ist	_	_
7-35	1815-1834	Entbürokratisierung	_	B
7-36	1835-1838	für	_	_
7-37	1839-1850	Unternehmen	_	B
7-38	1851-1855	eine	_	B
7-39	1856-1860	gute	_	I
7-40	1861-1864	und	_	I
7-41	1865-1873	wichtige	_	I
7-42	1874-1879	Sache	_	I
7-43	1879-1880	.	_	_
7-44	1881-1885	Aber	_	_
7-45	1885-1886	,	_	_
7-46	1887-1891	ganz	_	_
7-47	1892-1899	ehrlich	_	_
7-48	1899-1900	,	_	B
7-49	1901-1904	das	_	I
7-50	1905-1909	gilt	_	_
7-51	1910-1914	doch	_	_
7-52	1915-1918	für	_	_
7-53	1919-1923	ganz	_	B
7-54	1924-1935	Deutschland	_	I
7-55	1936-1939	und	_	_
7-56	1940-1945	nicht	_	_
7-57	1946-1949	nur	_	_
7-58	1950-1953	für	_	_
7-59	1954-1968	Ostdeutschland	_	B
7-60	1968-1969	.	_	_

#Text=Natürlich bringt uns das dann zu der Vermutung und Feststellung: Sie machen hier Landtagswahlkampf für die drei ostdeutschen Länder, in denen in diesem Jahr gewählt wird, wobei Sie im Übrigen in keinem der Parlamente vertreten sind.
8-1	1977-1986	Natürlich	_	_
8-2	1987-1993	bringt	_	_
8-3	1994-1997	uns	_	B
8-4	1998-2001	das	_	B
8-5	2002-2006	dann	_	_
8-6	2007-2009	zu	_	_
8-7	2010-2013	der	_	B
8-8	2014-2023	Vermutung	_	I
8-9	2024-2027	und	_	_
8-10	2028-2040	Feststellung	_	B
8-11	2040-2041	:	_	_
8-12	2042-2045	Sie	_	B
8-13	2046-2052	machen	_	_
8-14	2053-2057	hier	_	_
8-15	2058-2075	Landtagswahlkampf	_	B
8-16	2076-2079	für	_	_
8-17	2080-2083	die	_	B
8-18	2084-2088	drei	_	I
8-19	2089-2101	ostdeutschen	_	I
8-20	2102-2108	Länder	_	I
8-21	2108-2109	,	_	_
8-22	2110-2112	in	_	_
8-23	2113-2118	denen	_	B
8-24	2119-2121	in	_	_
8-25	2122-2128	diesem	_	B
8-26	2129-2133	Jahr	_	I
8-27	2134-2141	gewählt	_	_
8-28	2142-2146	wird	_	_
8-29	2146-2147	,	_	_
8-30	2148-2153	wobei	_	_
8-31	2154-2157	Sie	_	B
8-32	2158-2160	im	_	_
8-33	2161-2168	Übrigen	_	B
8-34	2169-2171	in	_	_
8-35	2172-2178	keinem	_	B
8-36	2179-2182	der	_	B
8-37	2183-2193	Parlamente	_	I
8-38	2194-2203	vertreten	_	_
8-39	2204-2208	sind	_	_
8-40	2208-2209	.	_	_

#Text=Wissen Sie, was mich noch zu dieser Überlegung bringt? Ihr Kollege Sattelberger hat im letzten Jahr die Freiheitszone für das Bundesland Bayern gefordert. Was war denn im letzten Jahr in Bayern? Richtig: Landtagswahl.
9-1	2214-2220	Wissen	_	_
9-2	2221-2224	Sie	_	B
9-3	2224-2225	,	_	_
9-4	2226-2229	was	_	B
9-5	2230-2234	mich	_	B
9-6	2235-2239	noch	_	_
9-7	2240-2242	zu	_	_
9-8	2243-2249	dieser	_	B
9-9	2250-2260	Überlegung	_	I
9-10	2261-2267	bringt	_	_
9-11	2267-2268	?	_	_
9-12	2269-2272	Ihr	_	B
9-13	2273-2280	Kollege	_	I
9-14	2281-2293	Sattelberger	_	I
9-15	2294-2297	hat	_	_
9-16	2298-2300	im	_	_
9-17	2301-2308	letzten	_	B
9-18	2309-2313	Jahr	_	I
9-19	2314-2317	die	_	B
9-20	2318-2331	Freiheitszone	_	I
9-21	2332-2335	für	_	_
9-22	2336-2339	das	_	B
9-23	2340-2350	Bundesland	_	I
9-24	2351-2357	Bayern	_	I
9-25	2358-2367	gefordert	_	_
9-26	2367-2368	.	_	_
9-27	2369-2372	Was	_	B
9-28	2373-2376	war	_	_
9-29	2377-2381	denn	_	_
9-30	2382-2384	im	_	_
9-31	2385-2392	letzten	_	B
9-32	2393-2397	Jahr	_	I
9-33	2398-2400	in	_	_
9-34	2401-2407	Bayern	_	B
9-35	2407-2408	?	_	_
9-36	2409-2416	Richtig	_	B
9-37	2416-2417	:	_	I
9-38	2418-2430	Landtagswahl	_	I
9-39	2430-2431	.	_	_

#Text=Das ist so durchsichtig wie verschaukelnd.
10-1	2438-2441	Das	_	B
10-2	2442-2445	ist	_	_
10-3	2446-2448	so	_	_
10-4	2449-2461	durchsichtig	_	_
10-5	2462-2465	wie	_	_
10-6	2466-2479	verschaukelnd	_	_
10-7	2479-2480	.	_	_

#Text=Sie sprechen von fehlenden Innovationsanreizen. Allein 100 Millionen Euro werden wir für Sprunginnovationen jährlich ausgeben, neben all den Förderprogrammen, die der Kollege Junge vorgestellt hat. Wir machen Innovationen nicht um der Innovation willen, sondern weil wir einen marktverändernden Unterschied setzen wollen: nicht verbessern und belehren, sondern neu denken. Wenn es Ihnen wirklich um Strukturpolitik gehen würde, wirklich um Ansiedlungspolitik, dann hätten Sie in Ihrem Antrag gefordert, dass die Agentur für Sprung­innovation ihren Sitz in Ostdeutschland bekommen wird. Aber aus den Reihen Ihrer Fraktion höre ich es wispern: Ach, die Agentur passt eigentlich ganz gut zu München, München, München. – Sie erinnern sich? Der Wirtschaftstreiber im Westen unserer Republik. Also, ich fühle mich, ehrlich gesagt, ziemlich verschaukelt.
11-1	2482-2485	Sie	_	B
11-2	2486-2494	sprechen	_	_
11-3	2495-2498	von	_	_
11-4	2499-2508	fehlenden	_	B
11-5	2509-2528	Innovationsanreizen	_	I
11-6	2528-2529	.	_	_
11-7	2530-2536	Allein	_	B
11-8	2537-2540	100	_	I
11-9	2541-2550	Millionen	_	I
11-10	2551-2555	Euro	_	I
11-11	2556-2562	werden	_	_
11-12	2563-2566	wir	_	B
11-13	2567-2570	für	_	_
11-14	2571-2589	Sprunginnovationen	_	B
11-15	2590-2598	jährlich	_	_
11-16	2599-2607	ausgeben	_	_
11-17	2607-2608	,	_	_
11-18	2609-2614	neben	_	_
11-19	2615-2618	all	_	B
11-20	2619-2622	den	_	I
11-21	2623-2639	Förderprogrammen	_	I
11-22	2639-2640	,	_	_
11-23	2641-2644	die	_	B
11-24	2645-2648	der	_	B
11-25	2649-2656	Kollege	_	I
11-26	2657-2662	Junge	_	I
11-27	2663-2674	vorgestellt	_	_
11-28	2675-2678	hat	_	_
11-29	2678-2679	.	_	_
11-30	2680-2683	Wir	_	B
11-31	2684-2690	machen	_	_
11-32	2691-2703	Innovationen	_	B
11-33	2704-2709	nicht	_	B
11-34	2710-2712	um	_	I
11-35	2713-2716	der	_	I
11-36	2717-2727	Innovation	_	I
11-37	2728-2734	willen	_	_
11-38	2734-2735	,	_	_
11-39	2736-2743	sondern	_	_
11-40	2744-2748	weil	_	_
11-41	2749-2752	wir	_	B
11-42	2753-2758	einen	_	B
11-43	2759-2776	marktverändernden	_	I
11-44	2777-2788	Unterschied	_	I
11-45	2789-2795	setzen	_	_
11-46	2796-2802	wollen	_	_
11-47	2802-2803	:	_	_
11-48	2804-2809	nicht	_	_
11-49	2810-2820	verbessern	_	_
11-50	2821-2824	und	_	_
11-51	2825-2833	belehren	_	_
11-52	2833-2834	,	_	_
11-53	2835-2842	sondern	_	_
11-54	2843-2846	neu	_	_
11-55	2847-2853	denken	_	_
11-56	2853-2854	.	_	_
11-57	2855-2859	Wenn	_	_
11-58	2860-2862	es	_	B
11-59	2863-2868	Ihnen	_	B
11-60	2869-2877	wirklich	_	_
11-61	2878-2880	um	_	_
11-62	2881-2896	Strukturpolitik	_	B
11-63	2897-2902	gehen	_	_
11-64	2903-2908	würde	_	_
11-65	2908-2909	,	_	_
11-66	2910-2918	wirklich	_	_
11-67	2919-2921	um	_	_
11-68	2922-2940	Ansiedlungspolitik	_	B
11-69	2940-2941	,	_	_
11-70	2942-2946	dann	_	_
11-71	2947-2953	hätten	_	_
11-72	2954-2957	Sie	_	B
11-73	2958-2960	in	_	_
11-74	2961-2966	Ihrem	_	B
11-75	2967-2973	Antrag	_	I
11-76	2974-2983	gefordert	_	_
11-77	2983-2984	,	_	_
11-78	2985-2989	dass	_	_
11-79	2990-2993	die	_	B
11-80	2994-3001	Agentur	_	I
11-81	3002-3005	für	_	_
11-82	3006-3023	Sprung­innovation	_	B
11-83	3024-3029	ihren	_	B
11-84	3030-3034	Sitz	_	I
11-85	3035-3037	in	_	_
11-86	3038-3052	Ostdeutschland	_	B
11-87	3053-3061	bekommen	_	_
11-88	3062-3066	wird	_	_
11-89	3066-3067	.	_	_
11-90	3068-3072	Aber	_	_
11-91	3073-3076	aus	_	_
11-92	3077-3080	den	_	B
11-93	3081-3087	Reihen	_	I
11-94	3088-3093	Ihrer	_	B
11-95	3094-3102	Fraktion	_	I
11-96	3103-3107	höre	_	_
11-97	3108-3111	ich	_	B
11-98	3112-3114	es	_	B
11-99	3115-3122	wispern	_	_
11-100	3122-3123	:	_	_
11-101	3124-3127	Ach	_	_
11-102	3127-3128	,	_	_
11-103	3129-3132	die	_	B
11-104	3133-3140	Agentur	_	I
11-105	3141-3146	passt	_	_
11-106	3147-3157	eigentlich	_	_
11-107	3158-3162	ganz	_	_
11-108	3163-3166	gut	_	_
11-109	3167-3169	zu	_	_
11-110	3170-3177	München	_	B
11-111	3177-3178	,	_	_
11-112	3179-3186	München	_	B
11-113	3186-3187	,	_	_
11-114	3188-3195	München	_	B
11-115	3195-3196	.	_	_
11-116	3197-3198	–	_	_
11-117	3199-3202	Sie	_	B
11-118	3203-3211	erinnern	_	_
11-119	3212-3216	sich	_	B
11-120	3216-3217	?	_	_
11-121	3218-3221	Der	_	B
11-122	3222-3240	Wirtschaftstreiber	_	I
11-123	3241-3243	im	_	_
11-124	3244-3250	Westen	_	B
11-125	3251-3258	unserer	_	B
11-126	3259-3267	Republik	_	I
11-127	3267-3268	.	_	_
11-128	3269-3273	Also	_	_
11-129	3273-3274	,	_	_
11-130	3275-3278	ich	_	B
11-131	3279-3284	fühle	_	_
11-132	3285-3289	mich	_	B
11-133	3289-3290	,	_	_
11-134	3291-3298	ehrlich	_	_
11-135	3299-3305	gesagt	_	_
11-136	3305-3306	,	_	_
11-137	3307-3315	ziemlich	_	_
11-138	3316-3328	verschaukelt	_	_
11-139	3328-3329	.	_	_

#Text=Die FDP will eine Gründerrepublik und meint doch eigentlich nur den Ausbau der Start-up-Szene in den Großstädten. Doch Vielfalt findet ganz woanders statt
12-1	3353-3356	Die	_	B
12-2	3357-3360	FDP	_	I
12-3	3361-3365	will	_	_
12-4	3366-3370	eine	_	B
12-5	3371-3386	Gründerrepublik	_	I
12-6	3387-3390	und	_	_
12-7	3391-3396	meint	_	_
12-8	3397-3401	doch	_	_
12-9	3402-3412	eigentlich	_	_
12-10	3413-3416	nur	_	B
12-11	3417-3420	den	_	I
12-12	3421-3427	Ausbau	_	I
12-13	3428-3431	der	_	B
12-14	3432-3446	Start-up-Szene	_	I
12-15	3447-3449	in	_	_
12-16	3450-3453	den	_	B
12-17	3454-3465	Großstädten	_	I
12-18	3465-3466	.	_	_
12-19	3467-3471	Doch	_	_
12-20	3472-3480	Vielfalt	_	B
12-21	3481-3487	findet	_	_
12-22	3488-3492	ganz	_	_
12-23	3493-3501	woanders	_	_
12-24	3502-3507	statt	_	_

#Text=– ja –, nämlich in den Städten und auf dem Land. In Brandenburg finden Gründer das, was in einer komplexen Welt jeder vermisst: Übersichtlichkeit. In unseren Städten haben wir kurze Wege, wir wissen, wer was kann, und unsere Experten bekommen wir relativ schnell von den Fachhochschulen, von den Universitäten oder den Forschungseinrichtungen. Während Sie nach Risikokapital für Gründer rufen, bin ich für niedrige Mieten und für ein Glasfasernetz. Das ist der Unterschied. Sie wollen die Gründerrepublik, ich will das digitale Land.
13-1	3509-3510	–	_	_
13-2	3511-3513	ja	_	_
13-3	3514-3515	–	_	_
13-4	3515-3516	,	_	_
13-5	3517-3524	nämlich	_	_
13-6	3525-3527	in	_	_
13-7	3528-3531	den	_	B
13-8	3532-3539	Städten	_	I
13-9	3540-3543	und	_	_
13-10	3544-3547	auf	_	_
13-11	3548-3551	dem	_	B
13-12	3552-3556	Land	_	I
13-13	3556-3557	.	_	_
13-14	3558-3560	In	_	_
13-15	3561-3572	Brandenburg	_	B
13-16	3573-3579	finden	_	_
13-17	3580-3587	Gründer	_	B
13-18	3588-3591	das	_	B
13-19	3591-3592	,	_	_
13-20	3593-3596	was	_	B
13-21	3597-3599	in	_	_
13-22	3600-3605	einer	_	B
13-23	3606-3615	komplexen	_	I
13-24	3616-3620	Welt	_	I
13-25	3621-3626	jeder	_	B
13-26	3627-3635	vermisst	_	_
13-27	3635-3636	:	_	_
13-28	3637-3654	Übersichtlichkeit	_	B
13-29	3654-3655	.	_	_
13-30	3656-3658	In	_	_
13-31	3659-3666	unseren	_	B
13-32	3667-3674	Städten	_	I
13-33	3675-3680	haben	_	_
13-34	3681-3684	wir	_	B
13-35	3685-3690	kurze	_	B
13-36	3691-3695	Wege	_	I
13-37	3695-3696	,	_	_
13-38	3697-3700	wir	_	B
13-39	3701-3707	wissen	_	_
13-40	3707-3708	,	_	_
13-41	3709-3712	wer	_	B
13-42	3713-3716	was	_	B
13-43	3717-3721	kann	_	_
13-44	3721-3722	,	_	_
13-45	3723-3726	und	_	_
13-46	3727-3733	unsere	_	B
13-47	3734-3742	Experten	_	I
13-48	3743-3751	bekommen	_	_
13-49	3752-3755	wir	_	B
13-50	3756-3763	relativ	_	_
13-51	3764-3771	schnell	_	_
13-52	3772-3775	von	_	_
13-53	3776-3779	den	_	B
13-54	3780-3795	Fachhochschulen	_	I
13-55	3795-3796	,	_	_
13-56	3797-3800	von	_	_
13-57	3801-3804	den	_	B
13-58	3805-3818	Universitäten	_	I
13-59	3819-3823	oder	_	_
13-60	3824-3827	den	_	B
13-61	3828-3851	Forschungseinrichtungen	_	I
13-62	3851-3852	.	_	_
13-63	3853-3860	Während	_	_
13-64	3861-3864	Sie	_	B
13-65	3865-3869	nach	_	_
13-66	3870-3883	Risikokapital	_	B
13-67	3884-3887	für	_	_
13-68	3888-3895	Gründer	_	B
13-69	3896-3901	rufen	_	_
13-70	3901-3902	,	_	_
13-71	3903-3906	bin	_	_
13-72	3907-3910	ich	_	B
13-73	3911-3914	für	_	_
13-74	3915-3923	niedrige	_	B
13-75	3924-3930	Mieten	_	I
13-76	3931-3934	und	_	_
13-77	3935-3938	für	_	_
13-78	3939-3942	ein	_	B
13-79	3943-3956	Glasfasernetz	_	I
13-80	3956-3957	.	_	_
13-81	3958-3961	Das	_	B
13-82	3962-3965	ist	_	_
13-83	3966-3969	der	_	B
13-84	3970-3981	Unterschied	_	I
13-85	3981-3982	.	_	_
13-86	3983-3986	Sie	_	B
13-87	3987-3993	wollen	_	_
13-88	3994-3997	die	_	B
13-89	3998-4013	Gründerrepublik	_	I
13-90	4013-4014	,	_	_
13-91	4015-4018	ich	_	B
13-92	4019-4023	will	_	_
13-93	4024-4027	das	_	B
13-94	4028-4036	digitale	_	I
13-95	4037-4041	Land	_	I
13-96	4041-4042	.	_	_

#Text=Verstehen Sie mich richtig: Ich sage nicht, das ist alles in Ordnung, und lehne deshalb Ihren Antrag ab. Ich bitte Sie aber um eines: Legen Sie uns bitte nicht permanent recycelte Anträge vor, die von oben herab erklären, wie der Aufschwung Ost zu funktionieren hat. Das haben wir in 30 Jahren nun wirklich häufig genug gehört.
14-1	4058-4067	Verstehen	_	_
14-2	4068-4071	Sie	_	B
14-3	4072-4076	mich	_	B
14-4	4077-4084	richtig	_	_
14-5	4084-4085	:	_	_
14-6	4086-4089	Ich	_	B
14-7	4090-4094	sage	_	_
14-8	4095-4100	nicht	_	_
14-9	4100-4101	,	_	_
14-10	4102-4105	das	_	B
14-11	4106-4109	ist	_	_
14-12	4110-4115	alles	_	B
14-13	4116-4118	in	_	_
14-14	4119-4126	Ordnung	_	B
14-15	4126-4127	,	_	_
14-16	4128-4131	und	_	_
14-17	4132-4137	lehne	_	_
14-18	4138-4145	deshalb	_	_
14-19	4146-4151	Ihren	_	B
14-20	4152-4158	Antrag	_	I
14-21	4159-4161	ab	_	_
14-22	4161-4162	.	_	_
14-23	4163-4166	Ich	_	B
14-24	4167-4172	bitte	_	_
14-25	4173-4176	Sie	_	B
14-26	4177-4181	aber	_	_
14-27	4182-4184	um	_	_
14-28	4185-4190	eines	_	B
14-29	4190-4191	:	_	_
14-30	4192-4197	Legen	_	_
14-31	4198-4201	Sie	_	B
14-32	4202-4205	uns	_	B
14-33	4206-4211	bitte	_	_
14-34	4212-4217	nicht	_	B
14-35	4218-4227	permanent	_	I
14-36	4228-4237	recycelte	_	I
14-37	4238-4245	Anträge	_	I
14-38	4246-4249	vor	_	_
14-39	4249-4250	,	_	_
14-40	4251-4254	die	_	B
14-41	4255-4258	von	_	_
14-42	4259-4263	oben	_	_
14-43	4264-4269	herab	_	_
14-44	4270-4278	erklären	_	_
14-45	4278-4279	,	_	_
14-46	4280-4283	wie	_	_
14-47	4284-4287	der	_	B
14-48	4288-4298	Aufschwung	_	I
14-49	4299-4302	Ost	_	I
14-50	4303-4305	zu	_	_
14-51	4306-4319	funktionieren	_	_
14-52	4320-4323	hat	_	_
14-53	4323-4324	.	_	_
14-54	4325-4328	Das	_	B
14-55	4329-4334	haben	_	_
14-56	4335-4338	wir	_	B
14-57	4339-4341	in	_	_
14-58	4342-4344	30	_	B
14-59	4345-4351	Jahren	_	I
14-60	4352-4355	nun	_	_
14-61	4356-4364	wirklich	_	_
14-62	4365-4371	häufig	_	_
14-63	4372-4377	genug	_	_
14-64	4378-4384	gehört	_	_
14-65	4384-4385	.	_	_

#Text=Auch die jungen Männer und Frauen in der FDP haben irgendwann genug von der Uniformität der Großstädte. Dann sehen wir uns in Brandenburg; denn die ostdeutsche Zukunft hat schon längst begonnen, aber anders, als es sich die FDP vorstellt. Lieber Herr Kollege Kemmerich, Sie wollen ein bisschen mehr Laptop und Lederhose nach bayerischem Vorbild. Ich sage Ihnen als Brandenburgerin: Wir sind heute schon mega und Märker.
15-1	4395-4399	Auch	_	B
15-2	4400-4403	die	_	I
15-3	4404-4410	jungen	_	I
15-4	4411-4417	Männer	_	I
15-5	4418-4421	und	_	_
15-6	4422-4428	Frauen	_	B
15-7	4429-4431	in	_	_
15-8	4432-4435	der	_	B
15-9	4436-4439	FDP	_	I
15-10	4440-4445	haben	_	_
15-11	4446-4456	irgendwann	_	_
15-12	4457-4462	genug	_	_
15-13	4463-4466	von	_	_
15-14	4467-4470	der	_	B
15-15	4471-4482	Uniformität	_	I
15-16	4483-4486	der	_	B
15-17	4487-4497	Großstädte	_	I
15-18	4497-4498	.	_	_
15-19	4499-4503	Dann	_	_
15-20	4504-4509	sehen	_	_
15-21	4510-4513	wir	_	B
15-22	4514-4517	uns	_	B
15-23	4518-4520	in	_	_
15-24	4521-4532	Brandenburg	_	B
15-25	4532-4533	;	_	_
15-26	4534-4538	denn	_	_
15-27	4539-4542	die	_	B
15-28	4543-4554	ostdeutsche	_	I
15-29	4555-4562	Zukunft	_	I
15-30	4563-4566	hat	_	_
15-31	4567-4572	schon	_	_
15-32	4573-4579	längst	_	_
15-33	4580-4588	begonnen	_	_
15-34	4588-4589	,	_	_
15-35	4590-4594	aber	_	_
15-36	4595-4601	anders	_	_
15-37	4601-4602	,	_	_
15-38	4603-4606	als	_	_
15-39	4607-4609	es	_	B
15-40	4610-4614	sich	_	B
15-41	4615-4618	die	_	B
15-42	4619-4622	FDP	_	I
15-43	4623-4632	vorstellt	_	_
15-44	4632-4633	.	_	_
15-45	4634-4640	Lieber	_	B
15-46	4641-4645	Herr	_	I
15-47	4646-4653	Kollege	_	I
15-48	4654-4663	Kemmerich	_	I
15-49	4663-4664	,	_	_
15-50	4665-4668	Sie	_	B
15-51	4669-4675	wollen	_	_
15-52	4676-4679	ein	_	B
15-53	4680-4688	bisschen	_	I
15-54	4689-4693	mehr	_	I
15-55	4694-4700	Laptop	_	I
15-56	4701-4704	und	_	_
15-57	4705-4714	Lederhose	_	B
15-58	4715-4719	nach	_	_
15-59	4720-4731	bayerischem	_	B
15-60	4732-4739	Vorbild	_	I
15-61	4739-4740	.	_	_
15-62	4741-4744	Ich	_	B
15-63	4745-4749	sage	_	_
15-64	4750-4755	Ihnen	_	B
15-65	4756-4759	als	_	_
15-66	4760-4775	Brandenburgerin	_	B
15-67	4775-4776	:	_	_
15-68	4777-4780	Wir	_	B
15-69	4781-4785	sind	_	_
15-70	4786-4791	heute	_	_
15-71	4792-4797	schon	_	_
15-72	4798-4802	mega	_	_
15-73	4803-4806	und	_	_
15-74	4807-4813	Märker	_	B
15-75	4813-4814	.	_	_

#Text=Vielen Dank, Frau Kollegin Dr. Schüle. – Auch in Brandenburg wird ja gewählt.
16-1	4824-4830	Vielen	_	_
16-2	4831-4835	Dank	_	_
16-3	4835-4836	,	_	_
16-4	4837-4841	Frau	_	_
16-5	4842-4850	Kollegin	_	B
16-6	4851-4854	Dr.	_	I
16-7	4855-4861	Schüle	_	I
16-8	4861-4862	.	_	_
16-9	4863-4864	–	_	_
16-10	4865-4869	Auch	_	_
16-11	4870-4872	in	_	_
16-12	4873-4884	Brandenburg	_	B
16-13	4885-4889	wird	_	_
16-14	4890-4892	ja	_	_
16-15	4893-4900	gewählt	_	_
16-16	4900-4901	.	_	_

#Text=Damit schließe ich die Aussprache.
17-1	4905-4910	Damit	_	_
17-2	4911-4919	schließe	_	_
17-3	4920-4923	ich	_	B
17-4	4924-4927	die	_	B
17-5	4928-4938	Aussprache	_	I
17-6	4938-4939	.	_	_

#Text=Interfraktionell wird die Überweisung der Vorlage auf Drucksache 19/11052 an die in der Tagesordnung aufgeführten Ausschüsse vorgeschlagen. Sind Sie damit einverstanden? – Ich sehe, das ist der Fall. Dann ist die Überweisung so beschlossen.
18-1	4941-4957	Interfraktionell	_	_
18-2	4958-4962	wird	_	_
18-3	4963-4966	die	_	B
18-4	4967-4978	Überweisung	_	I
18-5	4979-4982	der	_	B
18-6	4983-4990	Vorlage	_	I
18-7	4991-4994	auf	_	_
18-8	4995-5005	Drucksache	_	B
18-9	5006-5008	19	_	_
18-10	5008-5009	/	_	_
18-11	5009-5014	11052	_	_
18-12	5015-5017	an	_	_
18-13	5018-5021	die	_	_
18-14	5022-5024	in	_	_
18-15	5025-5028	der	_	B
18-16	5029-5041	Tagesordnung	_	I
18-17	5042-5054	aufgeführten	_	_
18-18	5055-5065	Ausschüsse	_	_
18-19	5066-5079	vorgeschlagen	_	_
18-20	5079-5080	.	_	_
18-21	5081-5085	Sind	_	_
18-22	5086-5089	Sie	_	B
18-23	5090-5095	damit	_	_
18-24	5096-5109	einverstanden	_	_
18-25	5109-5110	?	_	_
18-26	5111-5112	–	_	_
18-27	5113-5116	Ich	_	B
18-28	5117-5121	sehe	_	_
18-29	5121-5122	,	_	_
18-30	5123-5126	das	_	B
18-31	5127-5130	ist	_	_
18-32	5131-5134	der	_	B
18-33	5135-5139	Fall	_	I
18-34	5139-5140	.	_	_
18-35	5141-5145	Dann	_	_
18-36	5146-5149	ist	_	_
18-37	5150-5153	die	_	B
18-38	5154-5165	Überweisung	_	I
18-39	5166-5168	so	_	_
18-40	5169-5180	beschlossen	_	_
18-41	5180-5181	.	_	_
