#FORMAT=WebAnno TSV 3.2
#T_SP=webanno.custom.Animacy|Animated
#T_SP=webanno.custom.CustomChunk|Chunk


#Text=Herr Präsident! Liebe Kolleginnen und Kollegen! Lieber Herr Minister! Herr Cronenberg, ich habe mich sehr über Ihre Rede gefreut; denn Sie haben in Ihrer Rede den Mindestlohn als eine Erfolgsgeschichte bezeichnet. Das hat die FDP ja nicht immer so gesehen. Ich erinnere Zeiten, als die FDP den Mindestlohn als einen Jobkiller bezeichnet hat. Sie hätten schon damals auf uns hören sollen. Ich finde, Sie sollten sowieso grundsätzlich mehr auf uns hören.
1-1	0-4	Herr	_	B
1-2	5-14	Präsident	_	I
1-3	14-15	!	_	_
1-4	16-21	Liebe	_	B
1-5	22-33	Kolleginnen	_	_
1-6	34-37	und	_	_
1-7	38-46	Kollegen	_	B
1-8	46-47	!	_	_
1-9	48-54	Lieber	_	B
1-10	55-59	Herr	_	I
1-11	60-68	Minister	_	I
1-12	68-69	!	_	_
1-13	70-74	Herr	_	B
1-14	75-85	Cronenberg	_	I
1-15	85-86	,	_	_
1-16	87-90	ich	_	B
1-17	91-95	habe	_	_
1-18	96-100	mich	_	B
1-19	101-105	sehr	_	_
1-20	106-110	über	_	_
1-21	111-115	Ihre	_	B
1-22	116-120	Rede	_	I
1-23	121-128	gefreut	_	_
1-24	128-129	;	_	_
1-25	130-134	denn	_	_
1-26	135-138	Sie	_	B
1-27	139-144	haben	_	_
1-28	145-147	in	_	_
1-29	148-153	Ihrer	_	B
1-30	154-158	Rede	_	I
1-31	159-162	den	_	B
1-32	163-174	Mindestlohn	_	I
1-33	175-178	als	_	_
1-34	179-183	eine	_	B
1-35	184-201	Erfolgsgeschichte	_	I
1-36	202-212	bezeichnet	_	_
1-37	212-213	.	_	_
1-38	214-217	Das	_	B
1-39	218-221	hat	_	_
1-40	222-225	die	_	B
1-41	226-229	FDP	_	I
1-42	230-232	ja	_	_
1-43	233-238	nicht	_	_
1-44	239-244	immer	_	_
1-45	245-247	so	_	_
1-46	248-255	gesehen	_	_
1-47	255-256	.	_	_
1-48	257-260	Ich	_	B
1-49	261-269	erinnere	_	_
1-50	270-276	Zeiten	_	B
1-51	276-277	,	_	_
1-52	278-281	als	_	_
1-53	282-285	die	_	B
1-54	286-289	FDP	_	I
1-55	290-293	den	_	B
1-56	294-305	Mindestlohn	_	I
1-57	306-309	als	_	_
1-58	310-315	einen	_	B
1-59	316-325	Jobkiller	_	I
1-60	326-336	bezeichnet	_	_
1-61	337-340	hat	_	_
1-62	340-341	.	_	_
1-63	342-345	Sie	_	B
1-64	346-352	hätten	_	_
1-65	353-358	schon	_	_
1-66	359-365	damals	_	_
1-67	366-369	auf	_	_
1-68	370-373	uns	_	B
1-69	374-379	hören	_	_
1-70	380-386	sollen	_	_
1-71	386-387	.	_	_
1-72	388-391	Ich	_	B
1-73	392-397	finde	_	_
1-74	397-398	,	_	_
1-75	399-402	Sie	_	B
1-76	403-410	sollten	_	_
1-77	411-418	sowieso	_	_
1-78	419-432	grundsätzlich	_	_
1-79	433-437	mehr	_	_
1-80	438-441	auf	_	_
1-81	442-445	uns	_	B
1-82	446-451	hören	_	_
1-83	451-452	.	_	_

#Text=Herr Kollege, erlauben Sie eine Zwischenfrage des Kollegen Pascal Kober?
2-1	465-469	Herr	_	_
2-2	470-477	Kollege	_	B
2-3	477-478	,	_	_
2-4	479-487	erlauben	_	_
2-5	488-491	Sie	_	B
2-6	492-496	eine	_	B
2-7	497-510	Zwischenfrage	_	I
2-8	511-514	des	_	B
2-9	515-523	Kollegen	_	I
2-10	524-530	Pascal	_	I
2-11	531-536	Kober	_	I
2-12	536-537	?	_	_

#Text=Nein, ich habe ja noch gar nicht richtig angefangen.
3-1	540-544	Nein	_	_
3-2	544-545	,	_	_
3-3	546-549	ich	_	B
3-4	550-554	habe	_	_
3-5	555-557	ja	_	_
3-6	558-562	noch	_	_
3-7	563-566	gar	_	_
3-8	567-572	nicht	_	_
3-9	573-580	richtig	_	_
3-10	581-591	angefangen	_	_
3-11	591-592	.	_	_

#Text=Am vergangenen 1. Januar feierte der Mindestlohn seinen sechsten Geburtstag. Liebe Kolleginnen und Kollegen, mit sechs Jahren kommt man in die Schule. Und wer in die Schule geht, will wachsen und sich weiterentwickeln. Das zeigt uns die Mindestlohnevaluierung.
4-1	595-597	Am	_	_
4-2	598-609	vergangenen	_	B
4-3	610-612	1.	_	I
4-4	613-619	Januar	_	I
4-5	620-627	feierte	_	_
4-6	628-631	der	_	B
4-7	632-643	Mindestlohn	_	I
4-8	644-650	seinen	_	B
4-9	651-659	sechsten	_	I
4-10	660-670	Geburtstag	_	I
4-11	670-671	.	_	_
4-12	672-677	Liebe	_	B
4-13	678-689	Kolleginnen	_	_
4-14	690-693	und	_	_
4-15	694-702	Kollegen	_	B
4-16	702-703	,	_	_
4-17	704-707	mit	_	_
4-18	708-713	sechs	_	B
4-19	714-720	Jahren	_	I
4-20	721-726	kommt	_	_
4-21	727-730	man	_	B
4-22	731-733	in	_	_
4-23	734-737	die	_	B
4-24	738-744	Schule	_	I
4-25	744-745	.	_	_
4-26	746-749	Und	_	_
4-27	750-753	wer	_	B
4-28	754-756	in	_	_
4-29	757-760	die	_	B
4-30	761-767	Schule	_	I
4-31	768-772	geht	_	_
4-32	772-773	,	_	_
4-33	774-778	will	_	_
4-34	779-786	wachsen	_	_
4-35	787-790	und	_	_
4-36	791-795	sich	_	B
4-37	796-812	weiterentwickeln	_	_
4-38	812-813	.	_	_
4-39	814-817	Das	_	B
4-40	818-823	zeigt	_	_
4-41	824-827	uns	_	B
4-42	828-831	die	_	B
4-43	832-854	Mindestlohnevaluierung	_	I
4-44	854-855	.	_	_

#Text=Der Mindestlohn muss sich weiterentwickeln, damit er einmal das wird, was er sein soll: ein Zeichen des Respekts für Arbeit in unserem Land.
5-1	862-865	Der	_	B
5-2	866-877	Mindestlohn	_	I
5-3	878-882	muss	_	_
5-4	883-887	sich	_	B
5-5	888-904	weiterentwickeln	_	_
5-6	904-905	,	_	_
5-7	906-911	damit	_	_
5-8	912-914	er	_	B
5-9	915-921	einmal	_	B
5-10	922-925	das	_	I
5-11	926-930	wird	_	_
5-12	930-931	,	_	_
5-13	932-935	was	_	B
5-14	936-938	er	_	B
5-15	939-943	sein	_	_
5-16	944-948	soll	_	_
5-17	948-949	:	_	_
5-18	950-953	ein	_	B
5-19	954-961	Zeichen	_	I
5-20	962-965	des	_	B
5-21	966-974	Respekts	_	I
5-22	975-978	für	_	_
5-23	979-985	Arbeit	_	B
5-24	986-988	in	_	_
5-25	989-996	unserem	_	B
5-26	997-1001	Land	_	I
5-27	1001-1002	.	_	_

#Text=Olaf Scholz und Minister Heil haben nun den Lehrplan für das erste Schuljahr des Mindestlohns vorgelegt:
6-1	1007-1011	Olaf	_	B
6-2	1012-1018	Scholz	_	I
6-3	1019-1022	und	_	_
6-4	1023-1031	Minister	_	B
6-5	1032-1036	Heil	_	I
6-6	1037-1042	haben	_	_
6-7	1043-1046	nun	_	_
6-8	1047-1050	den	_	B
6-9	1051-1059	Lehrplan	_	I
6-10	1060-1063	für	_	_
6-11	1064-1067	das	_	B
6-12	1068-1073	erste	_	I
6-13	1074-1083	Schuljahr	_	I
6-14	1084-1087	des	_	B
6-15	1088-1100	Mindestlohns	_	I
6-16	1101-1110	vorgelegt	_	_
6-17	1110-1111	:	_	_

#Text=Erste Aufgabe für das nächste Schuljahr: Der Mindestlohn muss armutssicher werden. – Aktuell beträgt er 9,50 Euro. Jeder Vierte in unserem Land arbeitet zu einem Lohn von unter 12 Euro. Die Evaluation zeigt, dass der Mindestlohn hinter der allgemeinen Lohnentwicklung zurückbleibt. Um den Anschluss zur Mitte zu halten, muss er schneller steigen. Die SPD ist daher davon überzeugt: Wer Vollzeit arbeitet, muss davon leben können. Der Lohn muss armutsfest sein.
7-1	1113-1118	Erste	_	B
7-2	1119-1126	Aufgabe	_	I
7-3	1127-1130	für	_	_
7-4	1131-1134	das	_	B
7-5	1135-1142	nächste	_	I
7-6	1143-1152	Schuljahr	_	I
7-7	1152-1153	:	_	_
7-8	1154-1157	Der	_	B
7-9	1158-1169	Mindestlohn	_	I
7-10	1170-1174	muss	_	_
7-11	1175-1187	armutssicher	_	_
7-12	1188-1194	werden	_	_
7-13	1194-1195	.	_	_
7-14	1196-1197	–	_	_
7-15	1198-1205	Aktuell	_	_
7-16	1206-1213	beträgt	_	_
7-17	1214-1216	er	_	B
7-18	1217-1221	9,50	_	B
7-19	1222-1226	Euro	_	I
7-20	1226-1227	.	_	_
7-21	1228-1233	Jeder	_	B
7-22	1234-1240	Vierte	_	I
7-23	1241-1243	in	_	_
7-24	1244-1251	unserem	_	B
7-25	1252-1256	Land	_	I
7-26	1257-1265	arbeitet	_	_
7-27	1266-1268	zu	_	_
7-28	1269-1274	einem	_	B
7-29	1275-1279	Lohn	_	I
7-30	1280-1283	von	_	_
7-31	1284-1289	unter	_	B
7-32	1290-1292	12	_	I
7-33	1293-1297	Euro	_	I
7-34	1297-1298	.	_	_
7-35	1299-1302	Die	_	B
7-36	1303-1313	Evaluation	_	I
7-37	1314-1319	zeigt	_	_
7-38	1319-1320	,	_	_
7-39	1321-1325	dass	_	_
7-40	1326-1329	der	_	B
7-41	1330-1341	Mindestlohn	_	I
7-42	1342-1348	hinter	_	_
7-43	1349-1352	der	_	B
7-44	1353-1364	allgemeinen	_	I
7-45	1365-1380	Lohnentwicklung	_	I
7-46	1381-1393	zurückbleibt	_	_
7-47	1393-1394	.	_	_
7-48	1395-1397	Um	_	_
7-49	1398-1401	den	_	B
7-50	1402-1411	Anschluss	_	I
7-51	1412-1415	zur	_	_
7-52	1416-1421	Mitte	_	B
7-53	1422-1424	zu	_	_
7-54	1425-1431	halten	_	_
7-55	1431-1432	,	_	_
7-56	1433-1437	muss	_	_
7-57	1438-1440	er	_	B
7-58	1441-1450	schneller	_	_
7-59	1451-1458	steigen	_	_
7-60	1458-1459	.	_	_
7-61	1460-1463	Die	_	B
7-62	1464-1467	SPD	_	I
7-63	1468-1471	ist	_	_
7-64	1472-1477	daher	_	_
7-65	1478-1483	davon	_	_
7-66	1484-1493	überzeugt	_	_
7-67	1493-1494	:	_	_
7-68	1495-1498	Wer	_	B
7-69	1499-1507	Vollzeit	_	B
7-70	1508-1516	arbeitet	_	_
7-71	1516-1517	,	_	_
7-72	1518-1522	muss	_	_
7-73	1523-1528	davon	_	_
7-74	1529-1534	leben	_	_
7-75	1535-1541	können	_	_
7-76	1541-1542	.	_	_
7-77	1543-1546	Der	_	B
7-78	1547-1551	Lohn	_	I
7-79	1552-1556	muss	_	_
7-80	1557-1567	armutsfest	_	B
7-81	1568-1572	sein	_	_
7-82	1572-1573	.	_	_

#Text=Ich habe von Uwe Schummer und Bernd Rützel gelernt: Das hat auch schon Papst Pius so gesehen. Nein, Papst Leo XIII. war es – Entschuldigung; man merkt, ich bin nicht ganz bibelfest.
8-1	1586-1589	Ich	_	B
8-2	1590-1594	habe	_	_
8-3	1595-1598	von	_	_
8-4	1599-1602	Uwe	_	B
8-5	1603-1611	Schummer	_	I
8-6	1612-1615	und	_	_
8-7	1616-1621	Bernd	_	B
8-8	1622-1628	Rützel	_	I
8-9	1629-1636	gelernt	_	_
8-10	1636-1637	:	_	_
8-11	1638-1641	Das	_	B
8-12	1642-1645	hat	_	_
8-13	1646-1650	auch	_	B
8-14	1651-1656	schon	_	I
8-15	1657-1662	Papst	_	I
8-16	1663-1667	Pius	_	I
8-17	1668-1670	so	_	_
8-18	1671-1678	gesehen	_	_
8-19	1678-1679	.	_	_
8-20	1680-1684	Nein	_	_
8-21	1684-1685	,	_	_
8-22	1686-1691	Papst	_	B
8-23	1692-1695	Leo	_	I
8-24	1696-1700	XIII	_	_
8-25	1700-1701	.	_	_
8-26	1702-1705	war	_	_
8-27	1706-1708	es	_	B
8-28	1709-1710	–	_	B
8-29	1711-1725	Entschuldigung	_	I
8-30	1725-1726	;	_	_
8-31	1727-1730	man	_	B
8-32	1731-1736	merkt	_	_
8-33	1736-1737	,	_	_
8-34	1738-1741	ich	_	B
8-35	1742-1745	bin	_	_
8-36	1746-1751	nicht	_	_
8-37	1752-1756	ganz	_	_
8-38	1757-1766	bibelfest	_	_
8-39	1766-1767	.	_	_

#Text=Das bedeutet zwei Dinge: Der Lohn muss bei Vollzeitkräften nicht mehr durch zusätzliche Sozialtransfers aufgestockt werden, und er ist hoch genug, um eine Rente oberhalb der Grundsicherung zu gewährleisten. – Berücksichtigt man dies, landen wir bei einem Mindestlohn von 12 Euro. Wir planen daher, ein neues Kriterium ins Mindestlohngesetz aufzunehmen, das die Mindestlohnkommission bei der Findung beachten muss: Sie soll sich stärker an der Armutsgefährdung orientierten.
9-1	1775-1778	Das	_	B
9-2	1779-1787	bedeutet	_	_
9-3	1788-1792	zwei	_	B
9-4	1793-1798	Dinge	_	I
9-5	1798-1799	:	_	_
9-6	1800-1803	Der	_	B
9-7	1804-1808	Lohn	_	I
9-8	1809-1813	muss	_	_
9-9	1814-1817	bei	_	_
9-10	1818-1833	Vollzeitkräften	_	B
9-11	1834-1839	nicht	_	_
9-12	1840-1844	mehr	_	_
9-13	1845-1850	durch	_	_
9-14	1851-1862	zusätzliche	_	B
9-15	1863-1878	Sozialtransfers	_	I
9-16	1879-1890	aufgestockt	_	_
9-17	1891-1897	werden	_	_
9-18	1897-1898	,	_	_
9-19	1899-1902	und	_	_
9-20	1903-1905	er	_	B
9-21	1906-1909	ist	_	_
9-22	1910-1914	hoch	_	_
9-23	1915-1920	genug	_	_
9-24	1920-1921	,	_	_
9-25	1922-1924	um	_	_
9-26	1925-1929	eine	_	B
9-27	1930-1935	Rente	_	I
9-28	1936-1944	oberhalb	_	_
9-29	1945-1948	der	_	B
9-30	1949-1963	Grundsicherung	_	I
9-31	1964-1966	zu	_	_
9-32	1967-1980	gewährleisten	_	_
9-33	1980-1981	.	_	_
9-34	1982-1983	–	_	_
9-35	1984-1998	Berücksichtigt	_	_
9-36	1999-2002	man	_	B
9-37	2003-2007	dies	_	B
9-38	2007-2008	,	_	_
9-39	2009-2015	landen	_	_
9-40	2016-2019	wir	_	B
9-41	2020-2023	bei	_	_
9-42	2024-2029	einem	_	B
9-43	2030-2041	Mindestlohn	_	I
9-44	2042-2045	von	_	_
9-45	2046-2048	12	_	B
9-46	2049-2053	Euro	_	I
9-47	2053-2054	.	_	_
9-48	2055-2058	Wir	_	B
9-49	2059-2065	planen	_	_
9-50	2066-2071	daher	_	_
9-51	2071-2072	,	_	_
9-52	2073-2076	ein	_	B
9-53	2077-2082	neues	_	I
9-54	2083-2092	Kriterium	_	I
9-55	2093-2096	ins	_	_
9-56	2097-2114	Mindestlohngesetz	_	B
9-57	2115-2126	aufzunehmen	_	_
9-58	2126-2127	,	_	_
9-59	2128-2131	das	_	B
9-60	2132-2135	die	_	B
9-61	2136-2157	Mindestlohnkommission	_	I
9-62	2158-2161	bei	_	_
9-63	2162-2165	der	_	B
9-64	2166-2173	Findung	_	I
9-65	2174-2182	beachten	_	_
9-66	2183-2187	muss	_	_
9-67	2187-2188	:	_	_
9-68	2189-2192	Sie	_	B
9-69	2193-2197	soll	_	_
9-70	2198-2202	sich	_	B
9-71	2203-2210	stärker	_	_
9-72	2211-2213	an	_	_
9-73	2214-2217	der	_	B
9-74	2218-2234	Armutsgefährdung	_	I
9-75	2235-2247	orientierten	_	_
9-76	2247-2248	.	_	_

#Text=Und das, lieber Matthias Zimmer, ist keine politische Festsetzung.
10-1	2259-2262	Und	_	_
10-2	2263-2266	das	_	B
10-3	2266-2267	,	_	_
10-4	2268-2274	lieber	_	_
10-5	2275-2283	Matthias	_	B
10-6	2284-2290	Zimmer	_	I
10-7	2290-2291	,	_	_
10-8	2292-2295	ist	_	_
10-9	2296-2301	keine	_	B
10-10	2302-2312	politische	_	I
10-11	2313-2324	Festsetzung	_	I
10-12	2324-2325	.	_	_

#Text=Zweite Aufgabe für das nächste Schuljahr: Lücken müssen geschlossen werden. – Viel zu vielen Beschäftigten wird ihr verdienter Lohn vorenthalten. Wenn Arbeitgeber Kost und Logis auf den Mindestlohn ungerechtfertigt anrechnen oder Arbeitsstunden mit Gutscheinen oder Sachleistungen abgelten, dann geht das gar nicht.
11-1	2329-2335	Zweite	_	B
11-2	2336-2343	Aufgabe	_	I
11-3	2344-2347	für	_	_
11-4	2348-2351	das	_	B
11-5	2352-2359	nächste	_	I
11-6	2360-2369	Schuljahr	_	I
11-7	2369-2370	:	_	_
11-8	2371-2377	Lücken	_	B
11-9	2378-2384	müssen	_	_
11-10	2385-2396	geschlossen	_	_
11-11	2397-2403	werden	_	_
11-12	2403-2404	.	_	_
11-13	2405-2406	–	_	_
11-14	2407-2411	Viel	_	_
11-15	2412-2414	zu	_	_
11-16	2415-2421	vielen	_	B
11-17	2422-2435	Beschäftigten	_	I
11-18	2436-2440	wird	_	_
11-19	2441-2444	ihr	_	B
11-20	2445-2455	verdienter	_	I
11-21	2456-2460	Lohn	_	I
11-22	2461-2473	vorenthalten	_	_
11-23	2473-2474	.	_	_
11-24	2475-2479	Wenn	_	_
11-25	2480-2491	Arbeitgeber	_	B
11-26	2492-2496	Kost	_	B
11-27	2497-2500	und	_	_
11-28	2501-2506	Logis	_	B
11-29	2507-2510	auf	_	_
11-30	2511-2514	den	_	B
11-31	2515-2526	Mindestlohn	_	I
11-32	2527-2543	ungerechtfertigt	_	_
11-33	2544-2553	anrechnen	_	_
11-34	2554-2558	oder	_	_
11-35	2559-2573	Arbeitsstunden	_	B
11-36	2574-2577	mit	_	_
11-37	2578-2589	Gutscheinen	_	B
11-38	2590-2594	oder	_	_
11-39	2595-2609	Sachleistungen	_	B
11-40	2610-2618	abgelten	_	_
11-41	2618-2619	,	_	_
11-42	2620-2624	dann	_	_
11-43	2625-2629	geht	_	_
11-44	2630-2633	das	_	B
11-45	2634-2637	gar	_	_
11-46	2638-2643	nicht	_	_
11-47	2643-2644	.	_	_

#Text=Das größte Einfallstor für die Umgehung des Mindestlohns ist aber die fehlende Erfassung der Arbeitszeit. Da werden die Rüstzeiten oder die Nacharbeiten nicht korrekt aufgeschrieben, da gelten die Fahrtzeiten bei Leerfahrten ohne Fahrgäste nicht als Arbeitszeit und, und, und. Im Arbeitsschutzkontrollgesetz für die Fleischbranche haben wir es eindeutig geregelt: Die Arbeitszeit ist tagesaktuell elektronisch und manipulationssicher aufzuzeichnen. – Was jetzt schon in Schlachthöfen gilt, muss möglichst schnell auch in anderen Betrieben durchgesetzt werden. Jede Arbeitsstunde zählt.
12-1	2650-2653	Das	_	B
12-2	2654-2660	größte	_	I
12-3	2661-2672	Einfallstor	_	I
12-4	2673-2676	für	_	_
12-5	2677-2680	die	_	B
12-6	2681-2689	Umgehung	_	I
12-7	2690-2693	des	_	B
12-8	2694-2706	Mindestlohns	_	I
12-9	2707-2710	ist	_	_
12-10	2711-2715	aber	_	_
12-11	2716-2719	die	_	B
12-12	2720-2728	fehlende	_	I
12-13	2729-2738	Erfassung	_	I
12-14	2739-2742	der	_	B
12-15	2743-2754	Arbeitszeit	_	I
12-16	2754-2755	.	_	_
12-17	2756-2758	Da	_	_
12-18	2759-2765	werden	_	_
12-19	2766-2769	die	_	B
12-20	2770-2780	Rüstzeiten	_	I
12-21	2781-2785	oder	_	_
12-22	2786-2789	die	_	B
12-23	2790-2802	Nacharbeiten	_	I
12-24	2803-2808	nicht	_	_
12-25	2809-2816	korrekt	_	_
12-26	2817-2831	aufgeschrieben	_	_
12-27	2831-2832	,	_	_
12-28	2833-2835	da	_	_
12-29	2836-2842	gelten	_	_
12-30	2843-2846	die	_	B
12-31	2847-2858	Fahrtzeiten	_	I
12-32	2859-2862	bei	_	_
12-33	2863-2874	Leerfahrten	_	B
12-34	2875-2879	ohne	_	_
12-35	2880-2889	Fahrgäste	_	B
12-36	2890-2895	nicht	_	_
12-37	2896-2899	als	_	_
12-38	2900-2911	Arbeitszeit	_	B
12-39	2912-2915	und	_	_
12-40	2915-2916	,	_	_
12-41	2917-2920	und	_	_
12-42	2920-2921	,	_	_
12-43	2922-2925	und	_	_
12-44	2925-2926	.	_	_
12-45	2927-2929	Im	_	_
12-46	2930-2957	Arbeitsschutzkontrollgesetz	_	B
12-47	2958-2961	für	_	_
12-48	2962-2965	die	_	B
12-49	2966-2980	Fleischbranche	_	I
12-50	2981-2986	haben	_	_
12-51	2987-2990	wir	_	B
12-52	2991-2993	es	_	B
12-53	2994-3003	eindeutig	_	_
12-54	3004-3012	geregelt	_	_
12-55	3012-3013	:	_	_
12-56	3014-3017	Die	_	B
12-57	3018-3029	Arbeitszeit	_	I
12-58	3030-3033	ist	_	_
12-59	3034-3046	tagesaktuell	_	_
12-60	3047-3059	elektronisch	_	_
12-61	3060-3063	und	_	_
12-62	3064-3083	manipulationssicher	_	_
12-63	3084-3097	aufzuzeichnen	_	_
12-64	3097-3098	.	_	_
12-65	3099-3100	–	_	_
12-66	3101-3104	Was	_	B
12-67	3105-3110	jetzt	_	_
12-68	3111-3116	schon	_	_
12-69	3117-3119	in	_	_
12-70	3120-3133	Schlachthöfen	_	B
12-71	3134-3138	gilt	_	_
12-72	3138-3139	,	_	_
12-73	3140-3144	muss	_	_
12-74	3145-3154	möglichst	_	_
12-75	3155-3162	schnell	_	_
12-76	3163-3167	auch	_	_
12-77	3168-3170	in	_	_
12-78	3171-3178	anderen	_	B
12-79	3179-3188	Betrieben	_	I
12-80	3189-3201	durchgesetzt	_	_
12-81	3202-3208	werden	_	_
12-82	3208-3209	.	_	_
12-83	3210-3214	Jede	_	B
12-84	3215-3228	Arbeitsstunde	_	I
12-85	3229-3234	zählt	_	_
12-86	3234-3235	.	_	_

#Text=Der Plan von Hubertus Heil und Olaf Scholz für die Weiterentwicklung des Mindestlohns erstreckt sich aber nicht nur auf die Regelungen zum Mindestlohn selbst. Wir denken Mindestlohn und Sozialpartnerschaft immer zusammen. Sie sind ein Team mit einem Ziel: Respekt für gute Arbeit.
13-1	3246-3249	Der	_	B
13-2	3250-3254	Plan	_	I
13-3	3255-3258	von	_	_
13-4	3259-3267	Hubertus	_	B
13-5	3268-3272	Heil	_	I
13-6	3273-3276	und	_	_
13-7	3277-3281	Olaf	_	B
13-8	3282-3288	Scholz	_	I
13-9	3289-3292	für	_	_
13-10	3293-3296	die	_	B
13-11	3297-3314	Weiterentwicklung	_	I
13-12	3315-3318	des	_	B
13-13	3319-3331	Mindestlohns	_	I
13-14	3332-3341	erstreckt	_	_
13-15	3342-3346	sich	_	B
13-16	3347-3351	aber	_	_
13-17	3352-3357	nicht	_	_
13-18	3358-3361	nur	_	_
13-19	3362-3365	auf	_	_
13-20	3366-3369	die	_	B
13-21	3370-3380	Regelungen	_	I
13-22	3381-3384	zum	_	_
13-23	3385-3396	Mindestlohn	_	B
13-24	3397-3403	selbst	_	_
13-25	3403-3404	.	_	_
13-26	3405-3408	Wir	_	B
13-27	3409-3415	denken	_	_
13-28	3416-3427	Mindestlohn	_	B
13-29	3428-3431	und	_	_
13-30	3432-3451	Sozialpartnerschaft	_	B
13-31	3452-3457	immer	_	_
13-32	3458-3466	zusammen	_	_
13-33	3466-3467	.	_	_
13-34	3468-3471	Sie	_	B
13-35	3472-3476	sind	_	_
13-36	3477-3480	ein	_	B
13-37	3481-3485	Team	_	I
13-38	3486-3489	mit	_	_
13-39	3490-3495	einem	_	B
13-40	3496-3500	Ziel	_	I
13-41	3500-3501	:	_	_
13-42	3502-3509	Respekt	_	B
13-43	3510-3513	für	_	_
13-44	3514-3518	gute	_	B
13-45	3519-3525	Arbeit	_	I
13-46	3525-3526	.	_	_

#Text=Dritte Aufgabe für das erste Schuljahr des Mindestlohns: die Schaffung eines Bundestariftreuegesetzes. – Aufträge, die aus Steuermitteln gezahlt werden, müssen gute Arbeit garantieren. Öffentliche Aufträge des Bundes, der Länder und der Kommunen dürfen nur noch an Auftragnehmer vergeben werden, die ihren Beschäftigten tarifvertragliche Entlohnungsbedingungen gewähren. Alle Arbeitnehmer/-innen, die bei dem öffentlichen Auftrag eingesetzt werden, sollen einen Anspruch auf diese Entlohnungsbedingungen bekommen, einen einklagbaren Anspruch auf gute Löhne.
14-1	3531-3537	Dritte	_	B
14-2	3538-3545	Aufgabe	_	I
14-3	3546-3549	für	_	_
14-4	3550-3553	das	_	B
14-5	3554-3559	erste	_	I
14-6	3560-3569	Schuljahr	_	I
14-7	3570-3573	des	_	B
14-8	3574-3586	Mindestlohns	_	I
14-9	3586-3587	:	_	_
14-10	3588-3591	die	_	B
14-11	3592-3601	Schaffung	_	I
14-12	3602-3607	eines	_	B
14-13	3608-3632	Bundestariftreuegesetzes	_	I
14-14	3632-3633	.	_	_
14-15	3634-3635	–	_	_
14-16	3636-3644	Aufträge	_	B
14-17	3644-3645	,	_	_
14-18	3646-3649	die	_	B
14-19	3650-3653	aus	_	_
14-20	3654-3667	Steuermitteln	_	B
14-21	3668-3675	gezahlt	_	_
14-22	3676-3682	werden	_	_
14-23	3682-3683	,	_	_
14-24	3684-3690	müssen	_	_
14-25	3691-3695	gute	_	B
14-26	3696-3702	Arbeit	_	I
14-27	3703-3714	garantieren	_	_
14-28	3714-3715	.	_	_
14-29	3716-3727	Öffentliche	_	B
14-30	3728-3736	Aufträge	_	I
14-31	3737-3740	des	_	B
14-32	3741-3747	Bundes	_	I
14-33	3747-3748	,	_	_
14-34	3749-3752	der	_	B
14-35	3753-3759	Länder	_	I
14-36	3760-3763	und	_	_
14-37	3764-3767	der	_	B
14-38	3768-3776	Kommunen	_	I
14-39	3777-3783	dürfen	_	_
14-40	3784-3787	nur	_	_
14-41	3788-3792	noch	_	_
14-42	3793-3795	an	_	_
14-43	3796-3809	Auftragnehmer	_	B
14-44	3810-3818	vergeben	_	_
14-45	3819-3825	werden	_	_
14-46	3825-3826	,	_	_
14-47	3827-3830	die	_	B
14-48	3831-3836	ihren	_	B
14-49	3837-3850	Beschäftigten	_	I
14-50	3851-3868	tarifvertragliche	_	_
14-51	3869-3891	Entlohnungsbedingungen	_	_
14-52	3892-3900	gewähren	_	_
14-53	3900-3901	.	_	_
14-54	3902-3906	Alle	_	B
14-55	3907-3926	Arbeitnehmer/-innen	_	I
14-56	3926-3927	,	_	_
14-57	3928-3931	die	_	B
14-58	3932-3935	bei	_	_
14-59	3936-3939	dem	_	B
14-60	3940-3952	öffentlichen	_	I
14-61	3953-3960	Auftrag	_	I
14-62	3961-3971	eingesetzt	_	_
14-63	3972-3978	werden	_	_
14-64	3978-3979	,	_	_
14-65	3980-3986	sollen	_	_
14-66	3987-3992	einen	_	B
14-67	3993-4001	Anspruch	_	I
14-68	4002-4005	auf	_	_
14-69	4006-4011	diese	_	B
14-70	4012-4034	Entlohnungsbedingungen	_	I
14-71	4035-4043	bekommen	_	_
14-72	4043-4044	,	_	_
14-73	4045-4050	einen	_	B
14-74	4051-4063	einklagbaren	_	I
14-75	4064-4072	Anspruch	_	I
14-76	4073-4076	auf	_	_
14-77	4077-4081	gute	_	B
14-78	4082-4087	Löhne	_	I
14-79	4087-4088	.	_	_

#Text=Mit einem Vergabemindestlohn von 12 Euro wollen wir zunächst einmal dafür sorgen, dass diejenigen angemessen entlohnt werden, deren Aufträge aus Steuermitteln gezahlt werden.
15-1	4101-4104	Mit	_	_
15-2	4105-4110	einem	_	B
15-3	4111-4129	Vergabemindestlohn	_	I
15-4	4130-4133	von	_	_
15-5	4134-4136	12	_	B
15-6	4137-4141	Euro	_	I
15-7	4142-4148	wollen	_	_
15-8	4149-4152	wir	_	B
15-9	4153-4161	zunächst	_	_
15-10	4162-4168	einmal	_	_
15-11	4169-4174	dafür	_	_
15-12	4175-4181	sorgen	_	_
15-13	4181-4182	,	_	_
15-14	4183-4187	dass	_	_
15-15	4188-4198	diejenigen	_	B
15-16	4199-4209	angemessen	_	_
15-17	4210-4218	entlohnt	_	_
15-18	4219-4225	werden	_	_
15-19	4225-4226	,	_	_
15-20	4227-4232	deren	_	B
15-21	4233-4241	Aufträge	_	I
15-22	4242-4245	aus	_	_
15-23	4246-4259	Steuermitteln	_	B
15-24	4260-4267	gezahlt	_	_
15-25	4268-4274	werden	_	_
15-26	4274-4275	.	_	_

#Text=Herr Kollege, kommen Sie zum Schluss, bitte.
16-1	4279-4283	Herr	_	_
16-2	4284-4291	Kollege	_	B
16-3	4291-4292	,	_	_
16-4	4293-4299	kommen	_	_
16-5	4300-4303	Sie	_	B
16-6	4304-4307	zum	_	_
16-7	4308-4315	Schluss	_	B
16-8	4315-4316	,	_	_
16-9	4317-4322	bitte	_	_
16-10	4322-4323	.	_	_

#Text=Mit dem Bundestariftreuegesetz wollen wir endlich für faire Verhältnisse sorgen.
17-1	4327-4330	Mit	_	_
17-2	4331-4334	dem	_	B
17-3	4335-4357	Bundestariftreuegesetz	_	I
17-4	4358-4364	wollen	_	_
17-5	4365-4368	wir	_	B
17-6	4369-4376	endlich	_	_
17-7	4377-4380	für	_	_
17-8	4381-4386	faire	_	B
17-9	4387-4399	Verhältnisse	_	I
17-10	4400-4406	sorgen	_	_
17-11	4406-4407	.	_	_

#Text=Liebe Kolleginnen und Kollegen, unser Lehrplan für die weitere Entwicklung des Mindestlohns hat noch viele weitere Aspekte. Ich freue mich auf die Beratungen im Klassenzimmer – Entschuldigung: im Ausschusssaal.
18-1	4409-4414	Liebe	_	B
18-2	4415-4426	Kolleginnen	_	B
18-3	4427-4430	und	_	_
18-4	4431-4439	Kollegen	_	B
18-5	4439-4440	,	_	_
18-6	4441-4446	unser	_	B
18-7	4447-4455	Lehrplan	_	I
18-8	4456-4459	für	_	_
18-9	4460-4463	die	_	B
18-10	4464-4471	weitere	_	I
18-11	4472-4483	Entwicklung	_	I
18-12	4484-4487	des	_	B
18-13	4488-4500	Mindestlohns	_	I
18-14	4501-4504	hat	_	_
18-15	4505-4509	noch	_	B
18-16	4510-4515	viele	_	I
18-17	4516-4523	weitere	_	I
18-18	4524-4531	Aspekte	_	I
18-19	4531-4532	.	_	_
18-20	4533-4536	Ich	_	B
18-21	4537-4542	freue	_	_
18-22	4543-4547	mich	_	B
18-23	4548-4551	auf	_	_
18-24	4552-4555	die	_	B
18-25	4556-4566	Beratungen	_	I
18-26	4567-4569	im	_	_
18-27	4570-4583	Klassenzimmer	_	B
18-28	4584-4585	–	_	_
18-29	4586-4600	Entschuldigung	_	B
18-30	4600-4601	:	_	_
18-31	4602-4604	im	_	_
18-32	4605-4618	Ausschusssaal	_	B
18-33	4618-4619	.	_	_

#Text=Ich danke Ihnen.
19-1	4624-4627	Ich	_	B
19-2	4628-4633	danke	_	_
19-3	4634-4639	Ihnen	_	B
19-4	4639-4640	.	_	_

#Text=Vielen Dank, Herr Kollege Dr. Bartke. – Letzter Redner in dieser Debatte ist der Kollege Peter Aumer, CDU/CSU-Fraktion.
20-1	4642-4648	Vielen	_	_
20-2	4649-4653	Dank	_	_
20-3	4653-4654	,	_	_
20-4	4655-4659	Herr	_	B
20-5	4660-4667	Kollege	_	I
20-6	4668-4671	Dr.	_	B
20-7	4672-4678	Bartke	_	I
20-8	4678-4679	.	_	_
20-9	4680-4681	–	_	_
20-10	4682-4689	Letzter	_	B
20-11	4690-4696	Redner	_	I
20-12	4697-4699	in	_	_
20-13	4700-4706	dieser	_	B
20-14	4707-4714	Debatte	_	I
20-15	4715-4718	ist	_	_
20-16	4719-4722	der	_	B
20-17	4723-4730	Kollege	_	I
20-18	4731-4736	Peter	_	I
20-19	4737-4742	Aumer	_	I
20-20	4742-4743	,	_	I
20-21	4744-4747	CDU	_	I
20-22	4747-4748	/	_	I
20-23	4748-4760	CSU-Fraktion	_	I
20-24	4760-4761	.	_	_
