#FORMAT=WebAnno TSV 3.2
#T_SP=webanno.custom.Animacy|Animated
#T_SP=webanno.custom.CustomChunk|Chunk


#Text=Es ist richtig, dass ein Großteil der Bevölkerung durch die Mieten eine sehr hohe Belastung hat. Deshalb hat der Bund sich auch entschlossen, gerade in dieser Legislaturperiode – obwohl er nicht zuständig ist, sondern die Länder zuständig sind –, ich glaube, noch einmal 5 Milliarden Euro in den sozialen Wohnungsbau zu investieren, weil die Länder es aus eigener Kraft nicht geschafft haben. Damit haben wir ein Stück Föderalismusreform sozusagen wieder rückgängig gemacht.
1-1	0-2	Es	_	B
1-2	3-6	ist	_	_
1-3	7-14	richtig	_	_
1-4	14-15	,	_	_
1-5	16-20	dass	_	_
1-6	21-24	ein	_	B
1-7	25-33	Großteil	_	I
1-8	34-37	der	_	B
1-9	38-49	Bevölkerung	_	I
1-10	50-55	durch	_	_
1-11	56-59	die	_	B
1-12	60-66	Mieten	_	I
1-13	67-71	eine	_	B
1-14	72-76	sehr	_	I
1-15	77-81	hohe	_	I
1-16	82-91	Belastung	_	I
1-17	92-95	hat	_	_
1-18	95-96	.	_	_
1-19	97-104	Deshalb	_	_
1-20	105-108	hat	_	_
1-21	109-112	der	_	B
1-22	113-117	Bund	_	I
1-23	118-122	sich	_	B
1-24	123-127	auch	_	_
1-25	128-140	entschlossen	_	_
1-26	140-141	,	_	_
1-27	142-148	gerade	_	_
1-28	149-151	in	_	_
1-29	152-158	dieser	_	B
1-30	159-176	Legislaturperiode	_	I
1-31	177-178	–	_	_
1-32	179-185	obwohl	_	_
1-33	186-188	er	_	B
1-34	189-194	nicht	_	_
1-35	195-204	zuständig	_	_
1-36	205-208	ist	_	_
1-37	208-209	,	_	_
1-38	210-217	sondern	_	_
1-39	218-221	die	_	B
1-40	222-228	Länder	_	I
1-41	229-238	zuständig	_	_
1-42	239-243	sind	_	_
1-43	244-245	–	_	_
1-44	245-246	,	_	_
1-45	247-250	ich	_	B
1-46	251-257	glaube	_	_
1-47	257-258	,	_	_
1-48	259-263	noch	_	B
1-49	264-270	einmal	_	I
1-50	271-272	5	_	I
1-51	273-283	Milliarden	_	I
1-52	284-288	Euro	_	I
1-53	289-291	in	_	_
1-54	292-295	den	_	B
1-55	296-304	sozialen	_	I
1-56	305-316	Wohnungsbau	_	I
1-57	317-319	zu	_	_
1-58	320-331	investieren	_	_
1-59	331-332	,	_	_
1-60	333-337	weil	_	_
1-61	338-341	die	_	B
1-62	342-348	Länder	_	I
1-63	349-351	es	_	B
1-64	352-355	aus	_	_
1-65	356-363	eigener	_	B
1-66	364-369	Kraft	_	I
1-67	370-375	nicht	_	_
1-68	376-385	geschafft	_	_
1-69	386-391	haben	_	_
1-70	391-392	.	_	_
1-71	393-398	Damit	_	_
1-72	399-404	haben	_	_
1-73	405-408	wir	_	B
1-74	409-412	ein	_	B
1-75	413-418	Stück	_	I
1-76	419-437	Föderalismusreform	_	I
1-77	438-447	sozusagen	_	_
1-78	448-454	wieder	_	_
1-79	455-465	rückgängig	_	_
1-80	466-473	gemacht	_	_
1-81	473-474	.	_	_

#Text=Wir haben zweitens eine Wohngeldnovelle auf den Weg gebracht, die jetzt dazu führt, dass wir automatische Wohngeldanpassungen haben, die es in den vergangenen Jahren nicht gab – das war jedes Mal eine neue Entscheidung –, also auch eine sehr gute Sache, und wir haben das Wohngeld erhöht. Wir haben außerdem in Bezug auf Baulandfragen und Ähnliches – ich kann das jetzt hier aus Zeitgründen nicht alles aufführen – Baugesetznovellen auf den Weg gebracht, um das Bauen zu erleichtern, und wo notwendig, haben wir ja auch Mietpreisbremsen eingesetzt, neue Mietspiegel eingeführt.
2-1	484-487	Wir	_	B
2-2	488-493	haben	_	_
2-3	494-502	zweitens	_	_
2-4	503-507	eine	_	B
2-5	508-523	Wohngeldnovelle	_	I
2-6	524-527	auf	_	_
2-7	528-531	den	_	B
2-8	532-535	Weg	_	I
2-9	536-544	gebracht	_	_
2-10	544-545	,	_	_
2-11	546-549	die	_	B
2-12	550-555	jetzt	_	_
2-13	556-560	dazu	_	_
2-14	561-566	führt	_	_
2-15	566-567	,	_	_
2-16	568-572	dass	_	_
2-17	573-576	wir	_	B
2-18	577-589	automatische	_	B
2-19	590-609	Wohngeldanpassungen	_	I
2-20	610-615	haben	_	_
2-21	615-616	,	_	_
2-22	617-620	die	_	B
2-23	621-623	es	_	_
2-24	624-626	in	_	_
2-25	627-630	den	_	B
2-26	631-642	vergangenen	_	I
2-27	643-649	Jahren	_	I
2-28	650-655	nicht	_	_
2-29	656-659	gab	_	_
2-30	660-661	–	_	_
2-31	662-665	das	_	_
2-32	666-669	war	_	_
2-33	670-675	jedes	_	B
2-34	676-679	Mal	_	I
2-35	680-684	eine	_	B
2-36	685-689	neue	_	I
2-37	690-702	Entscheidung	_	I
2-38	703-704	–	_	_
2-39	704-705	,	_	_
2-40	706-710	also	_	B
2-41	711-715	auch	_	I
2-42	716-720	eine	_	I
2-43	721-725	sehr	_	I
2-44	726-730	gute	_	I
2-45	731-736	Sache	_	I
2-46	736-737	,	_	_
2-47	738-741	und	_	_
2-48	742-745	wir	_	B
2-49	746-751	haben	_	_
2-50	752-755	das	_	B
2-51	756-764	Wohngeld	_	I
2-52	765-771	erhöht	_	_
2-53	771-772	.	_	_
2-54	773-776	Wir	_	B
2-55	777-782	haben	_	_
2-56	783-791	außerdem	_	_
2-57	792-794	in	_	_
2-58	795-800	Bezug	_	B
2-59	801-804	auf	_	_
2-60	805-818	Baulandfragen	_	B
2-61	819-822	und	_	_
2-62	823-832	Ähnliches	_	B
2-63	833-834	–	_	_
2-64	835-838	ich	_	B
2-65	839-843	kann	_	_
2-66	844-847	das	_	B
2-67	848-853	jetzt	_	_
2-68	854-858	hier	_	_
2-69	859-862	aus	_	_
2-70	863-874	Zeitgründen	_	B
2-71	875-880	nicht	_	_
2-72	881-886	alles	_	B
2-73	887-896	aufführen	_	_
2-74	897-898	–	_	_
2-75	899-916	Baugesetznovellen	_	B
2-76	917-920	auf	_	_
2-77	921-924	den	_	B
2-78	925-928	Weg	_	I
2-79	929-937	gebracht	_	_
2-80	937-938	,	_	_
2-81	939-941	um	_	_
2-82	942-945	das	_	B
2-83	946-951	Bauen	_	I
2-84	952-954	zu	_	_
2-85	955-966	erleichtern	_	_
2-86	966-967	,	_	_
2-87	968-971	und	_	_
2-88	972-974	wo	_	_
2-89	975-984	notwendig	_	_
2-90	984-985	,	_	_
2-91	986-991	haben	_	_
2-92	992-995	wir	_	B
2-93	996-998	ja	_	_
2-94	999-1003	auch	_	B
2-95	1004-1020	Mietpreisbremsen	_	I
2-96	1021-1031	eingesetzt	_	_
2-97	1031-1032	,	_	_
2-98	1033-1037	neue	_	B
2-99	1038-1049	Mietspiegel	_	I
2-100	1050-1060	eingeführt	_	_
2-101	1060-1061	.	_	_

#Text=Aber wir müssen vor allem die Bauaktivitäten voranbringen. Wenn keiner Wohnungen baut, gibt es auch keine Entlastung auf dem Wohnungsmarkt. Wir haben versucht, diesen sehr komplexen Sachverhalt gut zu händeln, und ich glaube, wir haben einiges auf den Weg gebracht, gerade in dieser Legislaturperiode.
3-1	1073-1077	Aber	_	_
3-2	1078-1081	wir	_	B
3-3	1082-1088	müssen	_	_
3-4	1089-1092	vor	_	_
3-5	1093-1098	allem	_	B
3-6	1099-1102	die	_	_
3-7	1103-1117	Bauaktivitäten	_	_
3-8	1118-1130	voranbringen	_	_
3-9	1130-1131	.	_	_
3-10	1132-1136	Wenn	_	_
3-11	1137-1143	keiner	_	B
3-12	1144-1153	Wohnungen	_	B
3-13	1154-1158	baut	_	_
3-14	1158-1159	,	_	_
3-15	1160-1164	gibt	_	_
3-16	1165-1167	es	_	_
3-17	1168-1172	auch	_	_
3-18	1173-1178	keine	_	B
3-19	1179-1189	Entlastung	_	I
3-20	1190-1193	auf	_	_
3-21	1194-1197	dem	_	B
3-22	1198-1211	Wohnungsmarkt	_	I
3-23	1211-1212	.	_	_
3-24	1213-1216	Wir	_	B
3-25	1217-1222	haben	_	_
3-26	1223-1231	versucht	_	_
3-27	1231-1232	,	_	_
3-28	1233-1239	diesen	_	B
3-29	1240-1244	sehr	_	I
3-30	1245-1254	komplexen	_	I
3-31	1255-1266	Sachverhalt	_	I
3-32	1267-1270	gut	_	_
3-33	1271-1273	zu	_	_
3-34	1274-1281	händeln	_	_
3-35	1281-1282	,	_	_
3-36	1283-1286	und	_	_
3-37	1287-1290	ich	_	B
3-38	1291-1297	glaube	_	_
3-39	1297-1298	,	_	_
3-40	1299-1302	wir	_	B
3-41	1303-1308	haben	_	_
3-42	1309-1316	einiges	_	B
3-43	1317-1320	auf	_	_
3-44	1321-1324	den	_	B
3-45	1325-1328	Weg	_	I
3-46	1329-1337	gebracht	_	_
3-47	1337-1338	,	_	_
3-48	1339-1345	gerade	_	_
3-49	1346-1348	in	_	_
3-50	1349-1355	dieser	_	B
3-51	1356-1373	Legislaturperiode	_	I
3-52	1373-1374	.	_	_

#Text=Sie haben das Wort zur Nachfrage.
4-1	1383-1386	Sie	_	B
4-2	1387-1392	haben	_	_
4-3	1393-1396	das	_	B
4-4	1397-1401	Wort	_	I
4-5	1402-1405	zur	_	_
4-6	1406-1415	Nachfrage	_	B
4-7	1415-1416	.	_	_
