#FORMAT=WebAnno TSV 3.2
#T_SP=webanno.custom.Animacy|Animated
#T_SP=webanno.custom.CustomChunk|Chunk


#Text=Gerne. – Frau Ministerin, ich bin davon überzeugt, dass ein junger Mensch – die wollen einen guten Ausbildungsplatz ergattern, und sie haben natürlich auch einen Anspruch darauf – von klein auf gefördert werden muss, ab der Grundschule. Diesbezüglich haben wir ein noch ungelöstes Vorhaben im Koalitionsvertrag stehen, nämlich die Umsetzung der Einführung des Rechtsanspruchs auf Ganztagsförderung im Grundschulbereich. Da ist meine Frage: Wie plant die Bundesregierung, die Umsetzung des Projekts voranzutreiben, zumal die Legislaturperiode dahineilt?
1-1	0-5	Gerne	_	_
1-2	5-6	.	_	_
1-3	7-8	–	_	_
1-4	9-13	Frau	_	B
1-5	14-24	Ministerin	_	I
1-6	24-25	,	_	_
1-7	26-29	ich	_	B
1-8	30-33	bin	_	_
1-9	34-39	davon	_	_
1-10	40-49	überzeugt	_	_
1-11	49-50	,	_	_
1-12	51-55	dass	_	_
1-13	56-59	ein	_	B
1-14	60-66	junger	_	I
1-15	67-73	Mensch	_	I
1-16	74-75	–	_	_
1-17	76-79	die	_	B
1-18	80-86	wollen	_	_
1-19	87-92	einen	_	B
1-20	93-98	guten	_	I
1-21	99-115	Ausbildungsplatz	_	I
1-22	116-125	ergattern	_	_
1-23	125-126	,	_	_
1-24	127-130	und	_	_
1-25	131-134	sie	_	B
1-26	135-140	haben	_	_
1-27	141-150	natürlich	_	_
1-28	151-155	auch	_	_
1-29	156-161	einen	_	B
1-30	162-170	Anspruch	_	I
1-31	171-177	darauf	_	_
1-32	178-179	–	_	_
1-33	180-183	von	_	_
1-34	184-189	klein	_	_
1-35	190-193	auf	_	_
1-36	194-203	gefördert	_	_
1-37	204-210	werden	_	_
1-38	211-215	muss	_	_
1-39	215-216	,	_	_
1-40	217-219	ab	_	_
1-41	220-223	der	_	B
1-42	224-235	Grundschule	_	I
1-43	235-236	.	_	_
1-44	237-250	Diesbezüglich	_	_
1-45	251-256	haben	_	_
1-46	257-260	wir	_	B
1-47	261-264	ein	_	B
1-48	265-269	noch	_	I
1-49	270-280	ungelöstes	_	I
1-50	281-289	Vorhaben	_	I
1-51	290-292	im	_	_
1-52	293-310	Koalitionsvertrag	_	B
1-53	311-317	stehen	_	_
1-54	317-318	,	_	_
1-55	319-326	nämlich	_	B
1-56	327-330	die	_	I
1-57	331-340	Umsetzung	_	I
1-58	341-344	der	_	B
1-59	345-355	Einführung	_	I
1-60	356-359	des	_	B
1-61	360-375	Rechtsanspruchs	_	I
1-62	376-379	auf	_	_
1-63	380-397	Ganztagsförderung	_	B
1-64	398-400	im	_	_
1-65	401-418	Grundschulbereich	_	B
1-66	418-419	.	_	_
1-67	420-422	Da	_	_
1-68	423-426	ist	_	_
1-69	427-432	meine	_	B
1-70	433-438	Frage	_	I
1-71	438-439	:	_	_
1-72	440-443	Wie	_	_
1-73	444-449	plant	_	_
1-74	450-453	die	_	B
1-75	454-469	Bundesregierung	_	I
1-76	469-470	,	_	_
1-77	471-474	die	_	B
1-78	475-484	Umsetzung	_	I
1-79	485-488	des	_	B
1-80	489-497	Projekts	_	I
1-81	498-512	voranzutreiben	_	_
1-82	512-513	,	_	_
1-83	514-519	zumal	_	B
1-84	520-523	die	_	I
1-85	524-541	Legislaturperiode	_	I
1-86	542-551	dahineilt	_	_
1-87	551-552	?	_	_
