#FORMAT=WebAnno TSV 3.2
#T_SP=webanno.custom.Animacy|Animated
#T_SP=webanno.custom.CustomChunk|Chunk


#Text=Herr Präsident! Meine sehr verehrten Damen und Herren! Politik ist, nicht nur etwas zu wollen, sondern Politik ist auch, etwas durchzusetzen. Das, was wir heute hier diskutieren und beschließen, ist nicht einfach gewesen, weil in diesem Haus – das wird diese Debatte zeigen – die Meinungen, wie wirkungsvoller Klimaschutz betrieben werden kann, weit auseinandergehen. Und doch: Engagement hat sich ausgezahlt. Im Jahr 2010 hat die SPD-Bundestagsfraktion das erste Mal in diesem Hohen Haus die Einführung eines Klimaschutzgesetzes beantragt. Es hat neun Jahre gedauert, aber heute ist der Tag, an dem wir wirklich einen Riesenschritt zu mehr Klimaschutz in diesem Land gehen.
1-1	0-4	Herr	_	B
1-2	5-14	Präsident	_	I
1-3	14-15	!	_	_
1-4	16-21	Meine	_	B
1-5	22-26	sehr	_	I
1-6	27-36	verehrten	_	I
1-7	37-42	Damen	_	I
1-8	43-46	und	_	_
1-9	47-53	Herren	_	B
1-10	53-54	!	_	_
1-11	55-62	Politik	_	B
1-12	63-66	ist	_	_
1-13	66-67	,	_	_
1-14	68-73	nicht	_	B
1-15	74-77	nur	_	I
1-16	78-83	etwas	_	I
1-17	84-86	zu	_	_
1-18	87-93	wollen	_	_
1-19	93-94	,	_	_
1-20	95-102	sondern	_	_
1-21	103-110	Politik	_	B
1-22	111-114	ist	_	_
1-23	115-119	auch	_	_
1-24	119-120	,	_	_
1-25	121-126	etwas	_	B
1-26	127-140	durchzusetzen	_	_
1-27	140-141	.	_	_
1-28	142-145	Das	_	B
1-29	145-146	,	_	_
1-30	147-150	was	_	B
1-31	151-154	wir	_	B
1-32	155-160	heute	_	_
1-33	161-165	hier	_	_
1-34	166-177	diskutieren	_	_
1-35	178-181	und	_	_
1-36	182-193	beschließen	_	_
1-37	193-194	,	_	_
1-38	195-198	ist	_	_
1-39	199-204	nicht	_	_
1-40	205-212	einfach	_	_
1-41	213-220	gewesen	_	_
1-42	220-221	,	_	_
1-43	222-226	weil	_	_
1-44	227-229	in	_	_
1-45	230-236	diesem	_	B
1-46	237-241	Haus	_	I
1-47	242-243	–	_	_
1-48	244-247	das	_	B
1-49	248-252	wird	_	_
1-50	253-258	diese	_	B
1-51	259-266	Debatte	_	I
1-52	267-273	zeigen	_	_
1-53	274-275	–	_	_
1-54	276-279	die	_	B
1-55	280-289	Meinungen	_	I
1-56	289-290	,	_	_
1-57	291-294	wie	_	B
1-58	295-309	wirkungsvoller	_	I
1-59	310-321	Klimaschutz	_	I
1-60	322-331	betrieben	_	_
1-61	332-338	werden	_	_
1-62	339-343	kann	_	_
1-63	343-344	,	_	_
1-64	345-349	weit	_	_
1-65	350-366	auseinandergehen	_	_
1-66	366-367	.	_	_
1-67	368-371	Und	_	_
1-68	372-376	doch	_	_
1-69	376-377	:	_	_
1-70	378-388	Engagement	_	B
1-71	389-392	hat	_	_
1-72	393-397	sich	_	B
1-73	398-408	ausgezahlt	_	_
1-74	408-409	.	_	_
1-75	410-412	Im	_	_
1-76	413-417	Jahr	_	B
1-77	418-422	2010	_	_
1-78	423-426	hat	_	_
1-79	427-430	die	_	B
1-80	431-453	SPD-Bundestagsfraktion	_	I
1-81	454-457	das	_	B
1-82	458-463	erste	_	I
1-83	464-467	Mal	_	I
1-84	468-470	in	_	_
1-85	471-477	diesem	_	B
1-86	478-483	Hohen	_	I
1-87	484-488	Haus	_	I
1-88	489-492	die	_	B
1-89	493-503	Einführung	_	I
1-90	504-509	eines	_	B
1-91	510-529	Klimaschutzgesetzes	_	I
1-92	530-539	beantragt	_	_
1-93	539-540	.	_	_
1-94	541-543	Es	_	B
1-95	544-547	hat	_	_
1-96	548-552	neun	_	B
1-97	553-558	Jahre	_	I
1-98	559-567	gedauert	_	_
1-99	567-568	,	_	_
1-100	569-573	aber	_	_
1-101	574-579	heute	_	_
1-102	580-583	ist	_	_
1-103	584-587	der	_	B
1-104	588-591	Tag	_	I
1-105	591-592	,	_	_
1-106	593-595	an	_	_
1-107	596-599	dem	_	B
1-108	600-603	wir	_	B
1-109	604-612	wirklich	_	_
1-110	613-618	einen	_	B
1-111	619-632	Riesenschritt	_	I
1-112	633-635	zu	_	_
1-113	636-640	mehr	_	B
1-114	641-652	Klimaschutz	_	I
1-115	653-655	in	_	_
1-116	656-662	diesem	_	B
1-117	663-667	Land	_	I
1-118	668-673	gehen	_	_
1-119	673-674	.	_	_

#Text=Ich sage ganz bewusst: Es ist ein Riesenschritt, aber es ist keine Garantie. Aber das, was wir hier vereinbaren, ist das erste Mal ein Mechanismus, ein Mechanismus, der die Klimaschutzziele gesetzlich fixiert. Dieses Hohe Haus sagt dieser Regierung, welche Einsparpotenziale sie jährlich in jedem Ressort zu erreichen hat. Damit machen wir Klimaschutz gesetzlich verbindlich, liebe Kolleginnen und Kollegen.
2-1	693-696	Ich	_	B
2-2	697-701	sage	_	_
2-3	702-706	ganz	_	_
2-4	707-714	bewusst	_	_
2-5	714-715	:	_	_
2-6	716-718	Es	_	B
2-7	719-722	ist	_	_
2-8	723-726	ein	_	B
2-9	727-740	Riesenschritt	_	I
2-10	740-741	,	_	_
2-11	742-746	aber	_	_
2-12	747-749	es	_	B
2-13	750-753	ist	_	_
2-14	754-759	keine	_	B
2-15	760-768	Garantie	_	I
2-16	768-769	.	_	_
2-17	770-774	Aber	_	_
2-18	775-778	das	_	B
2-19	778-779	,	_	_
2-20	780-783	was	_	B
2-21	784-787	wir	_	B
2-22	788-792	hier	_	_
2-23	793-804	vereinbaren	_	_
2-24	804-805	,	_	_
2-25	806-809	ist	_	_
2-26	810-813	das	_	B
2-27	814-819	erste	_	I
2-28	820-823	Mal	_	I
2-29	824-827	ein	_	B
2-30	828-839	Mechanismus	_	I
2-31	839-840	,	_	_
2-32	841-844	ein	_	B
2-33	845-856	Mechanismus	_	I
2-34	856-857	,	_	_
2-35	858-861	der	_	B
2-36	862-865	die	_	B
2-37	866-882	Klimaschutzziele	_	I
2-38	883-893	gesetzlich	_	_
2-39	894-901	fixiert	_	_
2-40	901-902	.	_	_
2-41	903-909	Dieses	_	B
2-42	910-914	Hohe	_	I
2-43	915-919	Haus	_	I
2-44	920-924	sagt	_	_
2-45	925-931	dieser	_	B
2-46	932-941	Regierung	_	I
2-47	941-942	,	_	_
2-48	943-949	welche	_	B
2-49	950-967	Einsparpotenziale	_	I
2-50	968-971	sie	_	B
2-51	972-980	jährlich	_	_
2-52	981-983	in	_	_
2-53	984-989	jedem	_	B
2-54	990-997	Ressort	_	I
2-55	998-1000	zu	_	_
2-56	1001-1010	erreichen	_	_
2-57	1011-1014	hat	_	_
2-58	1014-1015	.	_	_
2-59	1016-1021	Damit	_	_
2-60	1022-1028	machen	_	_
2-61	1029-1032	wir	_	B
2-62	1033-1044	Klimaschutz	_	B
2-63	1045-1055	gesetzlich	_	_
2-64	1056-1067	verbindlich	_	_
2-65	1067-1068	,	_	_
2-66	1069-1074	liebe	_	B
2-67	1075-1086	Kolleginnen	_	I
2-68	1087-1090	und	_	_
2-69	1091-1099	Kollegen	_	B
2-70	1099-1100	.	_	_

#Text=Jeder Minister, jede Ministerin, die sich an die jährlichen Einsparziele nicht halten, wird sich vor diesem Hohen Haus verantworten müssen, wird sich rechtfertigen müssen und Pläne aufstellen müssen, wie diese Ziele erreicht werden können. Damit haben wir das erste Mal ein wirkungsvolles Instrument.
3-1	1113-1118	Jeder	_	B
3-2	1119-1127	Minister	_	I
3-3	1127-1128	,	_	_
3-4	1129-1133	jede	_	B
3-5	1134-1144	Ministerin	_	I
3-6	1144-1145	,	_	_
3-7	1146-1149	die	_	B
3-8	1150-1154	sich	_	B
3-9	1155-1157	an	_	_
3-10	1158-1161	die	_	B
3-11	1162-1172	jährlichen	_	I
3-12	1173-1185	Einsparziele	_	I
3-13	1186-1191	nicht	_	_
3-14	1192-1198	halten	_	_
3-15	1198-1199	,	_	_
3-16	1200-1204	wird	_	_
3-17	1205-1209	sich	_	B
3-18	1210-1213	vor	_	_
3-19	1214-1220	diesem	_	B
3-20	1221-1226	Hohen	_	I
3-21	1227-1231	Haus	_	I
3-22	1232-1244	verantworten	_	_
3-23	1245-1251	müssen	_	_
3-24	1251-1252	,	_	_
3-25	1253-1257	wird	_	_
3-26	1258-1262	sich	_	B
3-27	1263-1276	rechtfertigen	_	_
3-28	1277-1283	müssen	_	_
3-29	1284-1287	und	_	_
3-30	1288-1293	Pläne	_	B
3-31	1294-1304	aufstellen	_	_
3-32	1305-1311	müssen	_	_
3-33	1311-1312	,	_	_
3-34	1313-1316	wie	_	_
3-35	1317-1322	diese	_	B
3-36	1323-1328	Ziele	_	I
3-37	1329-1337	erreicht	_	_
3-38	1338-1344	werden	_	_
3-39	1345-1351	können	_	_
3-40	1351-1352	.	_	_
3-41	1353-1358	Damit	_	_
3-42	1359-1364	haben	_	_
3-43	1365-1368	wir	_	B
3-44	1369-1372	das	_	B
3-45	1373-1378	erste	_	I
3-46	1379-1382	Mal	_	I
3-47	1383-1386	ein	_	B
3-48	1387-1401	wirkungsvolles	_	I
3-49	1402-1412	Instrument	_	I
3-50	1412-1413	.	_	_

#Text=Manchmal höre ich, solche Pläne habe es schon immer gegeben. Dazu mein Ratschlag: Seht euch einmal die Rechtsprechung an. Es ist ein großer Unterschied, ob es eine Absichtserklärung einer Bundesregierung gibt oder gesetzlich fixierte verbindliche Ziele.
4-1	1421-1429	Manchmal	_	_
4-2	1430-1434	höre	_	_
4-3	1435-1438	ich	_	B
4-4	1438-1439	,	_	_
4-5	1440-1446	solche	_	B
4-6	1447-1452	Pläne	_	I
4-7	1453-1457	habe	_	_
4-8	1458-1460	es	_	B
4-9	1461-1466	schon	_	_
4-10	1467-1472	immer	_	_
4-11	1473-1480	gegeben	_	_
4-12	1480-1481	.	_	_
4-13	1482-1486	Dazu	_	B
4-14	1487-1491	mein	_	I
4-15	1492-1501	Ratschlag	_	I
4-16	1501-1502	:	_	_
4-17	1503-1507	Seht	_	_
4-18	1508-1512	euch	_	B
4-19	1513-1519	einmal	_	_
4-20	1520-1523	die	_	B
4-21	1524-1538	Rechtsprechung	_	I
4-22	1539-1541	an	_	_
4-23	1541-1542	.	_	_
4-24	1543-1545	Es	_	B
4-25	1546-1549	ist	_	_
4-26	1550-1553	ein	_	B
4-27	1554-1560	großer	_	I
4-28	1561-1572	Unterschied	_	I
4-29	1572-1573	,	_	_
4-30	1574-1576	ob	_	_
4-31	1577-1579	es	_	_
4-32	1580-1584	eine	_	B
4-33	1585-1602	Absichtserklärung	_	I
4-34	1603-1608	einer	_	B
4-35	1609-1624	Bundesregierung	_	I
4-36	1625-1629	gibt	_	_
4-37	1630-1634	oder	_	_
4-38	1635-1645	gesetzlich	_	B
4-39	1646-1654	fixierte	_	I
4-40	1655-1667	verbindliche	_	I
4-41	1668-1673	Ziele	_	I
4-42	1673-1674	.	_	_

#Text=Wem das noch nicht reicht, den verweise ich darauf, dass es nach dem sogenannten Effort Sharing der Europäischen Union nicht damit getan ist, festzustellen, ob Ziele erreicht oder verfehlt wurden, vielmehr werden, wenn wir sie verfehlen, Forderungen der Europäischen Union in Milliardenhöhe fällig werden. Auch das gibt Druck in diesen Kessel, liebe Kolleginnen und Kollegen.
5-1	1681-1684	Wem	_	_
5-2	1685-1688	das	_	B
5-3	1689-1693	noch	_	_
5-4	1694-1699	nicht	_	_
5-5	1700-1706	reicht	_	_
5-6	1706-1707	,	_	_
5-7	1708-1711	den	_	B
5-8	1712-1720	verweise	_	_
5-9	1721-1724	ich	_	B
5-10	1725-1731	darauf	_	_
5-11	1731-1732	,	_	_
5-12	1733-1737	dass	_	_
5-13	1738-1740	es	_	_
5-14	1741-1745	nach	_	_
5-15	1746-1749	dem	_	B
5-16	1750-1761	sogenannten	_	I
5-17	1762-1768	Effort	_	I
5-18	1769-1776	Sharing	_	_
5-19	1777-1780	der	_	B
5-20	1781-1793	Europäischen	_	I
5-21	1794-1799	Union	_	I
5-22	1800-1805	nicht	_	_
5-23	1806-1811	damit	_	_
5-24	1812-1817	getan	_	_
5-25	1818-1821	ist	_	_
5-26	1821-1822	,	_	_
5-27	1823-1836	festzustellen	_	_
5-28	1836-1837	,	_	_
5-29	1838-1840	ob	_	_
5-30	1841-1846	Ziele	_	B
5-31	1847-1855	erreicht	_	_
5-32	1856-1860	oder	_	_
5-33	1861-1869	verfehlt	_	_
5-34	1870-1876	wurden	_	_
5-35	1876-1877	,	_	_
5-36	1878-1886	vielmehr	_	_
5-37	1887-1893	werden	_	_
5-38	1893-1894	,	_	_
5-39	1895-1899	wenn	_	_
5-40	1900-1903	wir	_	B
5-41	1904-1907	sie	_	B
5-42	1908-1917	verfehlen	_	_
5-43	1917-1918	,	_	_
5-44	1919-1930	Forderungen	_	B
5-45	1931-1934	der	_	B
5-46	1935-1947	Europäischen	_	I
5-47	1948-1953	Union	_	I
5-48	1954-1956	in	_	_
5-49	1957-1971	Milliardenhöhe	_	B
5-50	1972-1978	fällig	_	_
5-51	1979-1985	werden	_	_
5-52	1985-1986	.	_	_
5-53	1987-1991	Auch	_	B
5-54	1992-1995	das	_	I
5-55	1996-2000	gibt	_	_
5-56	2001-2006	Druck	_	B
5-57	2007-2009	in	_	_
5-58	2010-2016	diesen	_	B
5-59	2017-2023	Kessel	_	I
5-60	2023-2024	,	_	_
5-61	2025-2030	liebe	_	B
5-62	2031-2042	Kolleginnen	_	I
5-63	2043-2046	und	_	_
5-64	2047-2055	Kollegen	_	B
5-65	2055-2056	.	_	_

#Text=Jedes Jahr werden wir hier in diesem Parlament darüber diskutieren – machen wir uns da nichts vor –, ob wir auf dem richtigen Weg sind oder nicht. Neben dem Klimaschutzgesetz werden heute einige weitere Maßnahmen beschlossen, die auch erste Schritte sind. Ich sage für die SPD-Bundestagsfraktion ganz selbstbewusst: Weitere Maßnahmen werden folgen müssen, unter anderem das, was durch die sogenannte Kohlekommission vorbereitet worden ist: ein Kohleausstiegsgesetz ohne Wenn und Aber.
6-1	2067-2072	Jedes	_	B
6-2	2073-2077	Jahr	_	I
6-3	2078-2084	werden	_	_
6-4	2085-2088	wir	_	B
6-5	2089-2093	hier	_	_
6-6	2094-2096	in	_	_
6-7	2097-2103	diesem	_	B
6-8	2104-2113	Parlament	_	I
6-9	2114-2121	darüber	_	_
6-10	2122-2133	diskutieren	_	_
6-11	2134-2135	–	_	_
6-12	2136-2142	machen	_	_
6-13	2143-2146	wir	_	B
6-14	2147-2150	uns	_	B
6-15	2151-2153	da	_	_
6-16	2154-2160	nichts	_	B
6-17	2161-2164	vor	_	_
6-18	2165-2166	–	_	_
6-19	2166-2167	,	_	_
6-20	2168-2170	ob	_	_
6-21	2171-2174	wir	_	B
6-22	2175-2178	auf	_	_
6-23	2179-2182	dem	_	B
6-24	2183-2192	richtigen	_	I
6-25	2193-2196	Weg	_	I
6-26	2197-2201	sind	_	_
6-27	2202-2206	oder	_	_
6-28	2207-2212	nicht	_	_
6-29	2212-2213	.	_	_
6-30	2214-2219	Neben	_	_
6-31	2220-2223	dem	_	B
6-32	2224-2241	Klimaschutzgesetz	_	I
6-33	2242-2248	werden	_	_
6-34	2249-2254	heute	_	_
6-35	2255-2261	einige	_	_
6-36	2262-2269	weitere	_	_
6-37	2270-2279	Maßnahmen	_	_
6-38	2280-2291	beschlossen	_	_
6-39	2291-2292	,	_	_
6-40	2293-2296	die	_	B
6-41	2297-2301	auch	_	_
6-42	2302-2307	erste	_	B
6-43	2308-2316	Schritte	_	I
6-44	2317-2321	sind	_	_
6-45	2321-2322	.	_	_
6-46	2323-2326	Ich	_	B
6-47	2327-2331	sage	_	_
6-48	2332-2335	für	_	_
6-49	2336-2339	die	_	B
6-50	2340-2362	SPD-Bundestagsfraktion	_	I
6-51	2363-2367	ganz	_	_
6-52	2368-2381	selbstbewusst	_	_
6-53	2381-2382	:	_	_
6-54	2383-2390	Weitere	_	B
6-55	2391-2400	Maßnahmen	_	I
6-56	2401-2407	werden	_	_
6-57	2408-2414	folgen	_	_
6-58	2415-2421	müssen	_	_
6-59	2421-2422	,	_	_
6-60	2423-2428	unter	_	_
6-61	2429-2436	anderem	_	B
6-62	2437-2440	das	_	_
6-63	2440-2441	,	_	_
6-64	2442-2445	was	_	B
6-65	2446-2451	durch	_	_
6-66	2452-2455	die	_	B
6-67	2456-2466	sogenannte	_	I
6-68	2467-2482	Kohlekommission	_	I
6-69	2483-2494	vorbereitet	_	_
6-70	2495-2501	worden	_	_
6-71	2502-2505	ist	_	_
6-72	2505-2506	:	_	_
6-73	2507-2510	ein	_	B
6-74	2511-2531	Kohleausstiegsgesetz	_	I
6-75	2532-2536	ohne	_	_
6-76	2537-2541	Wenn	_	B
6-77	2542-2545	und	_	_
6-78	2546-2550	Aber	_	_
6-79	2550-2551	.	_	_

#Text=Dazu gehört auch, dass der Ausstieg aus Kohle und aus Atom begleitet werden muss durch einen Einstieg in das verbindliche Ziel, einen Anteil der erneuerbaren Energien von 65 Prozent im Jahr 2030 zu erreichen.
7-1	2561-2565	Dazu	_	_
7-2	2566-2572	gehört	_	_
7-3	2573-2577	auch	_	_
7-4	2577-2578	,	_	_
7-5	2579-2583	dass	_	_
7-6	2584-2587	der	_	B
7-7	2588-2596	Ausstieg	_	I
7-8	2597-2600	aus	_	_
7-9	2601-2606	Kohle	_	B
7-10	2607-2610	und	_	_
7-11	2611-2614	aus	_	_
7-12	2615-2619	Atom	_	B
7-13	2620-2629	begleitet	_	_
7-14	2630-2636	werden	_	_
7-15	2637-2641	muss	_	_
7-16	2642-2647	durch	_	_
7-17	2648-2653	einen	_	B
7-18	2654-2662	Einstieg	_	I
7-19	2663-2665	in	_	_
7-20	2666-2669	das	_	B
7-21	2670-2682	verbindliche	_	I
7-22	2683-2687	Ziel	_	I
7-23	2687-2688	,	_	_
7-24	2689-2694	einen	_	B
7-25	2695-2701	Anteil	_	I
7-26	2702-2705	der	_	B
7-27	2706-2718	erneuerbaren	_	I
7-28	2719-2727	Energien	_	I
7-29	2728-2731	von	_	_
7-30	2732-2734	65	_	B
7-31	2735-2742	Prozent	_	I
7-32	2743-2745	im	_	_
7-33	2746-2750	Jahr	_	B
7-34	2751-2755	2030	_	_
7-35	2756-2758	zu	_	_
7-36	2759-2768	erreichen	_	_
7-37	2768-2769	.	_	_

#Text=An dieser Stelle gleich mein Appell im Namen der SPD-Bundestagsfraktion an die Bundesregierung: Wir erwarten ein Gesetz, das Windenergie an Land nicht verunmöglicht, sondern ermöglicht, liebe Kolleginnen und Kollegen.
8-1	2773-2775	An	_	_
8-2	2776-2782	dieser	_	B
8-3	2783-2789	Stelle	_	I
8-4	2790-2796	gleich	_	_
8-5	2797-2801	mein	_	_
8-6	2802-2808	Appell	_	_
8-7	2809-2811	im	_	_
8-8	2812-2817	Namen	_	B
8-9	2818-2821	der	_	B
8-10	2822-2844	SPD-Bundestagsfraktion	_	I
8-11	2845-2847	an	_	_
8-12	2848-2851	die	_	B
8-13	2852-2867	Bundesregierung	_	I
8-14	2867-2868	:	_	_
8-15	2869-2872	Wir	_	B
8-16	2873-2881	erwarten	_	_
8-17	2882-2885	ein	_	B
8-18	2886-2892	Gesetz	_	I
8-19	2892-2893	,	_	_
8-20	2894-2897	das	_	B
8-21	2898-2909	Windenergie	_	I
8-22	2910-2912	an	_	_
8-23	2913-2917	Land	_	B
8-24	2918-2923	nicht	_	_
8-25	2924-2937	verunmöglicht	_	_
8-26	2937-2938	,	_	_
8-27	2939-2946	sondern	_	_
8-28	2947-2957	ermöglicht	_	_
8-29	2957-2958	,	_	_
8-30	2959-2964	liebe	_	B
8-31	2965-2976	Kolleginnen	_	I
8-32	2977-2980	und	_	_
8-33	2981-2989	Kollegen	_	B
8-34	2989-2990	.	_	_

#Text=Weil ich weiß, wie sich in dieser Debatte die Einzelnen positionieren werden,
9-1	2996-3000	Weil	_	_
9-2	3001-3004	ich	_	B
9-3	3005-3009	weiß	_	_
9-4	3009-3010	,	_	_
9-5	3011-3014	wie	_	_
9-6	3015-3019	sich	_	B
9-7	3020-3022	in	_	_
9-8	3023-3029	dieser	_	B
9-9	3030-3037	Debatte	_	I
9-10	3038-3041	die	_	B
9-11	3042-3051	Einzelnen	_	I
9-12	3052-3065	positionieren	_	_
9-13	3066-3072	werden	_	_
9-14	3072-3073	,	_	_

#Text=sage ich: Die Abgeordneten von FDP und Grünen sollten sich einmal an die Vereinbarungen aus den Jamaika-Verhandlungen erinnern: kein Klimaschutzgesetz, kein Kohleausstiegsgesetz, im Übrigen auch kein Tempolimit. Bei dem, was Sie fordern, und in Ihrer Kritik sollten Sie angesichts dessen, was Sie tatsächlich hätten umsetzen können, ein bisschen verbindlicher sein. Ich würde mir das jedenfalls wünschen.
10-1	3076-3080	sage	_	_
10-2	3081-3084	ich	_	B
10-3	3084-3085	:	_	_
10-4	3086-3089	Die	_	B
10-5	3090-3102	Abgeordneten	_	I
10-6	3103-3106	von	_	_
10-7	3107-3110	FDP	_	B
10-8	3111-3114	und	_	_
10-9	3115-3121	Grünen	_	B
10-10	3122-3129	sollten	_	_
10-11	3130-3134	sich	_	B
10-12	3135-3141	einmal	_	_
10-13	3142-3144	an	_	_
10-14	3145-3148	die	_	B
10-15	3149-3163	Vereinbarungen	_	I
10-16	3164-3167	aus	_	_
10-17	3168-3171	den	_	B
10-18	3172-3193	Jamaika-Verhandlungen	_	I
10-19	3194-3202	erinnern	_	_
10-20	3202-3203	:	_	_
10-21	3204-3208	kein	_	B
10-22	3209-3226	Klimaschutzgesetz	_	I
10-23	3226-3227	,	_	_
10-24	3228-3232	kein	_	B
10-25	3233-3253	Kohleausstiegsgesetz	_	I
10-26	3253-3254	,	_	_
10-27	3255-3257	im	_	_
10-28	3258-3265	Übrigen	_	B
10-29	3266-3270	auch	_	_
10-30	3271-3275	kein	_	_
10-31	3276-3286	Tempolimit	_	_
10-32	3286-3287	.	_	_
10-33	3288-3291	Bei	_	_
10-34	3292-3295	dem	_	B
10-35	3295-3296	,	_	_
10-36	3297-3300	was	_	B
10-37	3301-3304	Sie	_	B
10-38	3305-3312	fordern	_	_
10-39	3312-3313	,	_	_
10-40	3314-3317	und	_	_
10-41	3318-3320	in	_	_
10-42	3321-3326	Ihrer	_	B
10-43	3327-3333	Kritik	_	I
10-44	3334-3341	sollten	_	_
10-45	3342-3345	Sie	_	B
10-46	3346-3356	angesichts	_	_
10-47	3357-3363	dessen	_	B
10-48	3363-3364	,	_	_
10-49	3365-3368	was	_	B
10-50	3369-3372	Sie	_	B
10-51	3373-3384	tatsächlich	_	_
10-52	3385-3391	hätten	_	_
10-53	3392-3400	umsetzen	_	_
10-54	3401-3407	können	_	_
10-55	3407-3408	,	_	_
10-56	3409-3412	ein	_	_
10-57	3413-3421	bisschen	_	_
10-58	3422-3435	verbindlicher	_	_
10-59	3436-3440	sein	_	_
10-60	3440-3441	.	_	_
10-61	3442-3445	Ich	_	B
10-62	3446-3451	würde	_	_
10-63	3452-3455	mir	_	B
10-64	3456-3459	das	_	B
10-65	3460-3470	jedenfalls	_	_
10-66	3471-3479	wünschen	_	_
10-67	3479-3480	.	_	_

#Text=Vielen Dank.
11-1	3492-3498	Vielen	_	_
11-2	3499-3503	Dank	_	_
11-3	3503-3504	.	_	_

#Text=Jetzt hat der Kollege Marc Bernhard, AfD, das Wort.
12-1	3506-3511	Jetzt	_	_
12-2	3512-3515	hat	_	_
12-3	3516-3519	der	_	B
12-4	3520-3527	Kollege	_	I
12-5	3528-3532	Marc	_	I
12-6	3533-3541	Bernhard	_	I
12-7	3541-3542	,	_	_
12-8	3543-3546	AfD	_	B
12-9	3546-3547	,	_	_
12-10	3548-3551	das	_	B
12-11	3552-3556	Wort	_	I
12-12	3556-3557	.	_	_
