#FORMAT=WebAnno TSV 3.2
#T_SP=webanno.custom.Animacy|Animated
#T_SP=webanno.custom.CustomChunk|Chunk


#Text=Vielen Dank. – Herr Minister, ich fasse mich kurz. In der letzten Woche wurde durch Medienberichte bekannt, dass im deutschen Lebensmitteleinzelhandel auch polnisches Rohfleisch vermarktet wird. Meine Frage: Wie kann man ausschließen, dass infiziertes Fleisch aus Polen bei uns vermarktet wird und dass der unsachgemäße Umgang mit diesem Fleisch, den Sie eben beschrieben haben, bei uns zu einem Ausbruch führt?
1-1	0-6	Vielen	_	_
1-2	7-11	Dank	_	_
1-3	11-12	.	_	_
1-4	13-14	–	_	_
1-5	15-19	Herr	_	_
1-6	20-28	Minister	_	B
1-7	28-29	,	_	_
1-8	30-33	ich	_	B
1-9	34-39	fasse	_	_
1-10	40-44	mich	_	B
1-11	45-49	kurz	_	_
1-12	49-50	.	_	_
1-13	51-53	In	_	_
1-14	54-57	der	_	B
1-15	58-65	letzten	_	I
1-16	66-71	Woche	_	I
1-17	72-77	wurde	_	_
1-18	78-83	durch	_	_
1-19	84-98	Medienberichte	_	B
1-20	99-106	bekannt	_	_
1-21	106-107	,	_	_
1-22	108-112	dass	_	_
1-23	113-115	im	_	_
1-24	116-125	deutschen	_	B
1-25	126-150	Lebensmitteleinzelhandel	_	I
1-26	151-155	auch	_	B
1-27	156-166	polnisches	_	I
1-28	167-177	Rohfleisch	_	I
1-29	178-188	vermarktet	_	_
1-30	189-193	wird	_	_
1-31	193-194	.	_	_
1-32	195-200	Meine	_	B
1-33	201-206	Frage	_	I
1-34	206-207	:	_	_
1-35	208-211	Wie	_	_
1-36	212-216	kann	_	_
1-37	217-220	man	_	B
1-38	221-233	ausschließen	_	_
1-39	233-234	,	_	_
1-40	235-239	dass	_	_
1-41	240-251	infiziertes	_	B
1-42	252-259	Fleisch	_	I
1-43	260-263	aus	_	_
1-44	264-269	Polen	_	B
1-45	270-273	bei	_	_
1-46	274-277	uns	_	B
1-47	278-288	vermarktet	_	_
1-48	289-293	wird	_	_
1-49	294-297	und	_	_
1-50	298-302	dass	_	_
1-51	303-306	der	_	B
1-52	307-319	unsachgemäße	_	I
1-53	320-326	Umgang	_	I
1-54	327-330	mit	_	_
1-55	331-337	diesem	_	B
1-56	338-345	Fleisch	_	I
1-57	345-346	,	_	_
1-58	347-350	den	_	B
1-59	351-354	Sie	_	B
1-60	355-359	eben	_	_
1-61	360-371	beschrieben	_	_
1-62	372-377	haben	_	_
1-63	377-378	,	_	_
1-64	379-382	bei	_	_
1-65	383-386	uns	_	B
1-66	387-389	zu	_	_
1-67	390-395	einem	_	B
1-68	396-404	Ausbruch	_	I
1-69	405-410	führt	_	_
1-70	410-411	?	_	_
