#FORMAT=WebAnno TSV 3.2
#T_SP=webanno.custom.Animacy|Animated
#T_SP=webanno.custom.CustomChunk|Chunk


#Text=Herr Präsident! Sehr geehrte Kollegen! Die Situation im Land ist dramatisch. Die Ballungsräume bersten. Die Menschen leiden unter Höchstmieten und dem Mangel an Wohnungen und Bauland. All Ihre vollmundigen, realitätsfernen Versprechungen wie 1,5 Millionen neue Wohnungen, Mietpreisbremse, Dachgeschossausbau sind aber nichts als Taschenspielertricks, um vom eigentlichen Thema abzulenken, dem weißen Elefanten, der mitten im Raum steht und über den niemand sprechen darf, nämlich die Bevölkerungsentwicklung.
1-1	0-4	Herr	_	B
1-2	5-14	Präsident	_	I
1-3	14-15	!	_	_
1-4	16-20	Sehr	_	B
1-5	21-28	geehrte	_	I
1-6	29-37	Kollegen	_	I
1-7	37-38	!	_	_
1-8	39-42	Die	_	B
1-9	43-52	Situation	_	I
1-10	53-55	im	_	_
1-11	56-60	Land	_	B
1-12	61-64	ist	_	_
1-13	65-75	dramatisch	_	_
1-14	75-76	.	_	_
1-15	77-80	Die	_	B
1-16	81-94	Ballungsräume	_	I
1-17	95-102	bersten	_	_
1-18	102-103	.	_	_
1-19	104-107	Die	_	B
1-20	108-116	Menschen	_	I
1-21	117-123	leiden	_	_
1-22	124-129	unter	_	_
1-23	130-142	Höchstmieten	_	B
1-24	143-146	und	_	_
1-25	147-150	dem	_	B
1-26	151-157	Mangel	_	I
1-27	158-160	an	_	_
1-28	161-170	Wohnungen	_	B
1-29	171-174	und	_	_
1-30	175-182	Bauland	_	B
1-31	182-183	.	_	_
1-32	184-187	All	_	B
1-33	188-192	Ihre	_	I
1-34	193-205	vollmundigen	_	I
1-35	205-206	,	_	I
1-36	207-222	realitätsfernen	_	I
1-37	223-237	Versprechungen	_	I
1-38	238-241	wie	_	_
1-39	242-245	1,5	_	_
1-40	246-255	Millionen	_	_
1-41	256-260	neue	_	B
1-42	261-270	Wohnungen	_	I
1-43	270-271	,	_	_
1-44	272-287	Mietpreisbremse	_	B
1-45	287-288	,	_	_
1-46	289-307	Dachgeschossausbau	_	B
1-47	308-312	sind	_	_
1-48	313-317	aber	_	_
1-49	318-324	nichts	_	B
1-50	325-328	als	_	_
1-51	329-349	Taschenspielertricks	_	B
1-52	349-350	,	_	_
1-53	351-353	um	_	_
1-54	354-357	vom	_	_
1-55	358-370	eigentlichen	_	B
1-56	371-376	Thema	_	I
1-57	377-387	abzulenken	_	_
1-58	387-388	,	_	_
1-59	389-392	dem	_	B
1-60	393-399	weißen	_	I
1-61	400-409	Elefanten	_	I
1-62	409-410	,	_	_
1-63	411-414	der	_	B
1-64	415-421	mitten	_	_
1-65	422-424	im	_	_
1-66	425-429	Raum	_	B
1-67	430-435	steht	_	_
1-68	436-439	und	_	_
1-69	440-444	über	_	_
1-70	445-448	den	_	B
1-71	449-456	niemand	_	B
1-72	457-465	sprechen	_	_
1-73	466-470	darf	_	_
1-74	470-471	,	_	_
1-75	472-479	nämlich	_	B
1-76	480-483	die	_	I
1-77	484-507	Bevölkerungsentwicklung	_	I
1-78	507-508	.	_	_

#Text=Die deutsche Bevölkerung schrumpft seit 2010 um circa 175 000 Menschen pro Jahr. Jedes Jahr verschwindet eine Stadt wie Potsdam oder Saarbrücken.
2-1	522-525	Die	_	B
2-2	526-534	deutsche	_	I
2-3	535-546	Bevölkerung	_	I
2-4	547-556	schrumpft	_	_
2-5	557-561	seit	_	_
2-6	562-566	2010	_	_
2-7	567-569	um	_	_
2-8	570-575	circa	_	B
2-9	576-579	175	_	I
2-10	580-583	000	_	I
2-11	584-592	Menschen	_	I
2-12	593-596	pro	_	_
2-13	597-601	Jahr	_	B
2-14	601-602	.	_	_
2-15	603-608	Jedes	_	B
2-16	609-613	Jahr	_	I
2-17	614-626	verschwindet	_	_
2-18	627-631	eine	_	B
2-19	632-637	Stadt	_	I
2-20	638-641	wie	_	_
2-21	642-649	Potsdam	_	_
2-22	650-654	oder	_	_
2-23	655-666	Saarbrücken	_	B
2-24	666-667	.	_	_

#Text=Eigentlich müsste also ein Überangebot an Wohnungen da sein. Tatsächlich wird die Wohnungsnot in Deutschland jedoch jedes Jahr größer. Das hat einen klaren Grund: In Deutschland kommt jedes Jahr eine Stadt wie Hannover oder Dresden durch Zuwanderung dazu, in den letzten acht Jahren also 4 Millionen Menschen. Bei einer durchschnittlichen Haushaltsgröße von zwei Personen benötigen diese Menschen also 2 Millionen Wohnungen. Die aktuelle Wohnungsnot ist also das Ergebnis eines totalen Regierungsversagens.
3-1	670-680	Eigentlich	_	_
3-2	681-687	müsste	_	_
3-3	688-692	also	_	_
3-4	693-696	ein	_	B
3-5	697-708	Überangebot	_	I
3-6	709-711	an	_	_
3-7	712-721	Wohnungen	_	B
3-8	722-724	da	_	_
3-9	725-729	sein	_	_
3-10	729-730	.	_	_
3-11	731-742	Tatsächlich	_	_
3-12	743-747	wird	_	_
3-13	748-751	die	_	B
3-14	752-763	Wohnungsnot	_	I
3-15	764-766	in	_	_
3-16	767-778	Deutschland	_	B
3-17	779-785	jedoch	_	_
3-18	786-791	jedes	_	_
3-19	792-796	Jahr	_	_
3-20	797-803	größer	_	_
3-21	803-804	.	_	_
3-22	805-808	Das	_	B
3-23	809-812	hat	_	_
3-24	813-818	einen	_	B
3-25	819-825	klaren	_	I
3-26	826-831	Grund	_	I
3-27	831-832	:	_	_
3-28	833-835	In	_	_
3-29	836-847	Deutschland	_	B
3-30	848-853	kommt	_	_
3-31	854-859	jedes	_	B
3-32	860-864	Jahr	_	I
3-33	865-869	eine	_	B
3-34	870-875	Stadt	_	I
3-35	876-879	wie	_	_
3-36	880-888	Hannover	_	_
3-37	889-893	oder	_	_
3-38	894-901	Dresden	_	B
3-39	902-907	durch	_	_
3-40	908-919	Zuwanderung	_	B
3-41	920-924	dazu	_	_
3-42	924-925	,	_	_
3-43	926-928	in	_	_
3-44	929-932	den	_	B
3-45	933-940	letzten	_	I
3-46	941-945	acht	_	I
3-47	946-952	Jahren	_	I
3-48	953-957	also	_	_
3-49	958-959	4	_	_
3-50	960-969	Millionen	_	_
3-51	970-978	Menschen	_	B
3-52	978-979	.	_	_
3-53	980-983	Bei	_	_
3-54	984-989	einer	_	B
3-55	990-1008	durchschnittlichen	_	I
3-56	1009-1023	Haushaltsgröße	_	I
3-57	1024-1027	von	_	_
3-58	1028-1032	zwei	_	B
3-59	1033-1041	Personen	_	I
3-60	1042-1051	benötigen	_	_
3-61	1052-1057	diese	_	B
3-62	1058-1066	Menschen	_	I
3-63	1067-1071	also	_	_
3-64	1072-1073	2	_	B
3-65	1074-1083	Millionen	_	I
3-66	1084-1093	Wohnungen	_	I
3-67	1093-1094	.	_	_
3-68	1095-1098	Die	_	B
3-69	1099-1107	aktuelle	_	I
3-70	1108-1119	Wohnungsnot	_	I
3-71	1120-1123	ist	_	_
3-72	1124-1128	also	_	_
3-73	1129-1132	das	_	B
3-74	1133-1141	Ergebnis	_	I
3-75	1142-1147	eines	_	B
3-76	1148-1155	totalen	_	I
3-77	1156-1175	Regierungsversagens	_	I
3-78	1175-1176	.	_	_

#Text=Ich kann doch nicht ernsthaft die Grenzen öffnen, jeden reinlassen – allein in den letzten drei Jahren 2 Millionen illegale Migranten – und glauben, dass das keine Auswirkungen auf den Wohnungsmarkt hat.
4-1	1184-1187	Ich	_	B
4-2	1188-1192	kann	_	_
4-3	1193-1197	doch	_	_
4-4	1198-1203	nicht	_	_
4-5	1204-1213	ernsthaft	_	_
4-6	1214-1217	die	_	B
4-7	1218-1225	Grenzen	_	I
4-8	1226-1232	öffnen	_	_
4-9	1232-1233	,	_	_
4-10	1234-1239	jeden	_	B
4-11	1240-1250	reinlassen	_	_
4-12	1251-1252	–	_	_
4-13	1253-1259	allein	_	_
4-14	1260-1262	in	_	_
4-15	1263-1266	den	_	B
4-16	1267-1274	letzten	_	I
4-17	1275-1279	drei	_	I
4-18	1280-1286	Jahren	_	I
4-19	1287-1288	2	_	B
4-20	1289-1298	Millionen	_	I
4-21	1299-1307	illegale	_	I
4-22	1308-1317	Migranten	_	I
4-23	1318-1319	–	_	_
4-24	1320-1323	und	_	_
4-25	1324-1331	glauben	_	_
4-26	1331-1332	,	_	_
4-27	1333-1337	dass	_	_
4-28	1338-1341	das	_	B
4-29	1342-1347	keine	_	B
4-30	1348-1360	Auswirkungen	_	I
4-31	1361-1364	auf	_	_
4-32	1365-1368	den	_	B
4-33	1369-1382	Wohnungsmarkt	_	I
4-34	1383-1386	hat	_	_
4-35	1386-1387	.	_	_

#Text=Ja, es hat Auswirkungen. Jeder sechste Haushalt zahlt mehr als 40 Prozent seines Einkommens nur für die Kaltmiete. Für viele dieser Menschen bedeutet das, dass ihnen nicht genug Geld für den Alltag bleibt. Es entstehen dann ganz sonderbare Verzerrungen: Während viele Flüchtlingsunterkünfte leer stehen, müssen Obdachlose draußen frieren.
5-1	1391-1393	Ja	_	_
5-2	1393-1394	,	_	_
5-3	1395-1397	es	_	_
5-4	1398-1401	hat	_	_
5-5	1402-1414	Auswirkungen	_	B
5-6	1414-1415	.	_	_
5-7	1416-1421	Jeder	_	B
5-8	1422-1429	sechste	_	I
5-9	1430-1438	Haushalt	_	I
5-10	1439-1444	zahlt	_	_
5-11	1445-1449	mehr	_	B
5-12	1450-1453	als	_	I
5-13	1454-1456	40	_	I
5-14	1457-1464	Prozent	_	I
5-15	1465-1471	seines	_	B
5-16	1472-1482	Einkommens	_	I
5-17	1483-1486	nur	_	_
5-18	1487-1490	für	_	_
5-19	1491-1494	die	_	B
5-20	1495-1504	Kaltmiete	_	I
5-21	1504-1505	.	_	_
5-22	1506-1509	Für	_	_
5-23	1510-1515	viele	_	B
5-24	1516-1522	dieser	_	B
5-25	1523-1531	Menschen	_	I
5-26	1532-1540	bedeutet	_	_
5-27	1541-1544	das	_	B
5-28	1544-1545	,	_	_
5-29	1546-1550	dass	_	_
5-30	1551-1556	ihnen	_	B
5-31	1557-1562	nicht	_	_
5-32	1563-1568	genug	_	B
5-33	1569-1573	Geld	_	I
5-34	1574-1577	für	_	_
5-35	1578-1581	den	_	B
5-36	1582-1588	Alltag	_	I
5-37	1589-1595	bleibt	_	_
5-38	1595-1596	.	_	_
5-39	1597-1599	Es	_	_
5-40	1600-1609	entstehen	_	_
5-41	1610-1614	dann	_	_
5-42	1615-1619	ganz	_	B
5-43	1620-1630	sonderbare	_	I
5-44	1631-1643	Verzerrungen	_	I
5-45	1643-1644	:	_	_
5-46	1645-1652	Während	_	_
5-47	1653-1658	viele	_	B
5-48	1659-1681	Flüchtlingsunterkünfte	_	I
5-49	1682-1686	leer	_	_
5-50	1687-1693	stehen	_	_
5-51	1693-1694	,	_	_
5-52	1695-1701	müssen	_	_
5-53	1702-1712	Obdachlose	_	B
5-54	1713-1720	draußen	_	_
5-55	1721-1728	frieren	_	_
5-56	1728-1729	.	_	_

#Text=Hier in Berlin treibt man es dann noch auf die Spitze. Einer, der schon länger hier lebt, und ein sogenannter Flüchtling bewerben sich für dieselbe Wohnung. Beide erhalten Hilfe vom Staat, aber der rot-rot-grüne Senat bezahlt dem Vermieter für ein und dieselbe Wohnung 20 Prozent mehr, wenn die Wohnung an den Flüchtling vermietet wird.
6-1	1738-1742	Hier	_	_
6-2	1743-1745	in	_	_
6-3	1746-1752	Berlin	_	B
6-4	1753-1759	treibt	_	_
6-5	1760-1763	man	_	B
6-6	1764-1766	es	_	B
6-7	1767-1771	dann	_	_
6-8	1772-1776	noch	_	_
6-9	1777-1780	auf	_	_
6-10	1781-1784	die	_	B
6-11	1785-1791	Spitze	_	I
6-12	1791-1792	.	_	_
6-13	1793-1798	Einer	_	B
6-14	1798-1799	,	_	_
6-15	1800-1803	der	_	B
6-16	1804-1809	schon	_	_
6-17	1810-1816	länger	_	_
6-18	1817-1821	hier	_	_
6-19	1822-1826	lebt	_	_
6-20	1826-1827	,	_	_
6-21	1828-1831	und	_	_
6-22	1832-1835	ein	_	B
6-23	1836-1847	sogenannter	_	I
6-24	1848-1858	Flüchtling	_	I
6-25	1859-1867	bewerben	_	_
6-26	1868-1872	sich	_	B
6-27	1873-1876	für	_	_
6-28	1877-1885	dieselbe	_	B
6-29	1886-1893	Wohnung	_	I
6-30	1893-1894	.	_	_
6-31	1895-1900	Beide	_	B
6-32	1901-1909	erhalten	_	_
6-33	1910-1915	Hilfe	_	B
6-34	1916-1919	vom	_	_
6-35	1920-1925	Staat	_	B
6-36	1925-1926	,	_	_
6-37	1927-1931	aber	_	_
6-38	1932-1935	der	_	B
6-39	1936-1949	rot-rot-grüne	_	I
6-40	1950-1955	Senat	_	I
6-41	1956-1963	bezahlt	_	_
6-42	1964-1967	dem	_	B
6-43	1968-1977	Vermieter	_	I
6-44	1978-1981	für	_	_
6-45	1982-1985	ein	_	B
6-46	1986-1989	und	_	I
6-47	1990-1998	dieselbe	_	I
6-48	1999-2006	Wohnung	_	I
6-49	2007-2009	20	_	B
6-50	2010-2017	Prozent	_	I
6-51	2018-2022	mehr	_	I
6-52	2022-2023	,	_	_
6-53	2024-2028	wenn	_	_
6-54	2029-2032	die	_	B
6-55	2033-2040	Wohnung	_	I
6-56	2041-2043	an	_	_
6-57	2044-2047	den	_	B
6-58	2048-2058	Flüchtling	_	I
6-59	2059-2068	vermietet	_	_
6-60	2069-2073	wird	_	_
6-61	2073-2074	.	_	_

#Text=Sie hier auf der linken Seite machen damit Inländerdiskriminierung zum Prinzip des Staates, und das schlägt dem Fass den Boden aus.
7-1	2082-2085	Sie	_	B
7-2	2086-2090	hier	_	_
7-3	2091-2094	auf	_	_
7-4	2095-2098	der	_	B
7-5	2099-2105	linken	_	I
7-6	2106-2111	Seite	_	I
7-7	2112-2118	machen	_	_
7-8	2119-2124	damit	_	_
7-9	2125-2148	Inländerdiskriminierung	_	B
7-10	2149-2152	zum	_	_
7-11	2153-2160	Prinzip	_	B
7-12	2161-2164	des	_	B
7-13	2165-2172	Staates	_	I
7-14	2172-2173	,	_	_
7-15	2174-2177	und	_	_
7-16	2178-2181	das	_	B
7-17	2182-2189	schlägt	_	_
7-18	2190-2193	dem	_	B
7-19	2194-2198	Fass	_	I
7-20	2199-2202	den	_	B
7-21	2203-2208	Boden	_	I
7-22	2209-2212	aus	_	_
7-23	2212-2213	.	_	_

#Text=Solange die Bundesregierung nicht willens ist, die Kontrolle über unsere Grenzen wiederzuerlangen, und solange die Bundesregierung sich weigert, unkontrollierte Zuwanderung zu unterbinden, wird sich die Wohnungsnot in Deutschland unweigerlich weiter verschlimmern.
8-1	2216-2223	Solange	_	_
8-2	2224-2227	die	_	B
8-3	2228-2243	Bundesregierung	_	I
8-4	2244-2249	nicht	_	_
8-5	2250-2257	willens	_	_
8-6	2258-2261	ist	_	_
8-7	2261-2262	,	_	_
8-8	2263-2266	die	_	B
8-9	2267-2276	Kontrolle	_	I
8-10	2277-2281	über	_	_
8-11	2282-2288	unsere	_	B
8-12	2289-2296	Grenzen	_	I
8-13	2297-2313	wiederzuerlangen	_	_
8-14	2313-2314	,	_	_
8-15	2315-2318	und	_	_
8-16	2319-2326	solange	_	_
8-17	2327-2330	die	_	B
8-18	2331-2346	Bundesregierung	_	I
8-19	2347-2351	sich	_	B
8-20	2352-2359	weigert	_	_
8-21	2359-2360	,	_	_
8-22	2361-2376	unkontrollierte	_	B
8-23	2377-2388	Zuwanderung	_	I
8-24	2389-2391	zu	_	_
8-25	2392-2403	unterbinden	_	_
8-26	2403-2404	,	_	_
8-27	2405-2409	wird	_	_
8-28	2410-2414	sich	_	B
8-29	2415-2418	die	_	B
8-30	2419-2430	Wohnungsnot	_	I
8-31	2431-2433	in	_	_
8-32	2434-2445	Deutschland	_	B
8-33	2446-2458	unweigerlich	_	_
8-34	2459-2465	weiter	_	_
8-35	2466-2479	verschlimmern	_	_
8-36	2479-2480	.	_	_

#Text=Ein weiterer Aspekt, der von Ihnen gerne einfach ausgeblendet wird: Die Deutschen erarbeiten zwar den meisten Wohlstand für Europa, sind aber nach Angaben der Europäischen Zentralbank die Ärmsten im Euro-Raum.
9-1	2486-2489	Ein	_	B
9-2	2490-2498	weiterer	_	I
9-3	2499-2505	Aspekt	_	I
9-4	2505-2506	,	_	_
9-5	2507-2510	der	_	B
9-6	2511-2514	von	_	_
9-7	2515-2520	Ihnen	_	B
9-8	2521-2526	gerne	_	_
9-9	2527-2534	einfach	_	_
9-10	2535-2547	ausgeblendet	_	_
9-11	2548-2552	wird	_	_
9-12	2552-2553	:	_	_
9-13	2554-2557	Die	_	B
9-14	2558-2567	Deutschen	_	I
9-15	2568-2578	erarbeiten	_	_
9-16	2579-2583	zwar	_	_
9-17	2584-2587	den	_	B
9-18	2588-2595	meisten	_	I
9-19	2596-2605	Wohlstand	_	I
9-20	2606-2609	für	_	_
9-21	2610-2616	Europa	_	B
9-22	2616-2617	,	_	_
9-23	2618-2622	sind	_	_
9-24	2623-2627	aber	_	_
9-25	2628-2632	nach	_	_
9-26	2633-2640	Angaben	_	B
9-27	2641-2644	der	_	B
9-28	2645-2657	Europäischen	_	I
9-29	2658-2669	Zentralbank	_	I
9-30	2670-2673	die	_	B
9-31	2674-2681	Ärmsten	_	I
9-32	2682-2684	im	_	_
9-33	2685-2694	Euro-Raum	_	B
9-34	2694-2695	.	_	_

#Text=So ist zum Beispiel das durchschnittliche Haushaltsvermögen der Griechen doppelt so groß und das der Italiener sogar dreimal so groß wie das deutscher Familien.
10-1	2700-2702	So	_	_
10-2	2703-2706	ist	_	_
10-3	2707-2710	zum	_	_
10-4	2711-2719	Beispiel	_	B
10-5	2720-2723	das	_	_
10-6	2724-2741	durchschnittliche	_	_
10-7	2742-2759	Haushaltsvermögen	_	_
10-8	2760-2763	der	_	B
10-9	2764-2772	Griechen	_	I
10-10	2773-2780	doppelt	_	_
10-11	2781-2783	so	_	_
10-12	2784-2788	groß	_	_
10-13	2789-2792	und	_	_
10-14	2793-2796	das	_	B
10-15	2797-2800	der	_	B
10-16	2801-2810	Italiener	_	I
10-17	2811-2816	sogar	_	_
10-18	2817-2824	dreimal	_	_
10-19	2825-2827	so	_	_
10-20	2828-2832	groß	_	_
10-21	2833-2836	wie	_	_
10-22	2837-2840	das	_	B
10-23	2841-2850	deutscher	_	_
10-24	2851-2859	Familien	_	_
10-25	2859-2860	.	_	_

#Text=Einer der wichtigsten Gründe dafür ist die extrem niedrige Wohneigentumsquote, die immer noch weiter sinkt, weil viele Landesregierungen die Menschen, die sich eine Wohnung kaufen wollen, als Melkkuh missbrauchen und die Grunderwerbsteuer immer weiter erhöhen.
11-1	2862-2867	Einer	_	B
11-2	2868-2871	der	_	B
11-3	2872-2883	wichtigsten	_	I
11-4	2884-2890	Gründe	_	I
11-5	2891-2896	dafür	_	_
11-6	2897-2900	ist	_	_
11-7	2901-2904	die	_	B
11-8	2905-2911	extrem	_	I
11-9	2912-2920	niedrige	_	I
11-10	2921-2939	Wohneigentumsquote	_	I
11-11	2939-2940	,	_	_
11-12	2941-2944	die	_	B
11-13	2945-2950	immer	_	_
11-14	2951-2955	noch	_	_
11-15	2956-2962	weiter	_	_
11-16	2963-2968	sinkt	_	_
11-17	2968-2969	,	_	_
11-18	2970-2974	weil	_	_
11-19	2975-2980	viele	_	B
11-20	2981-2998	Landesregierungen	_	I
11-21	2999-3002	die	_	B
11-22	3003-3011	Menschen	_	I
11-23	3011-3012	,	_	_
11-24	3013-3016	die	_	B
11-25	3017-3021	sich	_	B
11-26	3022-3026	eine	_	B
11-27	3027-3034	Wohnung	_	I
11-28	3035-3041	kaufen	_	_
11-29	3042-3048	wollen	_	_
11-30	3048-3049	,	_	_
11-31	3050-3053	als	_	_
11-32	3054-3061	Melkkuh	_	B
11-33	3062-3074	missbrauchen	_	_
11-34	3075-3078	und	_	_
11-35	3079-3082	die	_	B
11-36	3083-3100	Grunderwerbsteuer	_	I
11-37	3101-3106	immer	_	_
11-38	3107-3113	weiter	_	_
11-39	3114-3121	erhöhen	_	_
11-40	3121-3122	.	_	_

#Text=Die Aufgabe des Staates ist es aber nicht, Menschen beim Kauf einer Wohnung abzukassieren, sondern im Gegenteil dafür zu sorgen, dass sie sich eine Wohnung leisten können.
12-1	3128-3131	Die	_	B
12-2	3132-3139	Aufgabe	_	I
12-3	3140-3143	des	_	B
12-4	3144-3151	Staates	_	I
12-5	3152-3155	ist	_	_
12-6	3156-3158	es	_	B
12-7	3159-3163	aber	_	_
12-8	3164-3169	nicht	_	_
12-9	3169-3170	,	_	_
12-10	3171-3179	Menschen	_	B
12-11	3180-3184	beim	_	_
12-12	3185-3189	Kauf	_	B
12-13	3190-3195	einer	_	B
12-14	3196-3203	Wohnung	_	I
12-15	3204-3217	abzukassieren	_	_
12-16	3217-3218	,	_	_
12-17	3219-3226	sondern	_	_
12-18	3227-3229	im	_	_
12-19	3230-3239	Gegenteil	_	B
12-20	3240-3245	dafür	_	_
12-21	3246-3248	zu	_	_
12-22	3249-3255	sorgen	_	_
12-23	3255-3256	,	_	_
12-24	3257-3261	dass	_	_
12-25	3262-3265	sie	_	B
12-26	3266-3270	sich	_	B
12-27	3271-3275	eine	_	B
12-28	3276-3283	Wohnung	_	I
12-29	3284-3291	leisten	_	_
12-30	3292-3298	können	_	_
12-31	3298-3299	.	_	_

#Text=Dazu muss die Grunderwerbsteuer gesenkt werden und so umgestaltet werden, dass eine vierköpfige Familie beim Kauf einer Wohnung oder eines Hauses in Zukunft überhaupt keine Steuern mehr bezahlen muss.
13-1	3304-3308	Dazu	_	_
13-2	3309-3313	muss	_	_
13-3	3314-3317	die	_	B
13-4	3318-3335	Grunderwerbsteuer	_	I
13-5	3336-3343	gesenkt	_	_
13-6	3344-3350	werden	_	_
13-7	3351-3354	und	_	_
13-8	3355-3357	so	_	_
13-9	3358-3369	umgestaltet	_	_
13-10	3370-3376	werden	_	_
13-11	3376-3377	,	_	_
13-12	3378-3382	dass	_	_
13-13	3383-3387	eine	_	B
13-14	3388-3399	vierköpfige	_	I
13-15	3400-3407	Familie	_	I
13-16	3408-3412	beim	_	_
13-17	3413-3417	Kauf	_	B
13-18	3418-3423	einer	_	B
13-19	3424-3431	Wohnung	_	I
13-20	3432-3436	oder	_	_
13-21	3437-3442	eines	_	B
13-22	3443-3449	Hauses	_	I
13-23	3450-3452	in	_	_
13-24	3453-3460	Zukunft	_	B
13-25	3461-3470	überhaupt	_	B
13-26	3471-3476	keine	_	I
13-27	3477-3484	Steuern	_	I
13-28	3485-3489	mehr	_	_
13-29	3490-3498	bezahlen	_	_
13-30	3499-3503	muss	_	_
13-31	3503-3504	.	_	_

#Text=Außerdem fordern wir die völlige Abschaffung der Grundsteuer. Dadurch würde das Wohnen in Deutschland von heute auf morgen sofort für alle um 14 Milliarden Euro billiger.
14-1	3507-3515	Außerdem	_	_
14-2	3516-3523	fordern	_	_
14-3	3524-3527	wir	_	B
14-4	3528-3531	die	_	B
14-5	3532-3539	völlige	_	I
14-6	3540-3551	Abschaffung	_	I
14-7	3552-3555	der	_	B
14-8	3556-3567	Grundsteuer	_	I
14-9	3567-3568	.	_	_
14-10	3569-3576	Dadurch	_	_
14-11	3577-3582	würde	_	_
14-12	3583-3586	das	_	B
14-13	3587-3593	Wohnen	_	I
14-14	3594-3596	in	_	_
14-15	3597-3608	Deutschland	_	B
14-16	3609-3612	von	_	_
14-17	3613-3618	heute	_	_
14-18	3619-3622	auf	_	_
14-19	3623-3629	morgen	_	_
14-20	3630-3636	sofort	_	_
14-21	3637-3640	für	_	_
14-22	3641-3645	alle	_	B
14-23	3646-3648	um	_	_
14-24	3649-3651	14	_	B
14-25	3652-3662	Milliarden	_	I
14-26	3663-3667	Euro	_	I
14-27	3668-3676	billiger	_	_
14-28	3676-3677	.	_	_

#Text=Erzählen Sie mir nicht, dass dafür kein Geld da sei. Welche Schande für ein Land, das in der Lage war, letztes Jahr mit einem Federstrich 54 Milliarden Euro für Griechenland bereitzustellen, 50 Milliarden Euro für Flüchtlinge, aber gleichzeitig nicht in der Lage ist, für ausreichend bezahlbare Wohnungen für seine eigenen Bürger zu sorgen.
15-1	3680-3688	Erzählen	_	_
15-2	3689-3692	Sie	_	B
15-3	3693-3696	mir	_	B
15-4	3697-3702	nicht	_	_
15-5	3702-3703	,	_	_
15-6	3704-3708	dass	_	_
15-7	3709-3714	dafür	_	_
15-8	3715-3719	kein	_	B
15-9	3720-3724	Geld	_	I
15-10	3725-3727	da	_	_
15-11	3728-3731	sei	_	_
15-12	3731-3732	.	_	_
15-13	3733-3739	Welche	_	B
15-14	3740-3747	Schande	_	I
15-15	3748-3751	für	_	_
15-16	3752-3755	ein	_	B
15-17	3756-3760	Land	_	I
15-18	3760-3761	,	_	_
15-19	3762-3765	das	_	B
15-20	3766-3768	in	_	_
15-21	3769-3772	der	_	B
15-22	3773-3777	Lage	_	I
15-23	3778-3781	war	_	_
15-24	3781-3782	,	_	_
15-25	3783-3790	letztes	_	B
15-26	3791-3795	Jahr	_	I
15-27	3796-3799	mit	_	_
15-28	3800-3805	einem	_	B
15-29	3806-3817	Federstrich	_	I
15-30	3818-3820	54	_	B
15-31	3821-3831	Milliarden	_	I
15-32	3832-3836	Euro	_	I
15-33	3837-3840	für	_	_
15-34	3841-3853	Griechenland	_	B
15-35	3854-3869	bereitzustellen	_	_
15-36	3869-3870	,	_	_
15-37	3871-3873	50	_	B
15-38	3874-3884	Milliarden	_	I
15-39	3885-3889	Euro	_	I
15-40	3890-3893	für	_	_
15-41	3894-3905	Flüchtlinge	_	B
15-42	3905-3906	,	_	_
15-43	3907-3911	aber	_	_
15-44	3912-3924	gleichzeitig	_	_
15-45	3925-3930	nicht	_	_
15-46	3931-3933	in	_	_
15-47	3934-3937	der	_	B
15-48	3938-3942	Lage	_	I
15-49	3943-3946	ist	_	_
15-50	3946-3947	,	_	_
15-51	3948-3951	für	_	_
15-52	3952-3963	ausreichend	_	B
15-53	3964-3974	bezahlbare	_	I
15-54	3975-3984	Wohnungen	_	I
15-55	3985-3988	für	_	_
15-56	3989-3994	seine	_	B
15-57	3995-4002	eigenen	_	I
15-58	4003-4009	Bürger	_	I
15-59	4010-4012	zu	_	_
15-60	4013-4019	sorgen	_	_
15-61	4019-4020	.	_	_

#Text=Hören Sie endlich auf, an Symptomen herumzudoktern, und beseitigen Sie endlich die Ursachen der Wohnungsnot, indem Sie unsere Grenzen schützen und aufhören, die Menschen fürs Wohnen abzukassieren!
16-1	4029-4034	Hören	_	_
16-2	4035-4038	Sie	_	B
16-3	4039-4046	endlich	_	_
16-4	4047-4050	auf	_	_
16-5	4050-4051	,	_	_
16-6	4052-4054	an	_	_
16-7	4055-4064	Symptomen	_	B
16-8	4065-4079	herumzudoktern	_	_
16-9	4079-4080	,	_	_
16-10	4081-4084	und	_	_
16-11	4085-4095	beseitigen	_	_
16-12	4096-4099	Sie	_	B
16-13	4100-4107	endlich	_	_
16-14	4108-4111	die	_	B
16-15	4112-4120	Ursachen	_	I
16-16	4121-4124	der	_	B
16-17	4125-4136	Wohnungsnot	_	I
16-18	4136-4137	,	_	_
16-19	4138-4143	indem	_	_
16-20	4144-4147	Sie	_	B
16-21	4148-4154	unsere	_	B
16-22	4155-4162	Grenzen	_	I
16-23	4163-4171	schützen	_	_
16-24	4172-4175	und	_	_
16-25	4176-4184	aufhören	_	_
16-26	4184-4185	,	_	_
16-27	4186-4189	die	_	B
16-28	4190-4198	Menschen	_	I
16-29	4199-4203	fürs	_	_
16-30	4204-4210	Wohnen	_	B
16-31	4211-4224	abzukassieren	_	_
16-32	4224-4225	!	_	_

#Text=Nächster Redner in der Debatte ist für die Fraktion der SPD der Abgeordnete Sören Bartol.
17-1	4231-4239	Nächster	_	B
17-2	4240-4246	Redner	_	I
17-3	4247-4249	in	_	_
17-4	4250-4253	der	_	B
17-5	4254-4261	Debatte	_	I
17-6	4262-4265	ist	_	_
17-7	4266-4269	für	_	_
17-8	4270-4273	die	_	B
17-9	4274-4282	Fraktion	_	I
17-10	4283-4286	der	_	B
17-11	4287-4290	SPD	_	I
17-12	4291-4294	der	_	B
17-13	4295-4306	Abgeordnete	_	I
17-14	4307-4312	Sören	_	I
17-15	4313-4319	Bartol	_	I
17-16	4319-4320	.	_	_
