#FORMAT=WebAnno TSV 3.2
#T_SP=webanno.custom.Animacy|Animated
#T_SP=webanno.custom.CustomChunk|Chunk


#Text=Sehr geehrter Herr Präsident! Die Forderung nach Abschaffung des Netzwerkdurchsetzungsgesetzes
1-1	0-4	Sehr	_	B
1-2	5-13	geehrter	_	I
1-3	14-18	Herr	_	I
1-4	19-28	Präsident	_	I
1-5	28-29	!	_	_
1-6	30-33	Die	_	B
1-7	34-43	Forderung	_	I
1-8	44-48	nach	_	_
1-9	49-60	Abschaffung	_	B
1-10	61-64	des	_	B
1-11	65-94	Netzwerkdurchsetzungsgesetzes	_	I

#Text=unterstützen wir. Die Stärkung der Gesinnungspolizei im Internet – East StratCom Task Force – lehnen wir ab.
2-1	96-108	unterstützen	_	_
2-2	109-112	wir	_	B
2-3	112-113	.	_	_
2-4	114-117	Die	_	B
2-5	118-126	Stärkung	_	I
2-6	127-130	der	_	B
2-7	131-148	Gesinnungspolizei	_	I
2-8	149-151	im	_	_
2-9	152-160	Internet	_	B
2-10	161-162	–	_	B
2-11	163-167	East	_	I
2-12	168-176	StratCom	_	I
2-13	177-181	Task	_	I
2-14	182-187	Force	_	I
2-15	188-189	–	_	_
2-16	190-196	lehnen	_	_
2-17	197-200	wir	_	B
2-18	201-203	ab	_	_
2-19	203-204	.	_	_

#Text=Auf fremde Mächte, aufs Ausland lenken Sie ab. Der Russe hätte dann den Brexit herbeigeführt,
3-1	207-210	Auf	_	_
3-2	211-217	fremde	_	B
3-3	218-224	Mächte	_	I
3-4	224-225	,	_	_
3-5	226-230	aufs	_	_
3-6	231-238	Ausland	_	B
3-7	239-245	lenken	_	_
3-8	246-249	Sie	_	B
3-9	250-252	ab	_	_
3-10	252-253	.	_	_
3-11	254-257	Der	_	B
3-12	258-263	Russe	_	I
3-13	264-269	hätte	_	_
3-14	270-274	dann	_	_
3-15	275-278	den	_	B
3-16	279-285	Brexit	_	I
3-17	286-299	herbeigeführt	_	_
3-18	299-300	,	_	_

#Text=Trump und die AfD herbeimanipuliert.
4-1	304-309	Trump	_	B
4-2	310-313	und	_	_
4-3	314-317	die	_	B
4-4	318-321	AfD	_	I
4-5	322-339	herbeimanipuliert	_	_
4-6	339-340	.	_	_

#Text=Ich sage Ihnen: So fangen Fake News an.
5-1	342-345	Ich	_	B
5-2	346-350	sage	_	_
5-3	351-356	Ihnen	_	B
5-4	356-357	:	_	_
5-5	358-360	So	_	_
5-6	361-367	fangen	_	_
5-7	368-372	Fake	_	_
5-8	373-377	News	_	_
5-9	378-380	an	_	_
5-10	380-381	.	_	_

#Text=Aber der Hauptlügner steht im eigenen Land. Das waren die Dieselgangster in den Konzernetagen. Das sind die Tausenden von Lobbyisten der deutschen Banken, die seit Jahrzehnten gegen den Sozialstaat hetzen und den Privatisierungswahn befeuern. Die Linke fordert öffentliche Eintragungen der Lobbyisten in das EU-Lobbyregister. Das muss zur Pflicht werden.
6-1	384-388	Aber	_	_
6-2	389-392	der	_	B
6-3	393-404	Hauptlügner	_	I
6-4	405-410	steht	_	_
6-5	411-413	im	_	_
6-6	414-421	eigenen	_	B
6-7	422-426	Land	_	I
6-8	426-427	.	_	_
6-9	428-431	Das	_	B
6-10	432-437	waren	_	_
6-11	438-441	die	_	B
6-12	442-456	Dieselgangster	_	I
6-13	457-459	in	_	_
6-14	460-463	den	_	B
6-15	464-477	Konzernetagen	_	I
6-16	477-478	.	_	_
6-17	479-482	Das	_	B
6-18	483-487	sind	_	_
6-19	488-491	die	_	B
6-20	492-501	Tausenden	_	I
6-21	502-505	von	_	_
6-22	506-516	Lobbyisten	_	B
6-23	517-520	der	_	B
6-24	521-530	deutschen	_	I
6-25	531-537	Banken	_	I
6-26	537-538	,	_	_
6-27	539-542	die	_	B
6-28	543-547	seit	_	_
6-29	548-559	Jahrzehnten	_	B
6-30	560-565	gegen	_	_
6-31	566-569	den	_	B
6-32	570-581	Sozialstaat	_	I
6-33	582-588	hetzen	_	_
6-34	589-592	und	_	_
6-35	593-596	den	_	B
6-36	597-616	Privatisierungswahn	_	I
6-37	617-625	befeuern	_	_
6-38	625-626	.	_	_
6-39	627-630	Die	_	B
6-40	631-636	Linke	_	I
6-41	637-644	fordert	_	_
6-42	645-656	öffentliche	_	B
6-43	657-669	Eintragungen	_	I
6-44	670-673	der	_	B
6-45	674-684	Lobbyisten	_	I
6-46	685-687	in	_	_
6-47	688-691	das	_	B
6-48	692-708	EU-Lobbyregister	_	I
6-49	708-709	.	_	_
6-50	710-713	Das	_	B
6-51	714-718	muss	_	_
6-52	719-722	zur	_	_
6-53	723-730	Pflicht	_	B
6-54	731-737	werden	_	_
6-55	737-738	.	_	_

#Text=Mit ihrem Antrag wollen die Liberalen nur die liberale Demokratie vor Lügen schützen.
7-1	745-748	Mit	_	_
7-2	749-754	ihrem	_	B
7-3	755-761	Antrag	_	I
7-4	762-768	wollen	_	_
7-5	769-772	die	_	B
7-6	773-782	Liberalen	_	I
7-7	783-786	nur	_	B
7-8	787-790	die	_	I
7-9	791-799	liberale	_	I
7-10	800-810	Demokratie	_	I
7-11	811-814	vor	_	_
7-12	815-820	Lügen	_	B
7-13	821-829	schützen	_	_
7-14	829-830	.	_	_

#Text=Aber in Artikel 20 des Grundgesetzes steht mehr:
8-1	832-836	Aber	_	_
8-2	837-839	in	_	_
8-3	840-847	Artikel	_	B
8-4	848-850	20	_	_
8-5	851-854	des	_	B
8-6	855-868	Grundgesetzes	_	I
8-7	869-874	steht	_	_
8-8	875-879	mehr	_	_
8-9	879-880	:	_	_

#Text=Die Bundesrepublik Deutschland ist ein demokratischer und sozialer Bundesstaat.
9-1	882-885	Die	_	B
9-2	886-900	Bundesrepublik	_	I
9-3	901-912	Deutschland	_	I
9-4	913-916	ist	_	_
9-5	917-920	ein	_	B
9-6	921-935	demokratischer	_	I
9-7	936-939	und	_	I
9-8	940-948	sozialer	_	I
9-9	949-960	Bundesstaat	_	I
9-10	960-961	.	_	_

#Text=Wer aber den Sozialstaat nicht schützt, der stärkt die Rechten.
10-1	963-966	Wer	_	B
10-2	967-971	aber	_	_
10-3	972-975	den	_	B
10-4	976-987	Sozialstaat	_	I
10-5	988-993	nicht	_	_
10-6	994-1001	schützt	_	_
10-7	1001-1002	,	_	_
10-8	1003-1006	der	_	_
10-9	1007-1013	stärkt	_	_
10-10	1014-1017	die	_	B
10-11	1018-1025	Rechten	_	I
10-12	1025-1026	.	_	_

#Text=Als die „Bild“-Zeitung in den 90ern die gute, alte Solidarrente und Norbert Blüm sturmreif geschossen hat, da waren die Nutznießer der Privatisierung der Renten die größten Werbekunden der „Bild“, nämlich die Allianz-Versicherung und Herr Maschmeyer. Gegen deren Lügen müssen wir uns wehren.
11-1	1029-1032	Als	_	_
11-2	1033-1036	die	_	B
11-3	1037-1038	„	_	I
11-4	1038-1051	Bild“-Zeitung	_	I
11-5	1052-1054	in	_	_
11-6	1055-1058	den	_	B
11-7	1059-1064	90ern	_	I
11-8	1065-1068	die	_	B
11-9	1069-1073	gute	_	I
11-10	1073-1074	,	_	I
11-11	1075-1079	alte	_	I
11-12	1080-1092	Solidarrente	_	I
11-13	1093-1096	und	_	_
11-14	1097-1104	Norbert	_	B
11-15	1105-1109	Blüm	_	I
11-16	1110-1119	sturmreif	_	_
11-17	1120-1130	geschossen	_	_
11-18	1131-1134	hat	_	_
11-19	1134-1135	,	_	_
11-20	1136-1138	da	_	_
11-21	1139-1144	waren	_	_
11-22	1145-1148	die	_	B
11-23	1149-1159	Nutznießer	_	I
11-24	1160-1163	der	_	B
11-25	1164-1178	Privatisierung	_	I
11-26	1179-1182	der	_	B
11-27	1183-1189	Renten	_	I
11-28	1190-1193	die	_	B
11-29	1194-1201	größten	_	I
11-30	1202-1213	Werbekunden	_	I
11-31	1214-1217	der	_	B
11-32	1218-1219	„	_	I
11-33	1219-1223	Bild	_	I
11-34	1223-1224	“	_	_
11-35	1224-1225	,	_	_
11-36	1226-1233	nämlich	_	B
11-37	1234-1237	die	_	I
11-38	1238-1258	Allianz-Versicherung	_	I
11-39	1259-1262	und	_	_
11-40	1263-1267	Herr	_	B
11-41	1268-1278	Maschmeyer	_	I
11-42	1278-1279	.	_	_
11-43	1280-1285	Gegen	_	_
11-44	1286-1291	deren	_	B
11-45	1292-1297	Lügen	_	_
11-46	1298-1304	müssen	_	_
11-47	1305-1308	wir	_	B
11-48	1309-1312	uns	_	B
11-49	1313-1319	wehren	_	_
11-50	1319-1320	.	_	_

#Text=Der FDP-Antrag kämpft gegen staatlich gelenkte Medien.
12-1	1329-1332	Der	_	B
12-2	1333-1343	FDP-Antrag	_	I
12-3	1344-1350	kämpft	_	_
12-4	1351-1356	gegen	_	_
12-5	1357-1366	staatlich	_	B
12-6	1367-1375	gelenkte	_	I
12-7	1376-1382	Medien	_	I
12-8	1382-1383	.	_	_

#Text=Das ist sicherlich richtig. Aber da steht kein Wort über die Gewerkschaftsfeindlichkeit der Privatsender. Da müssten Sie mal reinhören.
13-1	1385-1388	Das	_	B
13-2	1389-1392	ist	_	_
13-3	1393-1403	sicherlich	_	_
13-4	1404-1411	richtig	_	_
13-5	1411-1412	.	_	_
13-6	1413-1417	Aber	_	_
13-7	1418-1420	da	_	_
13-8	1421-1426	steht	_	_
13-9	1427-1431	kein	_	B
13-10	1432-1436	Wort	_	I
13-11	1437-1441	über	_	_
13-12	1442-1445	die	_	B
13-13	1446-1472	Gewerkschaftsfeindlichkeit	_	I
13-14	1473-1476	der	_	B
13-15	1477-1489	Privatsender	_	I
13-16	1489-1490	.	_	_
13-17	1491-1493	Da	_	_
13-18	1494-1501	müssten	_	_
13-19	1502-1505	Sie	_	B
13-20	1506-1509	mal	_	_
13-21	1510-1519	reinhören	_	_
13-22	1519-1520	.	_	_

#Text=Ein früherer FDP-Parteichef nannte dort, in den Privat­sendern, den Mindestlohn – ich zitiere mit Genehmigung des Präsidenten – „DDR pur ohne Mauer“. Der Mindestlohn eine DDR ohne Mauern.
14-1	1524-1527	Ein	_	B
14-2	1528-1536	früherer	_	I
14-3	1537-1551	FDP-Parteichef	_	I
14-4	1552-1558	nannte	_	_
14-5	1559-1563	dort	_	_
14-6	1563-1564	,	_	_
14-7	1565-1567	in	_	_
14-8	1568-1571	den	_	B
14-9	1572-1586	Privat­sendern	_	I
14-10	1586-1587	,	_	_
14-11	1588-1591	den	_	B
14-12	1592-1603	Mindestlohn	_	I
14-13	1604-1605	–	_	_
14-14	1606-1609	ich	_	B
14-15	1610-1617	zitiere	_	_
14-16	1618-1621	mit	_	_
14-17	1622-1633	Genehmigung	_	B
14-18	1634-1637	des	_	B
14-19	1638-1649	Präsidenten	_	I
14-20	1650-1651	–	_	_
14-21	1652-1653	„	_	_
14-22	1653-1656	DDR	_	_
14-23	1657-1660	pur	_	_
14-24	1661-1665	ohne	_	_
14-25	1666-1671	Mauer	_	B
14-26	1671-1672	“	_	_
14-27	1672-1673	.	_	_
14-28	1674-1677	Der	_	B
14-29	1678-1689	Mindestlohn	_	I
14-30	1690-1694	eine	_	I
14-31	1695-1698	DDR	_	I
14-32	1699-1703	ohne	_	_
14-33	1704-1710	Mauern	_	B
14-34	1710-1711	.	_	_

#Text=Und Herr Lindner beschimpfte junge Menschen von Fridays for Future
15-1	1718-1721	Und	_	_
15-2	1722-1726	Herr	_	B
15-3	1727-1734	Lindner	_	I
15-4	1735-1746	beschimpfte	_	_
15-5	1747-1752	junge	_	B
15-6	1753-1761	Menschen	_	I
15-7	1762-1765	von	_	_
15-8	1766-1773	Fridays	_	B
15-9	1774-1777	for	_	I
15-10	1778-1784	Future	_	I

#Text=und sagte, man solle die Klimakatastrophe endlich den Profis zu überlassen. Konstantin Wecker hat gepostet, wer diese Profis sind – er schreibt –: „bestechliche Wissenschaftler, geldgeile Lobbyisten“. Recht hat Konstantin Wecker mit der Beschreibung Ihrer „Profis“, Herr Lindner.
16-1	1785-1788	und	_	_
16-2	1789-1794	sagte	_	_
16-3	1794-1795	,	_	_
16-4	1796-1799	man	_	B
16-5	1800-1805	solle	_	_
16-6	1806-1809	die	_	B
16-7	1810-1826	Klimakatastrophe	_	I
16-8	1827-1834	endlich	_	_
16-9	1835-1838	den	_	B
16-10	1839-1845	Profis	_	I
16-11	1846-1848	zu	_	_
16-12	1849-1859	überlassen	_	_
16-13	1859-1860	.	_	_
16-14	1861-1871	Konstantin	_	B
16-15	1872-1878	Wecker	_	I
16-16	1879-1882	hat	_	_
16-17	1883-1891	gepostet	_	_
16-18	1891-1892	,	_	_
16-19	1893-1896	wer	_	B
16-20	1897-1902	diese	_	B
16-21	1903-1909	Profis	_	I
16-22	1910-1914	sind	_	_
16-23	1915-1916	–	_	_
16-24	1917-1919	er	_	B
16-25	1920-1928	schreibt	_	_
16-26	1929-1930	–	_	_
16-27	1930-1931	:	_	_
16-28	1932-1933	„	_	B
16-29	1933-1945	bestechliche	_	I
16-30	1946-1961	Wissenschaftler	_	I
16-31	1961-1962	,	_	_
16-32	1963-1972	geldgeile	_	B
16-33	1973-1983	Lobbyisten	_	I
16-34	1983-1984	“	_	_
16-35	1984-1985	.	_	_
16-36	1986-1991	Recht	_	B
16-37	1992-1995	hat	_	_
16-38	1996-2006	Konstantin	_	B
16-39	2007-2013	Wecker	_	I
16-40	2014-2017	mit	_	_
16-41	2018-2021	der	_	B
16-42	2022-2034	Beschreibung	_	I
16-43	2035-2040	Ihrer	_	B
16-44	2041-2042	„	_	I
16-45	2042-2048	Profis	_	I
16-46	2048-2049	“	_	_
16-47	2049-2050	,	_	_
16-48	2051-2055	Herr	_	_
16-49	2056-2063	Lindner	_	B
16-50	2063-2064	.	_	_

#Text=Von wem kamen die Propagandalügen, mit denen der Beginn der Bombardierung Jugoslawiens orchestriert wurde, oder die Lüge von Saddam Husseins Giftgas im irakischen Sand oder die Lügen, die zum Libyen-Krieg führten?
17-1	2077-2080	Von	_	_
17-2	2081-2084	wem	_	B
17-3	2085-2090	kamen	_	_
17-4	2091-2094	die	_	B
17-5	2095-2110	Propagandalügen	_	I
17-6	2110-2111	,	_	_
17-7	2112-2115	mit	_	_
17-8	2116-2121	denen	_	B
17-9	2122-2125	der	_	B
17-10	2126-2132	Beginn	_	I
17-11	2133-2136	der	_	B
17-12	2137-2150	Bombardierung	_	I
17-13	2151-2163	Jugoslawiens	_	B
17-14	2164-2176	orchestriert	_	_
17-15	2177-2182	wurde	_	_
17-16	2182-2183	,	_	_
17-17	2184-2188	oder	_	_
17-18	2189-2192	die	_	B
17-19	2193-2197	Lüge	_	I
17-20	2198-2201	von	_	_
17-21	2202-2208	Saddam	_	B
17-22	2209-2217	Husseins	_	I
17-23	2218-2225	Giftgas	_	_
17-24	2226-2228	im	_	_
17-25	2229-2239	irakischen	_	B
17-26	2240-2244	Sand	_	I
17-27	2245-2249	oder	_	_
17-28	2250-2253	die	_	B
17-29	2254-2259	Lügen	_	I
17-30	2259-2260	,	_	_
17-31	2261-2264	die	_	B
17-32	2265-2268	zum	_	_
17-33	2269-2281	Libyen-Krieg	_	B
17-34	2282-2289	führten	_	_
17-35	2289-2290	?	_	_

#Text=Im ZDF lief kürzlich „Killing Gaddafi“, mit Beweisen, wie NATO-Lügen den „Islamischen Staat“ in Libyen erst groß gemacht haben.
18-1	2295-2297	Im	_	_
18-2	2298-2301	ZDF	_	B
18-3	2302-2306	lief	_	_
18-4	2307-2315	kürzlich	_	_
18-5	2316-2317	„	_	_
18-6	2317-2324	Killing	_	B
18-7	2325-2332	Gaddafi	_	I
18-8	2332-2333	“	_	_
18-9	2333-2334	,	_	_
18-10	2335-2338	mit	_	_
18-11	2339-2347	Beweisen	_	B
18-12	2347-2348	,	_	_
18-13	2349-2352	wie	_	B
18-14	2353-2363	NATO-Lügen	_	I
18-15	2364-2367	den	_	B
18-16	2368-2369	„	_	I
18-17	2369-2380	Islamischen	_	I
18-18	2381-2386	Staat	_	I
18-19	2386-2387	“	_	_
18-20	2388-2390	in	_	_
18-21	2391-2397	Libyen	_	B
18-22	2398-2402	erst	_	_
18-23	2403-2407	groß	_	_
18-24	2408-2415	gemacht	_	_
18-25	2416-2421	haben	_	_
18-26	2421-2422	.	_	_

#Text=Jetzt wollen Pentagon und Trump russische Gaslieferungen über North Stream 2 durch das teurere amerikanische Fracking-Gas ersetzen, mit einer riesigen antirussischen Propagandaschlacht. Und ein deutscher Außenminister erklärt wenige Stunden danach, er wisse ganz genau: Wladimir Putin hat den Auftrag zum Giftanschlag auf den Doppelagenten Skripal in London gegeben. – Das sind Fake News, gegen die man sich wehren muss.
19-1	2430-2435	Jetzt	_	_
19-2	2436-2442	wollen	_	_
19-3	2443-2451	Pentagon	_	B
19-4	2452-2455	und	_	_
19-5	2456-2461	Trump	_	B
19-6	2462-2471	russische	_	B
19-7	2472-2486	Gaslieferungen	_	I
19-8	2487-2491	über	_	_
19-9	2492-2497	North	_	B
19-10	2498-2504	Stream	_	I
19-11	2505-2506	2	_	_
19-12	2507-2512	durch	_	_
19-13	2513-2516	das	_	B
19-14	2517-2524	teurere	_	I
19-15	2525-2538	amerikanische	_	I
19-16	2539-2551	Fracking-Gas	_	I
19-17	2552-2560	ersetzen	_	_
19-18	2560-2561	,	_	_
19-19	2562-2565	mit	_	_
19-20	2566-2571	einer	_	B
19-21	2572-2580	riesigen	_	I
19-22	2581-2595	antirussischen	_	I
19-23	2596-2614	Propagandaschlacht	_	I
19-24	2614-2615	.	_	_
19-25	2616-2619	Und	_	_
19-26	2620-2623	ein	_	B
19-27	2624-2633	deutscher	_	I
19-28	2634-2647	Außenminister	_	I
19-29	2648-2655	erklärt	_	_
19-30	2656-2662	wenige	_	B
19-31	2663-2670	Stunden	_	I
19-32	2671-2677	danach	_	_
19-33	2677-2678	,	_	_
19-34	2679-2681	er	_	B
19-35	2682-2687	wisse	_	_
19-36	2688-2692	ganz	_	_
19-37	2693-2698	genau	_	_
19-38	2698-2699	:	_	_
19-39	2700-2708	Wladimir	_	B
19-40	2709-2714	Putin	_	I
19-41	2715-2718	hat	_	_
19-42	2719-2722	den	_	B
19-43	2723-2730	Auftrag	_	I
19-44	2731-2734	zum	_	I
19-45	2735-2747	Giftanschlag	_	I
19-46	2748-2751	auf	_	I
19-47	2752-2755	den	_	I
19-48	2756-2769	Doppelagenten	_	I
19-49	2770-2777	Skripal	_	I
19-50	2778-2780	in	_	_
19-51	2781-2787	London	_	B
19-52	2788-2795	gegeben	_	_
19-53	2795-2796	.	_	_
19-54	2797-2798	–	_	_
19-55	2799-2802	Das	_	B
19-56	2803-2807	sind	_	_
19-57	2808-2812	Fake	_	_
19-58	2813-2817	News	_	_
19-59	2817-2818	,	_	_
19-60	2819-2824	gegen	_	_
19-61	2825-2828	die	_	B
19-62	2829-2832	man	_	B
19-63	2833-2837	sich	_	B
19-64	2838-2844	wehren	_	_
19-65	2845-2849	muss	_	_
19-66	2849-2850	.	_	_

#Text=Heute Morgen wurde der Whistleblower Julian ­Assange inhaftiert, weil er Kriegslügen aufgedeckt hat. Wenn Leute wie Assange eingesperrt werden, wenn der Cum/Ex-Aufklärer Oliver Schröm kriminalisiert wird, wenn Attac und die antifaschistische VVN
20-1	2858-2863	Heute	_	_
20-2	2864-2870	Morgen	_	_
20-3	2871-2876	wurde	_	_
20-4	2877-2880	der	_	B
20-5	2881-2894	Whistleblower	_	I
20-6	2895-2901	Julian	_	I
20-7	2902-2910	­Assange	_	I
20-8	2911-2921	inhaftiert	_	_
20-9	2921-2922	,	_	_
20-10	2923-2927	weil	_	_
20-11	2928-2930	er	_	B
20-12	2931-2942	Kriegslügen	_	B
20-13	2943-2953	aufgedeckt	_	_
20-14	2954-2957	hat	_	_
20-15	2957-2958	.	_	_
20-16	2959-2963	Wenn	_	_
20-17	2964-2969	Leute	_	B
20-18	2970-2973	wie	_	_
20-19	2974-2981	Assange	_	_
20-20	2982-2993	eingesperrt	_	_
20-21	2994-3000	werden	_	_
20-22	3000-3001	,	_	_
20-23	3002-3006	wenn	_	B
20-24	3007-3010	der	_	I
20-25	3011-3014	Cum	_	I
20-26	3014-3015	/	_	_
20-27	3015-3027	Ex-Aufklärer	_	B
20-28	3028-3034	Oliver	_	I
20-29	3035-3041	Schröm	_	I
20-30	3042-3056	kriminalisiert	_	_
20-31	3057-3061	wird	_	_
20-32	3061-3062	,	_	_
20-33	3063-3067	wenn	_	_
20-34	3068-3073	Attac	_	_
20-35	3074-3077	und	_	_
20-36	3078-3081	die	_	B
20-37	3082-3099	antifaschistische	_	I
20-38	3100-3103	VVN	_	I

#Text=die Gemeinnützigkeit von Spenden aberkannt bekommen sollen, dann kann einem wirklich angst um die Demokratie werden.
21-1	3110-3113	die	_	B
21-2	3114-3130	Gemeinnützigkeit	_	I
21-3	3131-3134	von	_	_
21-4	3135-3142	Spenden	_	B
21-5	3143-3152	aberkannt	_	_
21-6	3153-3161	bekommen	_	_
21-7	3162-3168	sollen	_	_
21-8	3168-3169	,	_	_
21-9	3170-3174	dann	_	_
21-10	3175-3179	kann	_	_
21-11	3180-3185	einem	_	B
21-12	3186-3194	wirklich	_	B
21-13	3195-3200	angst	_	I
21-14	3201-3203	um	_	_
21-15	3204-3207	die	_	B
21-16	3208-3218	Demokratie	_	I
21-17	3219-3225	werden	_	_
21-18	3225-3226	.	_	_

#Text=Was die Welt braucht, sind nicht solche Anträge der FDP, sondern wieder mehr kritischer Journalismus wie einst von Günter Gaus, Gabriele Krone-Schmalz, Klaus Bednarz, Bernt Engelmann, Can Dündar. Was wir brauchen, ist Freiheit und mehr Rückgrat für kritischen Journalismus,
22-1	3229-3232	Was	_	B
22-2	3233-3236	die	_	B
22-3	3237-3241	Welt	_	I
22-4	3242-3249	braucht	_	_
22-5	3249-3250	,	_	_
22-6	3251-3255	sind	_	_
22-7	3256-3261	nicht	_	_
22-8	3262-3268	solche	_	B
22-9	3269-3276	Anträge	_	I
22-10	3277-3280	der	_	B
22-11	3281-3284	FDP	_	I
22-12	3284-3285	,	_	_
22-13	3286-3293	sondern	_	_
22-14	3294-3300	wieder	_	B
22-15	3301-3305	mehr	_	I
22-16	3306-3316	kritischer	_	I
22-17	3317-3329	Journalismus	_	I
22-18	3330-3333	wie	_	_
22-19	3334-3339	einst	_	_
22-20	3340-3343	von	_	_
22-21	3344-3350	Günter	_	B
22-22	3351-3355	Gaus	_	I
22-23	3355-3356	,	_	_
22-24	3357-3365	Gabriele	_	B
22-25	3366-3379	Krone-Schmalz	_	I
22-26	3379-3380	,	_	_
22-27	3381-3386	Klaus	_	B
22-28	3387-3394	Bednarz	_	I
22-29	3394-3395	,	_	_
22-30	3396-3401	Bernt	_	B
22-31	3402-3411	Engelmann	_	I
22-32	3411-3412	,	_	_
22-33	3413-3416	Can	_	B
22-34	3417-3423	Dündar	_	I
22-35	3423-3424	.	_	_
22-36	3425-3428	Was	_	B
22-37	3429-3432	wir	_	B
22-38	3433-3441	brauchen	_	_
22-39	3441-3442	,	_	_
22-40	3443-3446	ist	_	_
22-41	3447-3455	Freiheit	_	B
22-42	3456-3459	und	_	_
22-43	3460-3464	mehr	_	B
22-44	3465-3473	Rückgrat	_	I
22-45	3474-3477	für	_	_
22-46	3478-3488	kritischen	_	B
22-47	3489-3501	Journalismus	_	I
22-48	3501-3502	,	_	_

#Text=Freiheit für Edward Snowden und Julian Assange und nicht für die Verlagskonzerne.
23-1	3512-3520	Freiheit	_	B
23-2	3521-3524	für	_	_
23-3	3525-3531	Edward	_	B
23-4	3532-3539	Snowden	_	I
23-5	3540-3543	und	_	_
23-6	3544-3550	Julian	_	B
23-7	3551-3558	Assange	_	I
23-8	3559-3562	und	_	_
23-9	3563-3568	nicht	_	B
23-10	3569-3572	für	_	I
23-11	3573-3576	die	_	I
23-12	3577-3592	Verlagskonzerne	_	I
23-13	3592-3593	.	_	_

#Text=Ich danke Ihnen.
24-1	3595-3598	Ich	_	B
24-2	3599-3604	danke	_	_
24-3	3605-3610	Ihnen	_	B
24-4	3610-3611	.	_	_

#Text=Die Kollegin Dr. Franziska Brantner hat das Wort für Bündnis 90/Die Grünen.
25-1	3613-3616	Die	_	B
25-2	3617-3625	Kollegin	_	I
25-3	3626-3629	Dr.	_	I
25-4	3630-3639	Franziska	_	B
25-5	3640-3648	Brantner	_	I
25-6	3649-3652	hat	_	_
25-7	3653-3656	das	_	B
25-8	3657-3661	Wort	_	I
25-9	3662-3665	für	_	_
25-10	3666-3673	Bündnis	_	B
25-11	3674-3676	90	_	_
25-12	3676-3677	/	_	_
25-13	3677-3680	Die	_	B
25-14	3681-3687	Grünen	_	I
25-15	3687-3688	.	_	_
