#FORMAT=WebAnno TSV 3.2
#T_SP=webanno.custom.Animacy|Animated
#T_SP=webanno.custom.CustomChunk|Chunk


#Text=Frau Präsidentin! Meine sehr geehrten Damen und Herren! Liebe Zuschauer! Wir beschäftigen uns heute mit der Teststrategie. Das ist durchaus sinnvoll nach dem Chaos der letzten Wochen. Bei den Schnelltests beispielsweise sind wir weit hinter Österreich.
1-1	0-4	Frau	_	B
1-2	5-16	Präsidentin	_	I
1-3	16-17	!	_	_
1-4	18-23	Meine	_	B
1-5	24-28	sehr	_	I
1-6	29-37	geehrten	_	I
1-7	38-43	Damen	_	I
1-8	44-47	und	_	_
1-9	48-54	Herren	_	B
1-10	54-55	!	_	_
1-11	56-61	Liebe	_	B
1-12	62-71	Zuschauer	_	I
1-13	71-72	!	_	_
1-14	73-76	Wir	_	B
1-15	77-89	beschäftigen	_	_
1-16	90-93	uns	_	B
1-17	94-99	heute	_	_
1-18	100-103	mit	_	_
1-19	104-107	der	_	B
1-20	108-121	Teststrategie	_	I
1-21	121-122	.	_	_
1-22	123-126	Das	_	B
1-23	127-130	ist	_	_
1-24	131-139	durchaus	_	_
1-25	140-148	sinnvoll	_	_
1-26	149-153	nach	_	_
1-27	154-157	dem	_	B
1-28	158-163	Chaos	_	I
1-29	164-167	der	_	B
1-30	168-175	letzten	_	I
1-31	176-182	Wochen	_	I
1-32	182-183	.	_	_
1-33	184-187	Bei	_	_
1-34	188-191	den	_	B
1-35	192-204	Schnelltests	_	I
1-36	205-219	beispielsweise	_	_
1-37	220-224	sind	_	_
1-38	225-228	wir	_	B
1-39	229-233	weit	_	_
1-40	234-240	hinter	_	_
1-41	241-251	Österreich	_	B
1-42	251-252	.	_	_

#Text=Herr Kühne, ich greife Ihre Aufforderung gerne auf und versuche einmal, konstruktiv zu sein. Ich möchte Ihren Blick wenden auf eine andere Art von Test, und zwar die Antikörpertests, mit denen man nachweisen kann, dass nach einer überstandenen Infektion eine natürliche Immunität geschaffen worden ist. Wir haben bisher ungefähr 2,5 Millionen Menschen in Deutschland positiv getestet. Man schätzt, dass ungefähr die sechsfache Zahl eine Infektion unerkannt durchlaufen hat. Das heißt, fast ein Fünftel der Bevölkerung ist vielleicht schon immun. Jetzt mag man sagen: Naja, diese natürliche Immunität hilft vielleicht nicht gegen die Mutationen, und sie ist vielleicht auch nicht dauerhaft. Aber seien wir einmal ehrlich: Das wissen wir bei den Impfungen auch noch nicht genau. Ein Test auf natürliche Immunität kostet ungefähr 40 Euro. Er ist im Moment noch keine Kassenleistung. Wir schlagen vor, dass er es werden sollte.
2-1	259-263	Herr	_	_
2-2	264-269	Kühne	_	B
2-3	269-270	,	_	_
2-4	271-274	ich	_	B
2-5	275-281	greife	_	_
2-6	282-286	Ihre	_	B
2-7	287-299	Aufforderung	_	I
2-8	300-305	gerne	_	_
2-9	306-309	auf	_	_
2-10	310-313	und	_	_
2-11	314-322	versuche	_	_
2-12	323-329	einmal	_	_
2-13	329-330	,	_	_
2-14	331-342	konstruktiv	_	_
2-15	343-345	zu	_	_
2-16	346-350	sein	_	_
2-17	350-351	.	_	_
2-18	352-355	Ich	_	B
2-19	356-362	möchte	_	_
2-20	363-368	Ihren	_	B
2-21	369-374	Blick	_	I
2-22	375-381	wenden	_	_
2-23	382-385	auf	_	_
2-24	386-390	eine	_	B
2-25	391-397	andere	_	I
2-26	398-401	Art	_	I
2-27	402-405	von	_	_
2-28	406-410	Test	_	B
2-29	410-411	,	_	_
2-30	412-415	und	_	_
2-31	416-420	zwar	_	B
2-32	421-424	die	_	I
2-33	425-440	Antikörpertests	_	I
2-34	440-441	,	_	_
2-35	442-445	mit	_	_
2-36	446-451	denen	_	B
2-37	452-455	man	_	B
2-38	456-466	nachweisen	_	_
2-39	467-471	kann	_	_
2-40	471-472	,	_	_
2-41	473-477	dass	_	_
2-42	478-482	nach	_	_
2-43	483-488	einer	_	B
2-44	489-502	überstandenen	_	I
2-45	503-512	Infektion	_	I
2-46	513-517	eine	_	B
2-47	518-528	natürliche	_	I
2-48	529-538	Immunität	_	I
2-49	539-549	geschaffen	_	_
2-50	550-556	worden	_	_
2-51	557-560	ist	_	_
2-52	560-561	.	_	_
2-53	562-565	Wir	_	B
2-54	566-571	haben	_	_
2-55	572-578	bisher	_	_
2-56	579-587	ungefähr	_	B
2-57	588-591	2,5	_	I
2-58	592-601	Millionen	_	I
2-59	602-610	Menschen	_	I
2-60	611-613	in	_	_
2-61	614-625	Deutschland	_	B
2-62	626-633	positiv	_	_
2-63	634-642	getestet	_	_
2-64	642-643	.	_	_
2-65	644-647	Man	_	B
2-66	648-655	schätzt	_	_
2-67	655-656	,	_	_
2-68	657-661	dass	_	_
2-69	662-670	ungefähr	_	_
2-70	671-674	die	_	B
2-71	675-685	sechsfache	_	I
2-72	686-690	Zahl	_	I
2-73	691-695	eine	_	B
2-74	696-705	Infektion	_	I
2-75	706-715	unerkannt	_	_
2-76	716-727	durchlaufen	_	_
2-77	728-731	hat	_	_
2-78	731-732	.	_	_
2-79	733-736	Das	_	B
2-80	737-742	heißt	_	_
2-81	742-743	,	_	_
2-82	744-748	fast	_	B
2-83	749-752	ein	_	I
2-84	753-760	Fünftel	_	I
2-85	761-764	der	_	B
2-86	765-776	Bevölkerung	_	I
2-87	777-780	ist	_	_
2-88	781-791	vielleicht	_	_
2-89	792-797	schon	_	_
2-90	798-803	immun	_	_
2-91	803-804	.	_	_
2-92	805-810	Jetzt	_	_
2-93	811-814	mag	_	_
2-94	815-818	man	_	B
2-95	819-824	sagen	_	_
2-96	824-825	:	_	_
2-97	826-830	Naja	_	_
2-98	830-831	,	_	_
2-99	832-837	diese	_	B
2-100	838-848	natürliche	_	I
2-101	849-858	Immunität	_	I
2-102	859-864	hilft	_	_
2-103	865-875	vielleicht	_	_
2-104	876-881	nicht	_	_
2-105	882-887	gegen	_	_
2-106	888-891	die	_	B
2-107	892-902	Mutationen	_	I
2-108	902-903	,	_	_
2-109	904-907	und	_	_
2-110	908-911	sie	_	B
2-111	912-915	ist	_	_
2-112	916-926	vielleicht	_	_
2-113	927-931	auch	_	_
2-114	932-937	nicht	_	_
2-115	938-947	dauerhaft	_	_
2-116	947-948	.	_	_
2-117	949-953	Aber	_	_
2-118	954-959	seien	_	_
2-119	960-963	wir	_	B
2-120	964-970	einmal	_	_
2-121	971-978	ehrlich	_	_
2-122	978-979	:	_	_
2-123	980-983	Das	_	B
2-124	984-990	wissen	_	_
2-125	991-994	wir	_	B
2-126	995-998	bei	_	_
2-127	999-1002	den	_	B
2-128	1003-1012	Impfungen	_	I
2-129	1013-1017	auch	_	_
2-130	1018-1022	noch	_	_
2-131	1023-1028	nicht	_	_
2-132	1029-1034	genau	_	_
2-133	1034-1035	.	_	_
2-134	1036-1039	Ein	_	B
2-135	1040-1044	Test	_	I
2-136	1045-1048	auf	_	_
2-137	1049-1059	natürliche	_	B
2-138	1060-1069	Immunität	_	I
2-139	1070-1076	kostet	_	_
2-140	1077-1085	ungefähr	_	B
2-141	1086-1088	40	_	I
2-142	1089-1093	Euro	_	I
2-143	1093-1094	.	_	_
2-144	1095-1097	Er	_	B
2-145	1098-1101	ist	_	_
2-146	1102-1104	im	_	_
2-147	1105-1111	Moment	_	B
2-148	1112-1116	noch	_	_
2-149	1117-1122	keine	_	B
2-150	1123-1137	Kassenleistung	_	I
2-151	1137-1138	.	_	_
2-152	1139-1142	Wir	_	B
2-153	1143-1151	schlagen	_	_
2-154	1152-1155	vor	_	_
2-155	1155-1156	,	_	_
2-156	1157-1161	dass	_	_
2-157	1162-1164	er	_	B
2-158	1165-1167	es	_	B
2-159	1168-1174	werden	_	_
2-160	1175-1181	sollte	_	_
2-161	1181-1182	.	_	_

#Text=Ich möchte Ihnen den Nutzen einmal exemplarisch am Beispiel junger Menschen klarmachen. Gerade junge Menschen haben Bedenken, was die Impfung betrifft. Wir haben dort im Verhältnis zur Gesamtbevölkerung eine eher unterdurchschnittliche Bereitschaft, sich impfen zu lassen. Ich glaube, dafür gibt es zwei sachliche Gründe. Zum einen ist es das Risiko der Impfung. Wir haben einen sehr verkürzten Testzeitraum. Wir haben wenig Erfahrung mit mRNA-Impfstoffen. Ich weiß, viele Menschen sprechen nicht gerne über die Risiken des Impfens. Ich würde aber gerne darauf hinweisen: In Schweden gab es im Zusammenhang mit der Schweinegrippeimpfung viele Fälle von Schlafkrankheit. Die Gefahr, daran zu erkranken, lag bei ungefähr 1 zu 10 000. Das ist ungefähr das Risiko eines ernsten Verlaufes, das heute ein junger Mensch im Falle einer Coronainfektion hat.
3-1	1205-1208	Ich	_	B
3-2	1209-1215	möchte	_	_
3-3	1216-1221	Ihnen	_	B
3-4	1222-1225	den	_	B
3-5	1226-1232	Nutzen	_	I
3-6	1233-1239	einmal	_	_
3-7	1240-1252	exemplarisch	_	_
3-8	1253-1255	am	_	_
3-9	1256-1264	Beispiel	_	B
3-10	1265-1271	junger	_	B
3-11	1272-1280	Menschen	_	I
3-12	1281-1291	klarmachen	_	_
3-13	1291-1292	.	_	_
3-14	1293-1299	Gerade	_	B
3-15	1300-1305	junge	_	I
3-16	1306-1314	Menschen	_	I
3-17	1315-1320	haben	_	_
3-18	1321-1329	Bedenken	_	B
3-19	1329-1330	,	_	_
3-20	1331-1334	was	_	B
3-21	1335-1338	die	_	B
3-22	1339-1346	Impfung	_	I
3-23	1347-1355	betrifft	_	_
3-24	1355-1356	.	_	_
3-25	1357-1360	Wir	_	B
3-26	1361-1366	haben	_	_
3-27	1367-1371	dort	_	_
3-28	1372-1374	im	_	_
3-29	1375-1385	Verhältnis	_	B
3-30	1386-1389	zur	_	_
3-31	1390-1407	Gesamtbevölkerung	_	B
3-32	1408-1412	eine	_	B
3-33	1413-1417	eher	_	I
3-34	1418-1440	unterdurchschnittliche	_	I
3-35	1441-1453	Bereitschaft	_	I
3-36	1453-1454	,	_	_
3-37	1455-1459	sich	_	B
3-38	1460-1466	impfen	_	_
3-39	1467-1469	zu	_	_
3-40	1470-1476	lassen	_	_
3-41	1476-1477	.	_	_
3-42	1478-1481	Ich	_	B
3-43	1482-1488	glaube	_	_
3-44	1488-1489	,	_	_
3-45	1490-1495	dafür	_	_
3-46	1496-1500	gibt	_	_
3-47	1501-1503	es	_	_
3-48	1504-1508	zwei	_	B
3-49	1509-1518	sachliche	_	I
3-50	1519-1525	Gründe	_	I
3-51	1525-1526	.	_	_
3-52	1527-1530	Zum	_	_
3-53	1531-1536	einen	_	B
3-54	1537-1540	ist	_	_
3-55	1541-1543	es	_	B
3-56	1544-1547	das	_	B
3-57	1548-1554	Risiko	_	I
3-58	1555-1558	der	_	B
3-59	1559-1566	Impfung	_	I
3-60	1566-1567	.	_	_
3-61	1568-1571	Wir	_	B
3-62	1572-1577	haben	_	_
3-63	1578-1583	einen	_	B
3-64	1584-1588	sehr	_	I
3-65	1589-1599	verkürzten	_	I
3-66	1600-1612	Testzeitraum	_	I
3-67	1612-1613	.	_	_
3-68	1614-1617	Wir	_	B
3-69	1618-1623	haben	_	_
3-70	1624-1629	wenig	_	B
3-71	1630-1639	Erfahrung	_	I
3-72	1640-1643	mit	_	_
3-73	1644-1660	mRNA-Impfstoffen	_	B
3-74	1660-1661	.	_	_
3-75	1662-1665	Ich	_	B
3-76	1666-1670	weiß	_	_
3-77	1670-1671	,	_	_
3-78	1672-1677	viele	_	B
3-79	1678-1686	Menschen	_	I
3-80	1687-1695	sprechen	_	_
3-81	1696-1701	nicht	_	_
3-82	1702-1707	gerne	_	_
3-83	1708-1712	über	_	_
3-84	1713-1716	die	_	B
3-85	1717-1724	Risiken	_	I
3-86	1725-1728	des	_	B
3-87	1729-1736	Impfens	_	I
3-88	1736-1737	.	_	_
3-89	1738-1741	Ich	_	B
3-90	1742-1747	würde	_	_
3-91	1748-1752	aber	_	_
3-92	1753-1758	gerne	_	_
3-93	1759-1765	darauf	_	_
3-94	1766-1775	hinweisen	_	_
3-95	1775-1776	:	_	_
3-96	1777-1779	In	_	_
3-97	1780-1788	Schweden	_	B
3-98	1789-1792	gab	_	_
3-99	1793-1795	es	_	_
3-100	1796-1798	im	_	_
3-101	1799-1811	Zusammenhang	_	B
3-102	1812-1815	mit	_	_
3-103	1816-1819	der	_	B
3-104	1820-1841	Schweinegrippeimpfung	_	I
3-105	1842-1847	viele	_	B
3-106	1848-1853	Fälle	_	I
3-107	1854-1857	von	_	_
3-108	1858-1873	Schlafkrankheit	_	B
3-109	1873-1874	.	_	_
3-110	1875-1878	Die	_	B
3-111	1879-1885	Gefahr	_	I
3-112	1885-1886	,	_	_
3-113	1887-1892	daran	_	_
3-114	1893-1895	zu	_	_
3-115	1896-1905	erkranken	_	_
3-116	1905-1906	,	_	_
3-117	1907-1910	lag	_	_
3-118	1911-1914	bei	_	_
3-119	1915-1923	ungefähr	_	_
3-120	1924-1925	1	_	_
3-121	1926-1928	zu	_	_
3-122	1929-1931	10	_	_
3-123	1931-1932	 	_	_
3-124	1932-1936	000.	_	_
3-125	1937-1940	Das	_	B
3-126	1941-1944	ist	_	_
3-127	1945-1953	ungefähr	_	_
3-128	1954-1957	das	_	B
3-129	1958-1964	Risiko	_	I
3-130	1965-1970	eines	_	B
3-131	1971-1978	ernsten	_	I
3-132	1979-1988	Verlaufes	_	I
3-133	1988-1989	,	_	_
3-134	1990-1993	das	_	B
3-135	1994-1999	heute	_	_
3-136	2000-2003	ein	_	B
3-137	2004-2010	junger	_	I
3-138	2011-2017	Mensch	_	I
3-139	2018-2020	im	_	_
3-140	2021-2026	Falle	_	B
3-141	2027-2032	einer	_	B
3-142	2033-2048	Coronainfektion	_	I
3-143	2049-2052	hat	_	_
3-144	2052-2053	.	_	_

#Text=Sie bestreiten, dass es Risiken gibt: Warum wurden die Impfstoffhersteller dann haftungsfrei gestellt, zumindest weitestgehend? Nein, ich bleibe dabei: Es gibt Risiken. Gerade junge Menschen schätzen vielleicht die möglichen Folgeschäden etwas anders ein. Ein 80-Jähriger mit einer Restlebenserwartung von zehn Jahren sieht das anders als ein 20-Jähriger, der noch 70 Jahre vor sich hat. Hinzu kommt bei jungen Menschen: Sie haben viele Kontakte. Sie haben eine hohe Wahrscheinlichkeit, sich zu infizieren. Sie haben aber sehr häufig auch unsymptomatische Verläufe. Das heißt, bei einem jungen Menschen besteht die Chance, dass er sich, ohne es zu merken, tatsächlich schon natürlich immunisiert hat. Das in Summe – das Risiko, die hohe Chance, schon natürlich immunisiert zu sein – senkt die Impfbereitschaft bei jungen Menschen.
4-1	2074-2077	Sie	_	B
4-2	2078-2088	bestreiten	_	_
4-3	2088-2089	,	_	_
4-4	2090-2094	dass	_	_
4-5	2095-2097	es	_	_
4-6	2098-2105	Risiken	_	B
4-7	2106-2110	gibt	_	_
4-8	2110-2111	:	_	_
4-9	2112-2117	Warum	_	_
4-10	2118-2124	wurden	_	_
4-11	2125-2128	die	_	B
4-12	2129-2148	Impfstoffhersteller	_	I
4-13	2149-2153	dann	_	_
4-14	2154-2166	haftungsfrei	_	_
4-15	2167-2175	gestellt	_	_
4-16	2175-2176	,	_	_
4-17	2177-2186	zumindest	_	_
4-18	2187-2200	weitestgehend	_	_
4-19	2200-2201	?	_	_
4-20	2202-2206	Nein	_	_
4-21	2206-2207	,	_	_
4-22	2208-2211	ich	_	B
4-23	2212-2218	bleibe	_	_
4-24	2219-2224	dabei	_	_
4-25	2224-2225	:	_	_
4-26	2226-2228	Es	_	_
4-27	2229-2233	gibt	_	_
4-28	2234-2241	Risiken	_	B
4-29	2241-2242	.	_	_
4-30	2243-2249	Gerade	_	B
4-31	2250-2255	junge	_	I
4-32	2256-2264	Menschen	_	I
4-33	2265-2273	schätzen	_	_
4-34	2274-2284	vielleicht	_	_
4-35	2285-2288	die	_	B
4-36	2289-2298	möglichen	_	I
4-37	2299-2311	Folgeschäden	_	I
4-38	2312-2317	etwas	_	_
4-39	2318-2324	anders	_	_
4-40	2325-2328	ein	_	_
4-41	2328-2329	.	_	_
4-42	2330-2333	Ein	_	B
4-43	2334-2345	80-Jähriger	_	I
4-44	2346-2349	mit	_	_
4-45	2350-2355	einer	_	B
4-46	2356-2375	Restlebenserwartung	_	I
4-47	2376-2379	von	_	_
4-48	2380-2384	zehn	_	B
4-49	2385-2391	Jahren	_	I
4-50	2392-2397	sieht	_	_
4-51	2398-2401	das	_	B
4-52	2402-2408	anders	_	_
4-53	2409-2412	als	_	_
4-54	2413-2416	ein	_	_
4-55	2417-2428	20-Jähriger	_	_
4-56	2428-2429	,	_	_
4-57	2430-2433	der	_	B
4-58	2434-2438	noch	_	B
4-59	2439-2441	70	_	I
4-60	2442-2447	Jahre	_	I
4-61	2448-2451	vor	_	_
4-62	2452-2456	sich	_	B
4-63	2457-2460	hat	_	_
4-64	2460-2461	.	_	_
4-65	2462-2467	Hinzu	_	_
4-66	2468-2473	kommt	_	_
4-67	2474-2477	bei	_	_
4-68	2478-2484	jungen	_	B
4-69	2485-2493	Menschen	_	I
4-70	2493-2494	:	_	_
4-71	2495-2498	Sie	_	B
4-72	2499-2504	haben	_	_
4-73	2505-2510	viele	_	B
4-74	2511-2519	Kontakte	_	I
4-75	2519-2520	.	_	_
4-76	2521-2524	Sie	_	B
4-77	2525-2530	haben	_	_
4-78	2531-2535	eine	_	B
4-79	2536-2540	hohe	_	I
4-80	2541-2559	Wahrscheinlichkeit	_	I
4-81	2559-2560	,	_	_
4-82	2561-2565	sich	_	B
4-83	2566-2568	zu	_	_
4-84	2569-2579	infizieren	_	_
4-85	2579-2580	.	_	_
4-86	2581-2584	Sie	_	B
4-87	2585-2590	haben	_	_
4-88	2591-2595	aber	_	_
4-89	2596-2600	sehr	_	_
4-90	2601-2607	häufig	_	_
4-91	2608-2612	auch	_	B
4-92	2613-2629	unsymptomatische	_	I
4-93	2630-2638	Verläufe	_	I
4-94	2638-2639	.	_	_
4-95	2640-2643	Das	_	B
4-96	2644-2649	heißt	_	_
4-97	2649-2650	,	_	_
4-98	2651-2654	bei	_	_
4-99	2655-2660	einem	_	B
4-100	2661-2667	jungen	_	I
4-101	2668-2676	Menschen	_	I
4-102	2677-2684	besteht	_	_
4-103	2685-2688	die	_	B
4-104	2689-2695	Chance	_	I
4-105	2695-2696	,	_	_
4-106	2697-2701	dass	_	_
4-107	2702-2704	er	_	B
4-108	2705-2709	sich	_	B
4-109	2709-2710	,	_	_
4-110	2711-2715	ohne	_	_
4-111	2716-2718	es	_	B
4-112	2719-2721	zu	_	_
4-113	2722-2728	merken	_	_
4-114	2728-2729	,	_	_
4-115	2730-2741	tatsächlich	_	_
4-116	2742-2747	schon	_	_
4-117	2748-2757	natürlich	_	_
4-118	2758-2769	immunisiert	_	_
4-119	2770-2773	hat	_	_
4-120	2773-2774	.	_	_
4-121	2775-2778	Das	_	_
4-122	2779-2781	in	_	_
4-123	2782-2787	Summe	_	B
4-124	2788-2789	–	_	_
4-125	2790-2793	das	_	_
4-126	2794-2800	Risiko	_	_
4-127	2800-2801	,	_	_
4-128	2802-2805	die	_	B
4-129	2806-2810	hohe	_	I
4-130	2811-2817	Chance	_	I
4-131	2817-2818	,	_	_
4-132	2819-2824	schon	_	_
4-133	2825-2834	natürlich	_	_
4-134	2835-2846	immunisiert	_	_
4-135	2847-2849	zu	_	_
4-136	2850-2854	sein	_	_
4-137	2855-2856	–	_	_
4-138	2857-2862	senkt	_	_
4-139	2863-2866	die	_	B
4-140	2867-2883	Impfbereitschaft	_	I
4-141	2884-2887	bei	_	_
4-142	2888-2894	jungen	_	B
4-143	2895-2903	Menschen	_	I
4-144	2903-2904	.	_	_

#Text=Es gibt noch einen weiteren Grund, weshalb wir mit kostenlosen Antikörpertests nicht nur diesen jungen Menschen Entscheidungshilfe liefern sollten, sondern auch unser Impfsystem insgesamt entlasten. Nehmen wir einmal an, wir können 15 Millionen Menschen dafür gewinnen, einen Test zu machen. 20 Prozent sind immunisiert, das wären 3 Millionen Menschen. Das sind 6 Millionen Impfungen. Meine Damen und Herren, 6 Millionen Impfungen hat unsere Bundesregierung in ihren Impfzentren in zwei Monaten zustande gebracht.
5-1	2928-2930	Es	_	_
5-2	2931-2935	gibt	_	_
5-3	2936-2940	noch	_	_
5-4	2941-2946	einen	_	B
5-5	2947-2955	weiteren	_	I
5-6	2956-2961	Grund	_	I
5-7	2961-2962	,	_	_
5-8	2963-2970	weshalb	_	_
5-9	2971-2974	wir	_	B
5-10	2975-2978	mit	_	_
5-11	2979-2990	kostenlosen	_	B
5-12	2991-3006	Antikörpertests	_	I
5-13	3007-3012	nicht	_	B
5-14	3013-3016	nur	_	I
5-15	3017-3023	diesen	_	I
5-16	3024-3030	jungen	_	I
5-17	3031-3039	Menschen	_	I
5-18	3040-3058	Entscheidungshilfe	_	B
5-19	3059-3066	liefern	_	_
5-20	3067-3074	sollten	_	_
5-21	3074-3075	,	_	_
5-22	3076-3083	sondern	_	_
5-23	3084-3088	auch	_	B
5-24	3089-3094	unser	_	I
5-25	3095-3105	Impfsystem	_	I
5-26	3106-3115	insgesamt	_	_
5-27	3116-3125	entlasten	_	_
5-28	3125-3126	.	_	_
5-29	3127-3133	Nehmen	_	_
5-30	3134-3137	wir	_	B
5-31	3138-3144	einmal	_	_
5-32	3145-3147	an	_	_
5-33	3147-3148	,	_	_
5-34	3149-3152	wir	_	B
5-35	3153-3159	können	_	_
5-36	3160-3162	15	_	B
5-37	3163-3172	Millionen	_	I
5-38	3173-3181	Menschen	_	I
5-39	3182-3187	dafür	_	_
5-40	3188-3196	gewinnen	_	_
5-41	3196-3197	,	_	_
5-42	3198-3203	einen	_	B
5-43	3204-3208	Test	_	I
5-44	3209-3211	zu	_	_
5-45	3212-3218	machen	_	_
5-46	3218-3219	.	_	_
5-47	3220-3222	20	_	B
5-48	3223-3230	Prozent	_	I
5-49	3231-3235	sind	_	_
5-50	3236-3247	immunisiert	_	_
5-51	3247-3248	,	_	_
5-52	3249-3252	das	_	B
5-53	3253-3258	wären	_	_
5-54	3259-3260	3	_	B
5-55	3261-3270	Millionen	_	I
5-56	3271-3279	Menschen	_	I
5-57	3279-3280	.	_	_
5-58	3281-3284	Das	_	B
5-59	3285-3289	sind	_	_
5-60	3290-3291	6	_	B
5-61	3292-3301	Millionen	_	I
5-62	3302-3311	Impfungen	_	I
5-63	3311-3312	.	_	_
5-64	3313-3318	Meine	_	B
5-65	3319-3324	Damen	_	I
5-66	3325-3328	und	_	_
5-67	3329-3335	Herren	_	B
5-68	3335-3336	,	_	_
5-69	3337-3338	6	_	B
5-70	3339-3348	Millionen	_	I
5-71	3349-3358	Impfungen	_	I
5-72	3359-3362	hat	_	_
5-73	3363-3369	unsere	_	B
5-74	3370-3385	Bundesregierung	_	I
5-75	3386-3388	in	_	_
5-76	3389-3394	ihren	_	B
5-77	3395-3406	Impfzentren	_	I
5-78	3407-3409	in	_	_
5-79	3410-3414	zwei	_	B
5-80	3415-3422	Monaten	_	I
5-81	3423-3431	zustande	_	_
5-82	3432-3440	gebracht	_	_
5-83	3440-3441	.	_	_

#Text=Jetzt kann man erwarten, dass die Schlagzahl ein bisschen erhöht wird. Aber: 6 Millionen Impfungen verschaffen uns einen Monat. Diese Regierung sagt, sie möchte so schnell wie möglich zu normalen Verhältnissen zurückkehren. Ich serviere Ihnen hier eine Lösung auf dem Silbertablett, wie wir einen Monat Zeit gewinnen. Bitte nutzen Sie diese Chance, meine Damen und Herren.
6-1	3453-3458	Jetzt	_	_
6-2	3459-3463	kann	_	_
6-3	3464-3467	man	_	B
6-4	3468-3476	erwarten	_	_
6-5	3476-3477	,	_	_
6-6	3478-3482	dass	_	_
6-7	3483-3486	die	_	B
6-8	3487-3497	Schlagzahl	_	I
6-9	3498-3501	ein	_	_
6-10	3502-3510	bisschen	_	_
6-11	3511-3517	erhöht	_	_
6-12	3518-3522	wird	_	_
6-13	3522-3523	.	_	_
6-14	3524-3528	Aber	_	_
6-15	3528-3529	:	_	_
6-16	3530-3531	6	_	B
6-17	3532-3541	Millionen	_	I
6-18	3542-3551	Impfungen	_	I
6-19	3552-3563	verschaffen	_	_
6-20	3564-3567	uns	_	B
6-21	3568-3573	einen	_	B
6-22	3574-3579	Monat	_	I
6-23	3579-3580	.	_	_
6-24	3581-3586	Diese	_	B
6-25	3587-3596	Regierung	_	I
6-26	3597-3601	sagt	_	_
6-27	3601-3602	,	_	_
6-28	3603-3606	sie	_	B
6-29	3607-3613	möchte	_	_
6-30	3614-3616	so	_	_
6-31	3617-3624	schnell	_	_
6-32	3625-3628	wie	_	_
6-33	3629-3636	möglich	_	_
6-34	3637-3639	zu	_	_
6-35	3640-3648	normalen	_	B
6-36	3649-3662	Verhältnissen	_	I
6-37	3663-3675	zurückkehren	_	_
6-38	3675-3676	.	_	_
6-39	3677-3680	Ich	_	B
6-40	3681-3689	serviere	_	_
6-41	3690-3695	Ihnen	_	B
6-42	3696-3700	hier	_	_
6-43	3701-3705	eine	_	B
6-44	3706-3712	Lösung	_	I
6-45	3713-3716	auf	_	_
6-46	3717-3720	dem	_	B
6-47	3721-3734	Silbertablett	_	I
6-48	3734-3735	,	_	_
6-49	3736-3739	wie	_	_
6-50	3740-3743	wir	_	B
6-51	3744-3749	einen	_	B
6-52	3750-3755	Monat	_	I
6-53	3756-3760	Zeit	_	I
6-54	3761-3769	gewinnen	_	_
6-55	3769-3770	.	_	_
6-56	3771-3776	Bitte	_	_
6-57	3777-3783	nutzen	_	_
6-58	3784-3787	Sie	_	B
6-59	3788-3793	diese	_	B
6-60	3794-3800	Chance	_	I
6-61	3800-3801	,	_	_
6-62	3802-3807	meine	_	B
6-63	3808-3813	Damen	_	I
6-64	3814-3817	und	_	_
6-65	3818-3824	Herren	_	B
6-66	3824-3825	.	_	_

#Text=Die AfD-Fraktion wird am Freitag einen entsprechenden Antrag auf kostenlose Antikörpertests einbringen. Bitte lassen Sie uns gemeinschaftlich daran arbeiten, dass Menschen eine Chance haben, eine bewusste Impfentscheidung zu treffen. Lassen Sie uns unnötige Impfungen vermeiden.
7-1	3836-3839	Die	_	B
7-2	3840-3852	AfD-Fraktion	_	I
7-3	3853-3857	wird	_	_
7-4	3858-3860	am	_	_
7-5	3861-3868	Freitag	_	B
7-6	3869-3874	einen	_	B
7-7	3875-3889	entsprechenden	_	I
7-8	3890-3896	Antrag	_	I
7-9	3897-3900	auf	_	_
7-10	3901-3911	kostenlose	_	B
7-11	3912-3927	Antikörpertests	_	I
7-12	3928-3938	einbringen	_	_
7-13	3938-3939	.	_	_
7-14	3940-3945	Bitte	_	_
7-15	3946-3952	lassen	_	_
7-16	3953-3956	Sie	_	B
7-17	3957-3960	uns	_	B
7-18	3961-3977	gemeinschaftlich	_	_
7-19	3978-3983	daran	_	_
7-20	3984-3992	arbeiten	_	_
7-21	3992-3993	,	_	_
7-22	3994-3998	dass	_	_
7-23	3999-4007	Menschen	_	B
7-24	4008-4012	eine	_	B
7-25	4013-4019	Chance	_	I
7-26	4020-4025	haben	_	_
7-27	4025-4026	,	_	_
7-28	4027-4031	eine	_	B
7-29	4032-4040	bewusste	_	I
7-30	4041-4057	Impfentscheidung	_	I
7-31	4058-4060	zu	_	_
7-32	4061-4068	treffen	_	_
7-33	4068-4069	.	_	_
7-34	4070-4076	Lassen	_	_
7-35	4077-4080	Sie	_	B
7-36	4081-4084	uns	_	B
7-37	4085-4093	unnötige	_	B
7-38	4094-4103	Impfungen	_	I
7-39	4104-4113	vermeiden	_	_
7-40	4113-4114	.	_	_

#Text=Ich danke Ihnen.
8-1	4120-4123	Ich	_	B
8-2	4124-4129	danke	_	_
8-3	4130-4135	Ihnen	_	B
8-4	4135-4136	.	_	_

#Text=Danke schön, Jörg Schneider. – Nächste Rednerin: für die SPD-Fraktion Martina Stamm-Fibich.
9-1	4138-4143	Danke	_	_
9-2	4144-4149	schön	_	_
9-3	4149-4150	,	_	_
9-4	4151-4155	Jörg	_	B
9-5	4156-4165	Schneider	_	I
9-6	4165-4166	.	_	_
9-7	4167-4168	–	_	B
9-8	4169-4176	Nächste	_	I
9-9	4177-4185	Rednerin	_	I
9-10	4185-4186	:	_	_
9-11	4187-4190	für	_	_
9-12	4191-4194	die	_	B
9-13	4195-4207	SPD-Fraktion	_	I
9-14	4208-4215	Martina	_	I
9-15	4216-4228	Stamm-Fibich	_	I
9-16	4228-4229	.	_	_
