#FORMAT=WebAnno TSV 3.2
#T_SP=webanno.custom.Animacy|Animated
#T_SP=webanno.custom.CustomChunk|Chunk


#Text=Sehr geehrter Herr Präsident! Sehr geehrte Frau Dr. Högl! Frau Bundesministerin! Sehr verehrte Kolleginnen und Kollegen! 45 Milliarden Euro gibt die Bundesrepublik Deutschland in diesem Jahr für Verteidigung aus. Das sind immerhin 9 Prozent des Gesamthaushaltes. Angesichts dieser enormen Summe tragen wir alle, das BMVg mit der Bundeswehr, das Bundeskabinett, der Deutsche Bundestag und hier insbesondere natürlich die Verteidigungs- und Haushaltspolitiker, eine ganz besondere Verantwortung gegenüber dem Steuerzahler, aber natürlich auch gegenüber den Angehörigen der Bundeswehr.
1-1	0-4	Sehr	_	B
1-2	5-13	geehrter	_	I
1-3	14-18	Herr	_	I
1-4	19-28	Präsident	_	I
1-5	28-29	!	_	_
1-6	30-34	Sehr	_	B
1-7	35-42	geehrte	_	I
1-8	43-47	Frau	_	I
1-9	48-51	Dr.	_	I
1-10	52-56	Högl	_	I
1-11	56-57	!	_	_
1-12	58-62	Frau	_	B
1-13	63-79	Bundesministerin	_	I
1-14	79-80	!	_	_
1-15	81-85	Sehr	_	_
1-16	86-94	verehrte	_	_
1-17	95-106	Kolleginnen	_	B
1-18	107-110	und	_	_
1-19	111-119	Kollegen	_	B
1-20	119-120	!	_	_
1-21	121-123	45	_	B
1-22	124-134	Milliarden	_	I
1-23	135-139	Euro	_	I
1-24	140-144	gibt	_	_
1-25	145-148	die	_	B
1-26	149-163	Bundesrepublik	_	I
1-27	164-175	Deutschland	_	I
1-28	176-178	in	_	_
1-29	179-185	diesem	_	B
1-30	186-190	Jahr	_	I
1-31	191-194	für	_	_
1-32	195-207	Verteidigung	_	B
1-33	208-211	aus	_	_
1-34	211-212	.	_	_
1-35	213-216	Das	_	B
1-36	217-221	sind	_	_
1-37	222-230	immerhin	_	B
1-38	231-232	9	_	I
1-39	233-240	Prozent	_	I
1-40	241-244	des	_	B
1-41	245-261	Gesamthaushaltes	_	I
1-42	261-262	.	_	_
1-43	263-273	Angesichts	_	_
1-44	274-280	dieser	_	B
1-45	281-288	enormen	_	I
1-46	289-294	Summe	_	I
1-47	295-301	tragen	_	_
1-48	302-305	wir	_	B
1-49	306-310	alle	_	B
1-50	310-311	,	_	_
1-51	312-315	das	_	B
1-52	316-320	BMVg	_	I
1-53	321-324	mit	_	_
1-54	325-328	der	_	B
1-55	329-339	Bundeswehr	_	I
1-56	339-340	,	_	_
1-57	341-344	das	_	B
1-58	345-359	Bundeskabinett	_	I
1-59	359-360	,	_	_
1-60	361-364	der	_	_
1-61	365-373	Deutsche	_	_
1-62	374-383	Bundestag	_	_
1-63	384-387	und	_	_
1-64	388-392	hier	_	_
1-65	393-405	insbesondere	_	_
1-66	406-415	natürlich	_	_
1-67	416-419	die	_	_
1-68	420-434	Verteidigungs-	_	_
1-69	435-438	und	_	_
1-70	439-457	Haushaltspolitiker	_	_
1-71	457-458	,	_	_
1-72	459-463	eine	_	_
1-73	464-468	ganz	_	_
1-74	469-478	besondere	_	_
1-75	479-492	Verantwortung	_	_
1-76	493-502	gegenüber	_	_
1-77	503-506	dem	_	B
1-78	507-519	Steuerzahler	_	I
1-79	519-520	,	_	_
1-80	521-525	aber	_	_
1-81	526-535	natürlich	_	_
1-82	536-540	auch	_	_
1-83	541-550	gegenüber	_	_
1-84	551-554	den	_	B
1-85	555-566	Angehörigen	_	I
1-86	567-570	der	_	B
1-87	571-581	Bundeswehr	_	I
1-88	581-582	.	_	_

#Text=Der Bericht der/des Wehrbeauftragten sollte aber nicht nur Mängel beschreiben, sondern auch durch die Nennung von Erfolgen die Entscheidungsträger der Bundeswehr zu weiteren Reformen ermutigen. Frau Bundesministerin hat einige dieser Erfolge schon benannt: gesetzliche Verbesserungen für die Soldatinnen und Soldaten – von der Zulagenhöhe über Trennungsgeldregelungen hin bis zu neuen PTBS-Therapieformen.
2-1	595-598	Der	_	B
2-2	599-606	Bericht	_	I
2-3	607-610	der	_	B
2-4	610-611	/	_	I
2-5	611-614	des	_	I
2-6	615-631	Wehrbeauftragten	_	I
2-7	632-638	sollte	_	_
2-8	639-643	aber	_	_
2-9	644-649	nicht	_	B
2-10	650-653	nur	_	I
2-11	654-660	Mängel	_	I
2-12	661-672	beschreiben	_	_
2-13	672-673	,	_	_
2-14	674-681	sondern	_	_
2-15	682-686	auch	_	_
2-16	687-692	durch	_	_
2-17	693-696	die	_	B
2-18	697-704	Nennung	_	I
2-19	705-708	von	_	_
2-20	709-717	Erfolgen	_	B
2-21	718-721	die	_	B
2-22	722-741	Entscheidungsträger	_	I
2-23	742-745	der	_	B
2-24	746-756	Bundeswehr	_	I
2-25	757-759	zu	_	_
2-26	760-768	weiteren	_	B
2-27	769-777	Reformen	_	I
2-28	778-787	ermutigen	_	_
2-29	787-788	.	_	_
2-30	789-793	Frau	_	B
2-31	794-810	Bundesministerin	_	B
2-32	811-814	hat	_	_
2-33	815-821	einige	_	B
2-34	822-828	dieser	_	B
2-35	829-836	Erfolge	_	I
2-36	837-842	schon	_	_
2-37	843-850	benannt	_	_
2-38	850-851	:	_	_
2-39	852-863	gesetzliche	_	B
2-40	864-878	Verbesserungen	_	I
2-41	879-882	für	_	_
2-42	883-886	die	_	B
2-43	887-898	Soldatinnen	_	I
2-44	899-902	und	_	_
2-45	903-911	Soldaten	_	B
2-46	912-913	–	_	_
2-47	914-917	von	_	_
2-48	918-921	der	_	B
2-49	922-933	Zulagenhöhe	_	I
2-50	934-938	über	_	_
2-51	939-962	Trennungsgeldregelungen	_	B
2-52	963-966	hin	_	_
2-53	967-970	bis	_	_
2-54	971-973	zu	_	_
2-55	974-979	neuen	_	B
2-56	980-999	PTBS-Therapieformen	_	I
2-57	999-1000	.	_	_

#Text=Positiv zu bewerten ist auch, dass sich nach einem langen Abwärtstrend die Zahl der Neueinstellungen von Zeitsoldaten und freiwillig Wehrdienstleistenden stabilisiert hat, wenn auch die Personalmisere damit keineswegs behoben ist. Digitalisierung kann helfen, Effektivität und Schnelligkeit zu erhöhen. Die Bundeswehr macht in diesem Bereich nicht alles, aber vieles richtig. Und schließlich dürfen wir alle stolz darauf sein, dass es nun endlich eine rechtliche Grundlage für die Militärseelsorge der circa 300 jüdischen Angehörigen der Bundeswehr gibt. Nun sollten wir uns auch darum bemühen, auch wenn es schwierig ist, dass für die 3 000 Soldatinnen und Soldaten muslimischen Glaubens eine ähnliche Regelung zustande kommt.
3-1	1007-1014	Positiv	_	_
3-2	1015-1017	zu	_	_
3-3	1018-1026	bewerten	_	_
3-4	1027-1030	ist	_	_
3-5	1031-1035	auch	_	_
3-6	1035-1036	,	_	_
3-7	1037-1041	dass	_	_
3-8	1042-1046	sich	_	B
3-9	1047-1051	nach	_	_
3-10	1052-1057	einem	_	B
3-11	1058-1064	langen	_	I
3-12	1065-1077	Abwärtstrend	_	I
3-13	1078-1081	die	_	B
3-14	1082-1086	Zahl	_	I
3-15	1087-1090	der	_	I
3-16	1091-1107	Neueinstellungen	_	I
3-17	1108-1111	von	_	I
3-18	1112-1124	Zeitsoldaten	_	I
3-19	1125-1128	und	_	I
3-20	1129-1139	freiwillig	_	I
3-21	1140-1160	Wehrdienstleistenden	_	I
3-22	1161-1173	stabilisiert	_	_
3-23	1174-1177	hat	_	_
3-24	1177-1178	,	_	_
3-25	1179-1183	wenn	_	_
3-26	1184-1188	auch	_	B
3-27	1189-1192	die	_	I
3-28	1193-1207	Personalmisere	_	I
3-29	1208-1213	damit	_	_
3-30	1214-1224	keineswegs	_	_
3-31	1225-1232	behoben	_	_
3-32	1233-1236	ist	_	_
3-33	1236-1237	.	_	_
3-34	1238-1253	Digitalisierung	_	B
3-35	1254-1258	kann	_	_
3-36	1259-1265	helfen	_	_
3-37	1265-1266	,	_	_
3-38	1267-1279	Effektivität	_	B
3-39	1280-1283	und	_	_
3-40	1284-1297	Schnelligkeit	_	B
3-41	1298-1300	zu	_	_
3-42	1301-1308	erhöhen	_	_
3-43	1308-1309	.	_	_
3-44	1310-1313	Die	_	B
3-45	1314-1324	Bundeswehr	_	I
3-46	1325-1330	macht	_	_
3-47	1331-1333	in	_	_
3-48	1334-1340	diesem	_	B
3-49	1341-1348	Bereich	_	I
3-50	1349-1354	nicht	_	B
3-51	1355-1360	alles	_	I
3-52	1360-1361	,	_	_
3-53	1362-1366	aber	_	_
3-54	1367-1373	vieles	_	B
3-55	1374-1381	richtig	_	_
3-56	1381-1382	.	_	_
3-57	1383-1386	Und	_	_
3-58	1387-1398	schließlich	_	_
3-59	1399-1405	dürfen	_	_
3-60	1406-1409	wir	_	B
3-61	1410-1414	alle	_	B
3-62	1415-1420	stolz	_	_
3-63	1421-1427	darauf	_	_
3-64	1428-1432	sein	_	_
3-65	1432-1433	,	_	_
3-66	1434-1438	dass	_	_
3-67	1439-1441	es	_	_
3-68	1442-1445	nun	_	_
3-69	1446-1453	endlich	_	_
3-70	1454-1458	eine	_	B
3-71	1459-1469	rechtliche	_	I
3-72	1470-1479	Grundlage	_	I
3-73	1480-1483	für	_	_
3-74	1484-1487	die	_	B
3-75	1488-1504	Militärseelsorge	_	I
3-76	1505-1508	der	_	B
3-77	1509-1514	circa	_	I
3-78	1515-1518	300	_	I
3-79	1519-1528	jüdischen	_	I
3-80	1529-1540	Angehörigen	_	I
3-81	1541-1544	der	_	B
3-82	1545-1555	Bundeswehr	_	I
3-83	1556-1560	gibt	_	_
3-84	1560-1561	.	_	_
3-85	1562-1565	Nun	_	_
3-86	1566-1573	sollten	_	_
3-87	1574-1577	wir	_	B
3-88	1578-1581	uns	_	B
3-89	1582-1586	auch	_	_
3-90	1587-1592	darum	_	_
3-91	1593-1600	bemühen	_	_
3-92	1600-1601	,	_	_
3-93	1602-1606	auch	_	_
3-94	1607-1611	wenn	_	_
3-95	1612-1614	es	_	B
3-96	1615-1624	schwierig	_	_
3-97	1625-1628	ist	_	_
3-98	1628-1629	,	_	_
3-99	1630-1634	dass	_	_
3-100	1635-1638	für	_	_
3-101	1639-1642	die	_	B
3-102	1643-1644	3	_	I
3-103	1644-1645	 	_	I
3-104	1645-1648	000	_	I
3-105	1649-1660	Soldatinnen	_	I
3-106	1661-1664	und	_	_
3-107	1665-1673	Soldaten	_	B
3-108	1674-1686	muslimischen	_	B
3-109	1687-1695	Glaubens	_	I
3-110	1696-1700	eine	_	B
3-111	1701-1709	ähnliche	_	I
3-112	1710-1718	Regelung	_	I
3-113	1719-1727	zustande	_	_
3-114	1728-1733	kommt	_	_
3-115	1733-1734	.	_	_

#Text=Dagegen stehen nun die vom Team Bartels benannten Missstände. Ich werde jetzt auf das Thema Rechtsextremismus nicht eingehen; dazu wird mein Kollege Dr. Felgentreu noch einige Worte verlieren. Aber genauso wichtig ist es, dass wir uns zu den anderen Fragen noch mal äußern.
4-1	1749-1756	Dagegen	_	_
4-2	1757-1763	stehen	_	_
4-3	1764-1767	nun	_	_
4-4	1768-1771	die	_	_
4-5	1772-1775	vom	_	_
4-6	1776-1780	Team	_	B
4-7	1781-1788	Bartels	_	I
4-8	1789-1798	benannten	_	_
4-9	1799-1809	Missstände	_	_
4-10	1809-1810	.	_	_
4-11	1811-1814	Ich	_	B
4-12	1815-1820	werde	_	_
4-13	1821-1826	jetzt	_	_
4-14	1827-1830	auf	_	_
4-15	1831-1834	das	_	B
4-16	1835-1840	Thema	_	I
4-17	1841-1858	Rechtsextremismus	_	I
4-18	1859-1864	nicht	_	_
4-19	1865-1873	eingehen	_	_
4-20	1873-1874	;	_	_
4-21	1875-1879	dazu	_	_
4-22	1880-1884	wird	_	_
4-23	1885-1889	mein	_	B
4-24	1890-1897	Kollege	_	I
4-25	1898-1901	Dr.	_	I
4-26	1902-1912	Felgentreu	_	B
4-27	1913-1917	noch	_	_
4-28	1918-1924	einige	_	B
4-29	1925-1930	Worte	_	I
4-30	1931-1940	verlieren	_	_
4-31	1940-1941	.	_	_
4-32	1942-1946	Aber	_	_
4-33	1947-1954	genauso	_	_
4-34	1955-1962	wichtig	_	_
4-35	1963-1966	ist	_	_
4-36	1967-1969	es	_	B
4-37	1969-1970	,	_	_
4-38	1971-1975	dass	_	_
4-39	1976-1979	wir	_	B
4-40	1980-1983	uns	_	B
4-41	1984-1986	zu	_	_
4-42	1987-1990	den	_	B
4-43	1991-1998	anderen	_	I
4-44	1999-2005	Fragen	_	I
4-45	2006-2010	noch	_	_
4-46	2011-2014	mal	_	_
4-47	2015-2021	äußern	_	_
4-48	2021-2022	.	_	_

#Text=Es ist einfach nicht akzeptabel, wenn der Deutsche Bundestag zwischen 2014 und 2019 einerseits einem Aufwuchs des Einzelplans 14 von 32 auf 45 Milliarden Euro zugestimmt hat, die Einsatzbereitschaft aber andererseits nicht nennenswert gesteigert werden konnte. Und dieser Missstand trägt nicht gerade dazu bei, die Bundeswehr für junge motivierte Menschen attraktiv zu machen.
5-1	2028-2030	Es	_	B
5-2	2031-2034	ist	_	_
5-3	2035-2042	einfach	_	_
5-4	2043-2048	nicht	_	_
5-5	2049-2059	akzeptabel	_	_
5-6	2059-2060	,	_	_
5-7	2061-2065	wenn	_	_
5-8	2066-2069	der	_	B
5-9	2070-2078	Deutsche	_	I
5-10	2079-2088	Bundestag	_	I
5-11	2089-2097	zwischen	_	_
5-12	2098-2102	2014	_	_
5-13	2103-2106	und	_	_
5-14	2107-2111	2019	_	_
5-15	2112-2122	einerseits	_	B
5-16	2123-2128	einem	_	I
5-17	2129-2137	Aufwuchs	_	I
5-18	2138-2141	des	_	B
5-19	2142-2153	Einzelplans	_	I
5-20	2154-2156	14	_	_
5-21	2157-2160	von	_	_
5-22	2161-2163	32	_	_
5-23	2164-2167	auf	_	_
5-24	2168-2170	45	_	B
5-25	2171-2181	Milliarden	_	I
5-26	2182-2186	Euro	_	I
5-27	2187-2197	zugestimmt	_	_
5-28	2198-2201	hat	_	_
5-29	2201-2202	,	_	_
5-30	2203-2206	die	_	B
5-31	2207-2226	Einsatzbereitschaft	_	I
5-32	2227-2231	aber	_	_
5-33	2232-2244	andererseits	_	_
5-34	2245-2250	nicht	_	_
5-35	2251-2262	nennenswert	_	_
5-36	2263-2273	gesteigert	_	_
5-37	2274-2280	werden	_	_
5-38	2281-2287	konnte	_	_
5-39	2287-2288	.	_	_
5-40	2289-2292	Und	_	_
5-41	2293-2299	dieser	_	B
5-42	2300-2309	Missstand	_	I
5-43	2310-2315	trägt	_	_
5-44	2316-2321	nicht	_	_
5-45	2322-2328	gerade	_	_
5-46	2329-2333	dazu	_	_
5-47	2334-2337	bei	_	_
5-48	2337-2338	,	_	_
5-49	2339-2342	die	_	B
5-50	2343-2353	Bundeswehr	_	I
5-51	2354-2357	für	_	_
5-52	2358-2363	junge	_	B
5-53	2364-2374	motivierte	_	I
5-54	2375-2383	Menschen	_	I
5-55	2384-2393	attraktiv	_	_
5-56	2394-2396	zu	_	_
5-57	2397-2403	machen	_	_
5-58	2403-2404	.	_	_

#Text=Ich bin auch ein Stückchen müde: Jahr für Jahr wird der Bericht des Wehrbeauftragten so kommentiert, aber die Einkaufspraxis ändert sich nicht, und man kann am Ende diese Misere nur noch sarkastisch kommentieren.
6-1	2410-2413	Ich	_	B
6-2	2414-2417	bin	_	_
6-3	2418-2422	auch	_	B
6-4	2423-2426	ein	_	I
6-5	2427-2436	Stückchen	_	I
6-6	2437-2441	müde	_	_
6-7	2441-2442	:	_	_
6-8	2443-2447	Jahr	_	B
6-9	2448-2451	für	_	_
6-10	2452-2456	Jahr	_	B
6-11	2457-2461	wird	_	_
6-12	2462-2465	der	_	B
6-13	2466-2473	Bericht	_	I
6-14	2474-2477	des	_	B
6-15	2478-2494	Wehrbeauftragten	_	I
6-16	2495-2497	so	_	_
6-17	2498-2509	kommentiert	_	_
6-18	2509-2510	,	_	_
6-19	2511-2515	aber	_	_
6-20	2516-2519	die	_	B
6-21	2520-2534	Einkaufspraxis	_	I
6-22	2535-2541	ändert	_	_
6-23	2542-2546	sich	_	B
6-24	2547-2552	nicht	_	_
6-25	2552-2553	,	_	_
6-26	2554-2557	und	_	_
6-27	2558-2561	man	_	B
6-28	2562-2566	kann	_	_
6-29	2567-2569	am	_	_
6-30	2570-2574	Ende	_	B
6-31	2575-2580	diese	_	B
6-32	2581-2587	Misere	_	I
6-33	2588-2591	nur	_	_
6-34	2592-2596	noch	_	_
6-35	2597-2608	sarkastisch	_	_
6-36	2609-2621	kommentieren	_	_
6-37	2621-2622	.	_	_

#Text=Die Bundeswehr leistet in der Coronakrise zivil hervorragende Hilfe. Nun könnte man ja auf die Idee kommen, Pakete von Amazon und Co per Luftfracht mit der Bundeswehr zuzustellen, um die am Limit arbeitende Logistikbranche zu unterstützen. Kunden, deren Paket mit dem Transportflugzeug A400M zugestellt würde, müssten sich dann allerdings auf eine Lieferzeit von 148 Monaten einstellen. Da wären all jene Onlineshopper im Vorteil, die auf eine Zustellung mit dem Transporthubschrauber NH90 gesetzt haben. Sie erhielten ihre Expressbestellung schon nach 134 Monaten. Das sind nämlich die gegenwärtigen Verspätungen beim vollständigen Einsatz der genannten Fluggeräte. Auch der Schützenpanzer Puma und der Kampfhubschrauber Tiger sind derzeit keine gefährlichen Raubtiere, allenfalls kränkelnde Hauskatzen.
7-1	2627-2630	Die	_	B
7-2	2631-2641	Bundeswehr	_	I
7-3	2642-2649	leistet	_	_
7-4	2650-2652	in	_	_
7-5	2653-2656	der	_	B
7-6	2657-2668	Coronakrise	_	I
7-7	2669-2674	zivil	_	B
7-8	2675-2688	hervorragende	_	I
7-9	2689-2694	Hilfe	_	I
7-10	2694-2695	.	_	_
7-11	2696-2699	Nun	_	_
7-12	2700-2706	könnte	_	_
7-13	2707-2710	man	_	B
7-14	2711-2713	ja	_	_
7-15	2714-2717	auf	_	_
7-16	2718-2721	die	_	B
7-17	2722-2726	Idee	_	I
7-18	2727-2733	kommen	_	_
7-19	2733-2734	,	_	_
7-20	2735-2741	Pakete	_	B
7-21	2742-2745	von	_	_
7-22	2746-2752	Amazon	_	B
7-23	2753-2756	und	_	_
7-24	2757-2759	Co	_	B
7-25	2760-2763	per	_	_
7-26	2764-2774	Luftfracht	_	B
7-27	2775-2778	mit	_	_
7-28	2779-2782	der	_	B
7-29	2783-2793	Bundeswehr	_	I
7-30	2794-2805	zuzustellen	_	_
7-31	2805-2806	,	_	_
7-32	2807-2809	um	_	_
7-33	2810-2813	die	_	_
7-34	2814-2816	am	_	_
7-35	2817-2822	Limit	_	B
7-36	2823-2833	arbeitende	_	_
7-37	2834-2849	Logistikbranche	_	_
7-38	2850-2852	zu	_	_
7-39	2853-2865	unterstützen	_	_
7-40	2865-2866	.	_	_
7-41	2867-2873	Kunden	_	B
7-42	2873-2874	,	_	_
7-43	2875-2880	deren	_	B
7-44	2881-2886	Paket	_	I
7-45	2887-2890	mit	_	_
7-46	2891-2894	dem	_	B
7-47	2895-2912	Transportflugzeug	_	I
7-48	2913-2917	A400	_	I
7-49	2917-2918	M	_	I
7-50	2919-2929	zugestellt	_	_
7-51	2930-2935	würde	_	_
7-52	2935-2936	,	_	_
7-53	2937-2944	müssten	_	_
7-54	2945-2949	sich	_	B
7-55	2950-2954	dann	_	_
7-56	2955-2965	allerdings	_	_
7-57	2966-2969	auf	_	_
7-58	2970-2974	eine	_	B
7-59	2975-2985	Lieferzeit	_	I
7-60	2986-2989	von	_	_
7-61	2990-2993	148	_	B
7-62	2994-3001	Monaten	_	I
7-63	3002-3012	einstellen	_	_
7-64	3012-3013	.	_	_
7-65	3014-3016	Da	_	_
7-66	3017-3022	wären	_	_
7-67	3023-3026	all	_	B
7-68	3027-3031	jene	_	I
7-69	3032-3045	Onlineshopper	_	I
7-70	3046-3048	im	_	_
7-71	3049-3056	Vorteil	_	B
7-72	3056-3057	,	_	_
7-73	3058-3061	die	_	B
7-74	3062-3065	auf	_	_
7-75	3066-3070	eine	_	B
7-76	3071-3081	Zustellung	_	I
7-77	3082-3085	mit	_	_
7-78	3086-3089	dem	_	B
7-79	3090-3111	Transporthubschrauber	_	I
7-80	3112-3116	NH90	_	I
7-81	3117-3124	gesetzt	_	_
7-82	3125-3130	haben	_	_
7-83	3130-3131	.	_	_
7-84	3132-3135	Sie	_	B
7-85	3136-3145	erhielten	_	_
7-86	3146-3150	ihre	_	B
7-87	3151-3168	Expressbestellung	_	I
7-88	3169-3174	schon	_	_
7-89	3175-3179	nach	_	_
7-90	3180-3183	134	_	B
7-91	3184-3191	Monaten	_	I
7-92	3191-3192	.	_	_
7-93	3193-3196	Das	_	B
7-94	3197-3201	sind	_	_
7-95	3202-3209	nämlich	_	_
7-96	3210-3213	die	_	B
7-97	3214-3227	gegenwärtigen	_	I
7-98	3228-3240	Verspätungen	_	I
7-99	3241-3245	beim	_	_
7-100	3246-3259	vollständigen	_	B
7-101	3260-3267	Einsatz	_	I
7-102	3268-3271	der	_	B
7-103	3272-3281	genannten	_	I
7-104	3282-3292	Fluggeräte	_	I
7-105	3292-3293	.	_	_
7-106	3294-3298	Auch	_	B
7-107	3299-3302	der	_	I
7-108	3303-3317	Schützenpanzer	_	I
7-109	3318-3322	Puma	_	I
7-110	3323-3326	und	_	_
7-111	3327-3330	der	_	B
7-112	3331-3348	Kampfhubschrauber	_	I
7-113	3349-3354	Tiger	_	I
7-114	3355-3359	sind	_	_
7-115	3360-3367	derzeit	_	_
7-116	3368-3373	keine	_	B
7-117	3374-3386	gefährlichen	_	I
7-118	3387-3396	Raubtiere	_	I
7-119	3396-3397	,	_	_
7-120	3398-3408	allenfalls	_	B
7-121	3409-3419	kränkelnde	_	I
7-122	3420-3430	Hauskatzen	_	I
7-123	3430-3431	.	_	_

#Text=Der für die Gesundheit der Soldaten zuständige Sanitätsdienst befindet sich aufgrund massiver Materialdefizite selbst im Krankenstand.
8-1	3446-3449	Der	_	_
8-2	3450-3453	für	_	_
8-3	3454-3457	die	_	B
8-4	3458-3468	Gesundheit	_	I
8-5	3469-3472	der	_	B
8-6	3473-3481	Soldaten	_	I
8-7	3482-3492	zuständige	_	_
8-8	3493-3507	Sanitätsdienst	_	_
8-9	3508-3516	befindet	_	_
8-10	3517-3521	sich	_	B
8-11	3522-3530	aufgrund	_	_
8-12	3531-3539	massiver	_	B
8-13	3540-3556	Materialdefizite	_	I
8-14	3557-3563	selbst	_	_
8-15	3564-3566	im	_	_
8-16	3567-3579	Krankenstand	_	B
8-17	3579-3580	.	_	_

#Text=Und im Fall des seit acht Jahren undichten Tauchzentrums im Marinestützpunkt Eckernförde scheinen die Verantwortlichen abgetaucht zu sein.
9-1	3582-3585	Und	_	_
9-2	3586-3588	im	_	_
9-3	3589-3593	Fall	_	B
9-4	3594-3597	des	_	_
9-5	3598-3602	seit	_	_
9-6	3603-3607	acht	_	B
9-7	3608-3614	Jahren	_	I
9-8	3615-3624	undichten	_	_
9-9	3625-3638	Tauchzentrums	_	_
9-10	3639-3641	im	_	_
9-11	3642-3658	Marinestützpunkt	_	B
9-12	3659-3670	Eckernförde	_	I
9-13	3671-3679	scheinen	_	_
9-14	3680-3683	die	_	B
9-15	3684-3700	Verantwortlichen	_	I
9-16	3701-3711	abgetaucht	_	_
9-17	3712-3714	zu	_	_
9-18	3715-3719	sein	_	_
9-19	3719-3720	.	_	_

#Text=Wenn man in wolkenfreien Nächten in den Winterhimmel schaut, wird man ohne Mühe das Sternbild des Orion erblicken. Nach dem P-3C Seefernaufklärer Orion wird man jedoch vergeblich Ausschau halten. Technische Risiken können nicht abgestellt werden, sodass wir in Zukunft am Nachthimmel anstelle des Orion nur ein schwarzes Loch – im militärischen Terminus: eine Fähigkeitslücke – erblicken werden.
10-1	3722-3726	Wenn	_	_
10-2	3727-3730	man	_	B
10-3	3731-3733	in	_	_
10-4	3734-3746	wolkenfreien	_	B
10-5	3747-3754	Nächten	_	I
10-6	3755-3757	in	_	_
10-7	3758-3761	den	_	B
10-8	3762-3774	Winterhimmel	_	I
10-9	3775-3781	schaut	_	_
10-10	3781-3782	,	_	_
10-11	3783-3787	wird	_	_
10-12	3788-3791	man	_	B
10-13	3792-3796	ohne	_	_
10-14	3797-3801	Mühe	_	B
10-15	3802-3805	das	_	B
10-16	3806-3815	Sternbild	_	I
10-17	3816-3819	des	_	B
10-18	3820-3825	Orion	_	I
10-19	3826-3835	erblicken	_	_
10-20	3835-3836	.	_	_
10-21	3837-3841	Nach	_	_
10-22	3842-3845	dem	_	B
10-23	3846-3850	P-3C	_	I
10-24	3851-3867	Seefernaufklärer	_	I
10-25	3868-3873	Orion	_	I
10-26	3874-3878	wird	_	_
10-27	3879-3882	man	_	B
10-28	3883-3889	jedoch	_	_
10-29	3890-3900	vergeblich	_	_
10-30	3901-3909	Ausschau	_	B
10-31	3910-3916	halten	_	_
10-32	3916-3917	.	_	_
10-33	3918-3928	Technische	_	B
10-34	3929-3936	Risiken	_	I
10-35	3937-3943	können	_	_
10-36	3944-3949	nicht	_	_
10-37	3950-3960	abgestellt	_	_
10-38	3961-3967	werden	_	_
10-39	3967-3968	,	_	_
10-40	3969-3975	sodass	_	_
10-41	3976-3979	wir	_	B
10-42	3980-3982	in	_	_
10-43	3983-3990	Zukunft	_	B
10-44	3991-3993	am	_	_
10-45	3994-4005	Nachthimmel	_	B
10-46	4006-4014	anstelle	_	_
10-47	4015-4018	des	_	B
10-48	4019-4024	Orion	_	I
10-49	4025-4028	nur	_	_
10-50	4029-4032	ein	_	_
10-51	4033-4042	schwarzes	_	_
10-52	4043-4047	Loch	_	_
10-53	4048-4049	–	_	_
10-54	4050-4052	im	_	_
10-55	4053-4066	militärischen	_	B
10-56	4067-4075	Terminus	_	I
10-57	4075-4076	:	_	_
10-58	4077-4081	eine	_	B
10-59	4082-4097	Fähigkeitslücke	_	I
10-60	4098-4099	–	_	_
10-61	4100-4109	erblicken	_	_
10-62	4110-4116	werden	_	_
10-63	4116-4117	.	_	_

#Text=Hoffnungen gibt es für die Fregatten vom Typ F125, von denen immerhin zwei inzwischen in den Dienst übernommen wurden. Allerdings hinkt das Projekt auch hier stattliche 64 Monate hinter der Ursprungsplanung hinterher.
11-1	4124-4134	Hoffnungen	_	B
11-2	4135-4139	gibt	_	_
11-3	4140-4142	es	_	_
11-4	4143-4146	für	_	_
11-5	4147-4150	die	_	B
11-6	4151-4160	Fregatten	_	I
11-7	4161-4164	vom	_	_
11-8	4165-4168	Typ	_	B
11-9	4169-4173	F125	_	I
11-10	4173-4174	,	_	_
11-11	4175-4178	von	_	_
11-12	4179-4184	denen	_	B
11-13	4185-4193	immerhin	_	_
11-14	4194-4198	zwei	_	_
11-15	4199-4209	inzwischen	_	_
11-16	4210-4212	in	_	_
11-17	4213-4216	den	_	B
11-18	4217-4223	Dienst	_	I
11-19	4224-4234	übernommen	_	_
11-20	4235-4241	wurden	_	_
11-21	4241-4242	.	_	_
11-22	4243-4253	Allerdings	_	_
11-23	4254-4259	hinkt	_	_
11-24	4260-4263	das	_	B
11-25	4264-4271	Projekt	_	I
11-26	4272-4276	auch	_	_
11-27	4277-4281	hier	_	_
11-28	4282-4292	stattliche	_	B
11-29	4293-4295	64	_	I
11-30	4296-4302	Monate	_	I
11-31	4303-4309	hinter	_	_
11-32	4310-4313	der	_	B
11-33	4314-4330	Ursprungsplanung	_	I
11-34	4331-4340	hinterher	_	_
11-35	4340-4341	.	_	_

#Text=Die Misere des Beschaffungswesens unserer Streitkräfte ist leider nicht nur Gegenstand parlamentarischer Debatten, sondern hat schon lange die deutsche Öffentlichkeit erreicht. So wird gefrotzelt, dass die kurzzeitig diskutierte Anschaffung eines europäischen Flugzeugträgers unrealistisch sei, weil ja ein solches Waffensystem nur eine Kombination der „Gorch Fock“ und des neuen Berliner Flughafens sei.
12-1	4345-4348	Die	_	B
12-2	4349-4355	Misere	_	I
12-3	4356-4359	des	_	B
12-4	4360-4378	Beschaffungswesens	_	I
12-5	4379-4386	unserer	_	B
12-6	4387-4399	Streitkräfte	_	I
12-7	4400-4403	ist	_	_
12-8	4404-4410	leider	_	_
12-9	4411-4416	nicht	_	B
12-10	4417-4420	nur	_	I
12-11	4421-4431	Gegenstand	_	I
12-12	4432-4449	parlamentarischer	_	B
12-13	4450-4458	Debatten	_	I
12-14	4458-4459	,	_	_
12-15	4460-4467	sondern	_	_
12-16	4468-4471	hat	_	_
12-17	4472-4477	schon	_	_
12-18	4478-4483	lange	_	_
12-19	4484-4487	die	_	B
12-20	4488-4496	deutsche	_	I
12-21	4497-4511	Öffentlichkeit	_	I
12-22	4512-4520	erreicht	_	_
12-23	4520-4521	.	_	_
12-24	4522-4524	So	_	_
12-25	4525-4529	wird	_	_
12-26	4530-4540	gefrotzelt	_	_
12-27	4540-4541	,	_	_
12-28	4542-4546	dass	_	_
12-29	4547-4550	die	_	B
12-30	4551-4561	kurzzeitig	_	I
12-31	4562-4573	diskutierte	_	I
12-32	4574-4585	Anschaffung	_	I
12-33	4586-4591	eines	_	B
12-34	4592-4604	europäischen	_	I
12-35	4605-4620	Flugzeugträgers	_	I
12-36	4621-4634	unrealistisch	_	_
12-37	4635-4638	sei	_	_
12-38	4638-4639	,	_	_
12-39	4640-4644	weil	_	_
12-40	4645-4647	ja	_	_
12-41	4648-4651	ein	_	B
12-42	4652-4659	solches	_	I
12-43	4660-4672	Waffensystem	_	I
12-44	4673-4676	nur	_	B
12-45	4677-4681	eine	_	I
12-46	4682-4693	Kombination	_	I
12-47	4694-4697	der	_	B
12-48	4698-4699	„	_	I
12-49	4699-4704	Gorch	_	I
12-50	4705-4709	Fock	_	I
12-51	4709-4710	“	_	_
12-52	4711-4714	und	_	_
12-53	4715-4718	des	_	B
12-54	4719-4724	neuen	_	I
12-55	4725-4733	Berliner	_	I
12-56	4734-4744	Flughafens	_	I
12-57	4745-4748	sei	_	_
12-58	4748-4749	.	_	_

#Text=Genug der Satire! Wir alle können kein Interesse daran haben, wenn Steuermittel nicht effektiv eingesetzt werden und das Ansehen der Bundeswehr beschädigt wird. Ich habe durchaus Verständnis für die Besonderheiten bei der Materialbeschaffung des BMVg. Aber der Bundestag erwartet ein professionelles Vertragsmanagement mit definierten Leistungsmerkmalen, vorausschauender Ersatzteilbeschaffung, das auch Entschädigungen durchsetzen kann. Ich wünsche unserer Verteidigungsministerin Erfolg mit ihrer Initiative Einsatzbereitschaft und hoffe nur, dass im BMVg der Schwanz nicht mit dem Hund wedelt.
13-1	4757-4762	Genug	_	B
13-2	4763-4766	der	_	B
13-3	4767-4773	Satire	_	I
13-4	4773-4774	!	_	_
13-5	4775-4778	Wir	_	B
13-6	4779-4783	alle	_	B
13-7	4784-4790	können	_	_
13-8	4791-4795	kein	_	B
13-9	4796-4805	Interesse	_	I
13-10	4806-4811	daran	_	_
13-11	4812-4817	haben	_	_
13-12	4817-4818	,	_	_
13-13	4819-4823	wenn	_	_
13-14	4824-4836	Steuermittel	_	B
13-15	4837-4842	nicht	_	_
13-16	4843-4851	effektiv	_	_
13-17	4852-4862	eingesetzt	_	_
13-18	4863-4869	werden	_	_
13-19	4870-4873	und	_	_
13-20	4874-4877	das	_	B
13-21	4878-4885	Ansehen	_	I
13-22	4886-4889	der	_	B
13-23	4890-4900	Bundeswehr	_	I
13-24	4901-4911	beschädigt	_	_
13-25	4912-4916	wird	_	_
13-26	4916-4917	.	_	_
13-27	4918-4921	Ich	_	B
13-28	4922-4926	habe	_	_
13-29	4927-4935	durchaus	_	_
13-30	4936-4947	Verständnis	_	B
13-31	4948-4951	für	_	_
13-32	4952-4955	die	_	B
13-33	4956-4970	Besonderheiten	_	I
13-34	4971-4974	bei	_	_
13-35	4975-4978	der	_	B
13-36	4979-4998	Materialbeschaffung	_	I
13-37	4999-5002	des	_	B
13-38	5003-5007	BMVg	_	I
13-39	5007-5008	.	_	_
13-40	5009-5013	Aber	_	_
13-41	5014-5017	der	_	B
13-42	5018-5027	Bundestag	_	I
13-43	5028-5036	erwartet	_	_
13-44	5037-5040	ein	_	B
13-45	5041-5056	professionelles	_	I
13-46	5057-5075	Vertragsmanagement	_	I
13-47	5076-5079	mit	_	_
13-48	5080-5091	definierten	_	B
13-49	5092-5110	Leistungsmerkmalen	_	I
13-50	5110-5111	,	_	_
13-51	5112-5128	vorausschauender	_	B
13-52	5129-5150	Ersatzteilbeschaffung	_	I
13-53	5150-5151	,	_	_
13-54	5152-5155	das	_	B
13-55	5156-5160	auch	_	B
13-56	5161-5176	Entschädigungen	_	I
13-57	5177-5188	durchsetzen	_	_
13-58	5189-5193	kann	_	_
13-59	5193-5194	.	_	_
13-60	5195-5198	Ich	_	B
13-61	5199-5206	wünsche	_	_
13-62	5207-5214	unserer	_	B
13-63	5215-5238	Verteidigungsministerin	_	I
13-64	5239-5245	Erfolg	_	B
13-65	5246-5249	mit	_	_
13-66	5250-5255	ihrer	_	B
13-67	5256-5266	Initiative	_	I
13-68	5267-5286	Einsatzbereitschaft	_	I
13-69	5287-5290	und	_	_
13-70	5291-5296	hoffe	_	_
13-71	5297-5300	nur	_	_
13-72	5300-5301	,	_	_
13-73	5302-5306	dass	_	_
13-74	5307-5309	im	_	_
13-75	5310-5314	BMVg	_	B
13-76	5315-5318	der	_	B
13-77	5319-5326	Schwanz	_	I
13-78	5327-5332	nicht	_	_
13-79	5333-5336	mit	_	_
13-80	5337-5340	dem	_	B
13-81	5341-5345	Hund	_	I
13-82	5346-5352	wedelt	_	_
13-83	5352-5353	.	_	_

#Text=Die zahlreichen Kritikpunkte im Bericht des Wehrbeauftragten 2019 haben alle etwas mit der Übernahme von mehr Verantwortung zu tun. So bedürfen viele Entscheidungen der Zustimmung parallel arbeitender Strukturen. Offensichtlich hat hier der Workshop „Innere Führung Heute“ noch wenig verändert. Entscheidungen können aber auch beschleunigt werden, wenn die Verantwortung nach dem Subsidiaritätsprinzip von oben nach unten abgegeben wird. Viele der langen Prüf- und Genehmigungsverfahren sind schlicht entbehrlich. Wir sollten wieder zurückkehren zur klassischen Auftragstaktik.
14-1	5363-5366	Die	_	B
14-2	5367-5378	zahlreichen	_	I
14-3	5379-5391	Kritikpunkte	_	I
14-4	5392-5394	im	_	_
14-5	5395-5402	Bericht	_	B
14-6	5403-5406	des	_	B
14-7	5407-5423	Wehrbeauftragten	_	I
14-8	5424-5428	2019	_	_
14-9	5429-5434	haben	_	_
14-10	5435-5439	alle	_	B
14-11	5440-5445	etwas	_	_
14-12	5446-5449	mit	_	_
14-13	5450-5453	der	_	B
14-14	5454-5463	Übernahme	_	I
14-15	5464-5467	von	_	_
14-16	5468-5472	mehr	_	B
14-17	5473-5486	Verantwortung	_	I
14-18	5487-5489	zu	_	_
14-19	5490-5493	tun	_	_
14-20	5493-5494	.	_	_
14-21	5495-5497	So	_	_
14-22	5498-5506	bedürfen	_	_
14-23	5507-5512	viele	_	B
14-24	5513-5527	Entscheidungen	_	I
14-25	5528-5531	der	_	B
14-26	5532-5542	Zustimmung	_	I
14-27	5543-5551	parallel	_	_
14-28	5552-5563	arbeitender	_	B
14-29	5564-5574	Strukturen	_	I
14-30	5574-5575	.	_	_
14-31	5576-5590	Offensichtlich	_	_
14-32	5591-5594	hat	_	_
14-33	5595-5599	hier	_	_
14-34	5600-5603	der	_	B
14-35	5604-5612	Workshop	_	I
14-36	5613-5614	„	_	I
14-37	5614-5620	Innere	_	I
14-38	5621-5628	Führung	_	I
14-39	5629-5634	Heute	_	_
14-40	5634-5635	“	_	_
14-41	5636-5640	noch	_	B
14-42	5641-5646	wenig	_	I
14-43	5647-5656	verändert	_	_
14-44	5656-5657	.	_	_
14-45	5658-5672	Entscheidungen	_	B
14-46	5673-5679	können	_	_
14-47	5680-5684	aber	_	_
14-48	5685-5689	auch	_	_
14-49	5690-5702	beschleunigt	_	_
14-50	5703-5709	werden	_	_
14-51	5709-5710	,	_	_
14-52	5711-5715	wenn	_	_
14-53	5716-5719	die	_	B
14-54	5720-5733	Verantwortung	_	I
14-55	5734-5738	nach	_	_
14-56	5739-5742	dem	_	B
14-57	5743-5764	Subsidiaritätsprinzip	_	I
14-58	5765-5768	von	_	_
14-59	5769-5773	oben	_	_
14-60	5774-5778	nach	_	_
14-61	5779-5784	unten	_	_
14-62	5785-5794	abgegeben	_	_
14-63	5795-5799	wird	_	_
14-64	5799-5800	.	_	_
14-65	5801-5806	Viele	_	B
14-66	5807-5810	der	_	B
14-67	5811-5817	langen	_	I
14-68	5818-5823	Prüf-	_	I
14-69	5824-5827	und	_	I
14-70	5828-5849	Genehmigungsverfahren	_	I
14-71	5850-5854	sind	_	_
14-72	5855-5863	schlicht	_	_
14-73	5864-5875	entbehrlich	_	_
14-74	5875-5876	.	_	_
14-75	5877-5880	Wir	_	B
14-76	5881-5888	sollten	_	_
14-77	5889-5895	wieder	_	_
14-78	5896-5908	zurückkehren	_	_
14-79	5909-5912	zur	_	_
14-80	5913-5924	klassischen	_	B
14-81	5925-5939	Auftragstaktik	_	I
14-82	5939-5940	.	_	_

#Text=Was steht eigentlich der Einführung des von Hans-Peter Bartels vorgeschlagenen Ikea-Prinzips entgegen? Warum muss jeder Rucksack, jedes Handschuhpaar erst in funktionalen Fähigkeitsanforderungen definiert, vergeben, getestet, zertifiziert und über Jahre hinweg in der Bundeswehr eingeführt werden? Und weshalb sollte ein Küchenmeister nicht mehr Verantwortung übernehmen können? Wieso soll sein Verpflegungsplan nur 10 Prozent von der zentral gesteuerten Vorgabe abweichen? Mit einer Liberalisierung könnte er zum Beispiel mehr auf regionale Produkte zurückgreifen.
15-1	5950-5953	Was	_	B
15-2	5954-5959	steht	_	_
15-3	5960-5970	eigentlich	_	_
15-4	5971-5974	der	_	B
15-5	5975-5985	Einführung	_	I
15-6	5986-5989	des	_	_
15-7	5990-5993	von	_	_
15-8	5994-6004	Hans-Peter	_	B
15-9	6005-6012	Bartels	_	I
15-10	6013-6028	vorgeschlagenen	_	_
15-11	6029-6042	Ikea-Prinzips	_	_
15-12	6043-6051	entgegen	_	_
15-13	6051-6052	?	_	_
15-14	6053-6058	Warum	_	_
15-15	6059-6063	muss	_	_
15-16	6064-6069	jeder	_	B
15-17	6070-6078	Rucksack	_	I
15-18	6078-6079	,	_	_
15-19	6080-6085	jedes	_	B
15-20	6086-6099	Handschuhpaar	_	I
15-21	6100-6104	erst	_	_
15-22	6105-6107	in	_	_
15-23	6108-6120	funktionalen	_	B
15-24	6121-6144	Fähigkeitsanforderungen	_	I
15-25	6145-6154	definiert	_	_
15-26	6154-6155	,	_	_
15-27	6156-6164	vergeben	_	_
15-28	6164-6165	,	_	_
15-29	6166-6174	getestet	_	_
15-30	6174-6175	,	_	_
15-31	6176-6188	zertifiziert	_	_
15-32	6189-6192	und	_	_
15-33	6193-6197	über	_	_
15-34	6198-6203	Jahre	_	B
15-35	6204-6210	hinweg	_	_
15-36	6211-6213	in	_	_
15-37	6214-6217	der	_	B
15-38	6218-6228	Bundeswehr	_	I
15-39	6229-6239	eingeführt	_	_
15-40	6240-6246	werden	_	_
15-41	6246-6247	?	_	_
15-42	6248-6251	Und	_	_
15-43	6252-6259	weshalb	_	_
15-44	6260-6266	sollte	_	_
15-45	6267-6270	ein	_	B
15-46	6271-6284	Küchenmeister	_	I
15-47	6285-6290	nicht	_	_
15-48	6291-6295	mehr	_	B
15-49	6296-6309	Verantwortung	_	I
15-50	6310-6320	übernehmen	_	_
15-51	6321-6327	können	_	_
15-52	6327-6328	?	_	_
15-53	6329-6334	Wieso	_	_
15-54	6335-6339	soll	_	_
15-55	6340-6344	sein	_	B
15-56	6345-6361	Verpflegungsplan	_	I
15-57	6362-6365	nur	_	B
15-58	6366-6368	10	_	I
15-59	6369-6376	Prozent	_	I
15-60	6377-6380	von	_	_
15-61	6381-6384	der	_	B
15-62	6385-6392	zentral	_	I
15-63	6393-6404	gesteuerten	_	I
15-64	6405-6412	Vorgabe	_	I
15-65	6413-6422	abweichen	_	_
15-66	6422-6423	?	_	_
15-67	6424-6427	Mit	_	_
15-68	6428-6433	einer	_	B
15-69	6434-6449	Liberalisierung	_	I
15-70	6450-6456	könnte	_	_
15-71	6457-6459	er	_	B
15-72	6460-6463	zum	_	_
15-73	6464-6472	Beispiel	_	B
15-74	6473-6477	mehr	_	_
15-75	6478-6481	auf	_	_
15-76	6482-6491	regionale	_	B
15-77	6492-6500	Produkte	_	I
15-78	6501-6514	zurückgreifen	_	_
15-79	6514-6515	.	_	_

#Text=Nun noch einige Bemerkungen zur Situation der Soldatinnen und Soldaten im engeren Sinn. Die Belastung der Bundeswehr wächst ständig weiter. Ende 2019 waren 17 500 Soldatinnen und Soldaten in Auslandseinsätzen gebunden. Die tendenzielle Verlängerung der Stehzeiten von vier auf sechs Monate führt nicht nur zu einem Rückgang von Freiwilligenbewerbungen, sondern auch zu gesundheitlichen und sozialen Folgeerscheinungen. Eine Einsatzdauer von vier Monaten sollte daher also wieder unser Standard sein, wobei hierbei in Verständigung mit den eingesetzten Soldatinnen und Soldaten auch flexible Lösungen denkbar sind.
16-1	6525-6528	Nun	_	B
16-2	6529-6533	noch	_	I
16-3	6534-6540	einige	_	I
16-4	6541-6552	Bemerkungen	_	I
16-5	6553-6556	zur	_	_
16-6	6557-6566	Situation	_	B
16-7	6567-6570	der	_	B
16-8	6571-6582	Soldatinnen	_	I
16-9	6583-6586	und	_	_
16-10	6587-6595	Soldaten	_	B
16-11	6596-6598	im	_	_
16-12	6599-6606	engeren	_	B
16-13	6607-6611	Sinn	_	I
16-14	6611-6612	.	_	_
16-15	6613-6616	Die	_	B
16-16	6617-6626	Belastung	_	I
16-17	6627-6630	der	_	B
16-18	6631-6641	Bundeswehr	_	I
16-19	6642-6648	wächst	_	_
16-20	6649-6656	ständig	_	_
16-21	6657-6663	weiter	_	_
16-22	6663-6664	.	_	_
16-23	6665-6669	Ende	_	B
16-24	6670-6674	2019	_	_
16-25	6675-6680	waren	_	_
16-26	6681-6683	17	_	B
16-27	6683-6684	 	_	I
16-28	6684-6687	500	_	I
16-29	6688-6699	Soldatinnen	_	I
16-30	6700-6703	und	_	_
16-31	6704-6712	Soldaten	_	B
16-32	6713-6715	in	_	_
16-33	6716-6733	Auslandseinsätzen	_	B
16-34	6734-6742	gebunden	_	_
16-35	6742-6743	.	_	_
16-36	6744-6747	Die	_	B
16-37	6748-6760	tendenzielle	_	I
16-38	6761-6773	Verlängerung	_	I
16-39	6774-6777	der	_	B
16-40	6778-6788	Stehzeiten	_	I
16-41	6789-6792	von	_	_
16-42	6793-6797	vier	_	_
16-43	6798-6801	auf	_	_
16-44	6802-6807	sechs	_	B
16-45	6808-6814	Monate	_	I
16-46	6815-6820	führt	_	_
16-47	6821-6826	nicht	_	_
16-48	6827-6830	nur	_	_
16-49	6831-6833	zu	_	_
16-50	6834-6839	einem	_	B
16-51	6840-6848	Rückgang	_	I
16-52	6849-6852	von	_	_
16-53	6853-6876	Freiwilligenbewerbungen	_	B
16-54	6876-6877	,	_	_
16-55	6878-6885	sondern	_	_
16-56	6886-6890	auch	_	_
16-57	6891-6893	zu	_	_
16-58	6894-6910	gesundheitlichen	_	B
16-59	6911-6914	und	_	I
16-60	6915-6923	sozialen	_	I
16-61	6924-6942	Folgeerscheinungen	_	I
16-62	6942-6943	.	_	_
16-63	6944-6948	Eine	_	B
16-64	6949-6961	Einsatzdauer	_	I
16-65	6962-6965	von	_	_
16-66	6966-6970	vier	_	B
16-67	6971-6978	Monaten	_	I
16-68	6979-6985	sollte	_	_
16-69	6986-6991	daher	_	_
16-70	6992-6996	also	_	_
16-71	6997-7003	wieder	_	_
16-72	7004-7009	unser	_	B
16-73	7010-7018	Standard	_	I
16-74	7019-7023	sein	_	_
16-75	7023-7024	,	_	_
16-76	7025-7030	wobei	_	_
16-77	7031-7038	hierbei	_	_
16-78	7039-7041	in	_	_
16-79	7042-7055	Verständigung	_	B
16-80	7056-7059	mit	_	_
16-81	7060-7063	den	_	B
16-82	7064-7076	eingesetzten	_	I
16-83	7077-7088	Soldatinnen	_	I
16-84	7089-7092	und	_	_
16-85	7093-7101	Soldaten	_	B
16-86	7102-7106	auch	_	B
16-87	7107-7115	flexible	_	I
16-88	7116-7124	Lösungen	_	I
16-89	7125-7132	denkbar	_	_
16-90	7133-7137	sind	_	_
16-91	7137-7138	.	_	_

#Text=Sehr geehrte Damen und Herren, die aufgeführten Missstände sollten nun einerseits nicht etwa zu der Schlussfolgerung führen, dass diese ein 45-Milliarden-Euro-Budget nicht mehr rechtfertigen, und andererseits nicht so verstanden werden, sie offenbarten, die Bundeswehr könne den Schutz der eigenen Bevölkerung nicht gewährleisten und den Verpflichtungen gegenüber den NATO-Partnern nicht nachkommen.
17-1	7148-7152	Sehr	_	B
17-2	7153-7160	geehrte	_	I
17-3	7161-7166	Damen	_	I
17-4	7167-7170	und	_	_
17-5	7171-7177	Herren	_	B
17-6	7177-7178	,	_	_
17-7	7179-7182	die	_	B
17-8	7183-7195	aufgeführten	_	I
17-9	7196-7206	Missstände	_	I
17-10	7207-7214	sollten	_	_
17-11	7215-7218	nun	_	_
17-12	7219-7229	einerseits	_	_
17-13	7230-7235	nicht	_	_
17-14	7236-7240	etwa	_	_
17-15	7241-7243	zu	_	_
17-16	7244-7247	der	_	B
17-17	7248-7264	Schlussfolgerung	_	I
17-18	7265-7271	führen	_	_
17-19	7271-7272	,	_	_
17-20	7273-7277	dass	_	_
17-21	7278-7283	diese	_	B
17-22	7284-7287	ein	_	B
17-23	7288-7313	45-Milliarden-Euro-Budget	_	I
17-24	7314-7319	nicht	_	_
17-25	7320-7324	mehr	_	_
17-26	7325-7338	rechtfertigen	_	_
17-27	7338-7339	,	_	_
17-28	7340-7343	und	_	_
17-29	7344-7356	andererseits	_	_
17-30	7357-7362	nicht	_	_
17-31	7363-7365	so	_	_
17-32	7366-7376	verstanden	_	_
17-33	7377-7383	werden	_	_
17-34	7383-7384	,	_	_
17-35	7385-7388	sie	_	B
17-36	7389-7400	offenbarten	_	_
17-37	7400-7401	,	_	_
17-38	7402-7405	die	_	B
17-39	7406-7416	Bundeswehr	_	I
17-40	7417-7422	könne	_	_
17-41	7423-7426	den	_	B
17-42	7427-7433	Schutz	_	I
17-43	7434-7437	der	_	B
17-44	7438-7445	eigenen	_	I
17-45	7446-7457	Bevölkerung	_	I
17-46	7458-7463	nicht	_	_
17-47	7464-7477	gewährleisten	_	_
17-48	7478-7481	und	_	_
17-49	7482-7485	den	_	B
17-50	7486-7501	Verpflichtungen	_	I
17-51	7502-7511	gegenüber	_	_
17-52	7512-7515	den	_	B
17-53	7516-7529	NATO-Partnern	_	I
17-54	7530-7535	nicht	_	_
17-55	7536-7546	nachkommen	_	_
17-56	7546-7547	.	_	_

#Text=Nein, trotz aller Defizite ist die Bundeswehr eine moderne Armee mit dem Anspruch auf eine qualifizierte Fürsorge ihrer Angehörigen. Insbesondere bei den internationalen Friedensmissionen zeigen Soldatinnen und Soldaten der Bundeswehr ihre Leistungsbereitschaft und ‑fähigkeit, die international und auch bei den Menschen vor Ort anerkannt sind.
18-1	7554-7558	Nein	_	_
18-2	7558-7559	,	_	_
18-3	7560-7565	trotz	_	_
18-4	7566-7571	aller	_	B
18-5	7572-7580	Defizite	_	I
18-6	7581-7584	ist	_	_
18-7	7585-7588	die	_	B
18-8	7589-7599	Bundeswehr	_	I
18-9	7600-7604	eine	_	B
18-10	7605-7612	moderne	_	I
18-11	7613-7618	Armee	_	I
18-12	7619-7622	mit	_	_
18-13	7623-7626	dem	_	B
18-14	7627-7635	Anspruch	_	I
18-15	7636-7639	auf	_	_
18-16	7640-7644	eine	_	B
18-17	7645-7658	qualifizierte	_	I
18-18	7659-7667	Fürsorge	_	I
18-19	7668-7673	ihrer	_	B
18-20	7674-7685	Angehörigen	_	I
18-21	7685-7686	.	_	_
18-22	7687-7699	Insbesondere	_	_
18-23	7700-7703	bei	_	_
18-24	7704-7707	den	_	B
18-25	7708-7723	internationalen	_	I
18-26	7724-7741	Friedensmissionen	_	I
18-27	7742-7748	zeigen	_	_
18-28	7749-7760	Soldatinnen	_	B
18-29	7761-7764	und	_	_
18-30	7765-7773	Soldaten	_	B
18-31	7774-7777	der	_	B
18-32	7778-7788	Bundeswehr	_	I
18-33	7789-7793	ihre	_	B
18-34	7794-7815	Leistungsbereitschaft	_	I
18-35	7816-7819	und	_	_
18-36	7820-7830	‑fähigkeit	_	B
18-37	7830-7831	,	_	_
18-38	7832-7835	die	_	B
18-39	7836-7849	international	_	_
18-40	7850-7853	und	_	_
18-41	7854-7858	auch	_	_
18-42	7859-7862	bei	_	_
18-43	7863-7866	den	_	B
18-44	7867-7875	Menschen	_	I
18-45	7876-7879	vor	_	_
18-46	7880-7883	Ort	_	B
18-47	7884-7893	anerkannt	_	_
18-48	7894-7898	sind	_	_
18-49	7898-7899	.	_	_

#Text=Trotz der genannten Mängel bei der Beschaffung genießen die NATO im Allgemeinen und die Bundeswehr im Besonderen auch hohes Ansehen bei den Bundesbürgern. Das Militär in einem demokratisch verfassten Gemeinwesen ist nicht nur auf den Rückhalt des Parlaments, wie eben von der Verteidigungsministerin angesprochen, sondern auch auf die mehrheitliche Unterstützung durch die Gesellschaft angewiesen.
19-1	7904-7909	Trotz	_	_
19-2	7910-7913	der	_	B
19-3	7914-7923	genannten	_	I
19-4	7924-7930	Mängel	_	I
19-5	7931-7934	bei	_	_
19-6	7935-7938	der	_	B
19-7	7939-7950	Beschaffung	_	I
19-8	7951-7959	genießen	_	_
19-9	7960-7963	die	_	B
19-10	7964-7968	NATO	_	I
19-11	7969-7971	im	_	_
19-12	7972-7983	Allgemeinen	_	_
19-13	7984-7987	und	_	_
19-14	7988-7991	die	_	B
19-15	7992-8002	Bundeswehr	_	I
19-16	8003-8005	im	_	_
19-17	8006-8016	Besonderen	_	B
19-18	8017-8021	auch	_	B
19-19	8022-8027	hohes	_	I
19-20	8028-8035	Ansehen	_	I
19-21	8036-8039	bei	_	_
19-22	8040-8043	den	_	B
19-23	8044-8057	Bundesbürgern	_	I
19-24	8057-8058	.	_	_
19-25	8059-8062	Das	_	B
19-26	8063-8070	Militär	_	I
19-27	8071-8073	in	_	_
19-28	8074-8079	einem	_	B
19-29	8080-8092	demokratisch	_	I
19-30	8093-8103	verfassten	_	I
19-31	8104-8115	Gemeinwesen	_	I
19-32	8116-8119	ist	_	_
19-33	8120-8125	nicht	_	_
19-34	8126-8129	nur	_	_
19-35	8130-8133	auf	_	_
19-36	8134-8137	den	_	B
19-37	8138-8146	Rückhalt	_	I
19-38	8147-8150	des	_	B
19-39	8151-8161	Parlaments	_	I
19-40	8161-8162	,	_	_
19-41	8163-8166	wie	_	_
19-42	8167-8171	eben	_	_
19-43	8172-8175	von	_	_
19-44	8176-8179	der	_	B
19-45	8180-8203	Verteidigungsministerin	_	I
19-46	8204-8216	angesprochen	_	_
19-47	8216-8217	,	_	_
19-48	8218-8225	sondern	_	_
19-49	8226-8230	auch	_	_
19-50	8231-8234	auf	_	_
19-51	8235-8238	die	_	B
19-52	8239-8252	mehrheitliche	_	I
19-53	8253-8266	Unterstützung	_	I
19-54	8267-8272	durch	_	_
19-55	8273-8276	die	_	B
19-56	8277-8289	Gesellschaft	_	I
19-57	8290-8300	angewiesen	_	_
19-58	8300-8301	.	_	_

#Text=Deshalb möchte ich auch im Namen der SPD-Bundestagsfraktion an dieser Stelle allen Angehörigen der Bundeswehr für ihren Einsatz danken – sei er hier in Deutschland, im NATO-Gebiet oder bei Friedensmissionen weltweit.
20-1	8306-8313	Deshalb	_	_
20-2	8314-8320	möchte	_	_
20-3	8321-8324	ich	_	B
20-4	8325-8329	auch	_	_
20-5	8330-8332	im	_	_
20-6	8333-8338	Namen	_	B
20-7	8339-8342	der	_	B
20-8	8343-8365	SPD-Bundestagsfraktion	_	I
20-9	8366-8368	an	_	_
20-10	8369-8375	dieser	_	B
20-11	8376-8382	Stelle	_	I
20-12	8383-8388	allen	_	B
20-13	8389-8400	Angehörigen	_	I
20-14	8401-8404	der	_	B
20-15	8405-8415	Bundeswehr	_	I
20-16	8416-8419	für	_	_
20-17	8420-8425	ihren	_	B
20-18	8426-8433	Einsatz	_	I
20-19	8434-8440	danken	_	_
20-20	8441-8442	–	_	_
20-21	8443-8446	sei	_	_
20-22	8447-8449	er	_	B
20-23	8450-8454	hier	_	_
20-24	8455-8457	in	_	_
20-25	8458-8469	Deutschland	_	B
20-26	8469-8470	,	_	_
20-27	8471-8473	im	_	_
20-28	8474-8485	NATO-Gebiet	_	B
20-29	8486-8490	oder	_	_
20-30	8491-8494	bei	_	_
20-31	8495-8512	Friedensmissionen	_	B
20-32	8513-8521	weltweit	_	_
20-33	8521-8522	.	_	_

#Text=Aber ich danke auch dem Team von Hans-Peter Bartels, das uns über Jahre hinweg ermahnte, die Reform der Bundeswehr als Daueraufgabe zu verstehen. Unserer neuen Wehrbeauftragten Frau Dr. Högl wünsche ich sehr viel Erfolg bei ihrer verantwortungsvollen Tätigkeit.
21-1	8525-8529	Aber	_	_
21-2	8530-8533	ich	_	B
21-3	8534-8539	danke	_	_
21-4	8540-8544	auch	_	B
21-5	8545-8548	dem	_	I
21-6	8549-8553	Team	_	I
21-7	8554-8557	von	_	_
21-8	8558-8568	Hans-Peter	_	B
21-9	8569-8576	Bartels	_	I
21-10	8576-8577	,	_	_
21-11	8578-8581	das	_	B
21-12	8582-8585	uns	_	B
21-13	8586-8590	über	_	_
21-14	8591-8596	Jahre	_	B
21-15	8597-8603	hinweg	_	_
21-16	8604-8612	ermahnte	_	_
21-17	8612-8613	,	_	_
21-18	8614-8617	die	_	B
21-19	8618-8624	Reform	_	I
21-20	8625-8628	der	_	B
21-21	8629-8639	Bundeswehr	_	I
21-22	8640-8643	als	_	_
21-23	8644-8656	Daueraufgabe	_	B
21-24	8657-8659	zu	_	_
21-25	8660-8669	verstehen	_	_
21-26	8669-8670	.	_	_
21-27	8671-8678	Unserer	_	B
21-28	8679-8684	neuen	_	I
21-29	8685-8701	Wehrbeauftragten	_	I
21-30	8702-8706	Frau	_	_
21-31	8707-8710	Dr.	_	B
21-32	8711-8715	Högl	_	I
21-33	8716-8723	wünsche	_	_
21-34	8724-8727	ich	_	B
21-35	8728-8732	sehr	_	B
21-36	8733-8737	viel	_	I
21-37	8738-8744	Erfolg	_	I
21-38	8745-8748	bei	_	_
21-39	8749-8754	ihrer	_	B
21-40	8755-8775	verantwortungsvollen	_	I
21-41	8776-8785	Tätigkeit	_	I
21-42	8785-8786	.	_	_

#Text=Ich bedanke mich für Ihre Geduld.
22-1	8791-8794	Ich	_	B
22-2	8795-8802	bedanke	_	_
22-3	8803-8807	mich	_	B
22-4	8808-8811	für	_	_
22-5	8812-8816	Ihre	_	B
22-6	8817-8823	Geduld	_	I
22-7	8823-8824	.	_	_
