#FORMAT=WebAnno TSV 3.2
#T_SP=webanno.custom.Animacy|Animated
#T_SP=webanno.custom.CustomChunk|Chunk


#Text=Herr Präsident! Meine Damen und Herren! Morgen, am 3. Oktober, vor 30 Jahren wurden die beiden deutschen Staaten wiedervereinigt oder, juristisch korrekt gesagt, trat die DDR dem Geltungsgebiet des Grundgesetzes der Bundesrepublik bei.
1-1	0-4	Herr	_	B
1-2	5-14	Präsident	_	I
1-3	14-15	!	_	_
1-4	16-21	Meine	_	B
1-5	22-27	Damen	_	I
1-6	28-31	und	_	_
1-7	32-38	Herren	_	B
1-8	38-39	!	_	_
1-9	40-46	Morgen	_	_
1-10	46-47	,	_	_
1-11	48-50	am	_	_
1-12	51-53	3.	_	B
1-13	54-61	Oktober	_	I
1-14	61-62	,	_	_
1-15	63-66	vor	_	_
1-16	67-69	30	_	B
1-17	70-76	Jahren	_	I
1-18	77-83	wurden	_	_
1-19	84-87	die	_	B
1-20	88-94	beiden	_	I
1-21	95-104	deutschen	_	I
1-22	105-112	Staaten	_	I
1-23	113-128	wiedervereinigt	_	_
1-24	129-133	oder	_	_
1-25	133-134	,	_	_
1-26	135-145	juristisch	_	_
1-27	146-153	korrekt	_	_
1-28	154-160	gesagt	_	_
1-29	160-161	,	_	_
1-30	162-166	trat	_	_
1-31	167-170	die	_	B
1-32	171-174	DDR	_	I
1-33	175-178	dem	_	B
1-34	179-193	Geltungsgebiet	_	I
1-35	194-197	des	_	B
1-36	198-211	Grundgesetzes	_	I
1-37	212-215	der	_	B
1-38	216-230	Bundesrepublik	_	I
1-39	231-234	bei	_	_
1-40	234-235	.	_	_

#Text=Schon dieser Formulierung merkt man an: Der 3. Oktober ist als Nationalfeiertag ein relativ technisches, bürokratisches Datum. Der eigentliche Freudentaumel über das Ende der deutschen Teilung hatte sich schon am 9. November 1989 beim Fall der Mauer, beim Sieg der Friedlichen Revolution, ereignet. Dieses Datum, dem Sturm auf die Bastille vergleichbar, hätte eigentlich unser Feiertag sein müssen – Matthias Platzeck hat es gesagt –, wenn es historisch nicht anderweitig belastet wäre.
2-1	243-248	Schon	_	B
2-2	249-255	dieser	_	I
2-3	256-268	Formulierung	_	I
2-4	269-274	merkt	_	_
2-5	275-278	man	_	B
2-6	279-281	an	_	_
2-7	281-282	:	_	_
2-8	283-286	Der	_	B
2-9	287-289	3.	_	I
2-10	290-297	Oktober	_	I
2-11	298-301	ist	_	_
2-12	302-305	als	_	_
2-13	306-322	Nationalfeiertag	_	B
2-14	323-326	ein	_	B
2-15	327-334	relativ	_	I
2-16	335-346	technisches	_	I
2-17	346-347	,	_	I
2-18	348-362	bürokratisches	_	I
2-19	363-368	Datum	_	I
2-20	368-369	.	_	_
2-21	370-373	Der	_	B
2-22	374-385	eigentliche	_	I
2-23	386-399	Freudentaumel	_	I
2-24	400-404	über	_	_
2-25	405-408	das	_	B
2-26	409-413	Ende	_	I
2-27	414-417	der	_	B
2-28	418-427	deutschen	_	I
2-29	428-435	Teilung	_	I
2-30	436-441	hatte	_	_
2-31	442-446	sich	_	B
2-32	447-452	schon	_	_
2-33	453-455	am	_	_
2-34	456-458	9.	_	B
2-35	459-467	November	_	I
2-36	468-472	1989	_	_
2-37	473-477	beim	_	_
2-38	478-482	Fall	_	B
2-39	483-486	der	_	B
2-40	487-492	Mauer	_	I
2-41	492-493	,	_	_
2-42	494-498	beim	_	_
2-43	499-503	Sieg	_	B
2-44	504-507	der	_	B
2-45	508-519	Friedlichen	_	I
2-46	520-530	Revolution	_	I
2-47	530-531	,	_	_
2-48	532-540	ereignet	_	_
2-49	540-541	.	_	_
2-50	542-548	Dieses	_	B
2-51	549-554	Datum	_	I
2-52	554-555	,	_	_
2-53	556-559	dem	_	B
2-54	560-565	Sturm	_	I
2-55	566-569	auf	_	_
2-56	570-573	die	_	B
2-57	574-582	Bastille	_	I
2-58	583-595	vergleichbar	_	_
2-59	595-596	,	_	_
2-60	597-602	hätte	_	_
2-61	603-613	eigentlich	_	_
2-62	614-619	unser	_	B
2-63	620-628	Feiertag	_	I
2-64	629-633	sein	_	_
2-65	634-640	müssen	_	_
2-66	641-642	–	_	_
2-67	643-651	Matthias	_	B
2-68	652-660	Platzeck	_	I
2-69	661-664	hat	_	_
2-70	665-667	es	_	B
2-71	668-674	gesagt	_	_
2-72	675-676	–	_	_
2-73	676-677	,	_	_
2-74	678-682	wenn	_	_
2-75	683-685	es	_	B
2-76	686-696	historisch	_	_
2-77	697-702	nicht	_	_
2-78	703-714	anderweitig	_	_
2-79	715-723	belastet	_	_
2-80	724-728	wäre	_	_
2-81	728-729	.	_	_

#Text=Gleichwohl feiern wir morgen natürlich mit großer Freude den Tag der Deutschen Einheit, manche hier auf der linken Seite im Saal vielleicht etwas verhaltener. Ich zitiere: „Diejenigen, die derzeit von Wiedervereinigung daherreden, haben aus der Geschichte nichts gelernt ...“, so Hans Eichel, der spätere SPD-Finanzminister noch im November 1989,
3-1	740-750	Gleichwohl	_	_
3-2	751-757	feiern	_	_
3-3	758-761	wir	_	B
3-4	762-768	morgen	_	_
3-5	769-778	natürlich	_	_
3-6	779-782	mit	_	_
3-7	783-789	großer	_	B
3-8	790-796	Freude	_	I
3-9	797-800	den	_	B
3-10	801-804	Tag	_	I
3-11	805-808	der	_	B
3-12	809-818	Deutschen	_	I
3-13	819-826	Einheit	_	I
3-14	826-827	,	_	_
3-15	828-834	manche	_	B
3-16	835-839	hier	_	_
3-17	840-843	auf	_	_
3-18	844-847	der	_	B
3-19	848-854	linken	_	I
3-20	855-860	Seite	_	I
3-21	861-863	im	_	_
3-22	864-868	Saal	_	B
3-23	869-879	vielleicht	_	_
3-24	880-885	etwas	_	_
3-25	886-897	verhaltener	_	_
3-26	897-898	.	_	_
3-27	899-902	Ich	_	B
3-28	903-910	zitiere	_	_
3-29	910-911	:	_	_
3-30	912-913	„	_	B
3-31	913-923	Diejenigen	_	I
3-32	923-924	,	_	_
3-33	925-928	die	_	B
3-34	929-936	derzeit	_	_
3-35	937-940	von	_	_
3-36	941-958	Wiedervereinigung	_	B
3-37	959-969	daherreden	_	_
3-38	969-970	,	_	_
3-39	971-976	haben	_	_
3-40	977-980	aus	_	_
3-41	981-984	der	_	B
3-42	985-995	Geschichte	_	I
3-43	996-1002	nichts	_	B
3-44	1003-1010	gelernt	_	_
3-45	1011-1014	...	_	_
3-46	1014-1015	“	_	_
3-47	1015-1016	,	_	_
3-48	1017-1019	so	_	_
3-49	1020-1024	Hans	_	_
3-50	1025-1031	Eichel	_	_
3-51	1031-1032	,	_	_
3-52	1033-1036	der	_	_
3-53	1037-1044	spätere	_	_
3-54	1045-1063	SPD-Finanzminister	_	_
3-55	1064-1068	noch	_	_
3-56	1069-1071	im	_	_
3-57	1072-1080	November	_	B
3-58	1081-1085	1989	_	_
3-59	1085-1086	,	_	_

#Text=oder Joschka Fischer im Oktober 1989: „Vergessen wir die Wiedervereinigung. Halten wir die nächsten 20 Jahre die Schnauze darüber.“ – Zitat Ende.
4-1	1097-1101	oder	_	_
4-2	1102-1109	Joschka	_	B
4-3	1110-1117	Fischer	_	I
4-4	1118-1120	im	_	_
4-5	1121-1128	Oktober	_	B
4-6	1129-1133	1989	_	_
4-7	1133-1134	:	_	_
4-8	1135-1136	„	_	_
4-9	1136-1145	Vergessen	_	_
4-10	1146-1149	wir	_	B
4-11	1150-1153	die	_	B
4-12	1154-1171	Wiedervereinigung	_	I
4-13	1171-1172	.	_	_
4-14	1173-1179	Halten	_	_
4-15	1180-1183	wir	_	B
4-16	1184-1187	die	_	B
4-17	1188-1196	nächsten	_	I
4-18	1197-1199	20	_	I
4-19	1200-1205	Jahre	_	I
4-20	1206-1209	die	_	B
4-21	1210-1218	Schnauze	_	I
4-22	1219-1226	darüber	_	_
4-23	1226-1227	.	_	_
4-24	1227-1228	“	_	_
4-25	1229-1230	–	_	B
4-26	1231-1236	Zitat	_	I
4-27	1237-1241	Ende	_	I
4-28	1241-1242	.	_	_

#Text=Welch ein historisches Glück, meine Damen und Herren, dass Sie auf der linken Seite dieses Hauses damals nicht regiert haben. Wir säßen wahrscheinlich heute noch in der Bundeshauptstadt Bonn und würden mit der SED-Führung aus Ostberlin Bruderschaft trinken.
5-1	1249-1254	Welch	_	B
5-2	1255-1258	ein	_	I
5-3	1259-1271	historisches	_	I
5-4	1272-1277	Glück	_	I
5-5	1277-1278	,	_	_
5-6	1279-1284	meine	_	B
5-7	1285-1290	Damen	_	I
5-8	1291-1294	und	_	_
5-9	1295-1301	Herren	_	B
5-10	1301-1302	,	_	_
5-11	1303-1307	dass	_	_
5-12	1308-1311	Sie	_	B
5-13	1312-1315	auf	_	_
5-14	1316-1319	der	_	B
5-15	1320-1326	linken	_	I
5-16	1327-1332	Seite	_	I
5-17	1333-1339	dieses	_	B
5-18	1340-1346	Hauses	_	I
5-19	1347-1353	damals	_	_
5-20	1354-1359	nicht	_	_
5-21	1360-1367	regiert	_	_
5-22	1368-1373	haben	_	_
5-23	1373-1374	.	_	_
5-24	1375-1378	Wir	_	B
5-25	1379-1384	säßen	_	_
5-26	1385-1399	wahrscheinlich	_	_
5-27	1400-1405	heute	_	_
5-28	1406-1410	noch	_	_
5-29	1411-1413	in	_	_
5-30	1414-1417	der	_	B
5-31	1418-1434	Bundeshauptstadt	_	I
5-32	1435-1439	Bonn	_	I
5-33	1440-1443	und	_	_
5-34	1444-1450	würden	_	_
5-35	1451-1454	mit	_	_
5-36	1455-1458	der	_	B
5-37	1459-1470	SED-Führung	_	I
5-38	1471-1474	aus	_	_
5-39	1475-1484	Ostberlin	_	B
5-40	1485-1497	Bruderschaft	_	B
5-41	1498-1505	trinken	_	_
5-42	1505-1506	.	_	_

#Text=Die innere Wiedervereinigung von Ost und West ist noch nicht abgeschlossen, ja. Aber wichtiger noch scheint mir ein anderes: Die Bürger der DDR sind damals unter Einsatz ihres Lebens nicht nur für die Einigkeit auf die Straße gegangen, sondern auch für das Recht und die Freiheit. Einigkeit und Recht und Freiheit – nur wenn diese drei obersten Werte, die in unserer Nationalhymne anklingen, mit Leben gefüllt sind, dann blüht das deutsche Vaterland auch wirtschaftlich, dann haben wir auch allen Grund zum Feiern am Tag der Deutschen Einheit.
6-1	1511-1514	Die	_	B
6-2	1515-1521	innere	_	I
6-3	1522-1539	Wiedervereinigung	_	I
6-4	1540-1543	von	_	_
6-5	1544-1547	Ost	_	B
6-6	1548-1551	und	_	_
6-7	1552-1556	West	_	B
6-8	1557-1560	ist	_	_
6-9	1561-1565	noch	_	_
6-10	1566-1571	nicht	_	_
6-11	1572-1585	abgeschlossen	_	_
6-12	1585-1586	,	_	_
6-13	1587-1589	ja	_	_
6-14	1589-1590	.	_	_
6-15	1591-1595	Aber	_	_
6-16	1596-1605	wichtiger	_	_
6-17	1606-1610	noch	_	_
6-18	1611-1618	scheint	_	_
6-19	1619-1622	mir	_	B
6-20	1623-1626	ein	_	B
6-21	1627-1634	anderes	_	I
6-22	1634-1635	:	_	_
6-23	1636-1639	Die	_	B
6-24	1640-1646	Bürger	_	I
6-25	1647-1650	der	_	B
6-26	1651-1654	DDR	_	I
6-27	1655-1659	sind	_	_
6-28	1660-1666	damals	_	_
6-29	1667-1672	unter	_	_
6-30	1673-1680	Einsatz	_	B
6-31	1681-1686	ihres	_	B
6-32	1687-1693	Lebens	_	I
6-33	1694-1699	nicht	_	_
6-34	1700-1703	nur	_	_
6-35	1704-1707	für	_	_
6-36	1708-1711	die	_	B
6-37	1712-1721	Einigkeit	_	I
6-38	1722-1725	auf	_	_
6-39	1726-1729	die	_	B
6-40	1730-1736	Straße	_	I
6-41	1737-1745	gegangen	_	_
6-42	1745-1746	,	_	_
6-43	1747-1754	sondern	_	_
6-44	1755-1759	auch	_	_
6-45	1760-1763	für	_	_
6-46	1764-1767	das	_	B
6-47	1768-1773	Recht	_	I
6-48	1774-1777	und	_	_
6-49	1778-1781	die	_	B
6-50	1782-1790	Freiheit	_	I
6-51	1790-1791	.	_	_
6-52	1792-1801	Einigkeit	_	B
6-53	1802-1805	und	_	_
6-54	1806-1811	Recht	_	B
6-55	1812-1815	und	_	_
6-56	1816-1824	Freiheit	_	B
6-57	1825-1826	–	_	_
6-58	1827-1830	nur	_	_
6-59	1831-1835	wenn	_	_
6-60	1836-1841	diese	_	B
6-61	1842-1846	drei	_	I
6-62	1847-1855	obersten	_	I
6-63	1856-1861	Werte	_	I
6-64	1861-1862	,	_	_
6-65	1863-1866	die	_	B
6-66	1867-1869	in	_	_
6-67	1870-1877	unserer	_	B
6-68	1878-1891	Nationalhymne	_	I
6-69	1892-1901	anklingen	_	_
6-70	1901-1902	,	_	_
6-71	1903-1906	mit	_	_
6-72	1907-1912	Leben	_	B
6-73	1913-1920	gefüllt	_	_
6-74	1921-1925	sind	_	_
6-75	1925-1926	,	_	_
6-76	1927-1931	dann	_	_
6-77	1932-1937	blüht	_	_
6-78	1938-1941	das	_	B
6-79	1942-1950	deutsche	_	I
6-80	1951-1960	Vaterland	_	I
6-81	1961-1965	auch	_	_
6-82	1966-1980	wirtschaftlich	_	_
6-83	1980-1981	,	_	_
6-84	1982-1986	dann	_	_
6-85	1987-1992	haben	_	_
6-86	1993-1996	wir	_	B
6-87	1997-2001	auch	_	B
6-88	2002-2007	allen	_	I
6-89	2008-2013	Grund	_	I
6-90	2014-2017	zum	_	_
6-91	2018-2024	Feiern	_	B
6-92	2025-2027	am	_	_
6-93	2028-2031	Tag	_	B
6-94	2032-2035	der	_	B
6-95	2036-2045	Deutschen	_	I
6-96	2046-2053	Einheit	_	I
6-97	2053-2054	.	_	_

#Text=In dieser Hinsicht, meine Damen und Herren, liegt leider ein Schatten auf diesem 30-jährigen Jubiläum. Nach 15 Jahren Kanzlerin Merkel tauchen mehr und mehr Aspekte der DDR in der Bundesrepublik wieder auf und leider nicht die der Mitmenschlichkeit im Privaten, von denen du sprachst, lieber Tino Chrupalla, sondern es ist eher so, als hätte sich der freie Westen beim Verschlucken des sozialistischen Unrechtsstaats übernommen und würde sich ihm hinterrücks immer mehr anverwandeln.
7-1	2065-2067	In	_	_
7-2	2068-2074	dieser	_	B
7-3	2075-2083	Hinsicht	_	I
7-4	2083-2084	,	_	_
7-5	2085-2090	meine	_	B
7-6	2091-2096	Damen	_	I
7-7	2097-2100	und	_	_
7-8	2101-2107	Herren	_	B
7-9	2107-2108	,	_	_
7-10	2109-2114	liegt	_	_
7-11	2115-2121	leider	_	_
7-12	2122-2125	ein	_	B
7-13	2126-2134	Schatten	_	I
7-14	2135-2138	auf	_	_
7-15	2139-2145	diesem	_	B
7-16	2146-2157	30-jährigen	_	I
7-17	2158-2166	Jubiläum	_	I
7-18	2166-2167	.	_	_
7-19	2168-2172	Nach	_	_
7-20	2173-2175	15	_	B
7-21	2176-2182	Jahren	_	I
7-22	2183-2192	Kanzlerin	_	I
7-23	2193-2199	Merkel	_	B
7-24	2200-2207	tauchen	_	_
7-25	2208-2212	mehr	_	B
7-26	2213-2216	und	_	I
7-27	2217-2221	mehr	_	I
7-28	2222-2229	Aspekte	_	I
7-29	2230-2233	der	_	B
7-30	2234-2237	DDR	_	I
7-31	2238-2240	in	_	_
7-32	2241-2244	der	_	B
7-33	2245-2259	Bundesrepublik	_	I
7-34	2260-2266	wieder	_	_
7-35	2267-2270	auf	_	_
7-36	2271-2274	und	_	_
7-37	2275-2281	leider	_	_
7-38	2282-2287	nicht	_	_
7-39	2288-2291	die	_	B
7-40	2292-2295	der	_	B
7-41	2296-2313	Mitmenschlichkeit	_	I
7-42	2314-2316	im	_	_
7-43	2317-2325	Privaten	_	B
7-44	2325-2326	,	_	_
7-45	2327-2330	von	_	_
7-46	2331-2336	denen	_	B
7-47	2337-2339	du	_	B
7-48	2340-2348	sprachst	_	_
7-49	2348-2349	,	_	_
7-50	2350-2356	lieber	_	_
7-51	2357-2361	Tino	_	B
7-52	2362-2371	Chrupalla	_	I
7-53	2371-2372	,	_	_
7-54	2373-2380	sondern	_	_
7-55	2381-2383	es	_	B
7-56	2384-2387	ist	_	_
7-57	2388-2392	eher	_	_
7-58	2393-2395	so	_	_
7-59	2395-2396	,	_	_
7-60	2397-2400	als	_	_
7-61	2401-2406	hätte	_	_
7-62	2407-2411	sich	_	B
7-63	2412-2415	der	_	B
7-64	2416-2421	freie	_	I
7-65	2422-2428	Westen	_	I
7-66	2429-2433	beim	_	_
7-67	2434-2446	Verschlucken	_	B
7-68	2447-2450	des	_	B
7-69	2451-2466	sozialistischen	_	I
7-70	2467-2481	Unrechtsstaats	_	I
7-71	2482-2492	übernommen	_	_
7-72	2493-2496	und	_	_
7-73	2497-2502	würde	_	_
7-74	2503-2507	sich	_	B
7-75	2508-2511	ihm	_	B
7-76	2512-2523	hinterrücks	_	_
7-77	2524-2529	immer	_	_
7-78	2530-2534	mehr	_	_
7-79	2535-2547	anverwandeln	_	_
7-80	2547-2548	.	_	_

#Text=Dass ausgerechnet Kohls Mädchen, politische Ziehtochter des Kanzlers der Einheit, diesen Prozess wesentlich vorantreibt, ist eine bittere Ironie der Geschichte, aber angesichts ihrer DDR-Sozialisation wohl kein Zufall.
8-1	2557-2561	Dass	_	_
8-2	2562-2574	ausgerechnet	_	_
8-3	2575-2580	Kohls	_	B
8-4	2581-2588	Mädchen	_	_
8-5	2588-2589	,	_	_
8-6	2590-2600	politische	_	B
8-7	2601-2612	Ziehtochter	_	I
8-8	2613-2616	des	_	B
8-9	2617-2625	Kanzlers	_	I
8-10	2626-2629	der	_	B
8-11	2630-2637	Einheit	_	I
8-12	2637-2638	,	_	_
8-13	2639-2645	diesen	_	B
8-14	2646-2653	Prozess	_	I
8-15	2654-2664	wesentlich	_	_
8-16	2665-2676	vorantreibt	_	_
8-17	2676-2677	,	_	_
8-18	2678-2681	ist	_	_
8-19	2682-2686	eine	_	B
8-20	2687-2694	bittere	_	I
8-21	2695-2701	Ironie	_	I
8-22	2702-2705	der	_	B
8-23	2706-2716	Geschichte	_	I
8-24	2716-2717	,	_	_
8-25	2718-2722	aber	_	_
8-26	2723-2733	angesichts	_	_
8-27	2734-2739	ihrer	_	B
8-28	2740-2757	DDR-Sozialisation	_	I
8-29	2758-2762	wohl	_	_
8-30	2763-2767	kein	_	B
8-31	2768-2774	Zufall	_	I
8-32	2774-2775	.	_	_

#Text=Wieder entwickelt sich eine Staatsideologie wie weiland der Marxismus-Leninismus, heute bestehend als Klimareligion und Multikultidogma.
9-1	2781-2787	Wieder	_	_
9-2	2788-2798	entwickelt	_	_
9-3	2799-2803	sich	_	B
9-4	2804-2808	eine	_	B
9-5	2809-2824	Staatsideologie	_	I
9-6	2825-2828	wie	_	_
9-7	2829-2836	weiland	_	_
9-8	2837-2840	der	_	_
9-9	2841-2861	Marxismus-Leninismus	_	_
9-10	2861-2862	,	_	_
9-11	2863-2868	heute	_	_
9-12	2869-2878	bestehend	_	_
9-13	2879-2882	als	_	_
9-14	2883-2896	Klimareligion	_	B
9-15	2897-2900	und	_	_
9-16	2901-2916	Multikultidogma	_	B
9-17	2916-2917	.	_	_

#Text=Wieder wird diffamiert und ausgegrenzt, und zwar derjenige, der es wagt, öffentlich anderer Meinung zu sein. War es damals der Klassenfeind, verbündet mit dem Imperialismus oder Faschismus im Westen, so ist es jetzt – davon gar nicht so weit entfernt – der Rechte, der Nazi – Frau Göring-Eckardt hat es heute ja wieder vorgemacht – oder auch der Klimaleugner, der die verbotenen Gedanken äußert.
10-1	2920-2926	Wieder	_	_
10-2	2927-2931	wird	_	_
10-3	2932-2942	diffamiert	_	_
10-4	2943-2946	und	_	_
10-5	2947-2958	ausgegrenzt	_	_
10-6	2958-2959	,	_	_
10-7	2960-2963	und	_	_
10-8	2964-2968	zwar	_	B
10-9	2969-2978	derjenige	_	I
10-10	2978-2979	,	_	_
10-11	2980-2983	der	_	B
10-12	2984-2986	es	_	B
10-13	2987-2991	wagt	_	_
10-14	2991-2992	,	_	_
10-15	2993-3003	öffentlich	_	_
10-16	3004-3011	anderer	_	B
10-17	3012-3019	Meinung	_	I
10-18	3020-3022	zu	_	_
10-19	3023-3027	sein	_	_
10-20	3027-3028	.	_	_
10-21	3029-3032	War	_	_
10-22	3033-3035	es	_	B
10-23	3036-3042	damals	_	_
10-24	3043-3046	der	_	B
10-25	3047-3059	Klassenfeind	_	I
10-26	3059-3060	,	_	_
10-27	3061-3070	verbündet	_	_
10-28	3071-3074	mit	_	_
10-29	3075-3078	dem	_	B
10-30	3079-3092	Imperialismus	_	I
10-31	3093-3097	oder	_	_
10-32	3098-3108	Faschismus	_	B
10-33	3109-3111	im	_	_
10-34	3112-3118	Westen	_	B
10-35	3118-3119	,	_	_
10-36	3120-3122	so	_	_
10-37	3123-3126	ist	_	_
10-38	3127-3129	es	_	B
10-39	3130-3135	jetzt	_	_
10-40	3136-3137	–	_	_
10-41	3138-3143	davon	_	_
10-42	3144-3147	gar	_	_
10-43	3148-3153	nicht	_	_
10-44	3154-3156	so	_	_
10-45	3157-3161	weit	_	_
10-46	3162-3170	entfernt	_	_
10-47	3171-3172	–	_	_
10-48	3173-3176	der	_	_
10-49	3177-3183	Rechte	_	_
10-50	3183-3184	,	_	_
10-51	3185-3188	der	_	B
10-52	3189-3193	Nazi	_	I
10-53	3194-3195	–	_	_
10-54	3196-3200	Frau	_	B
10-55	3201-3215	Göring-Eckardt	_	I
10-56	3216-3219	hat	_	_
10-57	3220-3222	es	_	B
10-58	3223-3228	heute	_	_
10-59	3229-3231	ja	_	_
10-60	3232-3238	wieder	_	_
10-61	3239-3249	vorgemacht	_	_
10-62	3250-3251	–	_	_
10-63	3252-3256	oder	_	_
10-64	3257-3261	auch	_	B
10-65	3262-3265	der	_	I
10-66	3266-3278	Klimaleugner	_	I
10-67	3278-3279	,	_	_
10-68	3280-3283	der	_	B
10-69	3284-3287	die	_	B
10-70	3288-3298	verbotenen	_	I
10-71	3299-3307	Gedanken	_	I
10-72	3308-3314	äußert	_	_
10-73	3314-3315	.	_	_

#Text=Wie in der DDR kommen die Medien ihrer Aufgabe einer ausgewogenen Berichterstattung nicht mehr nach, sondern ergehen sich im regierungstreuen Haltungsjournalismus.
11-1	3325-3328	Wie	_	_
11-2	3329-3331	in	_	_
11-3	3332-3335	der	_	B
11-4	3336-3339	DDR	_	I
11-5	3340-3346	kommen	_	_
11-6	3347-3350	die	_	B
11-7	3351-3357	Medien	_	I
11-8	3358-3363	ihrer	_	B
11-9	3364-3371	Aufgabe	_	I
11-10	3372-3377	einer	_	B
11-11	3378-3390	ausgewogenen	_	I
11-12	3391-3408	Berichterstattung	_	I
11-13	3409-3414	nicht	_	_
11-14	3415-3419	mehr	_	_
11-15	3420-3424	nach	_	_
11-16	3424-3425	,	_	_
11-17	3426-3433	sondern	_	_
11-18	3434-3441	ergehen	_	_
11-19	3442-3446	sich	_	B
11-20	3447-3449	im	_	_
11-21	3450-3466	regierungstreuen	_	B
11-22	3467-3487	Haltungsjournalismus	_	I
11-23	3487-3488	.	_	_

#Text=Statt Karl-Eduard von Schnitzler und dem „Neuen Deutschland“ haben wir heute Slomka, Restle, Kleber und Relotius.
12-1	3491-3496	Statt	_	_
12-2	3497-3508	Karl-Eduard	_	B
12-3	3509-3512	von	_	_
12-4	3513-3523	Schnitzler	_	B
12-5	3524-3527	und	_	_
12-6	3528-3531	dem	_	B
12-7	3532-3533	„	_	I
12-8	3533-3538	Neuen	_	I
12-9	3539-3550	Deutschland	_	I
12-10	3550-3551	“	_	_
12-11	3552-3557	haben	_	_
12-12	3558-3561	wir	_	B
12-13	3562-3567	heute	_	_
12-14	3568-3574	Slomka	_	_
12-15	3574-3575	,	_	_
12-16	3576-3582	Restle	_	B
12-17	3582-3583	,	_	_
12-18	3584-3590	Kleber	_	B
12-19	3591-3594	und	_	_
12-20	3595-3603	Relotius	_	B
12-21	3603-3604	.	_	_

#Text=Sie bauen tagtäglich an einem „antifaschistischen Schutzwall“ in den Köpfen, wie die Mauer im DDR-Jargon hieß, der die Gedanken der Bürger in ideologischen Bahnen halten und abweichende Meinungen dämonisieren soll.
13-1	3610-3613	Sie	_	B
13-2	3614-3619	bauen	_	_
13-3	3620-3630	tagtäglich	_	_
13-4	3631-3633	an	_	_
13-5	3634-3639	einem	_	B
13-6	3640-3641	„	_	I
13-7	3641-3659	antifaschistischen	_	I
13-8	3660-3670	Schutzwall	_	I
13-9	3670-3671	“	_	_
13-10	3672-3674	in	_	_
13-11	3675-3678	den	_	B
13-12	3679-3685	Köpfen	_	I
13-13	3685-3686	,	_	_
13-14	3687-3690	wie	_	_
13-15	3691-3694	die	_	B
13-16	3695-3700	Mauer	_	I
13-17	3701-3703	im	_	_
13-18	3704-3714	DDR-Jargon	_	B
13-19	3715-3719	hieß	_	_
13-20	3719-3720	,	_	_
13-21	3721-3724	der	_	B
13-22	3725-3728	die	_	B
13-23	3729-3737	Gedanken	_	I
13-24	3738-3741	der	_	B
13-25	3742-3748	Bürger	_	I
13-26	3749-3751	in	_	_
13-27	3752-3765	ideologischen	_	B
13-28	3766-3772	Bahnen	_	I
13-29	3773-3779	halten	_	_
13-30	3780-3783	und	_	_
13-31	3784-3795	abweichende	_	B
13-32	3796-3805	Meinungen	_	I
13-33	3806-3818	dämonisieren	_	_
13-34	3819-3823	soll	_	_
13-35	3823-3824	.	_	_

#Text=Auch die Erhebung der Moral oder besser des Moralismus über das Recht, die permanenten Rechtsbrüche im Namen des vermeintlich Guten, die unter Angela Merkel zur Regel geworden sind, erinnern fatal an die DDR.
14-1	3830-3834	Auch	_	B
14-2	3835-3838	die	_	I
14-3	3839-3847	Erhebung	_	I
14-4	3848-3851	der	_	B
14-5	3852-3857	Moral	_	I
14-6	3858-3862	oder	_	_
14-7	3863-3869	besser	_	_
14-8	3870-3873	des	_	B
14-9	3874-3884	Moralismus	_	I
14-10	3885-3889	über	_	_
14-11	3890-3893	das	_	B
14-12	3894-3899	Recht	_	I
14-13	3899-3900	,	_	_
14-14	3901-3904	die	_	B
14-15	3905-3916	permanenten	_	I
14-16	3917-3929	Rechtsbrüche	_	I
14-17	3930-3932	im	_	_
14-18	3933-3938	Namen	_	B
14-19	3939-3942	des	_	B
14-20	3943-3955	vermeintlich	_	I
14-21	3956-3961	Guten	_	I
14-22	3961-3962	,	_	_
14-23	3963-3966	die	_	B
14-24	3967-3972	unter	_	_
14-25	3973-3979	Angela	_	B
14-26	3980-3986	Merkel	_	I
14-27	3987-3990	zur	_	_
14-28	3991-3996	Regel	_	B
14-29	3997-4005	geworden	_	_
14-30	4006-4010	sind	_	_
14-31	4010-4011	,	_	_
14-32	4012-4020	erinnern	_	_
14-33	4021-4026	fatal	_	_
14-34	4027-4029	an	_	_
14-35	4030-4033	die	_	B
14-36	4034-4037	DDR	_	I
14-37	4037-4038	.	_	_

#Text=Rechtens war dort, was der Durchsetzung des Sozialismus diente. Wir sind wieder auf dem besten Weg dahin. Wir müssen zurück zur Herrschaft des Rechts, meine Damen und Herren.
15-1	4043-4051	Rechtens	_	_
15-2	4052-4055	war	_	_
15-3	4056-4060	dort	_	_
15-4	4060-4061	,	_	_
15-5	4062-4065	was	_	B
15-6	4066-4069	der	_	B
15-7	4070-4082	Durchsetzung	_	I
15-8	4083-4086	des	_	B
15-9	4087-4098	Sozialismus	_	I
15-10	4099-4105	diente	_	_
15-11	4105-4106	.	_	_
15-12	4107-4110	Wir	_	B
15-13	4111-4115	sind	_	_
15-14	4116-4122	wieder	_	_
15-15	4123-4126	auf	_	_
15-16	4127-4130	dem	_	B
15-17	4131-4137	besten	_	I
15-18	4138-4141	Weg	_	I
15-19	4142-4147	dahin	_	_
15-20	4147-4148	.	_	_
15-21	4149-4152	Wir	_	B
15-22	4153-4159	müssen	_	_
15-23	4160-4166	zurück	_	_
15-24	4167-4170	zur	_	_
15-25	4171-4181	Herrschaft	_	B
15-26	4182-4185	des	_	B
15-27	4186-4192	Rechts	_	I
15-28	4192-4193	,	_	_
15-29	4194-4199	meine	_	B
15-30	4200-4205	Damen	_	I
15-31	4206-4209	und	_	_
15-32	4210-4216	Herren	_	B
15-33	4216-4217	.	_	_

#Text=Schließlich der selbstherrliche Regierungsstil von Frau Merkel, der das Parlament immer weiter marginalisiert:
16-1	4223-4234	Schließlich	_	B
16-2	4235-4238	der	_	I
16-3	4239-4254	selbstherrliche	_	I
16-4	4255-4269	Regierungsstil	_	I
16-5	4270-4273	von	_	_
16-6	4274-4278	Frau	_	B
16-7	4279-4285	Merkel	_	I
16-8	4285-4286	,	_	_
16-9	4287-4290	der	_	B
16-10	4291-4294	das	_	B
16-11	4295-4304	Parlament	_	I
16-12	4305-4310	immer	_	_
16-13	4311-4317	weiter	_	_
16-14	4318-4332	marginalisiert	_	_
16-15	4332-4333	:	_	_

#Text=Entscheidungen von größter Tragweite und Schädlichkeit für das Land werden von der Legislative doch nur noch abgenickt. Bis auf die AfD sind sich die Parteien hier zumeist einig, und sie ähneln damit immer mehr den Blockparteien der DDR.
17-1	4336-4350	Entscheidungen	_	B
17-2	4351-4354	von	_	_
17-3	4355-4362	größter	_	B
17-4	4363-4372	Tragweite	_	I
17-5	4373-4376	und	_	_
17-6	4377-4390	Schädlichkeit	_	B
17-7	4391-4394	für	_	_
17-8	4395-4398	das	_	B
17-9	4399-4403	Land	_	I
17-10	4404-4410	werden	_	_
17-11	4411-4414	von	_	_
17-12	4415-4418	der	_	B
17-13	4419-4430	Legislative	_	I
17-14	4431-4435	doch	_	_
17-15	4436-4439	nur	_	_
17-16	4440-4444	noch	_	_
17-17	4445-4454	abgenickt	_	_
17-18	4454-4455	.	_	_
17-19	4456-4459	Bis	_	_
17-20	4460-4463	auf	_	_
17-21	4464-4467	die	_	B
17-22	4468-4471	AfD	_	I
17-23	4472-4476	sind	_	_
17-24	4477-4481	sich	_	B
17-25	4482-4485	die	_	B
17-26	4486-4494	Parteien	_	I
17-27	4495-4499	hier	_	_
17-28	4500-4507	zumeist	_	_
17-29	4508-4513	einig	_	_
17-30	4513-4514	,	_	_
17-31	4515-4518	und	_	_
17-32	4519-4522	sie	_	B
17-33	4523-4529	ähneln	_	_
17-34	4530-4535	damit	_	_
17-35	4536-4541	immer	_	_
17-36	4542-4546	mehr	_	_
17-37	4547-4550	den	_	B
17-38	4551-4564	Blockparteien	_	I
17-39	4565-4568	der	_	B
17-40	4569-4572	DDR	_	I
17-41	4572-4573	.	_	_

#Text=Sie bezeichnen sich ja auch mit dem Kollektivbegriff „demokratische Parteien“.
18-1	4577-4580	Sie	_	B
18-2	4581-4591	bezeichnen	_	_
18-3	4592-4596	sich	_	B
18-4	4597-4599	ja	_	_
18-5	4600-4604	auch	_	_
18-6	4605-4608	mit	_	_
18-7	4609-4612	dem	_	B
18-8	4613-4629	Kollektivbegriff	_	I
18-9	4630-4631	„	_	I
18-10	4631-4644	demokratische	_	I
18-11	4645-4653	Parteien	_	I
18-12	4653-4654	“	_	_
18-13	4654-4655	.	_	_

#Text=Der Gleichklang zu „Deutsche Demokratische Republik“ fällt Ihnen wahrscheinlich gar nicht auf.
19-1	4659-4662	Der	_	B
19-2	4663-4674	Gleichklang	_	I
19-3	4675-4677	zu	_	_
19-4	4678-4679	„	_	B
19-5	4679-4687	Deutsche	_	I
19-6	4688-4701	Demokratische	_	I
19-7	4702-4710	Republik	_	I
19-8	4710-4711	“	_	_
19-9	4712-4717	fällt	_	_
19-10	4718-4723	Ihnen	_	B
19-11	4724-4738	wahrscheinlich	_	_
19-12	4739-4742	gar	_	_
19-13	4743-4748	nicht	_	_
19-14	4749-4752	auf	_	_
19-15	4752-4753	.	_	_

#Text=Bitte nehmen Sie das Zuhören und Tolerieren anderer Meinungen, das heute hier beschworen worden ist, ernst.
20-1	4757-4762	Bitte	_	_
20-2	4763-4769	nehmen	_	_
20-3	4770-4773	Sie	_	B
20-4	4774-4777	das	_	B
20-5	4778-4785	Zuhören	_	I
20-6	4786-4789	und	_	_
20-7	4790-4800	Tolerieren	_	B
20-8	4801-4808	anderer	_	B
20-9	4809-4818	Meinungen	_	I
20-10	4818-4819	,	_	_
20-11	4820-4823	das	_	B
20-12	4824-4829	heute	_	_
20-13	4830-4834	hier	_	_
20-14	4835-4845	beschworen	_	_
20-15	4846-4852	worden	_	_
20-16	4853-4856	ist	_	_
20-17	4856-4857	,	_	_
20-18	4858-4863	ernst	_	_
20-19	4863-4864	.	_	_

#Text=Nur dann haben wir nämlich Demokratie.
21-1	4868-4871	Nur	_	_
21-2	4872-4876	dann	_	_
21-3	4877-4882	haben	_	_
21-4	4883-4886	wir	_	B
21-5	4887-4894	nämlich	_	_
21-6	4895-4905	Demokratie	_	B
21-7	4905-4906	.	_	_

#Text=Lassen Sie uns frei und fair den Streit der Meinungen austragen. Dann haben wir wirklich aus der Geschichte gelernt.
22-1	4908-4914	Lassen	_	_
22-2	4915-4918	Sie	_	B
22-3	4919-4922	uns	_	B
22-4	4923-4927	frei	_	_
22-5	4928-4931	und	_	_
22-6	4932-4936	fair	_	_
22-7	4937-4940	den	_	B
22-8	4941-4947	Streit	_	I
22-9	4948-4951	der	_	B
22-10	4952-4961	Meinungen	_	I
22-11	4962-4971	austragen	_	_
22-12	4971-4972	.	_	_
22-13	4973-4977	Dann	_	_
22-14	4978-4983	haben	_	_
22-15	4984-4987	wir	_	B
22-16	4988-4996	wirklich	_	_
22-17	4997-5000	aus	_	_
22-18	5001-5004	der	_	B
22-19	5005-5015	Geschichte	_	I
22-20	5016-5023	gelernt	_	_
22-21	5023-5024	.	_	_

#Text=Vielen Dank, meine Damen und Herren.
23-1	5027-5033	Vielen	_	_
23-2	5034-5038	Dank	_	_
23-3	5038-5039	,	_	_
23-4	5040-5045	meine	_	B
23-5	5046-5051	Damen	_	I
23-6	5052-5055	und	_	_
23-7	5056-5062	Herren	_	B
23-8	5062-5063	.	_	_

#Text=Staatsminister Michael Roth, SPD, ist der nächste Redner.
24-1	5066-5080	Staatsminister	_	B
24-2	5081-5088	Michael	_	I
24-3	5089-5093	Roth	_	I
24-4	5093-5094	,	_	_
24-5	5095-5098	SPD	_	B
24-6	5098-5099	,	_	_
24-7	5100-5103	ist	_	_
24-8	5104-5107	der	_	B
24-9	5108-5115	nächste	_	I
24-10	5116-5122	Redner	_	I
24-11	5122-5123	.	_	_
