#FORMAT=WebAnno TSV 3.2
#T_SP=webanno.custom.Animacy|Animated
#T_SP=webanno.custom.CustomChunk|Chunk


#Text=Sehr geehrte Frau Präsidentin! Meine Damen und Herren! Ganz so rosig wie mein Vorredner vermag ich den jetzt vorliegenden Gesetzentwurf zur Einführung eines § 127 Strafgesetzbuch, Betreiben krimineller Handelsplattformen im Internet, nicht zu sehen; denn die Kernprobleme, etwa das Problem des Nichtwissens des Betreibers einer Plattform, auf der illegale Dinge geschehen oder gehandelt werden, beseitigen Sie mit diesem Entwurf nicht wirklich. Denn auch nach diesem Entwurf muss der Täter wissen,
1-1	0-4	Sehr	_	B
1-2	5-12	geehrte	_	I
1-3	13-17	Frau	_	I
1-4	18-29	Präsidentin	_	I
1-5	29-30	!	_	_
1-6	31-36	Meine	_	B
1-7	37-42	Damen	_	I
1-8	43-46	und	_	_
1-9	47-53	Herren	_	B
1-10	53-54	!	_	_
1-11	55-59	Ganz	_	_
1-12	60-62	so	_	_
1-13	63-68	rosig	_	_
1-14	69-72	wie	_	_
1-15	73-77	mein	_	_
1-16	78-87	Vorredner	_	_
1-17	88-94	vermag	_	_
1-18	95-98	ich	_	B
1-19	99-102	den	_	B
1-20	103-108	jetzt	_	I
1-21	109-121	vorliegenden	_	I
1-22	122-135	Gesetzentwurf	_	I
1-23	136-139	zur	_	_
1-24	140-150	Einführung	_	B
1-25	151-156	eines	_	B
1-26	157-158	§	_	I
1-27	159-162	127	_	I
1-28	163-178	Strafgesetzbuch	_	I
1-29	178-179	,	_	_
1-30	180-189	Betreiben	_	B
1-31	190-201	krimineller	_	B
1-32	202-220	Handelsplattformen	_	I
1-33	221-223	im	_	_
1-34	224-232	Internet	_	B
1-35	232-233	,	_	_
1-36	234-239	nicht	_	_
1-37	240-242	zu	_	_
1-38	243-248	sehen	_	_
1-39	248-249	;	_	_
1-40	250-254	denn	_	_
1-41	255-258	die	_	B
1-42	259-271	Kernprobleme	_	I
1-43	271-272	,	_	_
1-44	273-277	etwa	_	B
1-45	278-281	das	_	I
1-46	282-289	Problem	_	I
1-47	290-293	des	_	B
1-48	294-306	Nichtwissens	_	I
1-49	307-310	des	_	B
1-50	311-321	Betreibers	_	I
1-51	322-327	einer	_	B
1-52	328-337	Plattform	_	I
1-53	337-338	,	_	_
1-54	339-342	auf	_	_
1-55	343-346	der	_	B
1-56	347-355	illegale	_	B
1-57	356-361	Dinge	_	I
1-58	362-371	geschehen	_	_
1-59	372-376	oder	_	_
1-60	377-386	gehandelt	_	_
1-61	387-393	werden	_	_
1-62	393-394	,	_	_
1-63	395-405	beseitigen	_	_
1-64	406-409	Sie	_	B
1-65	410-413	mit	_	_
1-66	414-420	diesem	_	B
1-67	421-428	Entwurf	_	I
1-68	429-434	nicht	_	_
1-69	435-443	wirklich	_	_
1-70	443-444	.	_	_
1-71	445-449	Denn	_	_
1-72	450-454	auch	_	_
1-73	455-459	nach	_	_
1-74	460-466	diesem	_	B
1-75	467-474	Entwurf	_	I
1-76	475-479	muss	_	_
1-77	480-483	der	_	B
1-78	484-489	Täter	_	I
1-79	490-496	wissen	_	_
1-80	496-497	,	_	_

#Text=was auf seiner Plattform passiert. Das heißt im Gesetzentwurf dann so: „Wer eine Handelsplattform im Internet betreibt, deren Zweck darauf ausgerichtet ist …“. Die Plattform muss zu dem Zweck betrieben werden, dort Straftaten zu vermitteln und zu ermöglichen. Der von Ihnen angesprochene Fall wird damit auch nicht abgedeckt.
2-1	508-511	was	_	B
2-2	512-515	auf	_	_
2-3	516-522	seiner	_	B
2-4	523-532	Plattform	_	I
2-5	533-541	passiert	_	_
2-6	541-542	.	_	_
2-7	543-546	Das	_	B
2-8	547-552	heißt	_	_
2-9	553-555	im	_	_
2-10	556-569	Gesetzentwurf	_	B
2-11	570-574	dann	_	_
2-12	575-577	so	_	_
2-13	577-578	:	_	_
2-14	579-580	„	_	_
2-15	580-583	Wer	_	B
2-16	584-588	eine	_	B
2-17	589-605	Handelsplattform	_	I
2-18	606-608	im	_	_
2-19	609-617	Internet	_	B
2-20	618-626	betreibt	_	_
2-21	626-627	,	_	_
2-22	628-633	deren	_	B
2-23	634-639	Zweck	_	I
2-24	640-646	darauf	_	_
2-25	647-659	ausgerichtet	_	_
2-26	660-663	ist	_	_
2-27	664-665	…	_	_
2-28	665-666	“	_	_
2-29	666-667	.	_	_
2-30	668-671	Die	_	B
2-31	672-681	Plattform	_	I
2-32	682-686	muss	_	_
2-33	687-689	zu	_	_
2-34	690-693	dem	_	B
2-35	694-699	Zweck	_	I
2-36	700-709	betrieben	_	_
2-37	710-716	werden	_	_
2-38	716-717	,	_	_
2-39	718-722	dort	_	_
2-40	723-733	Straftaten	_	B
2-41	734-736	zu	_	_
2-42	737-747	vermitteln	_	_
2-43	748-751	und	_	_
2-44	752-754	zu	_	_
2-45	755-766	ermöglichen	_	_
2-46	766-767	.	_	_
2-47	768-771	Der	_	_
2-48	772-775	von	_	_
2-49	776-781	Ihnen	_	B
2-50	782-795	angesprochene	_	_
2-51	796-800	Fall	_	_
2-52	801-805	wird	_	_
2-53	806-811	damit	_	_
2-54	812-816	auch	_	_
2-55	817-822	nicht	_	_
2-56	823-832	abgedeckt	_	_
2-57	832-833	.	_	_

#Text=Ähnlich ist es bei folgender Frage: Wer eine Plattform im Darknet betreibt, auf der beispielsweise, wie Sie gesagt haben, tonnenweise Drogen im Wert von 36 Millionen Euro gehandelt werden, und wer Hunderttausende Euro Provision dafür kriegt, der macht sich auch schon nach jetzigem Recht strafbar; denn das ist offensichtlich Beihilfe zum Handel mit Drogen. Der kann bei bestem Willen nicht behaupten, er wüsste nicht, was er da im Darknet getan hätte, meine Damen und Herren.
3-1	843-850	Ähnlich	_	_
3-2	851-854	ist	_	_
3-3	855-857	es	_	B
3-4	858-861	bei	_	_
3-5	862-871	folgender	_	B
3-6	872-877	Frage	_	I
3-7	877-878	:	_	_
3-8	879-882	Wer	_	B
3-9	883-887	eine	_	B
3-10	888-897	Plattform	_	I
3-11	898-900	im	_	_
3-12	901-908	Darknet	_	B
3-13	909-917	betreibt	_	_
3-14	917-918	,	_	_
3-15	919-922	auf	_	_
3-16	923-926	der	_	B
3-17	927-941	beispielsweise	_	_
3-18	941-942	,	_	_
3-19	943-946	wie	_	_
3-20	947-950	Sie	_	B
3-21	951-957	gesagt	_	_
3-22	958-963	haben	_	_
3-23	963-964	,	_	_
3-24	965-976	tonnenweise	_	B
3-25	977-983	Drogen	_	I
3-26	984-986	im	_	_
3-27	987-991	Wert	_	B
3-28	992-995	von	_	_
3-29	996-998	36	_	B
3-30	999-1008	Millionen	_	I
3-31	1009-1013	Euro	_	I
3-32	1014-1023	gehandelt	_	_
3-33	1024-1030	werden	_	_
3-34	1030-1031	,	_	_
3-35	1032-1035	und	_	_
3-36	1036-1039	wer	_	B
3-37	1040-1055	Hunderttausende	_	B
3-38	1056-1060	Euro	_	B
3-39	1061-1070	Provision	_	I
3-40	1071-1076	dafür	_	_
3-41	1077-1083	kriegt	_	_
3-42	1083-1084	,	_	_
3-43	1085-1088	der	_	_
3-44	1089-1094	macht	_	_
3-45	1095-1099	sich	_	B
3-46	1100-1104	auch	_	_
3-47	1105-1110	schon	_	_
3-48	1111-1115	nach	_	_
3-49	1116-1124	jetzigem	_	B
3-50	1125-1130	Recht	_	I
3-51	1131-1139	strafbar	_	_
3-52	1139-1140	;	_	_
3-53	1141-1145	denn	_	_
3-54	1146-1149	das	_	B
3-55	1150-1153	ist	_	_
3-56	1154-1168	offensichtlich	_	_
3-57	1169-1177	Beihilfe	_	B
3-58	1178-1181	zum	_	_
3-59	1182-1188	Handel	_	B
3-60	1189-1192	mit	_	_
3-61	1193-1199	Drogen	_	B
3-62	1199-1200	.	_	_
3-63	1201-1204	Der	_	B
3-64	1205-1209	kann	_	_
3-65	1210-1213	bei	_	_
3-66	1214-1220	bestem	_	B
3-67	1221-1227	Willen	_	I
3-68	1228-1233	nicht	_	_
3-69	1234-1243	behaupten	_	_
3-70	1243-1244	,	_	_
3-71	1245-1247	er	_	B
3-72	1248-1254	wüsste	_	_
3-73	1255-1260	nicht	_	_
3-74	1260-1261	,	_	_
3-75	1262-1265	was	_	B
3-76	1266-1268	er	_	B
3-77	1269-1271	da	_	_
3-78	1272-1274	im	_	_
3-79	1275-1282	Darknet	_	B
3-80	1283-1288	getan	_	_
3-81	1289-1294	hätte	_	_
3-82	1294-1295	,	_	_
3-83	1296-1301	meine	_	B
3-84	1302-1307	Damen	_	I
3-85	1308-1311	und	_	_
3-86	1312-1318	Herren	_	B
3-87	1318-1319	.	_	_

#Text=Mit dem Straftatbestand tun sich allerdings noch einige andere Probleme auf. Erstens: das Vorsatzproblem. Sie haben eine Strafbarkeitserhöhung, indem Sie es zum Verbrechen qualifizieren, wenn die ermöglichte rechtswidrige Handlung ein Verbrechen ist; das ist nachvollziehbar. Aber das große Problem ist: Auch hier kommen Sie nicht daran vorbei: Sie kriegen nur die, die wir mit der deutschen Justiz fassen können, weil sie ihre Geschäfte in Deutschland betreiben. An die Server, die im Ausland aufgestellt sind und von dort als Handelsplattformen genutzt werden, kommen Sie nicht wirklich ran, jedenfalls nicht, wenn es sich um ausländische Täter handelt. Aber das ist ein Großteil der Geschäfte, die hier inkriminiert werden sollen. Dessen müssen wir uns bewusst sein.
4-1	1332-1335	Mit	_	_
4-2	1336-1339	dem	_	B
4-3	1340-1355	Straftatbestand	_	I
4-4	1356-1359	tun	_	_
4-5	1360-1364	sich	_	B
4-6	1365-1375	allerdings	_	_
4-7	1376-1380	noch	_	_
4-8	1381-1387	einige	_	B
4-9	1388-1394	andere	_	I
4-10	1395-1403	Probleme	_	I
4-11	1404-1407	auf	_	_
4-12	1407-1408	.	_	_
4-13	1409-1416	Erstens	_	B
4-14	1416-1417	:	_	I
4-15	1418-1421	das	_	I
4-16	1422-1436	Vorsatzproblem	_	I
4-17	1436-1437	.	_	_
4-18	1438-1441	Sie	_	B
4-19	1442-1447	haben	_	_
4-20	1448-1452	eine	_	B
4-21	1453-1474	Strafbarkeitserhöhung	_	I
4-22	1474-1475	,	_	_
4-23	1476-1481	indem	_	_
4-24	1482-1485	Sie	_	B
4-25	1486-1488	es	_	B
4-26	1489-1492	zum	_	_
4-27	1493-1503	Verbrechen	_	B
4-28	1504-1517	qualifizieren	_	_
4-29	1517-1518	,	_	_
4-30	1519-1523	wenn	_	_
4-31	1524-1527	die	_	B
4-32	1528-1539	ermöglichte	_	I
4-33	1540-1553	rechtswidrige	_	I
4-34	1554-1562	Handlung	_	I
4-35	1563-1566	ein	_	B
4-36	1567-1577	Verbrechen	_	I
4-37	1578-1581	ist	_	_
4-38	1581-1582	;	_	_
4-39	1583-1586	das	_	B
4-40	1587-1590	ist	_	_
4-41	1591-1606	nachvollziehbar	_	_
4-42	1606-1607	.	_	_
4-43	1608-1612	Aber	_	_
4-44	1613-1616	das	_	B
4-45	1617-1622	große	_	I
4-46	1623-1630	Problem	_	I
4-47	1631-1634	ist	_	_
4-48	1634-1635	:	_	_
4-49	1636-1640	Auch	_	_
4-50	1641-1645	hier	_	_
4-51	1646-1652	kommen	_	_
4-52	1653-1656	Sie	_	B
4-53	1657-1662	nicht	_	_
4-54	1663-1668	daran	_	_
4-55	1669-1675	vorbei	_	_
4-56	1675-1676	:	_	_
4-57	1677-1680	Sie	_	B
4-58	1681-1688	kriegen	_	_
4-59	1689-1692	nur	_	_
4-60	1693-1696	die	_	B
4-61	1696-1697	,	_	_
4-62	1698-1701	die	_	B
4-63	1702-1705	wir	_	B
4-64	1706-1709	mit	_	_
4-65	1710-1713	der	_	B
4-66	1714-1723	deutschen	_	I
4-67	1724-1730	Justiz	_	I
4-68	1731-1737	fassen	_	_
4-69	1738-1744	können	_	_
4-70	1744-1745	,	_	_
4-71	1746-1750	weil	_	_
4-72	1751-1754	sie	_	B
4-73	1755-1759	ihre	_	B
4-74	1760-1769	Geschäfte	_	I
4-75	1770-1772	in	_	_
4-76	1773-1784	Deutschland	_	B
4-77	1785-1794	betreiben	_	_
4-78	1794-1795	.	_	_
4-79	1796-1798	An	_	_
4-80	1799-1802	die	_	B
4-81	1803-1809	Server	_	I
4-82	1809-1810	,	_	_
4-83	1811-1814	die	_	B
4-84	1815-1817	im	_	_
4-85	1818-1825	Ausland	_	B
4-86	1826-1837	aufgestellt	_	_
4-87	1838-1842	sind	_	_
4-88	1843-1846	und	_	_
4-89	1847-1850	von	_	_
4-90	1851-1855	dort	_	_
4-91	1856-1859	als	_	_
4-92	1860-1878	Handelsplattformen	_	B
4-93	1879-1886	genutzt	_	_
4-94	1887-1893	werden	_	_
4-95	1893-1894	,	_	_
4-96	1895-1901	kommen	_	_
4-97	1902-1905	Sie	_	B
4-98	1906-1911	nicht	_	_
4-99	1912-1920	wirklich	_	_
4-100	1921-1924	ran	_	_
4-101	1924-1925	,	_	_
4-102	1926-1936	jedenfalls	_	_
4-103	1937-1942	nicht	_	_
4-104	1942-1943	,	_	_
4-105	1944-1948	wenn	_	_
4-106	1949-1951	es	_	_
4-107	1952-1956	sich	_	B
4-108	1957-1959	um	_	_
4-109	1960-1972	ausländische	_	B
4-110	1973-1978	Täter	_	I
4-111	1979-1986	handelt	_	_
4-112	1986-1987	.	_	_
4-113	1988-1992	Aber	_	_
4-114	1993-1996	das	_	B
4-115	1997-2000	ist	_	_
4-116	2001-2004	ein	_	B
4-117	2005-2013	Großteil	_	I
4-118	2014-2017	der	_	B
4-119	2018-2027	Geschäfte	_	I
4-120	2027-2028	,	_	_
4-121	2029-2032	die	_	B
4-122	2033-2037	hier	_	_
4-123	2038-2050	inkriminiert	_	_
4-124	2051-2057	werden	_	_
4-125	2058-2064	sollen	_	_
4-126	2064-2065	.	_	_
4-127	2066-2072	Dessen	_	B
4-128	2073-2079	müssen	_	_
4-129	2080-2083	wir	_	B
4-130	2084-2087	uns	_	B
4-131	2088-2095	bewusst	_	_
4-132	2096-2100	sein	_	_
4-133	2100-2101	.	_	_

#Text=Wir haben noch ein weiteres Problem, und das ist das rein tatsächliche Problem der Ausbildung und der Kapazität der ermittelnden Behörden. Das ist wie bei den vorherigen Tatbeständen, die eingeführt worden sind: Wir müssen uns auch um die Kapazitäten der Ermittlungsbehörden kümmern. Ansonsten greifen diese Tatbestände nicht. Das Strafrecht läuft ins Leere – es kann auch noch so scharf sein –, wenn niemand da ist, der mit ihm hantieren kann.
5-1	2122-2125	Wir	_	B
5-2	2126-2131	haben	_	_
5-3	2132-2136	noch	_	_
5-4	2137-2140	ein	_	B
5-5	2141-2149	weiteres	_	I
5-6	2150-2157	Problem	_	I
5-7	2157-2158	,	_	_
5-8	2159-2162	und	_	_
5-9	2163-2166	das	_	B
5-10	2167-2170	ist	_	_
5-11	2171-2174	das	_	B
5-12	2175-2179	rein	_	I
5-13	2180-2192	tatsächliche	_	I
5-14	2193-2200	Problem	_	I
5-15	2201-2204	der	_	B
5-16	2205-2215	Ausbildung	_	I
5-17	2216-2219	und	_	_
5-18	2220-2223	der	_	B
5-19	2224-2233	Kapazität	_	I
5-20	2234-2237	der	_	B
5-21	2238-2250	ermittelnden	_	I
5-22	2251-2259	Behörden	_	I
5-23	2259-2260	.	_	_
5-24	2261-2264	Das	_	B
5-25	2265-2268	ist	_	_
5-26	2269-2272	wie	_	_
5-27	2273-2276	bei	_	_
5-28	2277-2280	den	_	B
5-29	2281-2291	vorherigen	_	I
5-30	2292-2304	Tatbeständen	_	I
5-31	2304-2305	,	_	_
5-32	2306-2309	die	_	B
5-33	2310-2320	eingeführt	_	_
5-34	2321-2327	worden	_	_
5-35	2328-2332	sind	_	_
5-36	2332-2333	:	_	_
5-37	2334-2337	Wir	_	B
5-38	2338-2344	müssen	_	_
5-39	2345-2348	uns	_	B
5-40	2349-2353	auch	_	_
5-41	2354-2356	um	_	_
5-42	2357-2360	die	_	B
5-43	2361-2372	Kapazitäten	_	I
5-44	2373-2376	der	_	B
5-45	2377-2396	Ermittlungsbehörden	_	I
5-46	2397-2404	kümmern	_	_
5-47	2404-2405	.	_	_
5-48	2406-2415	Ansonsten	_	_
5-49	2416-2423	greifen	_	_
5-50	2424-2429	diese	_	B
5-51	2430-2441	Tatbestände	_	I
5-52	2442-2447	nicht	_	_
5-53	2447-2448	.	_	_
5-54	2449-2452	Das	_	B
5-55	2453-2463	Strafrecht	_	I
5-56	2464-2469	läuft	_	_
5-57	2470-2473	ins	_	_
5-58	2474-2479	Leere	_	B
5-59	2480-2481	–	_	_
5-60	2482-2484	es	_	B
5-61	2485-2489	kann	_	_
5-62	2490-2494	auch	_	_
5-63	2495-2499	noch	_	_
5-64	2500-2502	so	_	_
5-65	2503-2509	scharf	_	_
5-66	2510-2514	sein	_	_
5-67	2515-2516	–	_	_
5-68	2516-2517	,	_	_
5-69	2518-2522	wenn	_	_
5-70	2523-2530	niemand	_	B
5-71	2531-2533	da	_	_
5-72	2534-2537	ist	_	_
5-73	2537-2538	,	_	_
5-74	2539-2542	der	_	B
5-75	2543-2546	mit	_	_
5-76	2547-2550	ihm	_	B
5-77	2551-2560	hantieren	_	_
5-78	2561-2565	kann	_	_
5-79	2565-2566	.	_	_

#Text=Vielen Dank.
6-1	2576-2582	Vielen	_	_
6-2	2583-2587	Dank	_	_
6-3	2587-2588	.	_	_

#Text=Vielen Dank, Kollege Martens. – Das Wort geht an Niema Movassat von der Fraktion Die Linke.
7-1	2590-2596	Vielen	_	_
7-2	2597-2601	Dank	_	_
7-3	2601-2602	,	_	_
7-4	2603-2610	Kollege	_	B
7-5	2611-2618	Martens	_	I
7-6	2618-2619	.	_	_
7-7	2620-2621	–	_	_
7-8	2622-2625	Das	_	B
7-9	2626-2630	Wort	_	I
7-10	2631-2635	geht	_	_
7-11	2636-2638	an	_	_
7-12	2639-2644	Niema	_	B
7-13	2645-2653	Movassat	_	I
7-14	2654-2657	von	_	_
7-15	2658-2661	der	_	B
7-16	2662-2670	Fraktion	_	I
7-17	2671-2674	Die	_	B
7-18	2675-2680	Linke	_	I
7-19	2680-2681	.	_	_
