#FORMAT=WebAnno TSV 3.2
#T_SP=webanno.custom.Animacy|Animated
#T_SP=webanno.custom.CustomChunk|Chunk


#Text=Schönen Dank für Ihre Frage. – Zunächst einmal: Ich glaube, dass es wichtig war, dass wir ganz unabhängig von der konkreten und allgemeinen aktuellen Situation in letzter Zeit eine ganze Reihe von Verbesserungen des Insolvenzrechts zustande bekommen haben. Da hat die Coronakrise sogar als Beschleuniger gewirkt, weil diese Verbesserungen nicht nur in der Krise jetzt, sondern generell auch für die Restrukturierung von Unternehmen und die Möglichkeit, einen Neustart zu wagen, zur Verfügung stehen. Das ist alles viel einfacher geworden; das ist aus meiner Sicht auch ganz, ganz wichtig.
1-1	0-7	Schönen	_	B
1-2	8-12	Dank	_	I
1-3	13-16	für	_	_
1-4	17-21	Ihre	_	B
1-5	22-27	Frage	_	I
1-6	27-28	.	_	_
1-7	29-30	–	_	_
1-8	31-39	Zunächst	_	_
1-9	40-46	einmal	_	_
1-10	46-47	:	_	_
1-11	48-51	Ich	_	B
1-12	52-58	glaube	_	_
1-13	58-59	,	_	_
1-14	60-64	dass	_	_
1-15	65-67	es	_	B
1-16	68-75	wichtig	_	_
1-17	76-79	war	_	_
1-18	79-80	,	_	_
1-19	81-85	dass	_	_
1-20	86-89	wir	_	B
1-21	90-94	ganz	_	_
1-22	95-105	unabhängig	_	_
1-23	106-109	von	_	_
1-24	110-113	der	_	B
1-25	114-123	konkreten	_	I
1-26	124-127	und	_	I
1-27	128-139	allgemeinen	_	I
1-28	140-149	aktuellen	_	I
1-29	150-159	Situation	_	I
1-30	160-162	in	_	_
1-31	163-170	letzter	_	B
1-32	171-175	Zeit	_	I
1-33	176-180	eine	_	B
1-34	181-186	ganze	_	I
1-35	187-192	Reihe	_	I
1-36	193-196	von	_	_
1-37	197-211	Verbesserungen	_	B
1-38	212-215	des	_	B
1-39	216-231	Insolvenzrechts	_	I
1-40	232-240	zustande	_	_
1-41	241-249	bekommen	_	_
1-42	250-255	haben	_	_
1-43	255-256	.	_	_
1-44	257-259	Da	_	_
1-45	260-263	hat	_	_
1-46	264-267	die	_	B
1-47	268-279	Coronakrise	_	I
1-48	280-285	sogar	_	_
1-49	286-289	als	_	_
1-50	290-303	Beschleuniger	_	B
1-51	304-311	gewirkt	_	_
1-52	311-312	,	_	_
1-53	313-317	weil	_	_
1-54	318-323	diese	_	B
1-55	324-338	Verbesserungen	_	I
1-56	339-344	nicht	_	_
1-57	345-348	nur	_	_
1-58	349-351	in	_	_
1-59	352-355	der	_	B
1-60	356-361	Krise	_	I
1-61	362-367	jetzt	_	_
1-62	367-368	,	_	_
1-63	369-376	sondern	_	_
1-64	377-385	generell	_	_
1-65	386-390	auch	_	_
1-66	391-394	für	_	_
1-67	395-398	die	_	B
1-68	399-415	Restrukturierung	_	I
1-69	416-419	von	_	_
1-70	420-431	Unternehmen	_	B
1-71	432-435	und	_	_
1-72	436-439	die	_	B
1-73	440-451	Möglichkeit	_	I
1-74	451-452	,	_	_
1-75	453-458	einen	_	B
1-76	459-467	Neustart	_	I
1-77	468-470	zu	_	_
1-78	471-476	wagen	_	_
1-79	476-477	,	_	_
1-80	478-481	zur	_	_
1-81	482-491	Verfügung	_	B
1-82	492-498	stehen	_	_
1-83	498-499	.	_	_
1-84	500-503	Das	_	B
1-85	504-507	ist	_	_
1-86	508-513	alles	_	B
1-87	514-518	viel	_	_
1-88	519-528	einfacher	_	_
1-89	529-537	geworden	_	_
1-90	537-538	;	_	_
1-91	539-542	das	_	B
1-92	543-546	ist	_	_
1-93	547-550	aus	_	_
1-94	551-557	meiner	_	B
1-95	558-563	Sicht	_	I
1-96	564-568	auch	_	_
1-97	569-573	ganz	_	_
1-98	573-574	,	_	_
1-99	575-579	ganz	_	_
1-100	580-587	wichtig	_	_
1-101	587-588	.	_	_

#Text=Im Übrigen ist es so, dass wir Insolvenzantragspflichten mit mehreren Maßnahmen ausgesetzt haben. Das ist stufenweise zurückgegangen, und die letzte Maßnahme bezog sich ausschließlich auf den Fall, dass jemand, der noch Hilfen zu bekommen hat, die aber noch nicht bei ihm eingegangen sind, nicht in die Situation geraten würde, einen Insolvenzantrag stellen zu müssen. Wenn die Hilfen sicher zugesagt sind, kann man sie auch bei den eigenen Entscheidungen und der Bilanzierung berücksichtigen. Es geht also wahrscheinlich ohnehin um eine überschaubare Menge von Fällen; das jedenfalls darf man hoffen.
2-1	602-604	Im	_	_
2-2	605-612	Übrigen	_	B
2-3	613-616	ist	_	_
2-4	617-619	es	_	B
2-5	620-622	so	_	_
2-6	622-623	,	_	_
2-7	624-628	dass	_	_
2-8	629-632	wir	_	B
2-9	633-658	Insolvenzantragspflichten	_	B
2-10	659-662	mit	_	_
2-11	663-671	mehreren	_	B
2-12	672-681	Maßnahmen	_	I
2-13	682-692	ausgesetzt	_	_
2-14	693-698	haben	_	_
2-15	698-699	.	_	_
2-16	700-703	Das	_	B
2-17	704-707	ist	_	_
2-18	708-719	stufenweise	_	_
2-19	720-734	zurückgegangen	_	_
2-20	734-735	,	_	_
2-21	736-739	und	_	_
2-22	740-743	die	_	B
2-23	744-750	letzte	_	I
2-24	751-759	Maßnahme	_	I
2-25	760-765	bezog	_	_
2-26	766-770	sich	_	B
2-27	771-785	ausschließlich	_	_
2-28	786-789	auf	_	_
2-29	790-793	den	_	B
2-30	794-798	Fall	_	I
2-31	798-799	,	_	_
2-32	800-804	dass	_	_
2-33	805-811	jemand	_	B
2-34	811-812	,	_	_
2-35	813-816	der	_	B
2-36	817-821	noch	_	_
2-37	822-828	Hilfen	_	B
2-38	829-831	zu	_	_
2-39	832-840	bekommen	_	_
2-40	841-844	hat	_	_
2-41	844-845	,	_	_
2-42	846-849	die	_	B
2-43	850-854	aber	_	_
2-44	855-859	noch	_	_
2-45	860-865	nicht	_	_
2-46	866-869	bei	_	_
2-47	870-873	ihm	_	B
2-48	874-885	eingegangen	_	_
2-49	886-890	sind	_	_
2-50	890-891	,	_	_
2-51	892-897	nicht	_	_
2-52	898-900	in	_	_
2-53	901-904	die	_	B
2-54	905-914	Situation	_	I
2-55	915-922	geraten	_	_
2-56	923-928	würde	_	_
2-57	928-929	,	_	_
2-58	930-935	einen	_	B
2-59	936-951	Insolvenzantrag	_	I
2-60	952-959	stellen	_	_
2-61	960-962	zu	_	_
2-62	963-969	müssen	_	_
2-63	969-970	.	_	_
2-64	971-975	Wenn	_	_
2-65	976-979	die	_	B
2-66	980-986	Hilfen	_	I
2-67	987-993	sicher	_	_
2-68	994-1002	zugesagt	_	_
2-69	1003-1007	sind	_	_
2-70	1007-1008	,	_	_
2-71	1009-1013	kann	_	_
2-72	1014-1017	man	_	B
2-73	1018-1021	sie	_	B
2-74	1022-1026	auch	_	_
2-75	1027-1030	bei	_	_
2-76	1031-1034	den	_	B
2-77	1035-1042	eigenen	_	I
2-78	1043-1057	Entscheidungen	_	I
2-79	1058-1061	und	_	_
2-80	1062-1065	der	_	B
2-81	1066-1078	Bilanzierung	_	I
2-82	1079-1094	berücksichtigen	_	_
2-83	1094-1095	.	_	_
2-84	1096-1098	Es	_	_
2-85	1099-1103	geht	_	_
2-86	1104-1108	also	_	_
2-87	1109-1123	wahrscheinlich	_	_
2-88	1124-1131	ohnehin	_	_
2-89	1132-1134	um	_	_
2-90	1135-1139	eine	_	B
2-91	1140-1153	überschaubare	_	I
2-92	1154-1159	Menge	_	I
2-93	1160-1163	von	_	_
2-94	1164-1170	Fällen	_	B
2-95	1170-1171	;	_	_
2-96	1172-1175	das	_	B
2-97	1176-1186	jedenfalls	_	_
2-98	1187-1191	darf	_	_
2-99	1192-1195	man	_	B
2-100	1196-1202	hoffen	_	_
2-101	1202-1203	.	_	_

#Text=Es hat darüber eine Diskussion gegeben. Sie wissen, dass dort Vorschläge gemacht worden sind, auch zum Beispiel vom Justizministerium und auch hier im Deutschen Bundestag. Am Ende hat die Beratung auch hier in diesem Hause keine Gesetzgebungsinitiative für eine Verlängerung zustande gebracht.
3-1	1217-1219	Es	_	_
3-2	1220-1223	hat	_	_
3-3	1224-1231	darüber	_	_
3-4	1232-1236	eine	_	B
3-5	1237-1247	Diskussion	_	I
3-6	1248-1255	gegeben	_	_
3-7	1255-1256	.	_	_
3-8	1257-1260	Sie	_	B
3-9	1261-1267	wissen	_	_
3-10	1267-1268	,	_	_
3-11	1269-1273	dass	_	_
3-12	1274-1278	dort	_	_
3-13	1279-1289	Vorschläge	_	B
3-14	1290-1297	gemacht	_	_
3-15	1298-1304	worden	_	_
3-16	1305-1309	sind	_	_
3-17	1309-1310	,	_	_
3-18	1311-1315	auch	_	_
3-19	1316-1319	zum	_	_
3-20	1320-1328	Beispiel	_	B
3-21	1329-1332	vom	_	_
3-22	1333-1350	Justizministerium	_	B
3-23	1351-1354	und	_	_
3-24	1355-1359	auch	_	_
3-25	1360-1364	hier	_	_
3-26	1365-1367	im	_	_
3-27	1368-1377	Deutschen	_	B
3-28	1378-1387	Bundestag	_	I
3-29	1387-1388	.	_	_
3-30	1389-1391	Am	_	_
3-31	1392-1396	Ende	_	B
3-32	1397-1400	hat	_	_
3-33	1401-1404	die	_	B
3-34	1405-1413	Beratung	_	I
3-35	1414-1418	auch	_	_
3-36	1419-1423	hier	_	_
3-37	1424-1426	in	_	_
3-38	1427-1433	diesem	_	B
3-39	1434-1439	Hause	_	I
3-40	1440-1445	keine	_	B
3-41	1446-1469	Gesetzgebungsinitiative	_	I
3-42	1470-1473	für	_	_
3-43	1474-1478	eine	_	B
3-44	1479-1491	Verlängerung	_	I
3-45	1492-1500	zustande	_	_
3-46	1501-1509	gebracht	_	_
3-47	1509-1510	.	_	_

#Text=Herr Meister, Rückfrage?
4-1	1516-1520	Herr	_	B
4-2	1521-1528	Meister	_	I
4-3	1528-1529	,	_	_
4-4	1530-1539	Rückfrage	_	B
4-5	1539-1540	?	_	_
