#FORMAT=WebAnno TSV 3.2
#T_SP=webanno.custom.Animacy|Animated
#T_SP=webanno.custom.CustomChunk|Chunk


#Text=Liebe Kolleginnen und Kollegen! Herr Präsident! Herr Minister, der Aufwuchs in diesem Etat liegt im Moment bei 3,5 Milliarden Euro. Aber wir wissen: Es wird wahrscheinlich noch mehr sein; denn wir warten ja noch auf die Herbstprognose, und dann wird noch etwas draufkommen. Ehrlich gesagt: Dafür, dass Sie so viel Geld verwalten, fand ich sowohl Ihre Rede als auch die Rede vom Kollegen Gröhe etwas ideenlos und unambitioniert.
1-1	0-5	Liebe	_	B
1-2	6-17	Kolleginnen	_	B
1-3	18-21	und	_	_
1-4	22-30	Kollegen	_	B
1-5	30-31	!	_	_
1-6	32-36	Herr	_	B
1-7	37-46	Präsident	_	I
1-8	46-47	!	_	_
1-9	48-52	Herr	_	B
1-10	53-61	Minister	_	I
1-11	61-62	,	_	_
1-12	63-66	der	_	B
1-13	67-75	Aufwuchs	_	I
1-14	76-78	in	_	_
1-15	79-85	diesem	_	B
1-16	86-90	Etat	_	I
1-17	91-96	liegt	_	_
1-18	97-99	im	_	_
1-19	100-106	Moment	_	B
1-20	107-110	bei	_	_
1-21	111-114	3,5	_	B
1-22	115-125	Milliarden	_	I
1-23	126-130	Euro	_	I
1-24	130-131	.	_	_
1-25	132-136	Aber	_	_
1-26	137-140	wir	_	B
1-27	141-147	wissen	_	_
1-28	147-148	:	_	_
1-29	149-151	Es	_	B
1-30	152-156	wird	_	_
1-31	157-171	wahrscheinlich	_	_
1-32	172-176	noch	_	B
1-33	177-181	mehr	_	I
1-34	182-186	sein	_	_
1-35	186-187	;	_	_
1-36	188-192	denn	_	_
1-37	193-196	wir	_	B
1-38	197-203	warten	_	_
1-39	204-206	ja	_	_
1-40	207-211	noch	_	_
1-41	212-215	auf	_	_
1-42	216-219	die	_	B
1-43	220-234	Herbstprognose	_	I
1-44	234-235	,	_	_
1-45	236-239	und	_	_
1-46	240-244	dann	_	_
1-47	245-249	wird	_	_
1-48	250-254	noch	_	B
1-49	255-260	etwas	_	I
1-50	261-272	draufkommen	_	_
1-51	272-273	.	_	_
1-52	274-281	Ehrlich	_	_
1-53	282-288	gesagt	_	_
1-54	288-289	:	_	_
1-55	290-295	Dafür	_	_
1-56	295-296	,	_	_
1-57	297-301	dass	_	_
1-58	302-305	Sie	_	B
1-59	306-308	so	_	B
1-60	309-313	viel	_	I
1-61	314-318	Geld	_	I
1-62	319-328	verwalten	_	_
1-63	328-329	,	_	_
1-64	330-334	fand	_	_
1-65	335-338	ich	_	B
1-66	339-345	sowohl	_	B
1-67	346-350	Ihre	_	I
1-68	351-355	Rede	_	I
1-69	356-359	als	_	_
1-70	360-364	auch	_	B
1-71	365-368	die	_	I
1-72	369-373	Rede	_	I
1-73	374-377	vom	_	_
1-74	378-386	Kollegen	_	B
1-75	387-392	Gröhe	_	I
1-76	393-398	etwas	_	_
1-77	399-407	ideenlos	_	_
1-78	408-411	und	_	_
1-79	412-426	unambitioniert	_	_
1-80	426-427	.	_	_

#Text=Sie haben so viel zu tun. Ich will das mal anhand von Beispielen ein bisschen konkretisieren:
2-1	440-443	Sie	_	B
2-2	444-449	haben	_	_
2-3	450-452	so	_	B
2-4	453-457	viel	_	I
2-5	458-460	zu	_	_
2-6	461-464	tun	_	_
2-7	464-465	.	_	_
2-8	466-469	Ich	_	B
2-9	470-474	will	_	_
2-10	475-478	das	_	B
2-11	479-482	mal	_	I
2-12	483-489	anhand	_	_
2-13	490-493	von	_	_
2-14	494-504	Beispielen	_	B
2-15	505-508	ein	_	_
2-16	509-517	bisschen	_	_
2-17	518-532	konkretisieren	_	_
2-18	532-533	:	_	_

#Text=Ich fange mit dem Rentenkapitel an, weil da ja das meiste Geld drinsteckt. Laut Planung werden die Zuschüsse in diesem Bereich bis 2023 um 15 Milliarden Euro auf eine Summe von 125 Milliarden Euro steigen. Das ist eine stolze Summe. Aber erst dann kommt die doppelte Haltelinie für Beiträge und Leistungsniveau richtig unter Druck. Wenn Sie jetzt von der doppelten Haltelinie und davon, was Sie Großartiges machen, reden, dann ist das doch nur ein PR-Gag. Blüm hätte seine echte Freude an dem, was Sie jetzt machen. Denn die Probleme kommen erst ab 2024 auf uns zu, und darauf haben Sie keine Antwort – gar keine.
3-1	536-539	Ich	_	B
3-2	540-545	fange	_	_
3-3	546-549	mit	_	_
3-4	550-553	dem	_	B
3-5	554-567	Rentenkapitel	_	I
3-6	568-570	an	_	_
3-7	570-571	,	_	_
3-8	572-576	weil	_	_
3-9	577-579	da	_	_
3-10	580-582	ja	_	_
3-11	583-586	das	_	B
3-12	587-593	meiste	_	I
3-13	594-598	Geld	_	I
3-14	599-609	drinsteckt	_	_
3-15	609-610	.	_	_
3-16	611-615	Laut	_	_
3-17	616-623	Planung	_	B
3-18	624-630	werden	_	_
3-19	631-634	die	_	B
3-20	635-644	Zuschüsse	_	I
3-21	645-647	in	_	_
3-22	648-654	diesem	_	B
3-23	655-662	Bereich	_	I
3-24	663-666	bis	_	_
3-25	667-671	2023	_	_
3-26	672-674	um	_	_
3-27	675-677	15	_	B
3-28	678-688	Milliarden	_	I
3-29	689-693	Euro	_	I
3-30	694-697	auf	_	_
3-31	698-702	eine	_	B
3-32	703-708	Summe	_	I
3-33	709-712	von	_	_
3-34	713-716	125	_	B
3-35	717-727	Milliarden	_	I
3-36	728-732	Euro	_	I
3-37	733-740	steigen	_	_
3-38	740-741	.	_	_
3-39	742-745	Das	_	B
3-40	746-749	ist	_	_
3-41	750-754	eine	_	B
3-42	755-761	stolze	_	I
3-43	762-767	Summe	_	I
3-44	767-768	.	_	_
3-45	769-773	Aber	_	_
3-46	774-778	erst	_	_
3-47	779-783	dann	_	_
3-48	784-789	kommt	_	_
3-49	790-793	die	_	B
3-50	794-802	doppelte	_	I
3-51	803-813	Haltelinie	_	I
3-52	814-817	für	_	_
3-53	818-826	Beiträge	_	B
3-54	827-830	und	_	_
3-55	831-846	Leistungsniveau	_	B
3-56	847-854	richtig	_	_
3-57	855-860	unter	_	_
3-58	861-866	Druck	_	B
3-59	866-867	.	_	_
3-60	868-872	Wenn	_	_
3-61	873-876	Sie	_	B
3-62	877-882	jetzt	_	_
3-63	883-886	von	_	_
3-64	887-890	der	_	B
3-65	891-900	doppelten	_	I
3-66	901-911	Haltelinie	_	I
3-67	912-915	und	_	_
3-68	916-921	davon	_	_
3-69	921-922	,	_	_
3-70	923-926	was	_	B
3-71	927-930	Sie	_	B
3-72	931-942	Großartiges	_	B
3-73	943-949	machen	_	_
3-74	949-950	,	_	_
3-75	951-956	reden	_	_
3-76	956-957	,	_	_
3-77	958-962	dann	_	_
3-78	963-966	ist	_	_
3-79	967-970	das	_	B
3-80	971-975	doch	_	_
3-81	976-979	nur	_	B
3-82	980-983	ein	_	I
3-83	984-990	PR-Gag	_	I
3-84	990-991	.	_	_
3-85	992-996	Blüm	_	B
3-86	997-1002	hätte	_	_
3-87	1003-1008	seine	_	B
3-88	1009-1014	echte	_	I
3-89	1015-1021	Freude	_	I
3-90	1022-1024	an	_	_
3-91	1025-1028	dem	_	B
3-92	1028-1029	,	_	_
3-93	1030-1033	was	_	B
3-94	1034-1037	Sie	_	B
3-95	1038-1043	jetzt	_	_
3-96	1044-1050	machen	_	_
3-97	1050-1051	.	_	_
3-98	1052-1056	Denn	_	_
3-99	1057-1060	die	_	B
3-100	1061-1069	Probleme	_	I
3-101	1070-1076	kommen	_	_
3-102	1077-1081	erst	_	_
3-103	1082-1084	ab	_	_
3-104	1085-1089	2024	_	_
3-105	1090-1093	auf	_	_
3-106	1094-1097	uns	_	B
3-107	1098-1100	zu	_	_
3-108	1100-1101	,	_	_
3-109	1102-1105	und	_	_
3-110	1106-1112	darauf	_	_
3-111	1113-1118	haben	_	_
3-112	1119-1122	Sie	_	B
3-113	1123-1128	keine	_	B
3-114	1129-1136	Antwort	_	I
3-115	1137-1138	–	_	_
3-116	1139-1142	gar	_	_
3-117	1143-1148	keine	_	_
3-118	1148-1149	.	_	_

#Text=Sie wissen doch jetzt schon, dass die Demografiereserve viel zu niedrig ist.
4-1	1163-1166	Sie	_	B
4-2	1167-1173	wissen	_	_
4-3	1174-1178	doch	_	_
4-4	1179-1184	jetzt	_	_
4-5	1185-1190	schon	_	_
4-6	1190-1191	,	_	_
4-7	1192-1196	dass	_	_
4-8	1197-1200	die	_	B
4-9	1201-1218	Demografiereserve	_	I
4-10	1219-1223	viel	_	_
4-11	1224-1226	zu	_	_
4-12	1227-1234	niedrig	_	_
4-13	1235-1238	ist	_	_
4-14	1238-1239	.	_	_

#Text=Sie wissen doch jetzt schon, dass Sie viel mehr tun müssen, um die Beitragshöhe zu stabilisieren, und zwar ab 2024.
5-1	1242-1245	Sie	_	B
5-2	1246-1252	wissen	_	_
5-3	1253-1257	doch	_	_
5-4	1258-1263	jetzt	_	_
5-5	1264-1269	schon	_	_
5-6	1269-1270	,	_	_
5-7	1271-1275	dass	_	_
5-8	1276-1279	Sie	_	B
5-9	1280-1284	viel	_	B
5-10	1285-1289	mehr	_	I
5-11	1290-1293	tun	_	_
5-12	1294-1300	müssen	_	_
5-13	1300-1301	,	_	_
5-14	1302-1304	um	_	_
5-15	1305-1308	die	_	B
5-16	1309-1321	Beitragshöhe	_	I
5-17	1322-1324	zu	_	_
5-18	1325-1338	stabilisieren	_	_
5-19	1338-1339	,	_	_
5-20	1340-1343	und	_	_
5-21	1344-1348	zwar	_	_
5-22	1349-1351	ab	_	_
5-23	1352-1357	2024.	_	B

#Text=Sie haben auch so gar keine Idee, wie Sie eigentlich die Mütterrente finanzieren werden. Ich habe zumindest nichts mehr dazu gehört. Aber genau diese Frage müssen Sie doch erst beantworten.
6-1	1361-1364	Sie	_	B
6-2	1365-1370	haben	_	_
6-3	1371-1375	auch	_	B
6-4	1376-1378	so	_	I
6-5	1379-1382	gar	_	I
6-6	1383-1388	keine	_	I
6-7	1389-1393	Idee	_	I
6-8	1393-1394	,	_	_
6-9	1395-1398	wie	_	_
6-10	1399-1402	Sie	_	B
6-11	1403-1413	eigentlich	_	_
6-12	1414-1417	die	_	B
6-13	1418-1429	Mütterrente	_	I
6-14	1430-1441	finanzieren	_	_
6-15	1442-1448	werden	_	_
6-16	1448-1449	.	_	_
6-17	1450-1453	Ich	_	B
6-18	1454-1458	habe	_	_
6-19	1459-1468	zumindest	_	_
6-20	1469-1475	nichts	_	B
6-21	1476-1480	mehr	_	_
6-22	1481-1485	dazu	_	_
6-23	1486-1492	gehört	_	_
6-24	1492-1493	.	_	_
6-25	1494-1498	Aber	_	_
6-26	1499-1504	genau	_	B
6-27	1505-1510	diese	_	I
6-28	1511-1516	Frage	_	I
6-29	1517-1523	müssen	_	_
6-30	1524-1527	Sie	_	B
6-31	1528-1532	doch	_	_
6-32	1533-1537	erst	_	_
6-33	1538-1549	beantworten	_	_
6-34	1549-1550	.	_	_

#Text=Lieber Herr Kollege Birkwald, Sie schreien dazwischen. Ich höre Sie aber leider nicht. Stellen Sie mir eine Frage; dann kriege ich ein bisschen mehr Redezeit. Ich wäre dankbar dafür.
7-1	1555-1561	Lieber	_	B
7-2	1562-1566	Herr	_	I
7-3	1567-1574	Kollege	_	I
7-4	1575-1583	Birkwald	_	B
7-5	1583-1584	,	_	_
7-6	1585-1588	Sie	_	B
7-7	1589-1597	schreien	_	_
7-8	1598-1608	dazwischen	_	_
7-9	1608-1609	.	_	_
7-10	1610-1613	Ich	_	B
7-11	1614-1618	höre	_	_
7-12	1619-1622	Sie	_	B
7-13	1623-1627	aber	_	_
7-14	1628-1634	leider	_	_
7-15	1635-1640	nicht	_	_
7-16	1640-1641	.	_	_
7-17	1642-1649	Stellen	_	B
7-18	1650-1653	Sie	_	B
7-19	1654-1657	mir	_	B
7-20	1658-1662	eine	_	B
7-21	1663-1668	Frage	_	I
7-22	1668-1669	;	_	_
7-23	1670-1674	dann	_	_
7-24	1675-1681	kriege	_	_
7-25	1682-1685	ich	_	B
7-26	1686-1689	ein	_	B
7-27	1690-1698	bisschen	_	I
7-28	1699-1703	mehr	_	I
7-29	1704-1712	Redezeit	_	I
7-30	1712-1713	.	_	_
7-31	1714-1717	Ich	_	B
7-32	1718-1722	wäre	_	_
7-33	1723-1730	dankbar	_	_
7-34	1731-1736	dafür	_	_
7-35	1736-1737	.	_	_

#Text=Damit gehe ich auf das ein, was Sie angekündigt haben. Wenn Sie jetzt schon mit diesen Milliardenherausforderungen so lax umgehen, wenn Sie jetzt schon keine Antworten auf die Fragen unserer Zeit haben, wie wollen Sie dann die Zukunftsfragen beantworten?
8-1	1744-1749	Damit	_	_
8-2	1750-1754	gehe	_	_
8-3	1755-1758	ich	_	B
8-4	1759-1762	auf	_	_
8-5	1763-1766	das	_	B
8-6	1767-1770	ein	_	_
8-7	1770-1771	,	_	_
8-8	1772-1775	was	_	B
8-9	1776-1779	Sie	_	B
8-10	1780-1791	angekündigt	_	_
8-11	1792-1797	haben	_	_
8-12	1797-1798	.	_	_
8-13	1799-1803	Wenn	_	_
8-14	1804-1807	Sie	_	B
8-15	1808-1813	jetzt	_	_
8-16	1814-1819	schon	_	_
8-17	1820-1823	mit	_	_
8-18	1824-1830	diesen	_	B
8-19	1831-1858	Milliardenherausforderungen	_	I
8-20	1859-1861	so	_	_
8-21	1862-1865	lax	_	_
8-22	1866-1873	umgehen	_	_
8-23	1873-1874	,	_	_
8-24	1875-1879	wenn	_	_
8-25	1880-1883	Sie	_	B
8-26	1884-1889	jetzt	_	_
8-27	1890-1895	schon	_	_
8-28	1896-1901	keine	_	B
8-29	1902-1911	Antworten	_	I
8-30	1912-1915	auf	_	_
8-31	1916-1919	die	_	B
8-32	1920-1926	Fragen	_	I
8-33	1927-1934	unserer	_	B
8-34	1935-1939	Zeit	_	I
8-35	1940-1945	haben	_	_
8-36	1945-1946	,	_	_
8-37	1947-1950	wie	_	_
8-38	1951-1957	wollen	_	_
8-39	1958-1961	Sie	_	B
8-40	1962-1966	dann	_	_
8-41	1967-1970	die	_	B
8-42	1971-1985	Zukunftsfragen	_	I
8-43	1986-1997	beantworten	_	_
8-44	1997-1998	?	_	_

#Text=Ich komme zur Grundrente. Das ist ja seit Jahren ein Hin-und-her-Spiel: Sie haben sie angekündigt. Dann ist das Vorhaben verschwunden. Dann wurde es wieder angekündigt, und dann ist es wieder verschwunden. Jetzt ist es gerade wieder angekündigt, und jeder spekuliert, was da drinsteckt. Ehrlich gesagt: Ich weiß es nicht, und Sie wahrscheinlich auch nicht. Sie haben nämlich keine Ahnung, wann Sie uns das vorlegen werden. Ich bin mal gespannt. Ich wage erst, darüber zu urteilen, wenn etwas vorgelegt wird. Aber ich kenne nichts. Kennen Sie denn ein konkretes Modell? Nein. Ich kenne es auch nicht. Also reden Sie nicht darüber. Die Devise muss doch lauten: Handeln, und zwar jetzt sofort!
9-1	2004-2007	Ich	_	B
9-2	2008-2013	komme	_	_
9-3	2014-2017	zur	_	_
9-4	2018-2028	Grundrente	_	B
9-5	2028-2029	.	_	_
9-6	2030-2033	Das	_	B
9-7	2034-2037	ist	_	_
9-8	2038-2040	ja	_	_
9-9	2041-2045	seit	_	_
9-10	2046-2052	Jahren	_	B
9-11	2053-2056	ein	_	B
9-12	2057-2074	Hin-und-her-Spiel	_	I
9-13	2074-2075	:	_	_
9-14	2076-2079	Sie	_	B
9-15	2080-2085	haben	_	_
9-16	2086-2089	sie	_	B
9-17	2090-2101	angekündigt	_	_
9-18	2101-2102	.	_	_
9-19	2103-2107	Dann	_	_
9-20	2108-2111	ist	_	_
9-21	2112-2115	das	_	B
9-22	2116-2124	Vorhaben	_	I
9-23	2125-2137	verschwunden	_	_
9-24	2137-2138	.	_	_
9-25	2139-2143	Dann	_	_
9-26	2144-2149	wurde	_	_
9-27	2150-2152	es	_	B
9-28	2153-2159	wieder	_	_
9-29	2160-2171	angekündigt	_	_
9-30	2171-2172	,	_	_
9-31	2173-2176	und	_	_
9-32	2177-2181	dann	_	_
9-33	2182-2185	ist	_	_
9-34	2186-2188	es	_	B
9-35	2189-2195	wieder	_	_
9-36	2196-2208	verschwunden	_	_
9-37	2208-2209	.	_	_
9-38	2210-2215	Jetzt	_	_
9-39	2216-2219	ist	_	_
9-40	2220-2222	es	_	B
9-41	2223-2229	gerade	_	_
9-42	2230-2236	wieder	_	_
9-43	2237-2248	angekündigt	_	_
9-44	2248-2249	,	_	_
9-45	2250-2253	und	_	_
9-46	2254-2259	jeder	_	B
9-47	2260-2270	spekuliert	_	_
9-48	2270-2271	,	_	_
9-49	2272-2275	was	_	B
9-50	2276-2278	da	_	_
9-51	2279-2289	drinsteckt	_	_
9-52	2289-2290	.	_	_
9-53	2291-2298	Ehrlich	_	_
9-54	2299-2305	gesagt	_	_
9-55	2305-2306	:	_	_
9-56	2307-2310	Ich	_	B
9-57	2311-2315	weiß	_	_
9-58	2316-2318	es	_	B
9-59	2319-2324	nicht	_	_
9-60	2324-2325	,	_	_
9-61	2326-2329	und	_	_
9-62	2330-2333	Sie	_	B
9-63	2334-2348	wahrscheinlich	_	_
9-64	2349-2353	auch	_	_
9-65	2354-2359	nicht	_	_
9-66	2359-2360	.	_	_
9-67	2361-2364	Sie	_	B
9-68	2365-2370	haben	_	_
9-69	2371-2378	nämlich	_	_
9-70	2379-2384	keine	_	B
9-71	2385-2391	Ahnung	_	I
9-72	2391-2392	,	_	_
9-73	2393-2397	wann	_	_
9-74	2398-2401	Sie	_	B
9-75	2402-2405	uns	_	B
9-76	2406-2409	das	_	B
9-77	2410-2418	vorlegen	_	_
9-78	2419-2425	werden	_	_
9-79	2425-2426	.	_	_
9-80	2427-2430	Ich	_	B
9-81	2431-2434	bin	_	_
9-82	2435-2438	mal	_	_
9-83	2439-2447	gespannt	_	_
9-84	2447-2448	.	_	_
9-85	2449-2452	Ich	_	B
9-86	2453-2457	wage	_	_
9-87	2458-2462	erst	_	_
9-88	2462-2463	,	_	_
9-89	2464-2471	darüber	_	_
9-90	2472-2474	zu	_	_
9-91	2475-2483	urteilen	_	_
9-92	2483-2484	,	_	_
9-93	2485-2489	wenn	_	_
9-94	2490-2495	etwas	_	B
9-95	2496-2505	vorgelegt	_	_
9-96	2506-2510	wird	_	_
9-97	2510-2511	.	_	_
9-98	2512-2516	Aber	_	_
9-99	2517-2520	ich	_	B
9-100	2521-2526	kenne	_	_
9-101	2527-2533	nichts	_	B
9-102	2533-2534	.	_	_
9-103	2535-2541	Kennen	_	_
9-104	2542-2545	Sie	_	B
9-105	2546-2550	denn	_	_
9-106	2551-2554	ein	_	B
9-107	2555-2564	konkretes	_	I
9-108	2565-2571	Modell	_	I
9-109	2571-2572	?	_	_
9-110	2573-2577	Nein	_	_
9-111	2577-2578	.	_	_
9-112	2579-2582	Ich	_	B
9-113	2583-2588	kenne	_	_
9-114	2589-2591	es	_	B
9-115	2592-2596	auch	_	_
9-116	2597-2602	nicht	_	_
9-117	2602-2603	.	_	_
9-118	2604-2608	Also	_	_
9-119	2609-2614	reden	_	_
9-120	2615-2618	Sie	_	B
9-121	2619-2624	nicht	_	_
9-122	2625-2632	darüber	_	_
9-123	2632-2633	.	_	_
9-124	2634-2637	Die	_	B
9-125	2638-2644	Devise	_	I
9-126	2645-2649	muss	_	_
9-127	2650-2654	doch	_	_
9-128	2655-2661	lauten	_	_
9-129	2661-2662	:	_	_
9-130	2663-2670	Handeln	_	B
9-131	2670-2671	,	_	_
9-132	2672-2675	und	_	_
9-133	2676-2680	zwar	_	_
9-134	2681-2686	jetzt	_	_
9-135	2687-2693	sofort	_	_
9-136	2693-2694	!	_	_

#Text=Dann komme ich zum Komplex Arbeit. Ja, ich finde, die BA ist im Moment sehr, sehr gut gewappnet. Wenn die Arbeitslosigkeit steigen sollte, wird uns das zwar teuer zu stehen kommen, aber noch ist die Lage sehr gut. Man muss da jetzt auch nichts wie Rezession prophezeien, was noch nicht ist. Aber: Das Beste, um Arbeitslosigkeit zu vermeiden, sind immer noch Qualifizierung und Weiterbildung. Da müssen Sie mehr investieren. Vor diesem Hintergrund verstehe ich erst recht nicht, Herr Gröhe – ich sehe Sie gerade nicht –, warum Sie die BA so im Stich lassen. Schon wieder wird 1 Milliarde Euro von den Eingliederungstiteln zu den Verwaltungstiteln rübergeschoben. Wenn Sie wirklich Qualifizierung und Weiterbildung wollen, dann müssen Sie doch die Eingliederungstitel ausreichend ausstatten
10-1	2721-2725	Dann	_	_
10-2	2726-2731	komme	_	_
10-3	2732-2735	ich	_	B
10-4	2736-2739	zum	_	_
10-5	2740-2747	Komplex	_	B
10-6	2748-2754	Arbeit	_	I
10-7	2754-2755	.	_	_
10-8	2756-2758	Ja	_	_
10-9	2758-2759	,	_	_
10-10	2760-2763	ich	_	B
10-11	2764-2769	finde	_	_
10-12	2769-2770	,	_	_
10-13	2771-2774	die	_	B
10-14	2775-2777	BA	_	I
10-15	2778-2781	ist	_	_
10-16	2782-2784	im	_	_
10-17	2785-2791	Moment	_	B
10-18	2792-2796	sehr	_	_
10-19	2796-2797	,	_	_
10-20	2798-2802	sehr	_	_
10-21	2803-2806	gut	_	_
10-22	2807-2816	gewappnet	_	_
10-23	2816-2817	.	_	_
10-24	2818-2822	Wenn	_	_
10-25	2823-2826	die	_	B
10-26	2827-2843	Arbeitslosigkeit	_	I
10-27	2844-2851	steigen	_	_
10-28	2852-2858	sollte	_	_
10-29	2858-2859	,	_	_
10-30	2860-2864	wird	_	_
10-31	2865-2868	uns	_	B
10-32	2869-2872	das	_	B
10-33	2873-2877	zwar	_	_
10-34	2878-2883	teuer	_	_
10-35	2884-2886	zu	_	_
10-36	2887-2893	stehen	_	_
10-37	2894-2900	kommen	_	_
10-38	2900-2901	,	_	_
10-39	2902-2906	aber	_	_
10-40	2907-2911	noch	_	_
10-41	2912-2915	ist	_	_
10-42	2916-2919	die	_	B
10-43	2920-2924	Lage	_	I
10-44	2925-2929	sehr	_	_
10-45	2930-2933	gut	_	_
10-46	2933-2934	.	_	_
10-47	2935-2938	Man	_	B
10-48	2939-2943	muss	_	_
10-49	2944-2946	da	_	_
10-50	2947-2952	jetzt	_	_
10-51	2953-2957	auch	_	_
10-52	2958-2964	nichts	_	B
10-53	2965-2968	wie	_	_
10-54	2969-2978	Rezession	_	_
10-55	2979-2990	prophezeien	_	_
10-56	2990-2991	,	_	_
10-57	2992-2995	was	_	B
10-58	2996-3000	noch	_	_
10-59	3001-3006	nicht	_	_
10-60	3007-3010	ist	_	_
10-61	3010-3011	.	_	_
10-62	3012-3016	Aber	_	_
10-63	3016-3017	:	_	_
10-64	3018-3021	Das	_	B
10-65	3022-3027	Beste	_	I
10-66	3027-3028	,	_	_
10-67	3029-3031	um	_	_
10-68	3032-3048	Arbeitslosigkeit	_	B
10-69	3049-3051	zu	_	_
10-70	3052-3061	vermeiden	_	_
10-71	3061-3062	,	_	_
10-72	3063-3067	sind	_	_
10-73	3068-3073	immer	_	_
10-74	3074-3078	noch	_	_
10-75	3079-3093	Qualifizierung	_	B
10-76	3094-3097	und	_	_
10-77	3098-3111	Weiterbildung	_	B
10-78	3111-3112	.	_	_
10-79	3113-3115	Da	_	_
10-80	3116-3122	müssen	_	_
10-81	3123-3126	Sie	_	B
10-82	3127-3131	mehr	_	_
10-83	3132-3143	investieren	_	_
10-84	3143-3144	.	_	_
10-85	3145-3148	Vor	_	_
10-86	3149-3155	diesem	_	B
10-87	3156-3167	Hintergrund	_	I
10-88	3168-3176	verstehe	_	_
10-89	3177-3180	ich	_	B
10-90	3181-3185	erst	_	_
10-91	3186-3191	recht	_	_
10-92	3192-3197	nicht	_	_
10-93	3197-3198	,	_	_
10-94	3199-3203	Herr	_	_
10-95	3204-3209	Gröhe	_	B
10-96	3210-3211	–	_	_
10-97	3212-3215	ich	_	B
10-98	3216-3220	sehe	_	_
10-99	3221-3224	Sie	_	B
10-100	3225-3231	gerade	_	_
10-101	3232-3237	nicht	_	_
10-102	3238-3239	–	_	_
10-103	3239-3240	,	_	_
10-104	3241-3246	warum	_	_
10-105	3247-3250	Sie	_	B
10-106	3251-3254	die	_	B
10-107	3255-3257	BA	_	I
10-108	3258-3260	so	_	_
10-109	3261-3263	im	_	_
10-110	3264-3269	Stich	_	B
10-111	3270-3276	lassen	_	_
10-112	3276-3277	.	_	_
10-113	3278-3283	Schon	_	_
10-114	3284-3290	wieder	_	_
10-115	3291-3295	wird	_	_
10-116	3296-3297	1	_	B
10-117	3298-3307	Milliarde	_	I
10-118	3308-3312	Euro	_	I
10-119	3313-3316	von	_	_
10-120	3317-3320	den	_	B
10-121	3321-3341	Eingliederungstiteln	_	I
10-122	3342-3344	zu	_	_
10-123	3345-3348	den	_	B
10-124	3349-3366	Verwaltungstiteln	_	I
10-125	3367-3381	rübergeschoben	_	_
10-126	3381-3382	.	_	_
10-127	3383-3387	Wenn	_	_
10-128	3388-3391	Sie	_	B
10-129	3392-3400	wirklich	_	_
10-130	3401-3415	Qualifizierung	_	B
10-131	3416-3419	und	_	_
10-132	3420-3433	Weiterbildung	_	B
10-133	3434-3440	wollen	_	_
10-134	3440-3441	,	_	_
10-135	3442-3446	dann	_	_
10-136	3447-3453	müssen	_	_
10-137	3454-3457	Sie	_	B
10-138	3458-3462	doch	_	_
10-139	3463-3466	die	_	B
10-140	3467-3486	Eingliederungstitel	_	I
10-141	3487-3498	ausreichend	_	_
10-142	3499-3509	ausstatten	_	_

#Text=und dürfen nicht immer dieses Hü-und-hott-Spielchen spielen. Sie machen sich da doch was vor.
11-1	3530-3533	und	_	_
11-2	3534-3540	dürfen	_	_
11-3	3541-3546	nicht	_	_
11-4	3547-3552	immer	_	_
11-5	3553-3559	dieses	_	B
11-6	3560-3581	Hü-und-hott-Spielchen	_	I
11-7	3582-3589	spielen	_	_
11-8	3589-3590	.	_	_
11-9	3591-3594	Sie	_	B
11-10	3595-3601	machen	_	_
11-11	3602-3606	sich	_	B
11-12	3607-3609	da	_	_
11-13	3610-3614	doch	_	_
11-14	3615-3618	was	_	B
11-15	3619-3622	vor	_	_
11-16	3622-3623	.	_	_

#Text=Dann müssen Sie endlich mal damit aufhören, ständig diese kontraproduktiven Sanktionen auszuführen. Übernehmen Sie mal politische Verantwortung und überlassen Sie nicht alles denen, die in Karlsruhe entscheiden. Das erfordert nämlich politische Gestaltung.
12-1	3626-3630	Dann	_	_
12-2	3631-3637	müssen	_	_
12-3	3638-3641	Sie	_	B
12-4	3642-3649	endlich	_	_
12-5	3650-3653	mal	_	_
12-6	3654-3659	damit	_	_
12-7	3660-3668	aufhören	_	_
12-8	3668-3669	,	_	_
12-9	3670-3677	ständig	_	_
12-10	3678-3683	diese	_	B
12-11	3684-3701	kontraproduktiven	_	I
12-12	3702-3712	Sanktionen	_	I
12-13	3713-3724	auszuführen	_	_
12-14	3724-3725	.	_	_
12-15	3726-3736	Übernehmen	_	_
12-16	3737-3740	Sie	_	B
12-17	3741-3744	mal	_	_
12-18	3745-3755	politische	_	B
12-19	3756-3769	Verantwortung	_	I
12-20	3770-3773	und	_	_
12-21	3774-3784	überlassen	_	_
12-22	3785-3788	Sie	_	B
12-23	3789-3794	nicht	_	_
12-24	3795-3800	alles	_	B
12-25	3801-3806	denen	_	_
12-26	3806-3807	,	_	_
12-27	3808-3811	die	_	B
12-28	3812-3814	in	_	_
12-29	3815-3824	Karlsruhe	_	B
12-30	3825-3836	entscheiden	_	_
12-31	3836-3837	.	_	_
12-32	3838-3841	Das	_	B
12-33	3842-3851	erfordert	_	_
12-34	3852-3859	nämlich	_	_
12-35	3860-3870	politische	_	B
12-36	3871-3881	Gestaltung	_	I
12-37	3881-3882	.	_	_

#Text=Übrigens: Bei dem, was Sie im Bereich des sozialen Arbeitsmarktes machen, haben Sie meine Fraktion immer hinter sich. Ich finde diese Maßnahmen im Ansatz sehr gut, und ich finde, es ist zu früh, um darüber zu urteilen. Ich glaube, wir müssen dem Ganzen einfach mehr Zeit geben.
13-1	3888-3896	Übrigens	_	_
13-2	3896-3897	:	_	_
13-3	3898-3901	Bei	_	_
13-4	3902-3905	dem	_	B
13-5	3905-3906	,	_	_
13-6	3907-3910	was	_	B
13-7	3911-3914	Sie	_	B
13-8	3915-3917	im	_	_
13-9	3918-3925	Bereich	_	B
13-10	3926-3929	des	_	B
13-11	3930-3938	sozialen	_	I
13-12	3939-3953	Arbeitsmarktes	_	I
13-13	3954-3960	machen	_	_
13-14	3960-3961	,	_	_
13-15	3962-3967	haben	_	_
13-16	3968-3971	Sie	_	B
13-17	3972-3977	meine	_	B
13-18	3978-3986	Fraktion	_	I
13-19	3987-3992	immer	_	_
13-20	3993-3999	hinter	_	_
13-21	4000-4004	sich	_	B
13-22	4004-4005	.	_	_
13-23	4006-4009	Ich	_	B
13-24	4010-4015	finde	_	_
13-25	4016-4021	diese	_	B
13-26	4022-4031	Maßnahmen	_	I
13-27	4032-4034	im	_	_
13-28	4035-4041	Ansatz	_	B
13-29	4042-4046	sehr	_	_
13-30	4047-4050	gut	_	_
13-31	4050-4051	,	_	_
13-32	4052-4055	und	_	_
13-33	4056-4059	ich	_	B
13-34	4060-4065	finde	_	_
13-35	4065-4066	,	_	_
13-36	4067-4069	es	_	B
13-37	4070-4073	ist	_	_
13-38	4074-4076	zu	_	_
13-39	4077-4081	früh	_	_
13-40	4081-4082	,	_	_
13-41	4083-4085	um	_	_
13-42	4086-4093	darüber	_	_
13-43	4094-4096	zu	_	_
13-44	4097-4105	urteilen	_	_
13-45	4105-4106	.	_	_
13-46	4107-4110	Ich	_	B
13-47	4111-4117	glaube	_	_
13-48	4117-4118	,	_	_
13-49	4119-4122	wir	_	B
13-50	4123-4129	müssen	_	_
13-51	4130-4133	dem	_	B
13-52	4134-4140	Ganzen	_	I
13-53	4141-4148	einfach	_	_
13-54	4149-4153	mehr	_	B
13-55	4154-4158	Zeit	_	I
13-56	4159-4164	geben	_	_
13-57	4164-4165	.	_	_

#Text=Über das, was Sie uns im Bereich beziehungsweise in Ergänzung des Qualifizierungschancengesetzes vorschlagen, muss ich schon ein bisschen schmunzeln, weil: Supername, keine Inhalte.
14-1	4176-4180	Über	_	_
14-2	4181-4184	das	_	B
14-3	4184-4185	,	_	_
14-4	4186-4189	was	_	B
14-5	4190-4193	Sie	_	B
14-6	4194-4197	uns	_	B
14-7	4198-4200	im	_	_
14-8	4201-4208	Bereich	_	B
14-9	4209-4224	beziehungsweise	_	_
14-10	4225-4227	in	_	_
14-11	4228-4237	Ergänzung	_	B
14-12	4238-4241	des	_	B
14-13	4242-4272	Qualifizierungschancengesetzes	_	I
14-14	4273-4284	vorschlagen	_	_
14-15	4284-4285	,	_	_
14-16	4286-4290	muss	_	_
14-17	4291-4294	ich	_	B
14-18	4295-4300	schon	_	_
14-19	4301-4304	ein	_	B
14-20	4305-4313	bisschen	_	I
14-21	4314-4324	schmunzeln	_	_
14-22	4324-4325	,	_	_
14-23	4326-4330	weil	_	B
14-24	4330-4331	:	_	I
14-25	4332-4341	Supername	_	I
14-26	4341-4342	,	_	_
14-27	4343-4348	keine	_	B
14-28	4349-4356	Inhalte	_	I
14-29	4356-4357	.	_	_

#Text=Und dann kündigen Sie noch ein Gesetz und noch ein Gesetz an. Ich finde, Sie können noch so schöne Namen erfinden – Arbeit-von-übermorgen-Gesetz, Arbeit-von-gestern-oder-von-heute-Gesetz –, aber der Name macht es nicht aus. Wir brauchen einen großen Wurf und nicht diese Politik der kleinen Schritte, wo nicht mal Sie wissen, was am Ende rauskommen wird bei der ganzen Geschichte. Der Name bringt noch keine Qualität in die ganze Sache.
15-1	4364-4367	Und	_	_
15-2	4368-4372	dann	_	_
15-3	4373-4381	kündigen	_	_
15-4	4382-4385	Sie	_	B
15-5	4386-4390	noch	_	_
15-6	4391-4394	ein	_	B
15-7	4395-4401	Gesetz	_	I
15-8	4402-4405	und	_	_
15-9	4406-4410	noch	_	B
15-10	4411-4414	ein	_	I
15-11	4415-4421	Gesetz	_	I
15-12	4422-4424	an	_	_
15-13	4424-4425	.	_	_
15-14	4426-4429	Ich	_	B
15-15	4430-4435	finde	_	_
15-16	4435-4436	,	_	_
15-17	4437-4440	Sie	_	B
15-18	4441-4447	können	_	_
15-19	4448-4452	noch	_	_
15-20	4453-4455	so	_	B
15-21	4456-4462	schöne	_	I
15-22	4463-4468	Namen	_	I
15-23	4469-4477	erfinden	_	_
15-24	4478-4479	–	_	_
15-25	4480-4508	Arbeit-von-übermorgen-Gesetz	_	B
15-26	4508-4509	,	_	_
15-27	4510-4550	Arbeit-von-gestern-oder-von-heute-Gesetz	_	B
15-28	4551-4552	–	_	_
15-29	4552-4553	,	_	_
15-30	4554-4558	aber	_	_
15-31	4559-4562	der	_	B
15-32	4563-4567	Name	_	I
15-33	4568-4573	macht	_	_
15-34	4574-4576	es	_	B
15-35	4577-4582	nicht	_	_
15-36	4583-4586	aus	_	_
15-37	4586-4587	.	_	_
15-38	4588-4591	Wir	_	B
15-39	4592-4600	brauchen	_	_
15-40	4601-4606	einen	_	B
15-41	4607-4613	großen	_	I
15-42	4614-4618	Wurf	_	I
15-43	4619-4622	und	_	_
15-44	4623-4628	nicht	_	B
15-45	4629-4634	diese	_	I
15-46	4635-4642	Politik	_	I
15-47	4643-4646	der	_	B
15-48	4647-4654	kleinen	_	I
15-49	4655-4663	Schritte	_	I
15-50	4663-4664	,	_	_
15-51	4665-4667	wo	_	_
15-52	4668-4673	nicht	_	_
15-53	4674-4677	mal	_	_
15-54	4678-4681	Sie	_	B
15-55	4682-4688	wissen	_	_
15-56	4688-4689	,	_	_
15-57	4690-4693	was	_	B
15-58	4694-4696	am	_	_
15-59	4697-4701	Ende	_	B
15-60	4702-4712	rauskommen	_	_
15-61	4713-4717	wird	_	_
15-62	4718-4721	bei	_	_
15-63	4722-4725	der	_	B
15-64	4726-4732	ganzen	_	I
15-65	4733-4743	Geschichte	_	I
15-66	4743-4744	.	_	_
15-67	4745-4748	Der	_	B
15-68	4749-4753	Name	_	I
15-69	4754-4760	bringt	_	_
15-70	4761-4765	noch	_	B
15-71	4766-4771	keine	_	I
15-72	4772-4780	Qualität	_	I
15-73	4781-4783	in	_	_
15-74	4784-4787	die	_	B
15-75	4788-4793	ganze	_	I
15-76	4794-4799	Sache	_	I
15-77	4799-4800	.	_	_

#Text=Ich möchte noch zwei offene Punkte ansprechen, Herr Minister: Ich finde es sehr gut, was wir im Bereich der Arbeitsmarktintegration für Geflüchtete tun. Aber wir machen noch zu wenig für die Frauen in dieser Situation. Da besteht eine große Lücke. Hier müssen wir noch stärker agieren und Ideen entwickeln.
16-1	4810-4813	Ich	_	B
16-2	4814-4820	möchte	_	_
16-3	4821-4825	noch	_	_
16-4	4826-4830	zwei	_	B
16-5	4831-4837	offene	_	I
16-6	4838-4844	Punkte	_	I
16-7	4845-4855	ansprechen	_	_
16-8	4855-4856	,	_	_
16-9	4857-4861	Herr	_	_
16-10	4862-4870	Minister	_	B
16-11	4870-4871	:	_	_
16-12	4872-4875	Ich	_	B
16-13	4876-4881	finde	_	_
16-14	4882-4884	es	_	B
16-15	4885-4889	sehr	_	_
16-16	4890-4893	gut	_	_
16-17	4893-4894	,	_	_
16-18	4895-4898	was	_	B
16-19	4899-4902	wir	_	B
16-20	4903-4905	im	_	_
16-21	4906-4913	Bereich	_	B
16-22	4914-4917	der	_	B
16-23	4918-4941	Arbeitsmarktintegration	_	I
16-24	4942-4945	für	_	_
16-25	4946-4957	Geflüchtete	_	B
16-26	4958-4961	tun	_	_
16-27	4961-4962	.	_	_
16-28	4963-4967	Aber	_	_
16-29	4968-4971	wir	_	B
16-30	4972-4978	machen	_	_
16-31	4979-4983	noch	_	B
16-32	4984-4986	zu	_	I
16-33	4987-4992	wenig	_	I
16-34	4993-4996	für	_	_
16-35	4997-5000	die	_	B
16-36	5001-5007	Frauen	_	I
16-37	5008-5010	in	_	_
16-38	5011-5017	dieser	_	B
16-39	5018-5027	Situation	_	I
16-40	5027-5028	.	_	_
16-41	5029-5031	Da	_	_
16-42	5032-5039	besteht	_	_
16-43	5040-5044	eine	_	B
16-44	5045-5050	große	_	I
16-45	5051-5056	Lücke	_	I
16-46	5056-5057	.	_	_
16-47	5058-5062	Hier	_	_
16-48	5063-5069	müssen	_	_
16-49	5070-5073	wir	_	B
16-50	5074-5078	noch	_	_
16-51	5079-5086	stärker	_	_
16-52	5087-5094	agieren	_	_
16-53	5095-5098	und	_	_
16-54	5099-5104	Ideen	_	B
16-55	5105-5115	entwickeln	_	_
16-56	5115-5116	.	_	_

#Text=Ein Letztes. Sie arbeiten gerade an einem Entschädigungsrecht, SGB XIV. Sie haben vor, die Traumaambulanzen auszubauen. Das finde ich super. Aber Sie konzentrieren sich auf Erwachsene. Kinder kommen in Ihren Entwürfen nicht vor.
17-1	5124-5127	Ein	_	_
17-2	5128-5135	Letztes	_	_
17-3	5135-5136	.	_	_
17-4	5137-5140	Sie	_	B
17-5	5141-5149	arbeiten	_	_
17-6	5150-5156	gerade	_	_
17-7	5157-5159	an	_	_
17-8	5160-5165	einem	_	B
17-9	5166-5185	Entschädigungsrecht	_	I
17-10	5185-5186	,	_	_
17-11	5187-5190	SGB	_	_
17-12	5191-5194	XIV	_	_
17-13	5194-5195	.	_	_
17-14	5196-5199	Sie	_	B
17-15	5200-5205	haben	_	_
17-16	5206-5209	vor	_	_
17-17	5209-5210	,	_	_
17-18	5211-5214	die	_	_
17-19	5215-5231	Traumaambulanzen	_	B
17-20	5232-5242	auszubauen	_	_
17-21	5242-5243	.	_	_
17-22	5244-5247	Das	_	B
17-23	5248-5253	finde	_	_
17-24	5254-5257	ich	_	B
17-25	5258-5263	super	_	_
17-26	5263-5264	.	_	_
17-27	5265-5269	Aber	_	_
17-28	5270-5273	Sie	_	B
17-29	5274-5287	konzentrieren	_	_
17-30	5288-5292	sich	_	B
17-31	5293-5296	auf	_	_
17-32	5297-5307	Erwachsene	_	B
17-33	5307-5308	.	_	_
17-34	5309-5315	Kinder	_	B
17-35	5316-5322	kommen	_	_
17-36	5323-5325	in	_	_
17-37	5326-5331	Ihren	_	B
17-38	5332-5341	Entwürfen	_	I
17-39	5342-5347	nicht	_	_
17-40	5348-5351	vor	_	_
17-41	5351-5352	.	_	_

#Text=Kinder sind keine kleinen Erwachsenen.
18-1	5361-5367	Kinder	_	B
18-2	5368-5372	sind	_	_
18-3	5373-5378	keine	_	B
18-4	5379-5386	kleinen	_	I
18-5	5387-5398	Erwachsenen	_	I
18-6	5398-5399	.	_	_

#Text=Sie brauchen ihre eigenen Lösungen. Herr Minister, übersehen Sie nicht diejenigen, die unsere Unterstützung am meisten brauchen und für die wir die größte Verantwortung tragen. Bitte denken Sie daran: Auch Kinder haben einen Anspruch auf eigene Rechte, auch in Ihrem Gesetz.
19-1	5401-5404	Sie	_	B
19-2	5405-5413	brauchen	_	_
19-3	5414-5418	ihre	_	B
19-4	5419-5426	eigenen	_	I
19-5	5427-5435	Lösungen	_	I
19-6	5435-5436	.	_	_
19-7	5437-5441	Herr	_	_
19-8	5442-5450	Minister	_	B
19-9	5450-5451	,	_	_
19-10	5452-5461	übersehen	_	_
19-11	5462-5465	Sie	_	B
19-12	5466-5471	nicht	_	B
19-13	5472-5482	diejenigen	_	I
19-14	5482-5483	,	_	_
19-15	5484-5487	die	_	B
19-16	5488-5494	unsere	_	B
19-17	5495-5508	Unterstützung	_	I
19-18	5509-5511	am	_	B
19-19	5512-5519	meisten	_	I
19-20	5520-5528	brauchen	_	_
19-21	5529-5532	und	_	_
19-22	5533-5536	für	_	_
19-23	5537-5540	die	_	B
19-24	5541-5544	wir	_	B
19-25	5545-5548	die	_	B
19-26	5549-5555	größte	_	I
19-27	5556-5569	Verantwortung	_	I
19-28	5570-5576	tragen	_	_
19-29	5576-5577	.	_	_
19-30	5578-5583	Bitte	_	_
19-31	5584-5590	denken	_	_
19-32	5591-5594	Sie	_	B
19-33	5595-5600	daran	_	_
19-34	5600-5601	:	_	_
19-35	5602-5606	Auch	_	B
19-36	5607-5613	Kinder	_	I
19-37	5614-5619	haben	_	_
19-38	5620-5625	einen	_	B
19-39	5626-5634	Anspruch	_	I
19-40	5635-5638	auf	_	_
19-41	5639-5645	eigene	_	B
19-42	5646-5652	Rechte	_	I
19-43	5652-5653	,	_	_
19-44	5654-5658	auch	_	_
19-45	5659-5661	in	_	_
19-46	5662-5667	Ihrem	_	B
19-47	5668-5674	Gesetz	_	I
19-48	5674-5675	.	_	_

#Text=Kerstin Tack, SPD, ist die nächste Rednerin.
20-1	5683-5690	Kerstin	_	B
20-2	5691-5695	Tack	_	I
20-3	5695-5696	,	_	_
20-4	5697-5700	SPD	_	B
20-5	5700-5701	,	_	_
20-6	5702-5705	ist	_	_
20-7	5706-5709	die	_	B
20-8	5710-5717	nächste	_	I
20-9	5718-5726	Rednerin	_	I
20-10	5726-5727	.	_	_
