#FORMAT=WebAnno TSV 3.2
#T_SP=webanno.custom.Animacy|Animated
#T_SP=webanno.custom.CustomChunk|Chunk


#Text=Die Bundeskanzlerin ist in ihrer Rede sehr ausführlich auf die Megatrends Digitalisierung und Klimaschutz eingegangen. Aber sie hat eines nicht gemacht: diese beiden Megatrends zusammenzudenken. Nur wenn wir die Digitalisierung nachhaltig gestalten,
1-1	0-3	Die	_	B
1-2	4-19	Bundeskanzlerin	_	I
1-3	20-23	ist	_	_
1-4	24-26	in	_	_
1-5	27-32	ihrer	_	B
1-6	33-37	Rede	_	I
1-7	38-42	sehr	_	_
1-8	43-54	ausführlich	_	_
1-9	55-58	auf	_	_
1-10	59-62	die	_	B
1-11	63-73	Megatrends	_	I
1-12	74-89	Digitalisierung	_	B
1-13	90-93	und	_	_
1-14	94-105	Klimaschutz	_	B
1-15	106-117	eingegangen	_	_
1-16	117-118	.	_	_
1-17	119-123	Aber	_	_
1-18	124-127	sie	_	B
1-19	128-131	hat	_	_
1-20	132-137	eines	_	B
1-21	138-143	nicht	_	_
1-22	144-151	gemacht	_	_
1-23	151-152	:	_	_
1-24	153-158	diese	_	B
1-25	159-165	beiden	_	I
1-26	166-176	Megatrends	_	I
1-27	177-193	zusammenzudenken	_	_
1-28	193-194	.	_	_
1-29	195-198	Nur	_	_
1-30	199-203	wenn	_	_
1-31	204-207	wir	_	B
1-32	208-211	die	_	B
1-33	212-227	Digitalisierung	_	I
1-34	228-238	nachhaltig	_	_
1-35	239-248	gestalten	_	_
1-36	248-249	,	_	_

#Text=ihr einen klaren CO
2-1	254-257	ihr	_	B
2-2	258-263	einen	_	_
2-3	264-270	klaren	_	_
2-4	271-273	CO	_	_

#Text=Wenn wir das nicht tun und alles so weiterlaufen lassen wie bisher, dann wird sie ein Brandbeschleuniger der Klimakrise. Das müssen wir uns endlich vergegenwärtigen.
3-1	274-278	Wenn	_	_
3-2	279-282	wir	_	B
3-3	283-286	das	_	B
3-4	287-292	nicht	_	_
3-5	293-296	tun	_	_
3-6	297-300	und	_	_
3-7	301-306	alles	_	B
3-8	307-309	so	_	_
3-9	310-322	weiterlaufen	_	_
3-10	323-329	lassen	_	_
3-11	330-333	wie	_	_
3-12	334-340	bisher	_	_
3-13	340-341	,	_	_
3-14	342-346	dann	_	_
3-15	347-351	wird	_	_
3-16	352-355	sie	_	B
3-17	356-359	ein	_	B
3-18	360-378	Brandbeschleuniger	_	I
3-19	379-382	der	_	B
3-20	383-393	Klimakrise	_	I
3-21	393-394	.	_	_
3-22	395-398	Das	_	B
3-23	399-405	müssen	_	_
3-24	406-409	wir	_	B
3-25	410-413	uns	_	B
3-26	414-421	endlich	_	_
3-27	422-438	vergegenwärtigen	_	_
3-28	438-439	.	_	_

#Text=Wir erleben nämlich derzeit ein drastisches Wachstum des Energieverbrauchs digitaler Anwendungen. Laut einer französischen Studie zur künstlichen Intelligenz könnte sich der Energieverbrauch durch die Digitalisierung bis 2030 verzehnfachen. Wir erleben eine Digitalisierung, die mit ihrem Ressourcenhunger für viele Menschen im globalen Süden zu einem wachsenden Problem wird. Wir erleben eine immer größere Marktmacht weniger Akteure, denen die Digitalisierung gigantische Gewinne beschert.
4-1	443-446	Wir	_	B
4-2	447-454	erleben	_	_
4-3	455-462	nämlich	_	_
4-4	463-470	derzeit	_	_
4-5	471-474	ein	_	B
4-6	475-486	drastisches	_	I
4-7	487-495	Wachstum	_	I
4-8	496-499	des	_	B
4-9	500-517	Energieverbrauchs	_	I
4-10	518-527	digitaler	_	B
4-11	528-539	Anwendungen	_	I
4-12	539-540	.	_	_
4-13	541-545	Laut	_	_
4-14	546-551	einer	_	B
4-15	552-565	französischen	_	I
4-16	566-572	Studie	_	I
4-17	573-576	zur	_	_
4-18	577-588	künstlichen	_	B
4-19	589-600	Intelligenz	_	I
4-20	601-607	könnte	_	_
4-21	608-612	sich	_	B
4-22	613-616	der	_	B
4-23	617-633	Energieverbrauch	_	I
4-24	634-639	durch	_	_
4-25	640-643	die	_	B
4-26	644-659	Digitalisierung	_	I
4-27	660-663	bis	_	_
4-28	664-668	2030	_	_
4-29	669-682	verzehnfachen	_	_
4-30	682-683	.	_	_
4-31	684-687	Wir	_	B
4-32	688-695	erleben	_	_
4-33	696-700	eine	_	B
4-34	701-716	Digitalisierung	_	I
4-35	716-717	,	_	_
4-36	718-721	die	_	B
4-37	722-725	mit	_	_
4-38	726-731	ihrem	_	B
4-39	732-748	Ressourcenhunger	_	I
4-40	749-752	für	_	_
4-41	753-758	viele	_	B
4-42	759-767	Menschen	_	I
4-43	768-770	im	_	_
4-44	771-779	globalen	_	B
4-45	780-785	Süden	_	I
4-46	786-788	zu	_	_
4-47	789-794	einem	_	B
4-48	795-805	wachsenden	_	I
4-49	806-813	Problem	_	I
4-50	814-818	wird	_	_
4-51	818-819	.	_	_
4-52	820-823	Wir	_	B
4-53	824-831	erleben	_	_
4-54	832-836	eine	_	B
4-55	837-842	immer	_	I
4-56	843-850	größere	_	I
4-57	851-861	Marktmacht	_	I
4-58	862-869	weniger	_	B
4-59	870-877	Akteure	_	I
4-60	877-878	,	_	_
4-61	879-884	denen	_	B
4-62	885-888	die	_	B
4-63	889-904	Digitalisierung	_	I
4-64	905-916	gigantische	_	B
4-65	917-924	Gewinne	_	I
4-66	925-933	beschert	_	_
4-67	933-934	.	_	_

#Text=Die Chancen der Digitalisierung für Klimaschutz und Innovation lassen sich aber nur realisieren, wenn wir faire Märkte haben und wenn wir einen CO
5-1	941-944	Die	_	B
5-2	945-952	Chancen	_	I
5-3	953-956	der	_	B
5-4	957-972	Digitalisierung	_	I
5-5	973-976	für	_	_
5-6	977-988	Klimaschutz	_	B
5-7	989-992	und	_	_
5-8	993-1003	Innovation	_	B
5-9	1004-1010	lassen	_	_
5-10	1011-1015	sich	_	B
5-11	1016-1020	aber	_	_
5-12	1021-1024	nur	_	_
5-13	1025-1036	realisieren	_	_
5-14	1036-1037	,	_	_
5-15	1038-1042	wenn	_	_
5-16	1043-1046	wir	_	B
5-17	1047-1052	faire	_	B
5-18	1053-1059	Märkte	_	I
5-19	1060-1065	haben	_	_
5-20	1066-1069	und	_	_
5-21	1070-1074	wenn	_	_
5-22	1075-1078	wir	_	B
5-23	1079-1084	einen	_	_
5-24	1085-1087	CO	_	_

#Text=Denn erst wenn zum Beispiel – das ist ja die Entscheidung, die Sie im Klimakabinett zu treffen haben – CO
6-1	1089-1093	Denn	_	_
6-2	1094-1098	erst	_	_
6-3	1099-1103	wenn	_	_
6-4	1104-1107	zum	_	_
6-5	1108-1116	Beispiel	_	B
6-6	1117-1118	–	_	_
6-7	1119-1122	das	_	B
6-8	1123-1126	ist	_	_
6-9	1127-1129	ja	_	_
6-10	1130-1133	die	_	B
6-11	1134-1146	Entscheidung	_	I
6-12	1146-1147	,	_	_
6-13	1148-1151	die	_	B
6-14	1152-1155	Sie	_	B
6-15	1156-1158	im	_	_
6-16	1159-1172	Klimakabinett	_	B
6-17	1173-1175	zu	_	_
6-18	1176-1183	treffen	_	_
6-19	1184-1189	haben	_	_
6-20	1190-1191	–	_	_
6-21	1192-1194	CO	_	B

#Text=Ganz entscheidend wird sein, dass wir uns der Monopole annehmen. Es kann nicht sein, dass ein Konzern wie Amazon in Deutschland die Märkte vertikal und horizontal beherrscht und der Einzelhandel keine Chance mehr hat. Wir müssen faire Märkte schaffen. Wo bleibt hier Ihr Mut zur Gestaltung? Wo bleibt Ihre Strategie für künstliche Intelligenz in Richtung Klimaschutz, in Richtung mehr Nachdenklichkeit?
7-1	1196-1200	Ganz	_	_
7-2	1201-1213	entscheidend	_	_
7-3	1214-1218	wird	_	_
7-4	1219-1223	sein	_	_
7-5	1223-1224	,	_	_
7-6	1225-1229	dass	_	_
7-7	1230-1233	wir	_	B
7-8	1234-1237	uns	_	B
7-9	1238-1241	der	_	B
7-10	1242-1250	Monopole	_	I
7-11	1251-1259	annehmen	_	_
7-12	1259-1260	.	_	_
7-13	1261-1263	Es	_	B
7-14	1264-1268	kann	_	_
7-15	1269-1274	nicht	_	_
7-16	1275-1279	sein	_	_
7-17	1279-1280	,	_	_
7-18	1281-1285	dass	_	_
7-19	1286-1289	ein	_	B
7-20	1290-1297	Konzern	_	I
7-21	1298-1301	wie	_	_
7-22	1302-1308	Amazon	_	_
7-23	1309-1311	in	_	_
7-24	1312-1323	Deutschland	_	B
7-25	1324-1327	die	_	B
7-26	1328-1334	Märkte	_	I
7-27	1335-1343	vertikal	_	_
7-28	1344-1347	und	_	_
7-29	1348-1358	horizontal	_	_
7-30	1359-1369	beherrscht	_	_
7-31	1370-1373	und	_	_
7-32	1374-1377	der	_	B
7-33	1378-1390	Einzelhandel	_	I
7-34	1391-1396	keine	_	B
7-35	1397-1403	Chance	_	I
7-36	1404-1408	mehr	_	_
7-37	1409-1412	hat	_	_
7-38	1412-1413	.	_	_
7-39	1414-1417	Wir	_	B
7-40	1418-1424	müssen	_	_
7-41	1425-1430	faire	_	B
7-42	1431-1437	Märkte	_	I
7-43	1438-1446	schaffen	_	_
7-44	1446-1447	.	_	_
7-45	1448-1450	Wo	_	_
7-46	1451-1457	bleibt	_	_
7-47	1458-1462	hier	_	_
7-48	1463-1466	Ihr	_	B
7-49	1467-1470	Mut	_	I
7-50	1471-1474	zur	_	_
7-51	1475-1485	Gestaltung	_	B
7-52	1485-1486	?	_	_
7-53	1487-1489	Wo	_	_
7-54	1490-1496	bleibt	_	_
7-55	1497-1501	Ihre	_	B
7-56	1502-1511	Strategie	_	I
7-57	1512-1515	für	_	_
7-58	1516-1526	künstliche	_	B
7-59	1527-1538	Intelligenz	_	I
7-60	1539-1541	in	_	_
7-61	1542-1550	Richtung	_	B
7-62	1551-1562	Klimaschutz	_	I
7-63	1562-1563	,	_	_
7-64	1564-1566	in	_	_
7-65	1567-1575	Richtung	_	B
7-66	1576-1580	mehr	_	B
7-67	1581-1597	Nachdenklichkeit	_	I
7-68	1597-1598	?	_	_

#Text=Hier müssen wir eine Innovationsinitiative schaffen.
8-1	1607-1611	Hier	_	_
8-2	1612-1618	müssen	_	_
8-3	1619-1622	wir	_	B
8-4	1623-1627	eine	_	B
8-5	1628-1649	Innovationsinitiative	_	I
8-6	1650-1658	schaffen	_	_
8-7	1658-1659	.	_	_

#Text=Ich danke Ihnen.
9-1	1661-1664	Ich	_	B
9-2	1665-1670	danke	_	_
9-3	1671-1676	Ihnen	_	B
9-4	1676-1677	.	_	_

#Text=Vielen Dank, Herr Kollege Janecek. – Als nächster Redner erhält das Wort der Kollege Alexander Dobrindt, CDU/CSU-Fraktion.
10-1	1679-1685	Vielen	_	_
10-2	1686-1690	Dank	_	_
10-3	1690-1691	,	_	_
10-4	1692-1696	Herr	_	B
10-5	1697-1704	Kollege	_	I
10-6	1705-1712	Janecek	_	B
10-7	1712-1713	.	_	_
10-8	1714-1715	–	_	_
10-9	1716-1719	Als	_	_
10-10	1720-1728	nächster	_	B
10-11	1729-1735	Redner	_	I
10-12	1736-1742	erhält	_	_
10-13	1743-1746	das	_	B
10-14	1747-1751	Wort	_	I
10-15	1752-1755	der	_	B
10-16	1756-1763	Kollege	_	I
10-17	1764-1773	Alexander	_	I
10-18	1774-1782	Dobrindt	_	I
10-19	1782-1783	,	_	I
10-20	1784-1787	CDU	_	I
10-21	1787-1788	/	_	I
10-22	1788-1800	CSU-Fraktion	_	I
10-23	1800-1801	.	_	_
