#FORMAT=WebAnno TSV 3.2
#T_SP=webanno.custom.Animacy|Animated
#T_SP=webanno.custom.CustomChunk|Chunk


#Text=Sehr geehrte Frau Abgeordnete, noch mal vielen Dank für die Nachfrage. – Was wir im Moment ganz konkret machen, ist, im Rahmen von CITES, also im Rahmen der internationalen Möglichkeiten, zu versuchen, nationale Märkte für solche Tiere zu schließen, die eben nicht mehr gehandelt werden dürfen, also so was wie das Schuppentier.
1-1	0-4	Sehr	_	B
1-2	5-12	geehrte	_	I
1-3	13-17	Frau	_	I
1-4	18-29	Abgeordnete	_	I
1-5	29-30	,	_	_
1-6	31-35	noch	_	_
1-7	36-39	mal	_	_
1-8	40-46	vielen	_	_
1-9	47-51	Dank	_	_
1-10	52-55	für	_	_
1-11	56-59	die	_	B
1-12	60-69	Nachfrage	_	I
1-13	69-70	.	_	_
1-14	71-72	–	_	_
1-15	73-76	Was	_	B
1-16	77-80	wir	_	B
1-17	81-83	im	_	_
1-18	84-90	Moment	_	B
1-19	91-95	ganz	_	_
1-20	96-103	konkret	_	_
1-21	104-110	machen	_	_
1-22	110-111	,	_	_
1-23	112-115	ist	_	_
1-24	115-116	,	_	_
1-25	117-119	im	_	_
1-26	120-126	Rahmen	_	B
1-27	127-130	von	_	_
1-28	131-136	CITES	_	B
1-29	136-137	,	_	_
1-30	138-142	also	_	_
1-31	143-145	im	_	_
1-32	146-152	Rahmen	_	B
1-33	153-156	der	_	B
1-34	157-172	internationalen	_	I
1-35	173-186	Möglichkeiten	_	I
1-36	186-187	,	_	_
1-37	188-190	zu	_	_
1-38	191-200	versuchen	_	_
1-39	200-201	,	_	_
1-40	202-211	nationale	_	B
1-41	212-218	Märkte	_	I
1-42	219-222	für	_	_
1-43	223-229	solche	_	B
1-44	230-235	Tiere	_	I
1-45	236-238	zu	_	_
1-46	239-248	schließen	_	_
1-47	248-249	,	_	_
1-48	250-253	die	_	B
1-49	254-258	eben	_	_
1-50	259-264	nicht	_	_
1-51	265-269	mehr	_	_
1-52	270-279	gehandelt	_	_
1-53	280-286	werden	_	_
1-54	287-293	dürfen	_	_
1-55	293-294	,	_	_
1-56	295-299	also	_	B
1-57	300-302	so	_	I
1-58	303-306	was	_	I
1-59	307-310	wie	_	_
1-60	311-314	das	_	_
1-61	315-327	Schuppentier	_	_
1-62	327-328	.	_	_

#Text=Das kriegen wir nur gemeinsam hin, indem wir in einem internationalen Abkommen miteinander ganz konkret vereinbaren, dass solche Tiere eben international nicht mehr gehandelt werden dürfen. – Das ist der eine Teil, den wir international tun.
2-1	339-342	Das	_	B
2-2	343-350	kriegen	_	_
2-3	351-354	wir	_	B
2-4	355-358	nur	_	_
2-5	359-368	gemeinsam	_	_
2-6	369-372	hin	_	_
2-7	372-373	,	_	_
2-8	374-379	indem	_	_
2-9	380-383	wir	_	B
2-10	384-386	in	_	_
2-11	387-392	einem	_	B
2-12	393-408	internationalen	_	I
2-13	409-417	Abkommen	_	I
2-14	418-429	miteinander	_	_
2-15	430-434	ganz	_	_
2-16	435-442	konkret	_	_
2-17	443-454	vereinbaren	_	_
2-18	454-455	,	_	_
2-19	456-460	dass	_	_
2-20	461-467	solche	_	B
2-21	468-473	Tiere	_	I
2-22	474-478	eben	_	_
2-23	479-492	international	_	_
2-24	493-498	nicht	_	_
2-25	499-503	mehr	_	_
2-26	504-513	gehandelt	_	_
2-27	514-520	werden	_	_
2-28	521-527	dürfen	_	_
2-29	527-528	.	_	_
2-30	529-530	–	_	_
2-31	531-534	Das	_	B
2-32	535-538	ist	_	_
2-33	539-542	der	_	B
2-34	543-547	eine	_	I
2-35	548-552	Teil	_	I
2-36	552-553	,	_	_
2-37	554-557	den	_	B
2-38	558-561	wir	_	B
2-39	562-575	international	_	_
2-40	576-579	tun	_	_
2-41	579-580	.	_	_

#Text=Der zweite Teil ist: Wir müssen dem illegalen Handel unbedingt noch mehr begegnen. Das können nur polizeiliche Maßnahmen sein, weil es sich da eben um Illegalität handelt.
3-1	586-589	Der	_	B
3-2	590-596	zweite	_	I
3-3	597-601	Teil	_	I
3-4	602-605	ist	_	_
3-5	605-606	:	_	_
3-6	607-610	Wir	_	B
3-7	611-617	müssen	_	_
3-8	618-621	dem	_	B
3-9	622-631	illegalen	_	I
3-10	632-638	Handel	_	I
3-11	639-648	unbedingt	_	_
3-12	649-653	noch	_	_
3-13	654-658	mehr	_	_
3-14	659-667	begegnen	_	_
3-15	667-668	.	_	_
3-16	669-672	Das	_	B
3-17	673-679	können	_	_
3-18	680-683	nur	_	B
3-19	684-696	polizeiliche	_	I
3-20	697-706	Maßnahmen	_	I
3-21	707-711	sein	_	_
3-22	711-712	,	_	_
3-23	713-717	weil	_	_
3-24	718-720	es	_	_
3-25	721-725	sich	_	B
3-26	726-728	da	_	_
3-27	729-733	eben	_	_
3-28	734-736	um	_	_
3-29	737-748	Illegalität	_	B
3-30	749-756	handelt	_	_
3-31	756-757	.	_	_

#Text=Danke sehr. – Dr. Lukas Köhler.
4-1	762-767	Danke	_	_
4-2	768-772	sehr	_	_
4-3	772-773	.	_	_
4-4	774-775	–	_	B
4-5	776-779	Dr.	_	I
4-6	780-785	Lukas	_	I
4-7	786-792	Köhler	_	I
4-8	792-793	.	_	_
