#FORMAT=WebAnno TSV 3.2
#T_SP=webanno.custom.Animacy|Animated
#T_SP=webanno.custom.CustomChunk|Chunk


#Text=Herr Präsident! Sehr geehrte Kolleginnen und Kollegen! Ich bitte Sie, bei den folgenden Abstimmungen eines nicht zu vergessen: Unsere Soldaten haben geschworen, Deutschland zu schützen und dafür letztlich sogar das eigene Leben einzusetzen. Diese Treue zu würdigen, heißt, unsere Soldaten nicht leichtfertig in Einsätze zu entsenden. Sie sind Schützer Deutschlands und Europas, die nicht fern der Heimat ihr Leben riskieren sollten.
1-1	0-4	Herr	_	B
1-2	5-14	Präsident	_	I
1-3	14-15	!	_	_
1-4	16-20	Sehr	_	B
1-5	21-28	geehrte	_	I
1-6	29-40	Kolleginnen	_	I
1-7	41-44	und	_	_
1-8	45-53	Kollegen	_	B
1-9	53-54	!	_	_
1-10	55-58	Ich	_	B
1-11	59-64	bitte	_	_
1-12	65-68	Sie	_	B
1-13	68-69	,	_	_
1-14	70-73	bei	_	_
1-15	74-77	den	_	B
1-16	78-87	folgenden	_	I
1-17	88-100	Abstimmungen	_	I
1-18	101-106	eines	_	_
1-19	107-112	nicht	_	_
1-20	113-115	zu	_	_
1-21	116-125	vergessen	_	_
1-22	125-126	:	_	_
1-23	127-133	Unsere	_	B
1-24	134-142	Soldaten	_	I
1-25	143-148	haben	_	_
1-26	149-159	geschworen	_	_
1-27	159-160	,	_	_
1-28	161-172	Deutschland	_	B
1-29	173-175	zu	_	_
1-30	176-184	schützen	_	_
1-31	185-188	und	_	_
1-32	189-194	dafür	_	_
1-33	195-204	letztlich	_	_
1-34	205-210	sogar	_	_
1-35	211-214	das	_	B
1-36	215-221	eigene	_	I
1-37	222-227	Leben	_	I
1-38	228-239	einzusetzen	_	_
1-39	239-240	.	_	_
1-40	241-246	Diese	_	B
1-41	247-252	Treue	_	I
1-42	253-255	zu	_	_
1-43	256-264	würdigen	_	_
1-44	264-265	,	_	_
1-45	266-271	heißt	_	_
1-46	271-272	,	_	_
1-47	273-279	unsere	_	B
1-48	280-288	Soldaten	_	I
1-49	289-294	nicht	_	_
1-50	295-307	leichtfertig	_	_
1-51	308-310	in	_	_
1-52	311-319	Einsätze	_	B
1-53	320-322	zu	_	_
1-54	323-332	entsenden	_	_
1-55	332-333	.	_	_
1-56	334-337	Sie	_	B
1-57	338-342	sind	_	_
1-58	343-351	Schützer	_	B
1-59	352-364	Deutschlands	_	B
1-60	365-368	und	_	_
1-61	369-376	Europas	_	B
1-62	376-377	,	_	_
1-63	378-381	die	_	B
1-64	382-387	nicht	_	_
1-65	388-392	fern	_	_
1-66	393-396	der	_	B
1-67	397-403	Heimat	_	I
1-68	404-407	ihr	_	B
1-69	408-413	Leben	_	I
1-70	414-423	riskieren	_	_
1-71	424-431	sollten	_	_
1-72	431-432	.	_	_

#Text=Natürlich sind die Bekämpfung von Waffenschmuggel und Terrorismus im Mittelmeer sowie das Vorgehen gegen Schleusernetzwerke klar im nationalen Interesse. Warum werden für Sea Guardian trotzdem keine eigenen Kräfte entsandt, während man für Syrien, Mali oder Afghanistan jeweils etwa 1 000 Mann vorsieht?
2-1	444-453	Natürlich	_	_
2-2	454-458	sind	_	_
2-3	459-462	die	_	B
2-4	463-473	Bekämpfung	_	I
2-5	474-477	von	_	_
2-6	478-493	Waffenschmuggel	_	B
2-7	494-497	und	_	_
2-8	498-509	Terrorismus	_	B
2-9	510-512	im	_	_
2-10	513-523	Mittelmeer	_	B
2-11	524-529	sowie	_	_
2-12	530-533	das	_	B
2-13	534-542	Vorgehen	_	I
2-14	543-548	gegen	_	_
2-15	549-567	Schleusernetzwerke	_	B
2-16	568-572	klar	_	_
2-17	573-575	im	_	_
2-18	576-586	nationalen	_	B
2-19	587-596	Interesse	_	I
2-20	596-597	.	_	_
2-21	598-603	Warum	_	_
2-22	604-610	werden	_	_
2-23	611-614	für	_	_
2-24	615-618	Sea	_	B
2-25	619-627	Guardian	_	I
2-26	628-636	trotzdem	_	_
2-27	637-642	keine	_	B
2-28	643-650	eigenen	_	I
2-29	651-657	Kräfte	_	I
2-30	658-666	entsandt	_	_
2-31	666-667	,	_	_
2-32	668-675	während	_	_
2-33	676-679	man	_	B
2-34	680-683	für	_	_
2-35	684-690	Syrien	_	B
2-36	690-691	,	_	_
2-37	692-696	Mali	_	B
2-38	697-701	oder	_	_
2-39	702-713	Afghanistan	_	B
2-40	714-721	jeweils	_	B
2-41	722-726	etwa	_	I
2-42	727-728	1	_	I
2-43	729-732	000	_	I
2-44	733-737	Mann	_	I
2-45	738-746	vorsieht	_	_
2-46	746-747	?	_	_

#Text=Sprechen wir doch einmal über die Sicherheitslage in Deutschland. Wir blicken auf schreckliche Terroranschläge zurück, müssen unsere Weihnachtsmärkte mit Antiterrorsperren und Polizei schützen und sind im Sicherheitsranking des Weltwirtschaftsforums seit 2015 um 31 Plätze nach unten gerutscht.
3-1	752-760	Sprechen	_	_
3-2	761-764	wir	_	B
3-3	765-769	doch	_	_
3-4	770-776	einmal	_	_
3-5	777-781	über	_	_
3-6	782-785	die	_	B
3-7	786-801	Sicherheitslage	_	I
3-8	802-804	in	_	_
3-9	805-816	Deutschland	_	B
3-10	816-817	.	_	_
3-11	818-821	Wir	_	B
3-12	822-829	blicken	_	_
3-13	830-833	auf	_	_
3-14	834-846	schreckliche	_	B
3-15	847-862	Terroranschläge	_	I
3-16	863-869	zurück	_	_
3-17	869-870	,	_	_
3-18	871-877	müssen	_	_
3-19	878-884	unsere	_	B
3-20	885-901	Weihnachtsmärkte	_	I
3-21	902-905	mit	_	_
3-22	906-923	Antiterrorsperren	_	B
3-23	924-927	und	_	_
3-24	928-935	Polizei	_	B
3-25	936-944	schützen	_	_
3-26	945-948	und	_	_
3-27	949-953	sind	_	_
3-28	954-956	im	_	_
3-29	957-975	Sicherheitsranking	_	B
3-30	976-979	des	_	B
3-31	980-1001	Weltwirtschaftsforums	_	I
3-32	1002-1006	seit	_	_
3-33	1007-1011	2015	_	_
3-34	1012-1014	um	_	_
3-35	1015-1017	31	_	B
3-36	1018-1024	Plätze	_	I
3-37	1025-1029	nach	_	_
3-38	1030-1035	unten	_	_
3-39	1036-1045	gerutscht	_	_
3-40	1045-1046	.	_	_

#Text=Es ist kein Geheimnis, dass im Zuge irregulärer Migration auch radikale Islamisten und Kriminelle zu uns kommen. Diese Migration findet über das Mittelmeer statt. Sie macht unser Land heute unsicherer, entfaltet ihre wahren, unwiderruflichen Auswirkungen aber erst in der Zukunft. Trotzdem schicken wir unsere Soldaten um die halbe Welt, statt sie vor unserer Haustür ihre Heimat schützen zu lassen.
4-1	1050-1052	Es	_	B
4-2	1053-1056	ist	_	_
4-3	1057-1061	kein	_	B
4-4	1062-1071	Geheimnis	_	I
4-5	1071-1072	,	_	_
4-6	1073-1077	dass	_	_
4-7	1078-1080	im	_	_
4-8	1081-1085	Zuge	_	B
4-9	1086-1097	irregulärer	_	B
4-10	1098-1107	Migration	_	I
4-11	1108-1112	auch	_	B
4-12	1113-1121	radikale	_	I
4-13	1122-1132	Islamisten	_	I
4-14	1133-1136	und	_	_
4-15	1137-1147	Kriminelle	_	B
4-16	1148-1150	zu	_	_
4-17	1151-1154	uns	_	B
4-18	1155-1161	kommen	_	_
4-19	1161-1162	.	_	_
4-20	1163-1168	Diese	_	B
4-21	1169-1178	Migration	_	I
4-22	1179-1185	findet	_	_
4-23	1186-1190	über	_	_
4-24	1191-1194	das	_	B
4-25	1195-1205	Mittelmeer	_	I
4-26	1206-1211	statt	_	_
4-27	1211-1212	.	_	_
4-28	1213-1216	Sie	_	B
4-29	1217-1222	macht	_	_
4-30	1223-1228	unser	_	B
4-31	1229-1233	Land	_	I
4-32	1234-1239	heute	_	_
4-33	1240-1250	unsicherer	_	_
4-34	1250-1251	,	_	_
4-35	1252-1261	entfaltet	_	_
4-36	1262-1266	ihre	_	B
4-37	1267-1273	wahren	_	I
4-38	1273-1274	,	_	I
4-39	1275-1291	unwiderruflichen	_	I
4-40	1292-1304	Auswirkungen	_	I
4-41	1305-1309	aber	_	_
4-42	1310-1314	erst	_	_
4-43	1315-1317	in	_	_
4-44	1318-1321	der	_	B
4-45	1322-1329	Zukunft	_	I
4-46	1329-1330	.	_	_
4-47	1331-1339	Trotzdem	_	_
4-48	1340-1348	schicken	_	_
4-49	1349-1352	wir	_	B
4-50	1353-1359	unsere	_	B
4-51	1360-1368	Soldaten	_	I
4-52	1369-1371	um	_	_
4-53	1372-1375	die	_	B
4-54	1376-1381	halbe	_	I
4-55	1382-1386	Welt	_	I
4-56	1386-1387	,	_	_
4-57	1388-1393	statt	_	_
4-58	1394-1397	sie	_	B
4-59	1398-1401	vor	_	_
4-60	1402-1409	unserer	_	B
4-61	1410-1417	Haustür	_	I
4-62	1418-1422	ihre	_	B
4-63	1423-1429	Heimat	_	I
4-64	1430-1438	schützen	_	_
4-65	1439-1441	zu	_	_
4-66	1442-1448	lassen	_	_
4-67	1448-1449	.	_	_

#Text=Bei aller Hilfsbereitschaft anderen Staaten gegenüber sind wir doch zuerst Deutschland verpflichtet.
5-1	1458-1461	Bei	_	_
5-2	1462-1467	aller	_	B
5-3	1468-1485	Hilfsbereitschaft	_	I
5-4	1486-1493	anderen	_	B
5-5	1494-1501	Staaten	_	I
5-6	1502-1511	gegenüber	_	_
5-7	1512-1516	sind	_	_
5-8	1517-1520	wir	_	B
5-9	1521-1525	doch	_	_
5-10	1526-1532	zuerst	_	_
5-11	1533-1544	Deutschland	_	B
5-12	1545-1557	verpflichtet	_	_
5-13	1557-1558	.	_	_

#Text=Wir stimmen heute zu, erwarten aber, dass in Zukunft die Prioritäten richtig gesetzt und solide Einsatzgrundlagen geschaffen werden. Konkret fordere ich Sie auf, entweder die Bundeswehr oder die libysche Küstenwache in die Lage zu versetzen, Migranten nach Afrika zurückzubringen.
6-1	1560-1563	Wir	_	B
6-2	1564-1571	stimmen	_	_
6-3	1572-1577	heute	_	_
6-4	1578-1580	zu	_	_
6-5	1580-1581	,	_	_
6-6	1582-1590	erwarten	_	_
6-7	1591-1595	aber	_	_
6-8	1595-1596	,	_	_
6-9	1597-1601	dass	_	_
6-10	1602-1604	in	_	_
6-11	1605-1612	Zukunft	_	B
6-12	1613-1616	die	_	B
6-13	1617-1628	Prioritäten	_	I
6-14	1629-1636	richtig	_	_
6-15	1637-1644	gesetzt	_	_
6-16	1645-1648	und	_	_
6-17	1649-1655	solide	_	B
6-18	1656-1673	Einsatzgrundlagen	_	I
6-19	1674-1684	geschaffen	_	_
6-20	1685-1691	werden	_	_
6-21	1691-1692	.	_	_
6-22	1693-1700	Konkret	_	_
6-23	1701-1708	fordere	_	_
6-24	1709-1712	ich	_	B
6-25	1713-1716	Sie	_	B
6-26	1717-1720	auf	_	_
6-27	1720-1721	,	_	_
6-28	1722-1730	entweder	_	B
6-29	1731-1734	die	_	I
6-30	1735-1745	Bundeswehr	_	I
6-31	1746-1750	oder	_	_
6-32	1751-1754	die	_	B
6-33	1755-1763	libysche	_	I
6-34	1764-1775	Küstenwache	_	I
6-35	1776-1778	in	_	_
6-36	1779-1782	die	_	B
6-37	1783-1787	Lage	_	I
6-38	1788-1790	zu	_	_
6-39	1791-1800	versetzen	_	_
6-40	1800-1801	,	_	_
6-41	1802-1811	Migranten	_	B
6-42	1812-1816	nach	_	_
6-43	1817-1823	Afrika	_	B
6-44	1824-1839	zurückzubringen	_	_
6-45	1839-1840	.	_	_

#Text=Wir brauchen handlungsfähige Mandate und keine Lippenbekenntnisse.
7-1	1847-1850	Wir	_	B
7-2	1851-1859	brauchen	_	_
7-3	1860-1875	handlungsfähige	_	B
7-4	1876-1883	Mandate	_	I
7-5	1884-1887	und	_	_
7-6	1888-1893	keine	_	B
7-7	1894-1912	Lippenbekenntnisse	_	I
7-8	1912-1913	.	_	_

#Text=Ich will mit einem Kommentar zur letzten Plenarsitzung zum Schluss kommen. Dort klang mancher so, als könne man irgendwie unseren Soldaten die Realität der Mittelmeereinsätze anlasten. Dazu möchte ich klar sagen, dass unsere Bundeswehr treu den Willen dieses Parlamentes erfüllt. Loyalität ist keine Einbahnstraße, werte Kollegen. Stellen Sie sich vor unsere Soldaten, und übernehmen Sie Verantwortung für Ihre Beschlüsse!
8-1	1915-1918	Ich	_	B
8-2	1919-1923	will	_	_
8-3	1924-1927	mit	_	_
8-4	1928-1933	einem	_	B
8-5	1934-1943	Kommentar	_	I
8-6	1944-1947	zur	_	_
8-7	1948-1955	letzten	_	B
8-8	1956-1969	Plenarsitzung	_	I
8-9	1970-1973	zum	_	_
8-10	1974-1981	Schluss	_	B
8-11	1982-1988	kommen	_	_
8-12	1988-1989	.	_	_
8-13	1990-1994	Dort	_	_
8-14	1995-2000	klang	_	_
8-15	2001-2008	mancher	_	B
8-16	2009-2011	so	_	_
8-17	2011-2012	,	_	_
8-18	2013-2016	als	_	_
8-19	2017-2022	könne	_	_
8-20	2023-2026	man	_	B
8-21	2027-2036	irgendwie	_	_
8-22	2037-2044	unseren	_	B
8-23	2045-2053	Soldaten	_	I
8-24	2054-2057	die	_	B
8-25	2058-2066	Realität	_	I
8-26	2067-2070	der	_	B
8-27	2071-2089	Mittelmeereinsätze	_	I
8-28	2090-2098	anlasten	_	_
8-29	2098-2099	.	_	_
8-30	2100-2104	Dazu	_	_
8-31	2105-2111	möchte	_	_
8-32	2112-2115	ich	_	B
8-33	2116-2120	klar	_	_
8-34	2121-2126	sagen	_	_
8-35	2126-2127	,	_	_
8-36	2128-2132	dass	_	_
8-37	2133-2139	unsere	_	B
8-38	2140-2150	Bundeswehr	_	I
8-39	2151-2155	treu	_	_
8-40	2156-2159	den	_	B
8-41	2160-2166	Willen	_	I
8-42	2167-2173	dieses	_	B
8-43	2174-2185	Parlamentes	_	I
8-44	2186-2193	erfüllt	_	_
8-45	2193-2194	.	_	_
8-46	2195-2204	Loyalität	_	B
8-47	2205-2208	ist	_	_
8-48	2209-2214	keine	_	B
8-49	2215-2228	Einbahnstraße	_	I
8-50	2228-2229	,	_	_
8-51	2230-2235	werte	_	B
8-52	2236-2244	Kollegen	_	I
8-53	2244-2245	.	_	_
8-54	2246-2253	Stellen	_	B
8-55	2254-2257	Sie	_	B
8-56	2258-2262	sich	_	B
8-57	2263-2266	vor	_	_
8-58	2267-2273	unsere	_	B
8-59	2274-2282	Soldaten	_	I
8-60	2282-2283	,	_	_
8-61	2284-2287	und	_	_
8-62	2288-2298	übernehmen	_	_
8-63	2299-2302	Sie	_	B
8-64	2303-2316	Verantwortung	_	B
8-65	2317-2320	für	_	_
8-66	2321-2325	Ihre	_	B
8-67	2326-2336	Beschlüsse	_	I
8-68	2336-2337	!	_	_

#Text=Nächster Redner ist der Kollege Graf Lambsdorff von der FDP.
9-1	2347-2355	Nächster	_	B
9-2	2356-2362	Redner	_	I
9-3	2363-2366	ist	_	_
9-4	2367-2370	der	_	B
9-5	2371-2378	Kollege	_	I
9-6	2379-2383	Graf	_	I
9-7	2384-2394	Lambsdorff	_	I
9-8	2395-2398	von	_	_
9-9	2399-2402	der	_	B
9-10	2403-2406	FDP	_	I
9-11	2406-2407	.	_	_
