#FORMAT=WebAnno TSV 3.2
#T_SP=webanno.custom.Animacy|Animated
#T_SP=webanno.custom.CustomChunk|Chunk


#Text=Herr Präsident! Geehrte Kolleginnen und Kollegen! Wir haben gehört: „Wir schaffen das – Teil 2“.
1-1	0-4	Herr	_	B
1-2	5-14	Präsident	_	I
1-3	14-15	!	_	_
1-4	16-23	Geehrte	_	B
1-5	24-35	Kolleginnen	_	I
1-6	36-39	und	_	_
1-7	40-48	Kollegen	_	B
1-8	48-49	!	_	_
1-9	50-53	Wir	_	B
1-10	54-59	haben	_	_
1-11	60-66	gehört	_	_
1-12	66-67	:	_	_
1-13	68-69	„	_	_
1-14	69-72	Wir	_	B
1-15	73-81	schaffen	_	_
1-16	82-85	das	_	B
1-17	86-87	–	_	_
1-18	88-92	Teil	_	B
1-19	93-94	2	_	_
1-20	94-95	“	_	_
1-21	95-96	.	_	_

#Text=Die Regierung stellte und stellt heute keine seriöse Haushaltsplanung vor. Von einer vollständigen und realistischen Abbildung aller Belastungen sind wir erneut weit entfernt. Der Finanzminister will in den nächsten zwölf Monaten verzweifelt auf geduldigem Papier noch den Schein der Haushaltssolidität aufrechterhalten. Dabei ist übrigens die aktuelle Steuerflut eine Leistung der Bürger und Unternehmen, nicht der Regierung.
2-1	103-106	Die	_	B
2-2	107-116	Regierung	_	I
2-3	117-124	stellte	_	_
2-4	125-128	und	_	_
2-5	129-135	stellt	_	_
2-6	136-141	heute	_	_
2-7	142-147	keine	_	B
2-8	148-155	seriöse	_	I
2-9	156-172	Haushaltsplanung	_	I
2-10	173-176	vor	_	_
2-11	176-177	.	_	_
2-12	178-181	Von	_	_
2-13	182-187	einer	_	B
2-14	188-201	vollständigen	_	I
2-15	202-205	und	_	I
2-16	206-219	realistischen	_	I
2-17	220-229	Abbildung	_	I
2-18	230-235	aller	_	B
2-19	236-247	Belastungen	_	I
2-20	248-252	sind	_	_
2-21	253-256	wir	_	B
2-22	257-263	erneut	_	_
2-23	264-268	weit	_	_
2-24	269-277	entfernt	_	_
2-25	277-278	.	_	_
2-26	279-282	Der	_	B
2-27	283-297	Finanzminister	_	I
2-28	298-302	will	_	_
2-29	303-305	in	_	_
2-30	306-309	den	_	B
2-31	310-318	nächsten	_	I
2-32	319-324	zwölf	_	I
2-33	325-332	Monaten	_	I
2-34	333-344	verzweifelt	_	_
2-35	345-348	auf	_	_
2-36	349-359	geduldigem	_	B
2-37	360-366	Papier	_	I
2-38	367-371	noch	_	_
2-39	372-375	den	_	B
2-40	376-382	Schein	_	I
2-41	383-386	der	_	B
2-42	387-405	Haushaltssolidität	_	I
2-43	406-422	aufrechterhalten	_	_
2-44	422-423	.	_	_
2-45	424-429	Dabei	_	_
2-46	430-433	ist	_	_
2-47	434-442	übrigens	_	_
2-48	443-446	die	_	B
2-49	447-455	aktuelle	_	I
2-50	456-466	Steuerflut	_	I
2-51	467-471	eine	_	B
2-52	472-480	Leistung	_	I
2-53	481-484	der	_	B
2-54	485-491	Bürger	_	I
2-55	492-495	und	_	_
2-56	496-507	Unternehmen	_	B
2-57	507-508	,	_	_
2-58	509-514	nicht	_	B
2-59	515-518	der	_	I
2-60	519-528	Regierung	_	I
2-61	528-529	.	_	_

#Text=Doch die Kassenlage wird 2020 anders aussehen. Ebenso wie die GroKo ächzen inzwischen viele Unternehmen. Wir erleben gerade die letzten warmen Steuersommertage vor dem konjunkturellen Winter. Die gängelnde Politik gegen deutsche Schlüsselindustrien aus rein ideologischen Gründen wird am Arbeitsmarkt und im Haushalt ein Desaster anrichten, auch wenn CO
3-1	535-539	Doch	_	_
3-2	540-543	die	_	B
3-3	544-554	Kassenlage	_	I
3-4	555-559	wird	_	_
3-5	560-564	2020	_	_
3-6	565-571	anders	_	_
3-7	572-580	aussehen	_	_
3-8	580-581	.	_	_
3-9	582-588	Ebenso	_	_
3-10	589-592	wie	_	B
3-11	593-596	die	_	I
3-12	597-602	GroKo	_	I
3-13	603-609	ächzen	_	_
3-14	610-620	inzwischen	_	_
3-15	621-626	viele	_	B
3-16	627-638	Unternehmen	_	I
3-17	638-639	.	_	_
3-18	640-643	Wir	_	B
3-19	644-651	erleben	_	_
3-20	652-658	gerade	_	_
3-21	659-662	die	_	B
3-22	663-670	letzten	_	I
3-23	671-677	warmen	_	I
3-24	678-694	Steuersommertage	_	I
3-25	695-698	vor	_	_
3-26	699-702	dem	_	B
3-27	703-718	konjunkturellen	_	I
3-28	719-725	Winter	_	I
3-29	725-726	.	_	_
3-30	727-730	Die	_	B
3-31	731-740	gängelnde	_	I
3-32	741-748	Politik	_	I
3-33	749-754	gegen	_	_
3-34	755-763	deutsche	_	B
3-35	764-783	Schlüsselindustrien	_	I
3-36	784-787	aus	_	_
3-37	788-792	rein	_	B
3-38	793-806	ideologischen	_	I
3-39	807-814	Gründen	_	I
3-40	815-819	wird	_	_
3-41	820-822	am	_	_
3-42	823-835	Arbeitsmarkt	_	B
3-43	836-839	und	_	_
3-44	840-842	im	_	_
3-45	843-851	Haushalt	_	B
3-46	852-855	ein	_	B
3-47	856-864	Desaster	_	I
3-48	865-874	anrichten	_	_
3-49	874-875	,	_	_
3-50	876-880	auch	_	B
3-51	881-885	wenn	_	I
3-52	886-888	CO	_	I

#Text=Die Einnahmeseite des Haushalts ist zudem durch die historisch nie gesehenen Konjunkturdauerprogramme der Zentralbank positiv verzerrt. Ab Herbst wird die EZB schon wieder 200 Milliarden Euro zusätzliches Luftgeld ins System schießen. Zentralbanken zerstören mit dieser Voodoo-Ökonomie wirklich alle Märkte.
4-1	893-896	Die	_	B
4-2	897-910	Einnahmeseite	_	I
4-3	911-914	des	_	B
4-4	915-924	Haushalts	_	I
4-5	925-928	ist	_	_
4-6	929-934	zudem	_	_
4-7	935-940	durch	_	_
4-8	941-944	die	_	B
4-9	945-955	historisch	_	I
4-10	956-959	nie	_	I
4-11	960-969	gesehenen	_	I
4-12	970-994	Konjunkturdauerprogramme	_	I
4-13	995-998	der	_	B
4-14	999-1010	Zentralbank	_	I
4-15	1011-1018	positiv	_	_
4-16	1019-1027	verzerrt	_	_
4-17	1027-1028	.	_	_
4-18	1029-1031	Ab	_	_
4-19	1032-1038	Herbst	_	B
4-20	1039-1043	wird	_	_
4-21	1044-1047	die	_	B
4-22	1048-1051	EZB	_	I
4-23	1052-1057	schon	_	_
4-24	1058-1064	wieder	_	_
4-25	1065-1068	200	_	B
4-26	1069-1079	Milliarden	_	I
4-27	1080-1084	Euro	_	I
4-28	1085-1097	zusätzliches	_	I
4-29	1098-1106	Luftgeld	_	I
4-30	1107-1110	ins	_	_
4-31	1111-1117	System	_	B
4-32	1118-1126	schießen	_	_
4-33	1126-1127	.	_	_
4-34	1128-1141	Zentralbanken	_	B
4-35	1142-1151	zerstören	_	_
4-36	1152-1155	mit	_	_
4-37	1156-1162	dieser	_	B
4-38	1163-1178	Voodoo-Ökonomie	_	I
4-39	1179-1187	wirklich	_	_
4-40	1188-1192	alle	_	B
4-41	1193-1199	Märkte	_	I
4-42	1199-1200	.	_	_

#Text=(Beifall bei der AfD)
5-1	1204-1205	(	_	B
5-2	1205-1212	Beifall	_	I
5-3	1213-1216	bei	_	_
5-4	1217-1220	der	_	B
5-5	1221-1224	AfD	_	I
5-6	1224-1225	)	_	_

#Text=Mit Nullzinskrediten ist alles finanzierbar – auf Kosten der Bürger; denn dieser Ausnahmezustand enteignet Sparer und Rentner ebenso wie Mieter durch die Immobilienpreisblase.
6-1	1228-1231	Mit	_	_
6-2	1232-1248	Nullzinskrediten	_	B
6-3	1249-1252	ist	_	_
6-4	1253-1258	alles	_	B
6-5	1259-1271	finanzierbar	_	_
6-6	1272-1273	–	_	_
6-7	1274-1277	auf	_	_
6-8	1278-1284	Kosten	_	B
6-9	1285-1288	der	_	B
6-10	1289-1295	Bürger	_	I
6-11	1295-1296	;	_	_
6-12	1297-1301	denn	_	_
6-13	1302-1308	dieser	_	B
6-14	1309-1324	Ausnahmezustand	_	I
6-15	1325-1334	enteignet	_	_
6-16	1335-1341	Sparer	_	B
6-17	1342-1345	und	_	_
6-18	1346-1353	Rentner	_	B
6-19	1354-1360	ebenso	_	_
6-20	1361-1364	wie	_	_
6-21	1365-1371	Mieter	_	_
6-22	1372-1377	durch	_	_
6-23	1378-1381	die	_	B
6-24	1382-1402	Immobilienpreisblase	_	I
6-25	1402-1403	.	_	_

#Text=Der Staat spart so pro Jahr mehr als 100 Milliarden Euro, die Bürger verlieren diesen Betrag. Ohne diesen absoluten Sondereffekt wäre der Haushalt niemals ausgeglichen.
7-1	1406-1409	Der	_	B
7-2	1410-1415	Staat	_	I
7-3	1416-1421	spart	_	_
7-4	1422-1424	so	_	_
7-5	1425-1428	pro	_	_
7-6	1429-1433	Jahr	_	B
7-7	1434-1438	mehr	_	B
7-8	1439-1442	als	_	I
7-9	1443-1446	100	_	I
7-10	1447-1457	Milliarden	_	I
7-11	1458-1462	Euro	_	I
7-12	1462-1463	,	_	_
7-13	1464-1467	die	_	B
7-14	1468-1474	Bürger	_	I
7-15	1475-1484	verlieren	_	_
7-16	1485-1491	diesen	_	B
7-17	1492-1498	Betrag	_	I
7-18	1498-1499	.	_	_
7-19	1500-1504	Ohne	_	_
7-20	1505-1511	diesen	_	B
7-21	1512-1521	absoluten	_	I
7-22	1522-1534	Sondereffekt	_	I
7-23	1535-1539	wäre	_	_
7-24	1540-1543	der	_	B
7-25	1544-1552	Haushalt	_	I
7-26	1553-1560	niemals	_	_
7-27	1561-1573	ausgeglichen	_	_
7-28	1573-1574	.	_	_

#Text=Gerechterweise müsste diese Zinsersparnis unmittelbar zu Steuersenkungen führen. Immerhin ist sie die Kehrseite der durch Minuszinsen kaputtgeschlagenen Altersvorsorge der Menschen. Die Nullprozentgeldpolitik ist eine Kriegserklärung an die Bürger.
8-1	1578-1592	Gerechterweise	_	_
8-2	1593-1599	müsste	_	_
8-3	1600-1605	diese	_	B
8-4	1606-1619	Zinsersparnis	_	I
8-5	1620-1631	unmittelbar	_	_
8-6	1632-1634	zu	_	_
8-7	1635-1650	Steuersenkungen	_	B
8-8	1651-1657	führen	_	_
8-9	1657-1658	.	_	_
8-10	1659-1667	Immerhin	_	_
8-11	1668-1671	ist	_	_
8-12	1672-1675	sie	_	B
8-13	1676-1679	die	_	B
8-14	1680-1689	Kehrseite	_	I
8-15	1690-1693	der	_	_
8-16	1694-1699	durch	_	_
8-17	1700-1711	Minuszinsen	_	B
8-18	1712-1730	kaputtgeschlagenen	_	_
8-19	1731-1745	Altersvorsorge	_	_
8-20	1746-1749	der	_	B
8-21	1750-1758	Menschen	_	I
8-22	1758-1759	.	_	_
8-23	1760-1763	Die	_	B
8-24	1764-1786	Nullprozentgeldpolitik	_	I
8-25	1787-1790	ist	_	_
8-26	1791-1795	eine	_	B
8-27	1796-1811	Kriegserklärung	_	I
8-28	1812-1814	an	_	_
8-29	1815-1818	die	_	B
8-30	1819-1825	Bürger	_	I
8-31	1825-1826	.	_	_

#Text=Faktisch ist damit die von der SPD doch so heißgeliebte Vermögensteuer eigentlich bereits wieder eingeführt.
9-1	1830-1838	Faktisch	_	_
9-2	1839-1842	ist	_	_
9-3	1843-1848	damit	_	_
9-4	1849-1852	die	_	_
9-5	1853-1856	von	_	_
9-6	1857-1860	der	_	B
9-7	1861-1864	SPD	_	I
9-8	1865-1869	doch	_	_
9-9	1870-1872	so	_	_
9-10	1873-1885	heißgeliebte	_	_
9-11	1886-1900	Vermögensteuer	_	_
9-12	1901-1911	eigentlich	_	_
9-13	1912-1919	bereits	_	_
9-14	1920-1926	wieder	_	_
9-15	1927-1937	eingeführt	_	_
9-16	1937-1938	.	_	_

#Text=Doch was macht das Finanzministerium? Man schafft noch nicht einmal die überfälligste aller Steuern ab: den Soli. Dabei wird der Soli bereits ab 2020 keine Rechtsgrundlage mehr haben. Die AfD, der Wissenschaftliche Dienst, der Bundesrechnungshof sehen das so. Das Finanzministerium weiß das auch ganz genau, gibt es aber offiziell nicht zu. Sogar der ehemalige Leiter der BMF-Steuerabteilung klagt gegen die weitere Soli-Erhebung, ebenso der Steuerzahlerbund.
10-1	1940-1944	Doch	_	_
10-2	1945-1948	was	_	B
10-3	1949-1954	macht	_	_
10-4	1955-1958	das	_	B
10-5	1959-1976	Finanzministerium	_	I
10-6	1976-1977	?	_	_
10-7	1978-1981	Man	_	B
10-8	1982-1989	schafft	_	_
10-9	1990-1994	noch	_	_
10-10	1995-2000	nicht	_	_
10-11	2001-2007	einmal	_	_
10-12	2008-2011	die	_	B
10-13	2012-2025	überfälligste	_	I
10-14	2026-2031	aller	_	B
10-15	2032-2039	Steuern	_	I
10-16	2040-2042	ab	_	_
10-17	2042-2043	:	_	_
10-18	2044-2047	den	_	B
10-19	2048-2052	Soli	_	I
10-20	2052-2053	.	_	_
10-21	2054-2059	Dabei	_	_
10-22	2060-2064	wird	_	_
10-23	2065-2068	der	_	B
10-24	2069-2073	Soli	_	I
10-25	2074-2081	bereits	_	_
10-26	2082-2084	ab	_	_
10-27	2085-2089	2020	_	_
10-28	2090-2095	keine	_	B
10-29	2096-2111	Rechtsgrundlage	_	I
10-30	2112-2116	mehr	_	_
10-31	2117-2122	haben	_	_
10-32	2122-2123	.	_	_
10-33	2124-2127	Die	_	B
10-34	2128-2131	AfD	_	I
10-35	2131-2132	,	_	_
10-36	2133-2136	der	_	B
10-37	2137-2154	Wissenschaftliche	_	I
10-38	2155-2161	Dienst	_	I
10-39	2161-2162	,	_	_
10-40	2163-2166	der	_	B
10-41	2167-2185	Bundesrechnungshof	_	I
10-42	2186-2191	sehen	_	_
10-43	2192-2195	das	_	B
10-44	2196-2198	so	_	_
10-45	2198-2199	.	_	_
10-46	2200-2203	Das	_	B
10-47	2204-2221	Finanzministerium	_	I
10-48	2222-2226	weiß	_	_
10-49	2227-2230	das	_	B
10-50	2231-2235	auch	_	_
10-51	2236-2240	ganz	_	_
10-52	2241-2246	genau	_	_
10-53	2246-2247	,	_	_
10-54	2248-2252	gibt	_	_
10-55	2253-2255	es	_	_
10-56	2256-2260	aber	_	_
10-57	2261-2270	offiziell	_	_
10-58	2271-2276	nicht	_	_
10-59	2277-2279	zu	_	_
10-60	2279-2280	.	_	_
10-61	2281-2286	Sogar	_	B
10-62	2287-2290	der	_	I
10-63	2291-2300	ehemalige	_	I
10-64	2301-2307	Leiter	_	I
10-65	2308-2311	der	_	B
10-66	2312-2331	BMF-Steuerabteilung	_	I
10-67	2332-2337	klagt	_	_
10-68	2338-2343	gegen	_	_
10-69	2344-2347	die	_	B
10-70	2348-2355	weitere	_	I
10-71	2356-2369	Soli-Erhebung	_	I
10-72	2369-2370	,	_	_
10-73	2371-2377	ebenso	_	B
10-74	2378-2381	der	_	I
10-75	2382-2398	Steuerzahlerbund	_	I
10-76	2398-2399	.	_	_

#Text=Damit besteht schon im nächsten Jahr ein Haushaltsrisiko von 20 Milliarden Euro, für die ganze Planungsperiode sogar von 54 Milliarden Euro. Herr Minister, ist das Ignorieren der Rechtsmeinung all dieser Institutionen seriös? Sie riskieren ein Milliardendesaster für kommende Steuerzahler.
11-1	2411-2416	Damit	_	_
11-2	2417-2424	besteht	_	_
11-3	2425-2430	schon	_	_
11-4	2431-2433	im	_	_
11-5	2434-2442	nächsten	_	B
11-6	2443-2447	Jahr	_	I
11-7	2448-2451	ein	_	B
11-8	2452-2467	Haushaltsrisiko	_	I
11-9	2468-2471	von	_	_
11-10	2472-2474	20	_	B
11-11	2475-2485	Milliarden	_	I
11-12	2486-2490	Euro	_	I
11-13	2490-2491	,	_	_
11-14	2492-2495	für	_	_
11-15	2496-2499	die	_	B
11-16	2500-2505	ganze	_	I
11-17	2506-2521	Planungsperiode	_	I
11-18	2522-2527	sogar	_	_
11-19	2528-2531	von	_	_
11-20	2532-2534	54	_	B
11-21	2535-2545	Milliarden	_	I
11-22	2546-2550	Euro	_	I
11-23	2550-2551	.	_	_
11-24	2552-2556	Herr	_	B
11-25	2557-2565	Minister	_	I
11-26	2565-2566	,	_	_
11-27	2567-2570	ist	_	_
11-28	2571-2574	das	_	B
11-29	2575-2585	Ignorieren	_	I
11-30	2586-2589	der	_	B
11-31	2590-2603	Rechtsmeinung	_	I
11-32	2604-2607	all	_	B
11-33	2608-2614	dieser	_	I
11-34	2615-2628	Institutionen	_	I
11-35	2629-2635	seriös	_	_
11-36	2635-2636	?	_	_
11-37	2637-2640	Sie	_	B
11-38	2641-2650	riskieren	_	_
11-39	2651-2654	ein	_	B
11-40	2655-2673	Milliardendesaster	_	I
11-41	2674-2677	für	_	_
11-42	2678-2686	kommende	_	B
11-43	2687-2699	Steuerzahler	_	I
11-44	2699-2700	.	_	_

#Text=Weiterhin ist es eine anhaltende Vernebelung, beim Soli von – Zitat – 90 Prozent Nichtmehrzahlern zu sprechen, wenn doch mehr als 50 Prozent des Soliaufkommens erhalten bleiben. Sie schaffen materiell nur den halben Soli ab, der Rest ist ein rhetorischer Trick, nichts anderes.
12-1	2706-2715	Weiterhin	_	_
12-2	2716-2719	ist	_	_
12-3	2720-2722	es	_	B
12-4	2723-2727	eine	_	B
12-5	2728-2738	anhaltende	_	I
12-6	2739-2750	Vernebelung	_	I
12-7	2750-2751	,	_	_
12-8	2752-2756	beim	_	_
12-9	2757-2761	Soli	_	B
12-10	2762-2765	von	_	_
12-11	2766-2767	–	_	B
12-12	2768-2773	Zitat	_	I
12-13	2774-2775	–	_	_
12-14	2776-2778	90	_	B
12-15	2779-2786	Prozent	_	I
12-16	2787-2803	Nichtmehrzahlern	_	I
12-17	2804-2806	zu	_	_
12-18	2807-2815	sprechen	_	_
12-19	2815-2816	,	_	_
12-20	2817-2821	wenn	_	_
12-21	2822-2826	doch	_	_
12-22	2827-2831	mehr	_	B
12-23	2832-2835	als	_	I
12-24	2836-2838	50	_	I
12-25	2839-2846	Prozent	_	I
12-26	2847-2850	des	_	B
12-27	2851-2865	Soliaufkommens	_	I
12-28	2866-2874	erhalten	_	_
12-29	2875-2882	bleiben	_	_
12-30	2882-2883	.	_	_
12-31	2884-2887	Sie	_	B
12-32	2888-2896	schaffen	_	_
12-33	2897-2906	materiell	_	_
12-34	2907-2910	nur	_	B
12-35	2911-2914	den	_	I
12-36	2915-2921	halben	_	I
12-37	2922-2926	Soli	_	I
12-38	2927-2929	ab	_	_
12-39	2929-2930	,	_	_
12-40	2931-2934	der	_	B
12-41	2935-2939	Rest	_	I
12-42	2940-2943	ist	_	_
12-43	2944-2947	ein	_	B
12-44	2948-2960	rhetorischer	_	I
12-45	2961-2966	Trick	_	I
12-46	2966-2967	,	_	_
12-47	2968-2974	nichts	_	B
12-48	2975-2982	anderes	_	I
12-49	2982-2983	.	_	_

#Text=Und selbst diese rhetorischen 90 Prozent Nichtzahler sind noch eine Falschangabe: Da die Solizahlung auf Erträge der ohnehin gemolkenen Sparer erhalten bleibt, sind es in Wirklichkeit mehr als 10 Prozent der Steuerzahler, die den Soli weiterzahlen werden.
13-1	2990-2993	Und	_	_
13-2	2994-3000	selbst	_	B
13-3	3001-3006	diese	_	I
13-4	3007-3019	rhetorischen	_	I
13-5	3020-3022	90	_	I
13-6	3023-3030	Prozent	_	I
13-7	3031-3042	Nichtzahler	_	I
13-8	3043-3047	sind	_	_
13-9	3048-3052	noch	_	_
13-10	3053-3057	eine	_	B
13-11	3058-3070	Falschangabe	_	I
13-12	3070-3071	:	_	_
13-13	3072-3074	Da	_	_
13-14	3075-3078	die	_	B
13-15	3079-3090	Solizahlung	_	I
13-16	3091-3094	auf	_	_
13-17	3095-3102	Erträge	_	B
13-18	3103-3106	der	_	B
13-19	3107-3114	ohnehin	_	I
13-20	3115-3125	gemolkenen	_	I
13-21	3126-3132	Sparer	_	I
13-22	3133-3141	erhalten	_	_
13-23	3142-3148	bleibt	_	_
13-24	3148-3149	,	_	_
13-25	3150-3154	sind	_	_
13-26	3155-3157	es	_	B
13-27	3158-3160	in	_	_
13-28	3161-3173	Wirklichkeit	_	B
13-29	3174-3178	mehr	_	B
13-30	3179-3182	als	_	I
13-31	3183-3185	10	_	I
13-32	3186-3193	Prozent	_	I
13-33	3194-3197	der	_	B
13-34	3198-3210	Steuerzahler	_	I
13-35	3210-3211	,	_	_
13-36	3212-3215	die	_	B
13-37	3216-3219	den	_	B
13-38	3220-3224	Soli	_	I
13-39	3225-3237	weiterzahlen	_	_
13-40	3238-3244	werden	_	_
13-41	3244-3245	.	_	_

#Text=Dann das Thema Klima. Der Bundestag wäre ja heute der Ort, um über das sagenumwobene Klimabudget zu sprechen. Doch von der Regierung wurde und wird uns nun eine Haushaltsplanung vorgelegt, in dem dieser nach Mediengerüchten riesige CO
14-1	3250-3254	Dann	_	B
14-2	3255-3258	das	_	I
14-3	3259-3264	Thema	_	I
14-4	3265-3270	Klima	_	I
14-5	3270-3271	.	_	_
14-6	3272-3275	Der	_	B
14-7	3276-3285	Bundestag	_	I
14-8	3286-3290	wäre	_	_
14-9	3291-3293	ja	_	_
14-10	3294-3299	heute	_	_
14-11	3300-3303	der	_	B
14-12	3304-3307	Ort	_	I
14-13	3307-3308	,	_	_
14-14	3309-3311	um	_	_
14-15	3312-3316	über	_	_
14-16	3317-3320	das	_	B
14-17	3321-3334	sagenumwobene	_	I
14-18	3335-3346	Klimabudget	_	I
14-19	3347-3349	zu	_	_
14-20	3350-3358	sprechen	_	_
14-21	3358-3359	.	_	_
14-22	3360-3364	Doch	_	_
14-23	3365-3368	von	_	_
14-24	3369-3372	der	_	B
14-25	3373-3382	Regierung	_	I
14-26	3383-3388	wurde	_	_
14-27	3389-3392	und	_	_
14-28	3393-3397	wird	_	_
14-29	3398-3401	uns	_	B
14-30	3402-3405	nun	_	_
14-31	3406-3410	eine	_	B
14-32	3411-3427	Haushaltsplanung	_	I
14-33	3428-3437	vorgelegt	_	_
14-34	3437-3438	,	_	_
14-35	3439-3441	in	_	_
14-36	3442-3445	dem	_	B
14-37	3446-3452	dieser	_	B
14-38	3453-3457	nach	_	_
14-39	3458-3473	Mediengerüchten	_	B
14-40	3474-3481	riesige	_	_
14-41	3482-3484	CO	_	_

#Text=Und soweit ein Bruchteil davon doch schon im Haushalt steht, reden wir von 100 Millionen Euro Zertifikatzahlungen an eine EU, die sich anmaßt, CO
15-1	3489-3492	Und	_	_
15-2	3493-3499	soweit	_	_
15-3	3500-3503	ein	_	B
15-4	3504-3513	Bruchteil	_	I
15-5	3514-3519	davon	_	_
15-6	3520-3524	doch	_	_
15-7	3525-3530	schon	_	_
15-8	3531-3533	im	_	_
15-9	3534-3542	Haushalt	_	B
15-10	3543-3548	steht	_	_
15-11	3548-3549	,	_	_
15-12	3550-3555	reden	_	_
15-13	3556-3559	wir	_	B
15-14	3560-3563	von	_	_
15-15	3564-3567	100	_	B
15-16	3568-3577	Millionen	_	I
15-17	3578-3582	Euro	_	I
15-18	3583-3602	Zertifikatzahlungen	_	I
15-19	3603-3605	an	_	_
15-20	3606-3610	eine	_	B
15-21	3611-3613	EU	_	I
15-22	3613-3614	,	_	_
15-23	3615-3618	die	_	B
15-24	3619-3623	sich	_	B
15-25	3624-3630	anmaßt	_	_
15-26	3630-3631	,	_	_
15-27	3632-3634	CO	_	B

#Text=Thema Großrisiken. Ganz viele finden sich im Haushalt nicht wieder. Erneut fehlen trotz vielfacher Aufforderung, Herr Minister, die milliardenschweren Rückstellungen für die Euro-Rettungsrisiken. Der Haushalt ist alleine schon deswegen nicht ausgeglichen.
16-1	3638-3643	Thema	_	B
16-2	3644-3655	Großrisiken	_	I
16-3	3655-3656	.	_	_
16-4	3657-3661	Ganz	_	B
16-5	3662-3667	viele	_	I
16-6	3668-3674	finden	_	_
16-7	3675-3679	sich	_	B
16-8	3680-3682	im	_	_
16-9	3683-3691	Haushalt	_	B
16-10	3692-3697	nicht	_	_
16-11	3698-3704	wieder	_	_
16-12	3704-3705	.	_	_
16-13	3706-3712	Erneut	_	_
16-14	3713-3719	fehlen	_	_
16-15	3720-3725	trotz	_	_
16-16	3726-3736	vielfacher	_	B
16-17	3737-3749	Aufforderung	_	I
16-18	3749-3750	,	_	_
16-19	3751-3755	Herr	_	B
16-20	3756-3764	Minister	_	I
16-21	3764-3765	,	_	_
16-22	3766-3769	die	_	B
16-23	3770-3788	milliardenschweren	_	I
16-24	3789-3803	Rückstellungen	_	I
16-25	3804-3807	für	_	_
16-26	3808-3811	die	_	B
16-27	3812-3832	Euro-Rettungsrisiken	_	I
16-28	3832-3833	.	_	_
16-29	3834-3837	Der	_	B
16-30	3838-3846	Haushalt	_	I
16-31	3847-3850	ist	_	_
16-32	3851-3858	alleine	_	_
16-33	3859-3864	schon	_	_
16-34	3865-3873	deswegen	_	_
16-35	3874-3879	nicht	_	_
16-36	3880-3892	ausgeglichen	_	_
16-37	3892-3893	.	_	_

#Text=Weiterhin sehen wir große Bankenrettungsrisiken, teilweise indirekte über die EZB, aber damit auch wieder deutsche Risiken. Es droht ein Bruch des ehernen Versprechens von 2012: Nie wieder Bankenrettung mit Steuergeld!
17-1	3900-3909	Weiterhin	_	_
17-2	3910-3915	sehen	_	_
17-3	3916-3919	wir	_	B
17-4	3920-3925	große	_	B
17-5	3926-3947	Bankenrettungsrisiken	_	I
17-6	3947-3948	,	_	_
17-7	3949-3958	teilweise	_	_
17-8	3959-3968	indirekte	_	_
17-9	3969-3973	über	_	_
17-10	3974-3977	die	_	B
17-11	3978-3981	EZB	_	I
17-12	3981-3982	,	_	_
17-13	3983-3987	aber	_	_
17-14	3988-3993	damit	_	B
17-15	3994-3998	auch	_	I
17-16	3999-4005	wieder	_	I
17-17	4006-4014	deutsche	_	I
17-18	4015-4022	Risiken	_	I
17-19	4022-4023	.	_	_
17-20	4024-4026	Es	_	_
17-21	4027-4032	droht	_	_
17-22	4033-4036	ein	_	B
17-23	4037-4042	Bruch	_	I
17-24	4043-4046	des	_	B
17-25	4047-4054	ehernen	_	I
17-26	4055-4067	Versprechens	_	I
17-27	4068-4071	von	_	_
17-28	4072-4076	2012	_	_
17-29	4076-4077	:	_	_
17-30	4078-4081	Nie	_	B
17-31	4082-4088	wieder	_	I
17-32	4089-4102	Bankenrettung	_	I
17-33	4103-4106	mit	_	_
17-34	4107-4117	Steuergeld	_	B
17-35	4117-4118	!	_	_

#Text=Die Kompensationszahlungen für den rein ideologisch verfügten Kohleausstieg waren zunächst – zunächst! – um 60 Prozent geringer budgetiert als versprochen. Sie wurden dann unter dem Druck des Wahlkampfs wieder erhöht, aber leider nicht voll in den Finanzplan eingestellt. Für 2020 sind es nur 500 Millionen Euro.
18-1	4124-4127	Die	_	B
18-2	4128-4150	Kompensationszahlungen	_	I
18-3	4151-4154	für	_	_
18-4	4155-4158	den	_	B
18-5	4159-4163	rein	_	I
18-6	4164-4175	ideologisch	_	I
18-7	4176-4185	verfügten	_	I
18-8	4186-4199	Kohleausstieg	_	I
18-9	4200-4205	waren	_	_
18-10	4206-4214	zunächst	_	_
18-11	4215-4216	–	_	_
18-12	4217-4225	zunächst	_	_
18-13	4225-4226	!	_	_
18-14	4227-4228	–	_	_
18-15	4229-4231	um	_	_
18-16	4232-4234	60	_	B
18-17	4235-4242	Prozent	_	I
18-18	4243-4251	geringer	_	_
18-19	4252-4262	budgetiert	_	_
18-20	4263-4266	als	_	_
18-21	4267-4278	versprochen	_	_
18-22	4278-4279	.	_	_
18-23	4280-4283	Sie	_	B
18-24	4284-4290	wurden	_	_
18-25	4291-4295	dann	_	_
18-26	4296-4301	unter	_	_
18-27	4302-4305	dem	_	B
18-28	4306-4311	Druck	_	I
18-29	4312-4315	des	_	B
18-30	4316-4326	Wahlkampfs	_	I
18-31	4327-4333	wieder	_	_
18-32	4334-4340	erhöht	_	_
18-33	4340-4341	,	_	_
18-34	4342-4346	aber	_	_
18-35	4347-4353	leider	_	_
18-36	4354-4359	nicht	_	_
18-37	4360-4364	voll	_	_
18-38	4365-4367	in	_	_
18-39	4368-4371	den	_	B
18-40	4372-4382	Finanzplan	_	I
18-41	4383-4394	eingestellt	_	_
18-42	4394-4395	.	_	_
18-43	4396-4399	Für	_	_
18-44	4400-4404	2020	_	_
18-45	4405-4409	sind	_	_
18-46	4410-4412	es	_	B
18-47	4413-4416	nur	_	B
18-48	4417-4420	500	_	I
18-49	4421-4430	Millionen	_	I
18-50	4431-4435	Euro	_	I
18-51	4435-4436	.	_	_

#Text=Gar nicht eingeplant sind die vermutlich erfolgreichen Entschädigungsklagen von Kraftwerksbetreibern. Sehr saubere und effiziente Grundlastkraftwerke werden aus rein ideologischen Gründen vom Netz gezwungen. Energetisch, umwelttechnisch und auch ökonomisch ist das ein grotesker Vorgang.
19-1	4442-4445	Gar	_	_
19-2	4446-4451	nicht	_	_
19-3	4452-4462	eingeplant	_	_
19-4	4463-4467	sind	_	_
19-5	4468-4471	die	_	B
19-6	4472-4482	vermutlich	_	I
19-7	4483-4496	erfolgreichen	_	I
19-8	4497-4517	Entschädigungsklagen	_	I
19-9	4518-4521	von	_	_
19-10	4522-4542	Kraftwerksbetreibern	_	B
19-11	4542-4543	.	_	_
19-12	4544-4548	Sehr	_	B
19-13	4549-4556	saubere	_	I
19-14	4557-4560	und	_	I
19-15	4561-4571	effiziente	_	I
19-16	4572-4591	Grundlastkraftwerke	_	I
19-17	4592-4598	werden	_	_
19-18	4599-4602	aus	_	_
19-19	4603-4607	rein	_	B
19-20	4608-4621	ideologischen	_	I
19-21	4622-4629	Gründen	_	I
19-22	4630-4633	vom	_	_
19-23	4634-4638	Netz	_	B
19-24	4639-4648	gezwungen	_	_
19-25	4648-4649	.	_	_
19-26	4650-4661	Energetisch	_	_
19-27	4661-4662	,	_	_
19-28	4663-4678	umwelttechnisch	_	_
19-29	4679-4682	und	_	_
19-30	4683-4687	auch	_	_
19-31	4688-4698	ökonomisch	_	_
19-32	4699-4702	ist	_	_
19-33	4703-4706	das	_	B
19-34	4707-4710	ein	_	B
19-35	4711-4720	grotesker	_	I
19-36	4721-4728	Vorgang	_	I
19-37	4728-4729	.	_	_

#Text=Die juristischen Folgen sind klar: Milliardenschwere Sonderabschreibungen und entgangene Betriebsgewinne werden eingeklagt werden. Das BMF kennt dieses Risiko doch schon bestens vom Kernkrafturteil 2016. Sie stellen es aber nicht ein. Nach Ihnen die Sintflut: Ist das seriös?
20-1	4734-4737	Die	_	B
20-2	4738-4750	juristischen	_	I
20-3	4751-4757	Folgen	_	I
20-4	4758-4762	sind	_	_
20-5	4763-4767	klar	_	_
20-6	4767-4768	:	_	_
20-7	4769-4786	Milliardenschwere	_	B
20-8	4787-4807	Sonderabschreibungen	_	I
20-9	4808-4811	und	_	_
20-10	4812-4822	entgangene	_	B
20-11	4823-4838	Betriebsgewinne	_	I
20-12	4839-4845	werden	_	_
20-13	4846-4856	eingeklagt	_	_
20-14	4857-4863	werden	_	_
20-15	4863-4864	.	_	_
20-16	4865-4868	Das	_	B
20-17	4869-4872	BMF	_	I
20-18	4873-4878	kennt	_	_
20-19	4879-4885	dieses	_	B
20-20	4886-4892	Risiko	_	I
20-21	4893-4897	doch	_	_
20-22	4898-4903	schon	_	_
20-23	4904-4911	bestens	_	_
20-24	4912-4915	vom	_	_
20-25	4916-4931	Kernkrafturteil	_	B
20-26	4932-4937	2016.	_	_
20-27	4938-4941	Sie	_	B
20-28	4942-4949	stellen	_	_
20-29	4950-4952	es	_	B
20-30	4953-4957	aber	_	_
20-31	4958-4963	nicht	_	_
20-32	4964-4967	ein	_	_
20-33	4967-4968	.	_	_
20-34	4969-4973	Nach	_	_
20-35	4974-4979	Ihnen	_	B
20-36	4980-4983	die	_	_
20-37	4984-4992	Sintflut	_	_
20-38	4992-4993	:	_	_
20-39	4994-4997	Ist	_	_
20-40	4998-5001	das	_	B
20-41	5002-5008	seriös	_	_
20-42	5008-5009	?	_	_

#Text=Risiko EU-Zahlungen Deutschlands: Sie sind weiterhin mit 1,0 Prozent ab 2021 kalkuliert, obwohl die Regierung ohne Not bereits jetzt viel höhere Versprechungen an die EU gemacht hat. Da rechnen wir also auch mit einem Defizit.
21-1	5015-5021	Risiko	_	B
21-2	5022-5034	EU-Zahlungen	_	I
21-3	5035-5047	Deutschlands	_	B
21-4	5047-5048	:	_	_
21-5	5049-5052	Sie	_	B
21-6	5053-5057	sind	_	_
21-7	5058-5067	weiterhin	_	_
21-8	5068-5071	mit	_	_
21-9	5072-5075	1,0	_	B
21-10	5076-5083	Prozent	_	I
21-11	5084-5086	ab	_	_
21-12	5087-5091	2021	_	_
21-13	5092-5102	kalkuliert	_	_
21-14	5102-5103	,	_	_
21-15	5104-5110	obwohl	_	_
21-16	5111-5114	die	_	B
21-17	5115-5124	Regierung	_	I
21-18	5125-5129	ohne	_	_
21-19	5130-5133	Not	_	B
21-20	5134-5141	bereits	_	_
21-21	5142-5147	jetzt	_	_
21-22	5148-5152	viel	_	B
21-23	5153-5159	höhere	_	I
21-24	5160-5174	Versprechungen	_	I
21-25	5175-5177	an	_	_
21-26	5178-5181	die	_	B
21-27	5182-5184	EU	_	I
21-28	5185-5192	gemacht	_	_
21-29	5193-5196	hat	_	_
21-30	5196-5197	.	_	_
21-31	5198-5200	Da	_	_
21-32	5201-5208	rechnen	_	_
21-33	5209-5212	wir	_	B
21-34	5213-5217	also	_	_
21-35	5218-5222	auch	_	_
21-36	5223-5226	mit	_	_
21-37	5227-5232	einem	_	B
21-38	5233-5240	Defizit	_	I
21-39	5240-5241	.	_	_

#Text=Risiko Brexit-Zusatzkosten: Gemäß dem bislang nicht unterzeichneten Brexit-Vertrag sollte Großbritannien noch 45 Milliarden Euro an die EU zahlen. Danach sieht es im Moment nicht aus. Über die aktuelle Finanzplanungsperiode wird Deutschland also bei einem No-Deal-Brexit mit etwa 12 Milliarden Euro dabei sein, teilweise schon 2020. Auch dies ist im Haushalt nicht vorgesehen.
22-1	5246-5252	Risiko	_	B
22-2	5253-5272	Brexit-Zusatzkosten	_	I
22-3	5272-5273	:	_	_
22-4	5274-5279	Gemäß	_	_
22-5	5280-5283	dem	_	B
22-6	5284-5291	bislang	_	I
22-7	5292-5297	nicht	_	I
22-8	5298-5313	unterzeichneten	_	I
22-9	5314-5328	Brexit-Vertrag	_	I
22-10	5329-5335	sollte	_	_
22-11	5336-5350	Großbritannien	_	B
22-12	5351-5355	noch	_	B
22-13	5356-5358	45	_	I
22-14	5359-5369	Milliarden	_	I
22-15	5370-5374	Euro	_	I
22-16	5375-5377	an	_	_
22-17	5378-5381	die	_	B
22-18	5382-5384	EU	_	I
22-19	5385-5391	zahlen	_	_
22-20	5391-5392	.	_	_
22-21	5393-5399	Danach	_	_
22-22	5400-5405	sieht	_	_
22-23	5406-5408	es	_	_
22-24	5409-5411	im	_	_
22-25	5412-5418	Moment	_	B
22-26	5419-5424	nicht	_	_
22-27	5425-5428	aus	_	_
22-28	5428-5429	.	_	_
22-29	5430-5434	Über	_	_
22-30	5435-5438	die	_	B
22-31	5439-5447	aktuelle	_	I
22-32	5448-5469	Finanzplanungsperiode	_	I
22-33	5470-5474	wird	_	_
22-34	5475-5486	Deutschland	_	B
22-35	5487-5491	also	_	_
22-36	5492-5495	bei	_	_
22-37	5496-5501	einem	_	B
22-38	5502-5516	No-Deal-Brexit	_	I
22-39	5517-5520	mit	_	_
22-40	5521-5525	etwa	_	B
22-41	5526-5528	12	_	I
22-42	5529-5539	Milliarden	_	I
22-43	5540-5544	Euro	_	I
22-44	5545-5550	dabei	_	_
22-45	5551-5555	sein	_	_
22-46	5555-5556	,	_	_
22-47	5557-5566	teilweise	_	B
22-48	5567-5572	schon	_	I
22-49	5573-5578	2020.	_	I
22-50	5579-5583	Auch	_	B
22-51	5584-5588	dies	_	I
22-52	5589-5592	ist	_	_
22-53	5593-5595	im	_	_
22-54	5596-5604	Haushalt	_	B
22-55	5605-5610	nicht	_	_
22-56	5611-5621	vorgesehen	_	_
22-57	5621-5622	.	_	_

#Text=Risiko Verteidigungsmehrausgaben: Hier herrscht eine völlig unklare Situation. Die Truppe will viel mehr, die NATO ohnehin. Die Positionen der Verteidigungsministerin und des Finanzministers sind aber unterschiedlich. Keine Klarheit!
23-1	5628-5634	Risiko	_	B
23-2	5635-5660	Verteidigungsmehrausgaben	_	B
23-3	5660-5661	:	_	_
23-4	5662-5666	Hier	_	_
23-5	5667-5675	herrscht	_	_
23-6	5676-5680	eine	_	B
23-7	5681-5687	völlig	_	I
23-8	5688-5695	unklare	_	I
23-9	5696-5705	Situation	_	I
23-10	5705-5706	.	_	_
23-11	5707-5710	Die	_	B
23-12	5711-5717	Truppe	_	I
23-13	5718-5722	will	_	_
23-14	5723-5727	viel	_	B
23-15	5728-5732	mehr	_	I
23-16	5732-5733	,	_	_
23-17	5734-5737	die	_	B
23-18	5738-5742	NATO	_	I
23-19	5743-5750	ohnehin	_	_
23-20	5750-5751	.	_	_
23-21	5752-5755	Die	_	B
23-22	5756-5766	Positionen	_	I
23-23	5767-5770	der	_	B
23-24	5771-5794	Verteidigungsministerin	_	I
23-25	5795-5798	und	_	_
23-26	5799-5802	des	_	B
23-27	5803-5818	Finanzministers	_	I
23-28	5819-5823	sind	_	_
23-29	5824-5828	aber	_	_
23-30	5829-5844	unterschiedlich	_	_
23-31	5844-5845	.	_	_
23-32	5846-5851	Keine	_	B
23-33	5852-5860	Klarheit	_	I
23-34	5860-5861	!	_	_

#Text=Die Investitionen sind entgegen dem, was Sie eben gesagt haben, mit unter 10 Prozent des Haushalts wieder einmal viel zu niedrig. Es gibt keinen realen Aufwuchs in 2020. Das stimmt einfach nicht. Für den Breitbandausbau und den DigitalPakt gibt es gar nichts, und die Investitionsquote sinkt sogar. Das sind die Fakten, Herr Minister, entgegen dem, was Sie eben gesagt haben.
24-1	5868-5871	Die	_	B
24-2	5872-5885	Investitionen	_	I
24-3	5886-5890	sind	_	_
24-4	5891-5899	entgegen	_	_
24-5	5900-5903	dem	_	B
24-6	5903-5904	,	_	_
24-7	5905-5908	was	_	B
24-8	5909-5912	Sie	_	B
24-9	5913-5917	eben	_	_
24-10	5918-5924	gesagt	_	_
24-11	5925-5930	haben	_	_
24-12	5930-5931	,	_	_
24-13	5932-5935	mit	_	_
24-14	5936-5941	unter	_	B
24-15	5942-5944	10	_	I
24-16	5945-5952	Prozent	_	I
24-17	5953-5956	des	_	B
24-18	5957-5966	Haushalts	_	I
24-19	5967-5973	wieder	_	_
24-20	5974-5980	einmal	_	_
24-21	5981-5985	viel	_	_
24-22	5986-5988	zu	_	_
24-23	5989-5996	niedrig	_	_
24-24	5996-5997	.	_	_
24-25	5998-6000	Es	_	_
24-26	6001-6005	gibt	_	_
24-27	6006-6012	keinen	_	B
24-28	6013-6019	realen	_	I
24-29	6020-6028	Aufwuchs	_	I
24-30	6029-6031	in	_	_
24-31	6032-6037	2020.	_	B
24-32	6038-6041	Das	_	B
24-33	6042-6048	stimmt	_	_
24-34	6049-6056	einfach	_	_
24-35	6057-6062	nicht	_	_
24-36	6062-6063	.	_	_
24-37	6064-6067	Für	_	_
24-38	6068-6071	den	_	B
24-39	6072-6087	Breitbandausbau	_	I
24-40	6088-6091	und	_	_
24-41	6092-6095	den	_	B
24-42	6096-6107	DigitalPakt	_	I
24-43	6108-6112	gibt	_	_
24-44	6113-6115	es	_	_
24-45	6116-6119	gar	_	B
24-46	6120-6126	nichts	_	I
24-47	6126-6127	,	_	_
24-48	6128-6131	und	_	_
24-49	6132-6135	die	_	B
24-50	6136-6153	Investitionsquote	_	I
24-51	6154-6159	sinkt	_	_
24-52	6160-6165	sogar	_	_
24-53	6165-6166	.	_	_
24-54	6167-6170	Das	_	B
24-55	6171-6175	sind	_	_
24-56	6176-6179	die	_	B
24-57	6180-6186	Fakten	_	I
24-58	6186-6187	,	_	_
24-59	6188-6192	Herr	_	B
24-60	6193-6201	Minister	_	I
24-61	6201-6202	,	_	_
24-62	6203-6211	entgegen	_	_
24-63	6212-6215	dem	_	B
24-64	6215-6216	,	_	_
24-65	6217-6220	was	_	B
24-66	6221-6224	Sie	_	B
24-67	6225-6229	eben	_	_
24-68	6230-6236	gesagt	_	_
24-69	6237-6242	haben	_	_
24-70	6242-6243	.	_	_

#Text=Von dem stetig steigenden Risiko eines Stromblackouts spricht niemand; es kommt im Haushalt auch nicht vor. Es steigt aber permanent durch die Energiewende.
25-1	6254-6257	Von	_	_
25-2	6258-6261	dem	_	B
25-3	6262-6268	stetig	_	I
25-4	6269-6279	steigenden	_	I
25-5	6280-6286	Risiko	_	I
25-6	6287-6292	eines	_	B
25-7	6293-6307	Stromblackouts	_	I
25-8	6308-6315	spricht	_	_
25-9	6316-6323	niemand	_	B
25-10	6323-6324	;	_	_
25-11	6325-6327	es	_	B
25-12	6328-6333	kommt	_	_
25-13	6334-6336	im	_	_
25-14	6337-6345	Haushalt	_	B
25-15	6346-6350	auch	_	_
25-16	6351-6356	nicht	_	_
25-17	6357-6360	vor	_	_
25-18	6360-6361	.	_	_
25-19	6362-6364	Es	_	B
25-20	6365-6371	steigt	_	_
25-21	6372-6376	aber	_	_
25-22	6377-6386	permanent	_	_
25-23	6387-6392	durch	_	_
25-24	6393-6396	die	_	B
25-25	6397-6409	Energiewende	_	I
25-26	6409-6410	.	_	_

#Text=Die Migrationskosten im Sozialetat sind auch nicht zu unterschätzen. Der Kostensockel steigt ständig. Die Kompensation an Länder und Gemeinden wird erhöht werden müssen. Das ist ein weiteres Großrisiko in der Planung. Jeder will heute zwar irgendwie Migranten aufnehmen, aber keiner will die Zeche dafür zahlen. Das ist die gutmenschliche Heuchelei. Die Aufnahmebereitschaft der Kommunen wird mit Steuergeld erkauft. Gute Taten auf fremder Leute Kosten haben aber keinen moralischen Wert.
26-1	6414-6417	Die	_	B
26-2	6418-6434	Migrationskosten	_	I
26-3	6435-6437	im	_	_
26-4	6438-6448	Sozialetat	_	B
26-5	6449-6453	sind	_	_
26-6	6454-6458	auch	_	_
26-7	6459-6464	nicht	_	_
26-8	6465-6467	zu	_	_
26-9	6468-6481	unterschätzen	_	_
26-10	6481-6482	.	_	_
26-11	6483-6486	Der	_	B
26-12	6487-6499	Kostensockel	_	I
26-13	6500-6506	steigt	_	_
26-14	6507-6514	ständig	_	_
26-15	6514-6515	.	_	_
26-16	6516-6519	Die	_	B
26-17	6520-6532	Kompensation	_	I
26-18	6533-6535	an	_	_
26-19	6536-6542	Länder	_	B
26-20	6543-6546	und	_	_
26-21	6547-6556	Gemeinden	_	B
26-22	6557-6561	wird	_	_
26-23	6562-6568	erhöht	_	_
26-24	6569-6575	werden	_	_
26-25	6576-6582	müssen	_	_
26-26	6582-6583	.	_	_
26-27	6584-6587	Das	_	B
26-28	6588-6591	ist	_	_
26-29	6592-6595	ein	_	B
26-30	6596-6604	weiteres	_	I
26-31	6605-6615	Großrisiko	_	I
26-32	6616-6618	in	_	_
26-33	6619-6622	der	_	B
26-34	6623-6630	Planung	_	I
26-35	6630-6631	.	_	_
26-36	6632-6637	Jeder	_	B
26-37	6638-6642	will	_	_
26-38	6643-6648	heute	_	_
26-39	6649-6653	zwar	_	_
26-40	6654-6663	irgendwie	_	_
26-41	6664-6673	Migranten	_	B
26-42	6674-6683	aufnehmen	_	_
26-43	6683-6684	,	_	_
26-44	6685-6689	aber	_	_
26-45	6690-6696	keiner	_	B
26-46	6697-6701	will	_	_
26-47	6702-6705	die	_	B
26-48	6706-6711	Zeche	_	I
26-49	6712-6717	dafür	_	_
26-50	6718-6724	zahlen	_	_
26-51	6724-6725	.	_	_
26-52	6726-6729	Das	_	B
26-53	6730-6733	ist	_	_
26-54	6734-6737	die	_	B
26-55	6738-6752	gutmenschliche	_	I
26-56	6753-6762	Heuchelei	_	I
26-57	6762-6763	.	_	_
26-58	6764-6767	Die	_	B
26-59	6768-6788	Aufnahmebereitschaft	_	I
26-60	6789-6792	der	_	B
26-61	6793-6801	Kommunen	_	I
26-62	6802-6806	wird	_	_
26-63	6807-6810	mit	_	_
26-64	6811-6821	Steuergeld	_	B
26-65	6822-6829	erkauft	_	_
26-66	6829-6830	.	_	_
26-67	6831-6835	Gute	_	B
26-68	6836-6841	Taten	_	I
26-69	6842-6845	auf	_	I
26-70	6846-6853	fremder	_	I
26-71	6854-6859	Leute	_	I
26-72	6860-6866	Kosten	_	I
26-73	6867-6872	haben	_	_
26-74	6873-6877	aber	_	_
26-75	6878-6884	keinen	_	B
26-76	6885-6896	moralischen	_	I
26-77	6897-6901	Wert	_	I
26-78	6901-6902	.	_	_

#Text=Risiko bedingungslose Grundrente: Sie ist im Haushalt in keiner Weise eingeplant. Eine reine Luftnummer!
27-1	6912-6918	Risiko	_	B
27-2	6919-6933	bedingungslose	_	_
27-3	6934-6944	Grundrente	_	_
27-4	6944-6945	:	_	_
27-5	6946-6949	Sie	_	B
27-6	6950-6953	ist	_	_
27-7	6954-6956	im	_	_
27-8	6957-6965	Haushalt	_	B
27-9	6966-6968	in	_	_
27-10	6969-6975	keiner	_	B
27-11	6976-6981	Weise	_	I
27-12	6982-6992	eingeplant	_	_
27-13	6992-6993	.	_	_
27-14	6994-6998	Eine	_	B
27-15	6999-7004	reine	_	I
27-16	7005-7015	Luftnummer	_	I
27-17	7015-7016	!	_	_

#Text=Dann gibt es ein Sonderrisiko. Es steht eine Medienmeldung im Raum, wonach 20 Milliarden Euro an den Irak fließen könnten, damit IS-Mörder mit deutschem Pass dort nicht zu streng verurteilt werden. Die Regierung bestätigt diese Planung zwar nicht, erklärt aber auch das der Meldung zugrundeliegende Papier nicht. 20 Milliarden Euro: Das wäre mehr als die Etats für Familie, Senioren, Frauen und Jugend und für Entwicklungshilfe zusammen – nur für das Wohlergehen von ein paar IS-Kämpfern im Irak. Ich fordere die Regierung zu einer expliziten Erklärung zur Entstehung dieser Meldung auf.
28-1	7020-7024	Dann	_	_
28-2	7025-7029	gibt	_	_
28-3	7030-7032	es	_	_
28-4	7033-7036	ein	_	B
28-5	7037-7049	Sonderrisiko	_	I
28-6	7049-7050	.	_	_
28-7	7051-7053	Es	_	_
28-8	7054-7059	steht	_	_
28-9	7060-7064	eine	_	B
28-10	7065-7078	Medienmeldung	_	I
28-11	7079-7081	im	_	_
28-12	7082-7086	Raum	_	B
28-13	7086-7087	,	_	_
28-14	7088-7094	wonach	_	_
28-15	7095-7097	20	_	B
28-16	7098-7108	Milliarden	_	I
28-17	7109-7113	Euro	_	I
28-18	7114-7116	an	_	_
28-19	7117-7120	den	_	B
28-20	7121-7125	Irak	_	I
28-21	7126-7133	fließen	_	_
28-22	7134-7141	könnten	_	_
28-23	7141-7142	,	_	_
28-24	7143-7148	damit	_	_
28-25	7149-7158	IS-Mörder	_	B
28-26	7159-7162	mit	_	_
28-27	7163-7172	deutschem	_	B
28-28	7173-7177	Pass	_	I
28-29	7178-7182	dort	_	_
28-30	7183-7188	nicht	_	_
28-31	7189-7191	zu	_	_
28-32	7192-7198	streng	_	_
28-33	7199-7209	verurteilt	_	_
28-34	7210-7216	werden	_	_
28-35	7216-7217	.	_	_
28-36	7218-7221	Die	_	B
28-37	7222-7231	Regierung	_	I
28-38	7232-7241	bestätigt	_	_
28-39	7242-7247	diese	_	B
28-40	7248-7255	Planung	_	I
28-41	7256-7260	zwar	_	_
28-42	7261-7266	nicht	_	_
28-43	7266-7267	,	_	_
28-44	7268-7275	erklärt	_	_
28-45	7276-7280	aber	_	_
28-46	7281-7285	auch	_	_
28-47	7286-7289	das	_	_
28-48	7290-7293	der	_	B
28-49	7294-7301	Meldung	_	I
28-50	7302-7318	zugrundeliegende	_	_
28-51	7319-7325	Papier	_	_
28-52	7326-7331	nicht	_	_
28-53	7331-7332	.	_	_
28-54	7333-7335	20	_	B
28-55	7336-7346	Milliarden	_	I
28-56	7347-7351	Euro	_	I
28-57	7351-7352	:	_	_
28-58	7353-7356	Das	_	B
28-59	7357-7361	wäre	_	_
28-60	7362-7366	mehr	_	B
28-61	7367-7370	als	_	_
28-62	7371-7374	die	_	_
28-63	7375-7380	Etats	_	_
28-64	7381-7384	für	_	_
28-65	7385-7392	Familie	_	B
28-66	7392-7393	,	_	_
28-67	7394-7402	Senioren	_	B
28-68	7402-7403	,	_	_
28-69	7404-7410	Frauen	_	B
28-70	7411-7414	und	_	_
28-71	7415-7421	Jugend	_	B
28-72	7422-7425	und	_	_
28-73	7426-7429	für	_	_
28-74	7430-7447	Entwicklungshilfe	_	B
28-75	7448-7456	zusammen	_	_
28-76	7457-7458	–	_	_
28-77	7459-7462	nur	_	_
28-78	7463-7466	für	_	_
28-79	7467-7470	das	_	B
28-80	7471-7482	Wohlergehen	_	I
28-81	7483-7486	von	_	_
28-82	7487-7490	ein	_	B
28-83	7491-7495	paar	_	I
28-84	7496-7507	IS-Kämpfern	_	I
28-85	7508-7510	im	_	_
28-86	7511-7515	Irak	_	B
28-87	7515-7516	.	_	_
28-88	7517-7520	Ich	_	B
28-89	7521-7528	fordere	_	_
28-90	7529-7532	die	_	B
28-91	7533-7542	Regierung	_	I
28-92	7543-7545	zu	_	_
28-93	7546-7551	einer	_	B
28-94	7552-7562	expliziten	_	I
28-95	7563-7572	Erklärung	_	I
28-96	7573-7576	zur	_	_
28-97	7577-7587	Entstehung	_	B
28-98	7588-7594	dieser	_	B
28-99	7595-7602	Meldung	_	I
28-100	7603-7606	auf	_	_
28-101	7606-7607	.	_	_

#Text=Die GroKo müsste sich endlich bemühen, deutsches Geld für deutsche Bürger zu nutzen. Wahrhaft bürgerliche Parteien würden das tun. Immerhin kommt das Steuergeld von ebendiesen Bürgern, und noch ist es viel. Der Finanzminister kann die in fetten Jahren illegitim aufgehäufte Asylrücklage zwar noch aufbrauchen, doch auch diese 30 Milliarden Euro werden 2021 komplett weg sein.
29-1	7619-7622	Die	_	B
29-2	7623-7628	GroKo	_	I
29-3	7629-7635	müsste	_	_
29-4	7636-7640	sich	_	B
29-5	7641-7648	endlich	_	_
29-6	7649-7656	bemühen	_	_
29-7	7656-7657	,	_	_
29-8	7658-7667	deutsches	_	B
29-9	7668-7672	Geld	_	I
29-10	7673-7676	für	_	_
29-11	7677-7685	deutsche	_	B
29-12	7686-7692	Bürger	_	I
29-13	7693-7695	zu	_	_
29-14	7696-7702	nutzen	_	_
29-15	7702-7703	.	_	_
29-16	7704-7712	Wahrhaft	_	B
29-17	7713-7724	bürgerliche	_	I
29-18	7725-7733	Parteien	_	I
29-19	7734-7740	würden	_	_
29-20	7741-7744	das	_	B
29-21	7745-7748	tun	_	_
29-22	7748-7749	.	_	_
29-23	7750-7758	Immerhin	_	_
29-24	7759-7764	kommt	_	_
29-25	7765-7768	das	_	B
29-26	7769-7779	Steuergeld	_	I
29-27	7780-7783	von	_	_
29-28	7784-7794	ebendiesen	_	B
29-29	7795-7802	Bürgern	_	I
29-30	7802-7803	,	_	_
29-31	7804-7807	und	_	_
29-32	7808-7812	noch	_	_
29-33	7813-7816	ist	_	_
29-34	7817-7819	es	_	B
29-35	7820-7824	viel	_	B
29-36	7824-7825	.	_	_
29-37	7826-7829	Der	_	B
29-38	7830-7844	Finanzminister	_	I
29-39	7845-7849	kann	_	_
29-40	7850-7853	die	_	_
29-41	7854-7856	in	_	_
29-42	7857-7863	fetten	_	B
29-43	7864-7870	Jahren	_	I
29-44	7871-7880	illegitim	_	_
29-45	7881-7892	aufgehäufte	_	_
29-46	7893-7905	Asylrücklage	_	_
29-47	7906-7910	zwar	_	_
29-48	7911-7915	noch	_	_
29-49	7916-7927	aufbrauchen	_	_
29-50	7927-7928	,	_	_
29-51	7929-7933	doch	_	_
29-52	7934-7938	auch	_	B
29-53	7939-7944	diese	_	I
29-54	7945-7947	30	_	I
29-55	7948-7958	Milliarden	_	I
29-56	7959-7963	Euro	_	I
29-57	7964-7970	werden	_	_
29-58	7971-7975	2021	_	_
29-59	7976-7984	komplett	_	_
29-60	7985-7988	weg	_	_
29-61	7989-7993	sein	_	_
29-62	7993-7994	.	_	_

#Text=Ich komme zum Schluss. Nach uns die Sintflut bzw. schlagende Megarisiken: Das ist der absehbare Plan dieser hochseriösen Bundesregierung.
30-1	8002-8005	Ich	_	B
30-2	8006-8011	komme	_	_
30-3	8012-8015	zum	_	_
30-4	8016-8023	Schluss	_	B
30-5	8023-8024	.	_	_
30-6	8025-8029	Nach	_	_
30-7	8030-8033	uns	_	B
30-8	8034-8037	die	_	_
30-9	8038-8046	Sintflut	_	_
30-10	8047-8051	bzw.	_	_
30-11	8052-8062	schlagende	_	B
30-12	8063-8074	Megarisiken	_	I
30-13	8074-8075	:	_	_
30-14	8076-8079	Das	_	B
30-15	8080-8083	ist	_	_
30-16	8084-8087	der	_	B
30-17	8088-8097	absehbare	_	I
30-18	8098-8102	Plan	_	I
30-19	8103-8109	dieser	_	B
30-20	8110-8122	hochseriösen	_	I
30-21	8123-8138	Bundesregierung	_	I
30-22	8138-8139	.	_	_

#Text=Herzlichen Dank.
31-1	8143-8153	Herzlichen	_	B
31-2	8154-8158	Dank	_	I
31-3	8158-8159	.	_	_

#Text=Jetzt erteile ich das Wort dem Kollegen Andreas Jung, CDU/CSU.
32-1	8161-8166	Jetzt	_	_
32-2	8167-8174	erteile	_	_
32-3	8175-8178	ich	_	B
32-4	8179-8182	das	_	B
32-5	8183-8187	Wort	_	I
32-6	8188-8191	dem	_	B
32-7	8192-8200	Kollegen	_	I
32-8	8201-8208	Andreas	_	I
32-9	8209-8213	Jung	_	I
32-10	8213-8214	,	_	_
32-11	8215-8222	CDU/CSU	_	_
32-12	8222-8223	.	_	_
