#FORMAT=WebAnno TSV 3.2
#T_SP=webanno.custom.Animacy|Animated
#T_SP=webanno.custom.CustomChunk|Chunk


#Text=Sehr geehrte Damen und Herren! Sie kennen sicher den Film „Und täglich grüßt das Murmeltier“ von 1993. In dem Film wiederholt sich derselbe Tag wieder und wieder. So ist es auch hier: Erst im Januar haben wir zwei Gesetzentwürfe zu genau demselben Thema hier im Bundestag beraten und abgestimmt.
1-1	0-4	Sehr	_	B
1-2	5-12	geehrte	_	I
1-3	13-18	Damen	_	I
1-4	19-22	und	_	_
1-5	23-29	Herren	_	B
1-6	29-30	!	_	_
1-7	31-34	Sie	_	B
1-8	35-41	kennen	_	_
1-9	42-48	sicher	_	_
1-10	49-52	den	_	B
1-11	53-57	Film	_	I
1-12	58-59	„	_	_
1-13	59-62	Und	_	_
1-14	63-70	täglich	_	_
1-15	71-76	grüßt	_	_
1-16	77-80	das	_	B
1-17	81-91	Murmeltier	_	I
1-18	91-92	“	_	_
1-19	93-96	von	_	_
1-20	97-102	1993.	_	B
1-21	103-105	In	_	_
1-22	106-109	dem	_	B
1-23	110-114	Film	_	I
1-24	115-125	wiederholt	_	_
1-25	126-130	sich	_	B
1-26	131-139	derselbe	_	B
1-27	140-143	Tag	_	I
1-28	144-150	wieder	_	_
1-29	151-154	und	_	_
1-30	155-161	wieder	_	_
1-31	161-162	.	_	_
1-32	163-165	So	_	_
1-33	166-169	ist	_	_
1-34	170-172	es	_	B
1-35	173-177	auch	_	_
1-36	178-182	hier	_	_
1-37	182-183	:	_	_
1-38	184-188	Erst	_	_
1-39	189-191	im	_	_
1-40	192-198	Januar	_	B
1-41	199-204	haben	_	_
1-42	205-208	wir	_	B
1-43	209-213	zwei	_	B
1-44	214-228	Gesetzentwürfe	_	I
1-45	229-231	zu	_	_
1-46	232-237	genau	_	B
1-47	238-247	demselben	_	I
1-48	248-253	Thema	_	I
1-49	254-258	hier	_	_
1-50	259-261	im	_	_
1-51	262-271	Bundestag	_	B
1-52	272-279	beraten	_	_
1-53	280-283	und	_	_
1-54	284-294	abgestimmt	_	_
1-55	294-295	.	_	_

#Text=Wenn ich Sie von der FDP und von der AfD daran erinnern darf: Sie haben diesen Gesetzentwürfen zugestimmt. Sie haben sie nicht abgelehnt, Sie haben sich nicht enthalten,
2-1	302-306	Wenn	_	_
2-2	307-310	ich	_	B
2-3	311-314	Sie	_	B
2-4	315-318	von	_	_
2-5	319-322	der	_	B
2-6	323-326	FDP	_	I
2-7	327-330	und	_	_
2-8	331-334	von	_	_
2-9	335-338	der	_	B
2-10	339-342	AfD	_	I
2-11	343-348	daran	_	_
2-12	349-357	erinnern	_	_
2-13	358-362	darf	_	_
2-14	362-363	:	_	_
2-15	364-367	Sie	_	B
2-16	368-373	haben	_	_
2-17	374-380	diesen	_	B
2-18	381-396	Gesetzentwürfen	_	I
2-19	397-407	zugestimmt	_	_
2-20	407-408	.	_	_
2-21	409-412	Sie	_	B
2-22	413-418	haben	_	_
2-23	419-422	sie	_	B
2-24	423-428	nicht	_	_
2-25	429-438	abgelehnt	_	_
2-26	438-439	,	_	_
2-27	440-443	Sie	_	B
2-28	444-449	haben	_	_
2-29	450-454	sich	_	B
2-30	455-460	nicht	_	_
2-31	461-470	enthalten	_	_
2-32	470-471	,	_	_

#Text=Sie haben keine Änderungsanträge gestellt, nein, Sie haben zugestimmt.
3-1	476-479	Sie	_	B
3-2	480-485	haben	_	_
3-3	486-491	keine	_	B
3-4	492-508	Änderungsanträge	_	I
3-5	509-517	gestellt	_	_
3-6	517-518	,	_	_
3-7	519-523	nein	_	_
3-8	523-524	,	_	_
3-9	525-528	Sie	_	B
3-10	529-534	haben	_	_
3-11	535-545	zugestimmt	_	_
3-12	545-546	.	_	_

#Text=Und jetzt rufen Sie das Thema wieder auf. Das erschließt sich mir nicht.
4-1	550-553	Und	_	_
4-2	554-559	jetzt	_	_
4-3	560-565	rufen	_	_
4-4	566-569	Sie	_	B
4-5	570-573	das	_	B
4-6	574-579	Thema	_	I
4-7	580-586	wieder	_	_
4-8	587-590	auf	_	_
4-9	590-591	.	_	_
4-10	592-595	Das	_	B
4-11	596-606	erschließt	_	_
4-12	607-611	sich	_	B
4-13	612-615	mir	_	B
4-14	616-621	nicht	_	_
4-15	621-622	.	_	_

#Text=Noch eines: Das war vor der Hamburg-Wahl. Sie haben Ihre Spitzenfrau aus Hamburg, Katja Suding, hierhingestellt, die hat das vorgetragen.
5-1	625-629	Noch	_	B
5-2	630-635	eines	_	I
5-3	635-636	:	_	_
5-4	637-640	Das	_	B
5-5	641-644	war	_	_
5-6	645-648	vor	_	_
5-7	649-652	der	_	B
5-8	653-665	Hamburg-Wahl	_	I
5-9	665-666	.	_	_
5-10	667-670	Sie	_	B
5-11	671-676	haben	_	_
5-12	677-681	Ihre	_	B
5-13	682-693	Spitzenfrau	_	I
5-14	694-697	aus	_	_
5-15	698-705	Hamburg	_	B
5-16	705-706	,	_	_
5-17	707-712	Katja	_	B
5-18	713-719	Suding	_	I
5-19	719-720	,	_	_
5-20	721-736	hierhingestellt	_	_
5-21	736-737	,	_	_
5-22	738-741	die	_	B
5-23	742-745	hat	_	_
5-24	746-749	das	_	B
5-25	750-761	vorgetragen	_	_
5-26	761-762	.	_	_

#Text=Dann ist sie an der Fünfprozenthürde gescheitert, und jetzt ist Katja Suding nicht hier. Das Thema scheint für sie doch nicht so relevant zu sein.
6-1	769-773	Dann	_	_
6-2	774-777	ist	_	_
6-3	778-781	sie	_	B
6-4	782-784	an	_	_
6-5	785-788	der	_	B
6-6	789-805	Fünfprozenthürde	_	I
6-7	806-817	gescheitert	_	_
6-8	817-818	,	_	_
6-9	819-822	und	_	_
6-10	823-828	jetzt	_	_
6-11	829-832	ist	_	_
6-12	833-838	Katja	_	B
6-13	839-845	Suding	_	I
6-14	846-851	nicht	_	_
6-15	852-856	hier	_	_
6-16	856-857	.	_	_
6-17	858-861	Das	_	B
6-18	862-867	Thema	_	I
6-19	868-875	scheint	_	_
6-20	876-879	für	_	_
6-21	880-883	sie	_	B
6-22	884-888	doch	_	_
6-23	889-894	nicht	_	_
6-24	895-897	so	_	_
6-25	898-906	relevant	_	_
6-26	907-909	zu	_	_
6-27	910-914	sein	_	_
6-28	914-915	.	_	_

#Text=Diese beiden Anträge sind ebenso wie der Film irgendwie 90er-Jahre. Wenigstens von der FDP, den sogenannten digitalen Vorreitern, hätte ich da ein bisschen mehr Schwung erwartet oder, wie man in den 90ern sagte, etwas „Peppiges“.
7-1	919-924	Diese	_	B
7-2	925-931	beiden	_	I
7-3	932-939	Anträge	_	I
7-4	940-944	sind	_	_
7-5	945-951	ebenso	_	_
7-6	952-955	wie	_	_
7-7	956-959	der	_	_
7-8	960-964	Film	_	_
7-9	965-974	irgendwie	_	B
7-10	975-985	90er-Jahre	_	I
7-11	985-986	.	_	_
7-12	987-997	Wenigstens	_	_
7-13	998-1001	von	_	_
7-14	1002-1005	der	_	B
7-15	1006-1009	FDP	_	I
7-16	1009-1010	,	_	_
7-17	1011-1014	den	_	B
7-18	1015-1026	sogenannten	_	I
7-19	1027-1036	digitalen	_	I
7-20	1037-1047	Vorreitern	_	I
7-21	1047-1048	,	_	_
7-22	1049-1054	hätte	_	_
7-23	1055-1058	ich	_	B
7-24	1059-1061	da	_	_
7-25	1062-1065	ein	_	B
7-26	1066-1074	bisschen	_	I
7-27	1075-1079	mehr	_	I
7-28	1080-1087	Schwung	_	I
7-29	1088-1096	erwartet	_	_
7-30	1097-1101	oder	_	_
7-31	1101-1102	,	_	_
7-32	1103-1106	wie	_	_
7-33	1107-1110	man	_	B
7-34	1111-1113	in	_	_
7-35	1114-1117	den	_	B
7-36	1118-1123	90ern	_	I
7-37	1124-1129	sagte	_	_
7-38	1129-1130	,	_	_
7-39	1131-1136	etwas	_	B
7-40	1137-1138	„	_	I
7-41	1138-1146	Peppiges	_	I
7-42	1146-1147	“	_	_
7-43	1147-1148	.	_	_

#Text=Unter Punkt 3 fordern Sie beispielweise mehr Digitalisierung. Nur das steht da, keine weiteren Ideen, nichts Inspirierendes, nichts Ausführliches.
8-1	1157-1162	Unter	_	_
8-2	1163-1168	Punkt	_	B
8-3	1169-1170	3	_	_
8-4	1171-1178	fordern	_	_
8-5	1179-1182	Sie	_	B
8-6	1183-1196	beispielweise	_	_
8-7	1197-1201	mehr	_	B
8-8	1202-1217	Digitalisierung	_	I
8-9	1217-1218	.	_	_
8-10	1219-1222	Nur	_	B
8-11	1223-1226	das	_	I
8-12	1227-1232	steht	_	_
8-13	1233-1235	da	_	_
8-14	1235-1236	,	_	_
8-15	1237-1242	keine	_	B
8-16	1243-1251	weiteren	_	I
8-17	1252-1257	Ideen	_	I
8-18	1257-1258	,	_	_
8-19	1259-1265	nichts	_	B
8-20	1266-1280	Inspirierendes	_	I
8-21	1280-1281	,	_	_
8-22	1282-1288	nichts	_	B
8-23	1289-1302	Ausführliches	_	I
8-24	1302-1303	.	_	_

#Text=Wie sieht die Digitalisierung von Verkehrsprojekten im 21. Jahrhundert aus Sicht der FDP aus? Fehlanzeige! Dazu ist nichts zu lesen. Smart ist das nicht. Da steht nichts zu offenen Daten, nichts zu Open Source, nichts zu neuen Messtechniken. Die Chance wurde einfach verpasst.
9-1	1309-1312	Wie	_	_
9-2	1313-1318	sieht	_	_
9-3	1319-1322	die	_	B
9-4	1323-1338	Digitalisierung	_	I
9-5	1339-1342	von	_	_
9-6	1343-1360	Verkehrsprojekten	_	B
9-7	1361-1363	im	_	_
9-8	1364-1367	21.	_	B
9-9	1368-1379	Jahrhundert	_	I
9-10	1380-1383	aus	_	_
9-11	1384-1389	Sicht	_	B
9-12	1390-1393	der	_	B
9-13	1394-1397	FDP	_	I
9-14	1398-1401	aus	_	_
9-15	1401-1402	?	_	_
9-16	1403-1414	Fehlanzeige	_	B
9-17	1414-1415	!	_	_
9-18	1416-1420	Dazu	_	_
9-19	1421-1424	ist	_	_
9-20	1425-1431	nichts	_	B
9-21	1432-1434	zu	_	_
9-22	1435-1440	lesen	_	_
9-23	1440-1441	.	_	_
9-24	1442-1447	Smart	_	_
9-25	1448-1451	ist	_	_
9-26	1452-1455	das	_	B
9-27	1456-1461	nicht	_	_
9-28	1461-1462	.	_	_
9-29	1463-1465	Da	_	_
9-30	1466-1471	steht	_	_
9-31	1472-1478	nichts	_	B
9-32	1479-1481	zu	_	_
9-33	1482-1489	offenen	_	B
9-34	1490-1495	Daten	_	I
9-35	1495-1496	,	_	_
9-36	1497-1503	nichts	_	B
9-37	1504-1506	zu	_	_
9-38	1507-1511	Open	_	B
9-39	1512-1518	Source	_	I
9-40	1518-1519	,	_	_
9-41	1520-1526	nichts	_	B
9-42	1527-1529	zu	_	_
9-43	1530-1535	neuen	_	B
9-44	1536-1549	Messtechniken	_	I
9-45	1549-1550	.	_	_
9-46	1551-1554	Die	_	B
9-47	1555-1561	Chance	_	I
9-48	1562-1567	wurde	_	_
9-49	1568-1575	einfach	_	_
9-50	1576-1584	verpasst	_	_
9-51	1584-1585	.	_	_

#Text=In geradezu epischer Breite, ganz im Stil des vergangenen Jahrhunderts, widmen Sie sich dann den Prüfungen im Bereich Umwelt- und Naturschutz. Die halten Sie für überflüssig; die wollen Sie gerne abschaffen. Ich frage mich wirklich, ob Sie den ökologischen Wandel der letzten 30 Jahre völlig verpasst haben.
10-1	1594-1596	In	_	_
10-2	1597-1605	geradezu	_	B
10-3	1606-1614	epischer	_	I
10-4	1615-1621	Breite	_	I
10-5	1621-1622	,	_	_
10-6	1623-1627	ganz	_	_
10-7	1628-1630	im	_	_
10-8	1631-1635	Stil	_	B
10-9	1636-1639	des	_	B
10-10	1640-1651	vergangenen	_	I
10-11	1652-1664	Jahrhunderts	_	I
10-12	1664-1665	,	_	_
10-13	1666-1672	widmen	_	_
10-14	1673-1676	Sie	_	B
10-15	1677-1681	sich	_	B
10-16	1682-1686	dann	_	_
10-17	1687-1690	den	_	B
10-18	1691-1700	Prüfungen	_	I
10-19	1701-1703	im	_	_
10-20	1704-1711	Bereich	_	B
10-21	1712-1719	Umwelt-	_	B
10-22	1720-1723	und	_	I
10-23	1724-1735	Naturschutz	_	I
10-24	1735-1736	.	_	_
10-25	1737-1740	Die	_	B
10-26	1741-1747	halten	_	_
10-27	1748-1751	Sie	_	B
10-28	1752-1755	für	_	_
10-29	1756-1767	überflüssig	_	_
10-30	1767-1768	;	_	_
10-31	1769-1772	die	_	B
10-32	1773-1779	wollen	_	_
10-33	1780-1783	Sie	_	B
10-34	1784-1789	gerne	_	_
10-35	1790-1800	abschaffen	_	_
10-36	1800-1801	.	_	_
10-37	1802-1805	Ich	_	B
10-38	1806-1811	frage	_	_
10-39	1812-1816	mich	_	B
10-40	1817-1825	wirklich	_	_
10-41	1825-1826	,	_	_
10-42	1827-1829	ob	_	_
10-43	1830-1833	Sie	_	B
10-44	1834-1837	den	_	B
10-45	1838-1850	ökologischen	_	I
10-46	1851-1857	Wandel	_	I
10-47	1858-1861	der	_	B
10-48	1862-1869	letzten	_	I
10-49	1870-1872	30	_	I
10-50	1873-1878	Jahre	_	I
10-51	1879-1885	völlig	_	_
10-52	1886-1894	verpasst	_	_
10-53	1895-1900	haben	_	_
10-54	1900-1901	.	_	_

#Text=Dann kommt die ewige Leier – wir haben es gerade wieder gehört – von den bösen Verbänden. Ich sage Ihnen: Die ohnehin sehr wenigen Verbandsklagen – Herr Stein hat es schon ausgeführt – sind in der Hälfte der Fälle sogar erfolgreich. Das heißt, in diesen Fällen haben die Planungsbehörden Recht gebrochen. Dieser Rechtsbruch wird durch diese Klagen behoben. Und das wollen Sie von der FDP abschaffen. Das ist doch irre!
11-1	1909-1913	Dann	_	_
11-2	1914-1919	kommt	_	_
11-3	1920-1923	die	_	B
11-4	1924-1929	ewige	_	I
11-5	1930-1935	Leier	_	I
11-6	1936-1937	–	_	_
11-7	1938-1941	wir	_	B
11-8	1942-1947	haben	_	_
11-9	1948-1950	es	_	B
11-10	1951-1957	gerade	_	_
11-11	1958-1964	wieder	_	_
11-12	1965-1971	gehört	_	_
11-13	1972-1973	–	_	_
11-14	1974-1977	von	_	_
11-15	1978-1981	den	_	B
11-16	1982-1987	bösen	_	I
11-17	1988-1997	Verbänden	_	I
11-18	1997-1998	.	_	_
11-19	1999-2002	Ich	_	B
11-20	2003-2007	sage	_	_
11-21	2008-2013	Ihnen	_	B
11-22	2013-2014	:	_	_
11-23	2015-2018	Die	_	B
11-24	2019-2026	ohnehin	_	I
11-25	2027-2031	sehr	_	I
11-26	2032-2039	wenigen	_	I
11-27	2040-2054	Verbandsklagen	_	I
11-28	2055-2056	–	_	_
11-29	2057-2061	Herr	_	B
11-30	2062-2067	Stein	_	I
11-31	2068-2071	hat	_	_
11-32	2072-2074	es	_	B
11-33	2075-2080	schon	_	_
11-34	2081-2091	ausgeführt	_	_
11-35	2092-2093	–	_	_
11-36	2094-2098	sind	_	_
11-37	2099-2101	in	_	_
11-38	2102-2105	der	_	B
11-39	2106-2112	Hälfte	_	I
11-40	2113-2116	der	_	B
11-41	2117-2122	Fälle	_	I
11-42	2123-2128	sogar	_	_
11-43	2129-2140	erfolgreich	_	_
11-44	2140-2141	.	_	_
11-45	2142-2145	Das	_	B
11-46	2146-2151	heißt	_	_
11-47	2151-2152	,	_	_
11-48	2153-2155	in	_	_
11-49	2156-2162	diesen	_	B
11-50	2163-2169	Fällen	_	I
11-51	2170-2175	haben	_	_
11-52	2176-2179	die	_	B
11-53	2180-2196	Planungsbehörden	_	I
11-54	2197-2202	Recht	_	B
11-55	2203-2212	gebrochen	_	_
11-56	2212-2213	.	_	_
11-57	2214-2220	Dieser	_	B
11-58	2221-2232	Rechtsbruch	_	I
11-59	2233-2237	wird	_	_
11-60	2238-2243	durch	_	_
11-61	2244-2249	diese	_	B
11-62	2250-2256	Klagen	_	I
11-63	2257-2264	behoben	_	_
11-64	2264-2265	.	_	_
11-65	2266-2269	Und	_	_
11-66	2270-2273	das	_	B
11-67	2274-2280	wollen	_	_
11-68	2281-2284	Sie	_	B
11-69	2285-2288	von	_	_
11-70	2289-2292	der	_	B
11-71	2293-2296	FDP	_	I
11-72	2297-2307	abschaffen	_	_
11-73	2307-2308	.	_	_
11-74	2309-2312	Das	_	B
11-75	2313-2316	ist	_	_
11-76	2317-2321	doch	_	_
11-77	2322-2326	irre	_	_
11-78	2326-2327	!	_	_

#Text=Der richtige Weg ist die frühzeitige verbindliche Bürgerbeteiligung. „Beteiligen“ heißt, sich mit Alternativen ernsthaft auseinanderzusetzen. Hier fehlt es bisher gänzlich an Standards, was echte, transparente, auch digitale Bürgerbeteiligung bedeutet. Aber auch dazu kein Wort von Ihnen.
12-1	2336-2339	Der	_	B
12-2	2340-2348	richtige	_	I
12-3	2349-2352	Weg	_	I
12-4	2353-2356	ist	_	_
12-5	2357-2360	die	_	B
12-6	2361-2372	frühzeitige	_	I
12-7	2373-2385	verbindliche	_	I
12-8	2386-2403	Bürgerbeteiligung	_	I
12-9	2403-2404	.	_	_
12-10	2405-2406	„	_	_
12-11	2406-2416	Beteiligen	_	_
12-12	2416-2417	“	_	_
12-13	2418-2423	heißt	_	_
12-14	2423-2424	,	_	_
12-15	2425-2429	sich	_	B
12-16	2430-2433	mit	_	_
12-17	2434-2446	Alternativen	_	B
12-18	2447-2456	ernsthaft	_	_
12-19	2457-2476	auseinanderzusetzen	_	_
12-20	2476-2477	.	_	_
12-21	2478-2482	Hier	_	_
12-22	2483-2488	fehlt	_	_
12-23	2489-2491	es	_	_
12-24	2492-2498	bisher	_	_
12-25	2499-2507	gänzlich	_	_
12-26	2508-2510	an	_	_
12-27	2511-2520	Standards	_	B
12-28	2520-2521	,	_	_
12-29	2522-2525	was	_	B
12-30	2526-2531	echte	_	B
12-31	2531-2532	,	_	I
12-32	2533-2545	transparente	_	I
12-33	2545-2546	,	_	I
12-34	2547-2551	auch	_	I
12-35	2552-2560	digitale	_	I
12-36	2561-2578	Bürgerbeteiligung	_	I
12-37	2579-2587	bedeutet	_	_
12-38	2587-2588	.	_	_
12-39	2589-2593	Aber	_	B
12-40	2594-2598	auch	_	I
12-41	2599-2603	dazu	_	I
12-42	2604-2608	kein	_	I
12-43	2609-2613	Wort	_	I
12-44	2614-2617	von	_	_
12-45	2618-2623	Ihnen	_	B
12-46	2623-2624	.	_	_

#Text=Sie wollen schneller planen und umsetzen. Das wollen wir auch.
13-1	2635-2638	Sie	_	B
13-2	2639-2645	wollen	_	_
13-3	2646-2655	schneller	_	_
13-4	2656-2662	planen	_	_
13-5	2663-2666	und	_	_
13-6	2667-2675	umsetzen	_	_
13-7	2675-2676	.	_	_
13-8	2677-2680	Das	_	B
13-9	2681-2687	wollen	_	_
13-10	2688-2691	wir	_	B
13-11	2692-2696	auch	_	_
13-12	2696-2697	.	_	_

#Text=Dafür braucht es aber nicht mehr Buchstaben auf Papier. Dafür braucht es mehr Personal in den Ämtern und in den Gerichten. Das ist vielleicht der einzig wirklich überraschende Punkt in Ihrem Antrag: Sie von der FDP beklagen den schlanken Staat. – Das ist überraschend. Da reibt man sich die Augen. Aber wir sind beruhigt; denn es wird trotzdem kein Vorschlag zur Abhilfe gemacht.
14-1	2700-2705	Dafür	_	_
14-2	2706-2713	braucht	_	_
14-3	2714-2716	es	_	B
14-4	2717-2721	aber	_	_
14-5	2722-2727	nicht	_	_
14-6	2728-2732	mehr	_	B
14-7	2733-2743	Buchstaben	_	I
14-8	2744-2747	auf	_	_
14-9	2748-2754	Papier	_	B
14-10	2754-2755	.	_	_
14-11	2756-2761	Dafür	_	_
14-12	2762-2769	braucht	_	_
14-13	2770-2772	es	_	_
14-14	2773-2777	mehr	_	B
14-15	2778-2786	Personal	_	I
14-16	2787-2789	in	_	_
14-17	2790-2793	den	_	B
14-18	2794-2800	Ämtern	_	I
14-19	2801-2804	und	_	_
14-20	2805-2807	in	_	_
14-21	2808-2811	den	_	B
14-22	2812-2821	Gerichten	_	I
14-23	2821-2822	.	_	_
14-24	2823-2826	Das	_	B
14-25	2827-2830	ist	_	_
14-26	2831-2841	vielleicht	_	_
14-27	2842-2845	der	_	B
14-28	2846-2852	einzig	_	I
14-29	2853-2861	wirklich	_	I
14-30	2862-2875	überraschende	_	I
14-31	2876-2881	Punkt	_	I
14-32	2882-2884	in	_	_
14-33	2885-2890	Ihrem	_	B
14-34	2891-2897	Antrag	_	I
14-35	2897-2898	:	_	_
14-36	2899-2902	Sie	_	B
14-37	2903-2906	von	_	_
14-38	2907-2910	der	_	B
14-39	2911-2914	FDP	_	I
14-40	2915-2923	beklagen	_	_
14-41	2924-2927	den	_	B
14-42	2928-2937	schlanken	_	I
14-43	2938-2943	Staat	_	I
14-44	2943-2944	.	_	_
14-45	2945-2946	–	_	_
14-46	2947-2950	Das	_	B
14-47	2951-2954	ist	_	_
14-48	2955-2967	überraschend	_	_
14-49	2967-2968	.	_	_
14-50	2969-2971	Da	_	_
14-51	2972-2977	reibt	_	_
14-52	2978-2981	man	_	B
14-53	2982-2986	sich	_	B
14-54	2987-2990	die	_	B
14-55	2991-2996	Augen	_	I
14-56	2996-2997	.	_	_
14-57	2998-3002	Aber	_	_
14-58	3003-3006	wir	_	B
14-59	3007-3011	sind	_	_
14-60	3012-3020	beruhigt	_	_
14-61	3020-3021	;	_	_
14-62	3022-3026	denn	_	_
14-63	3027-3029	es	_	_
14-64	3030-3034	wird	_	_
14-65	3035-3043	trotzdem	_	_
14-66	3044-3048	kein	_	B
14-67	3049-3058	Vorschlag	_	I
14-68	3059-3062	zur	_	_
14-69	3063-3070	Abhilfe	_	B
14-70	3071-3078	gemacht	_	_
14-71	3078-3079	.	_	_

#Text=Dann mussten Sie überlegen: Wie lassen wir diesen Antrag enden? Sie haben sich einen krönenden Abschluss überlegt: Straßenbauprojekte sollen künftig per Gesetz beschlossen werden können. Sie wollen auch hier der Überprüfung vor Gericht entgehen.
15-1	3088-3092	Dann	_	_
15-2	3093-3100	mussten	_	_
15-3	3101-3104	Sie	_	B
15-4	3105-3114	überlegen	_	_
15-5	3114-3115	:	_	_
15-6	3116-3119	Wie	_	_
15-7	3120-3126	lassen	_	_
15-8	3127-3130	wir	_	B
15-9	3131-3137	diesen	_	B
15-10	3138-3144	Antrag	_	I
15-11	3145-3150	enden	_	_
15-12	3150-3151	?	_	_
15-13	3152-3155	Sie	_	B
15-14	3156-3161	haben	_	_
15-15	3162-3166	sich	_	B
15-16	3167-3172	einen	_	B
15-17	3173-3182	krönenden	_	I
15-18	3183-3192	Abschluss	_	I
15-19	3193-3201	überlegt	_	_
15-20	3201-3202	:	_	_
15-21	3203-3221	Straßenbauprojekte	_	B
15-22	3222-3228	sollen	_	_
15-23	3229-3236	künftig	_	_
15-24	3237-3240	per	_	_
15-25	3241-3247	Gesetz	_	B
15-26	3248-3259	beschlossen	_	_
15-27	3260-3266	werden	_	_
15-28	3267-3273	können	_	_
15-29	3273-3274	.	_	_
15-30	3275-3278	Sie	_	B
15-31	3279-3285	wollen	_	_
15-32	3286-3290	auch	_	_
15-33	3291-3295	hier	_	_
15-34	3296-3299	der	_	B
15-35	3300-3311	Überprüfung	_	I
15-36	3312-3315	vor	_	_
15-37	3316-3323	Gericht	_	B
15-38	3324-3332	entgehen	_	_
15-39	3332-3333	.	_	_

#Text=Herr Reuther, Sie haben das sehr wacker vorgetragen, aber der Antrag ist inhaltlich so alt, dass er schon staubt.
16-1	3339-3343	Herr	_	B
16-2	3344-3351	Reuther	_	I
16-3	3351-3352	,	_	_
16-4	3353-3356	Sie	_	B
16-5	3357-3362	haben	_	_
16-6	3363-3366	das	_	B
16-7	3367-3371	sehr	_	_
16-8	3372-3378	wacker	_	_
16-9	3379-3390	vorgetragen	_	_
16-10	3390-3391	,	_	_
16-11	3392-3396	aber	_	_
16-12	3397-3400	der	_	B
16-13	3401-3407	Antrag	_	I
16-14	3408-3411	ist	_	_
16-15	3412-3422	inhaltlich	_	_
16-16	3423-3425	so	_	_
16-17	3426-3429	alt	_	_
16-18	3429-3430	,	_	_
16-19	3431-3435	dass	_	_
16-20	3436-3438	er	_	B
16-21	3439-3444	schon	_	_
16-22	3445-3451	staubt	_	_
16-23	3451-3452	.	_	_

#Text=Als Fraktion, die lieber die Zukunft gestalten will, als die Vergangenheit zu verwalten, lehnen wir diesen und den anderen Antrag ab.
17-1	3457-3460	Als	_	_
17-2	3461-3469	Fraktion	_	B
17-3	3469-3470	,	_	_
17-4	3471-3474	die	_	B
17-5	3475-3481	lieber	_	_
17-6	3482-3485	die	_	B
17-7	3486-3493	Zukunft	_	I
17-8	3494-3503	gestalten	_	_
17-9	3504-3508	will	_	_
17-10	3508-3509	,	_	_
17-11	3510-3513	als	_	_
17-12	3514-3517	die	_	B
17-13	3518-3531	Vergangenheit	_	I
17-14	3532-3534	zu	_	_
17-15	3535-3544	verwalten	_	_
17-16	3544-3545	,	_	_
17-17	3546-3552	lehnen	_	_
17-18	3553-3556	wir	_	B
17-19	3557-3563	diesen	_	_
17-20	3564-3567	und	_	_
17-21	3568-3571	den	_	B
17-22	3572-3579	anderen	_	I
17-23	3580-3586	Antrag	_	I
17-24	3587-3589	ab	_	_
17-25	3589-3590	.	_	_

#Text=Vielen Dank.
18-1	3595-3601	Vielen	_	_
18-2	3602-3606	Dank	_	_
18-3	3606-3607	.	_	_

#Text=Das Wort hat der Abgeordnete Florian Oßner für die CDU/CSU-Fraktion.
19-1	3609-3612	Das	_	B
19-2	3613-3617	Wort	_	I
19-3	3618-3621	hat	_	_
19-4	3622-3625	der	_	B
19-5	3626-3637	Abgeordnete	_	I
19-6	3638-3645	Florian	_	I
19-7	3646-3651	Oßner	_	I
19-8	3652-3655	für	_	_
19-9	3656-3659	die	_	B
19-10	3660-3663	CDU	_	I
19-11	3663-3664	/	_	_
19-12	3664-3676	CSU-Fraktion	_	B
19-13	3676-3677	.	_	_
