#FORMAT=WebAnno TSV 3.2
#T_SP=webanno.custom.Animacy|Animated
#T_SP=webanno.custom.CustomChunk|Chunk


#Text=Sehr geehrter Herr Präsident! Geschätzte Kolleginnen und Kollegen! Herr Rehberg, Sie haben natürlich vollkommen recht. Sie haben auch die großen Anstrengungen, die in der Rentenüberleitung gemacht worden und gelungen sind, richtig dargestellt. Ich finde es richtig, das zu betonen. Genauso richtig ist es aber auch, auf die Anliegen derer zu schauen, die sich noch benachteiligt fühlen.
1-1	0-4	Sehr	_	B
1-2	5-13	geehrter	_	I
1-3	14-18	Herr	_	I
1-4	19-28	Präsident	_	I
1-5	28-29	!	_	_
1-6	30-40	Geschätzte	_	B
1-7	41-52	Kolleginnen	_	I
1-8	53-56	und	_	_
1-9	57-65	Kollegen	_	B
1-10	65-66	!	_	_
1-11	67-71	Herr	_	B
1-12	72-79	Rehberg	_	I
1-13	79-80	,	_	_
1-14	81-84	Sie	_	B
1-15	85-90	haben	_	_
1-16	91-100	natürlich	_	_
1-17	101-111	vollkommen	_	B
1-18	112-117	recht	_	I
1-19	117-118	.	_	_
1-20	119-122	Sie	_	B
1-21	123-128	haben	_	_
1-22	129-133	auch	_	B
1-23	134-137	die	_	I
1-24	138-144	großen	_	I
1-25	145-158	Anstrengungen	_	I
1-26	158-159	,	_	_
1-27	160-163	die	_	B
1-28	164-166	in	_	_
1-29	167-170	der	_	B
1-30	171-188	Rentenüberleitung	_	I
1-31	189-196	gemacht	_	_
1-32	197-203	worden	_	_
1-33	204-207	und	_	_
1-34	208-216	gelungen	_	_
1-35	217-221	sind	_	_
1-36	221-222	,	_	_
1-37	223-230	richtig	_	_
1-38	231-242	dargestellt	_	_
1-39	242-243	.	_	_
1-40	244-247	Ich	_	B
1-41	248-253	finde	_	_
1-42	254-256	es	_	B
1-43	257-264	richtig	_	_
1-44	264-265	,	_	_
1-45	266-269	das	_	B
1-46	270-272	zu	_	_
1-47	273-280	betonen	_	_
1-48	280-281	.	_	_
1-49	282-289	Genauso	_	_
1-50	290-297	richtig	_	_
1-51	298-301	ist	_	_
1-52	302-304	es	_	B
1-53	305-309	aber	_	_
1-54	310-314	auch	_	_
1-55	314-315	,	_	_
1-56	316-319	auf	_	_
1-57	320-323	die	_	B
1-58	324-332	Anliegen	_	I
1-59	333-338	derer	_	B
1-60	339-341	zu	_	_
1-61	342-349	schauen	_	_
1-62	349-350	,	_	_
1-63	351-354	die	_	B
1-64	355-359	sich	_	B
1-65	360-364	noch	_	_
1-66	365-378	benachteiligt	_	_
1-67	379-385	fühlen	_	_
1-68	385-386	.	_	_

#Text=Um diese Rentengruppen geht es. Ich finde, Herr Rehberg, wir als Koalition haben da eine ganze Menge vorzuweisen.
2-1	399-401	Um	_	_
2-2	402-407	diese	_	B
2-3	408-421	Rentengruppen	_	I
2-4	422-426	geht	_	_
2-5	427-429	es	_	_
2-6	429-430	.	_	_
2-7	431-434	Ich	_	B
2-8	435-440	finde	_	_
2-9	440-441	,	_	_
2-10	442-446	Herr	_	_
2-11	447-454	Rehberg	_	B
2-12	454-455	,	_	_
2-13	456-459	wir	_	B
2-14	460-463	als	_	_
2-15	464-473	Koalition	_	B
2-16	474-479	haben	_	_
2-17	480-482	da	_	_
2-18	483-487	eine	_	B
2-19	488-493	ganze	_	I
2-20	494-499	Menge	_	I
2-21	500-511	vorzuweisen	_	_
2-22	511-512	.	_	_

#Text=Ich kann für mich sagen: Ich habe mich richtig auf diese Debatte gefreut, unter anderem auch, weil ich eine Bewegung wahrnehme, die mich sehr freut. Ich nehme sie sowohl in den Anträgen als auch in den Reden und in den Gesprächen mit den Betroffenen wahr. Ich nehme wahr, dass viele von Maximalforderungen abrücken. Ich erinnere mich, liebe Kolleginnen und Kollegen von der Linken: Wir haben früher über ganze Listen mit Maximalforderungen abgestimmt. Jetzt finde ich die Anträge, insbesondere zu den in der DDR Geschiedenen, vollkommen richtig in der Darlegung. In den Konsequenzen unterscheiden wir uns noch, aber ich nehme da eine gute Bewegung wahr.
3-1	517-520	Ich	_	B
3-2	521-525	kann	_	_
3-3	526-529	für	_	_
3-4	530-534	mich	_	B
3-5	535-540	sagen	_	_
3-6	540-541	:	_	_
3-7	542-545	Ich	_	B
3-8	546-550	habe	_	_
3-9	551-555	mich	_	B
3-10	556-563	richtig	_	_
3-11	564-567	auf	_	_
3-12	568-573	diese	_	B
3-13	574-581	Debatte	_	I
3-14	582-589	gefreut	_	_
3-15	589-590	,	_	_
3-16	591-596	unter	_	_
3-17	597-604	anderem	_	B
3-18	605-609	auch	_	_
3-19	609-610	,	_	_
3-20	611-615	weil	_	_
3-21	616-619	ich	_	B
3-22	620-624	eine	_	B
3-23	625-633	Bewegung	_	I
3-24	634-643	wahrnehme	_	_
3-25	643-644	,	_	_
3-26	645-648	die	_	B
3-27	649-653	mich	_	B
3-28	654-658	sehr	_	_
3-29	659-664	freut	_	_
3-30	664-665	.	_	_
3-31	666-669	Ich	_	B
3-32	670-675	nehme	_	_
3-33	676-679	sie	_	B
3-34	680-686	sowohl	_	_
3-35	687-689	in	_	_
3-36	690-693	den	_	B
3-37	694-702	Anträgen	_	I
3-38	703-706	als	_	_
3-39	707-711	auch	_	_
3-40	712-714	in	_	_
3-41	715-718	den	_	B
3-42	719-724	Reden	_	I
3-43	725-728	und	_	_
3-44	729-731	in	_	_
3-45	732-735	den	_	B
3-46	736-746	Gesprächen	_	I
3-47	747-750	mit	_	_
3-48	751-754	den	_	B
3-49	755-766	Betroffenen	_	I
3-50	767-771	wahr	_	_
3-51	771-772	.	_	_
3-52	773-776	Ich	_	B
3-53	777-782	nehme	_	_
3-54	783-787	wahr	_	_
3-55	787-788	,	_	_
3-56	789-793	dass	_	_
3-57	794-799	viele	_	B
3-58	800-803	von	_	_
3-59	804-822	Maximalforderungen	_	B
3-60	823-831	abrücken	_	_
3-61	831-832	.	_	_
3-62	833-836	Ich	_	B
3-63	837-845	erinnere	_	_
3-64	846-850	mich	_	B
3-65	850-851	,	_	_
3-66	852-857	liebe	_	B
3-67	858-869	Kolleginnen	_	I
3-68	870-873	und	_	_
3-69	874-882	Kollegen	_	B
3-70	883-886	von	_	_
3-71	887-890	der	_	B
3-72	891-897	Linken	_	I
3-73	897-898	:	_	_
3-74	899-902	Wir	_	B
3-75	903-908	haben	_	_
3-76	909-915	früher	_	_
3-77	916-920	über	_	_
3-78	921-926	ganze	_	B
3-79	927-933	Listen	_	I
3-80	934-937	mit	_	_
3-81	938-956	Maximalforderungen	_	B
3-82	957-967	abgestimmt	_	_
3-83	967-968	.	_	_
3-84	969-974	Jetzt	_	_
3-85	975-980	finde	_	_
3-86	981-984	ich	_	B
3-87	985-988	die	_	B
3-88	989-996	Anträge	_	I
3-89	996-997	,	_	_
3-90	998-1010	insbesondere	_	_
3-91	1011-1013	zu	_	_
3-92	1014-1017	den	_	_
3-93	1018-1020	in	_	_
3-94	1021-1024	der	_	B
3-95	1025-1028	DDR	_	I
3-96	1029-1041	Geschiedenen	_	_
3-97	1041-1042	,	_	_
3-98	1043-1053	vollkommen	_	_
3-99	1054-1061	richtig	_	_
3-100	1062-1064	in	_	_
3-101	1065-1068	der	_	B
3-102	1069-1078	Darlegung	_	I
3-103	1078-1079	.	_	_
3-104	1080-1082	In	_	_
3-105	1083-1086	den	_	B
3-106	1087-1099	Konsequenzen	_	I
3-107	1100-1113	unterscheiden	_	_
3-108	1114-1117	wir	_	B
3-109	1118-1121	uns	_	B
3-110	1122-1126	noch	_	_
3-111	1126-1127	,	_	_
3-112	1128-1132	aber	_	_
3-113	1133-1136	ich	_	B
3-114	1137-1142	nehme	_	_
3-115	1143-1145	da	_	_
3-116	1146-1150	eine	_	B
3-117	1151-1155	gute	_	I
3-118	1156-1164	Bewegung	_	I
3-119	1165-1169	wahr	_	_
3-120	1169-1170	.	_	_

#Text=Ich nehme sie auch im zuständigen Ministerium, im BMAS, wahr. Es gibt den entscheidenden Satz im Koalitionsvertrag. Herr Ramelow, die Gespräche finden statt; Thüringen ist dazu ebenfalls eingeladen. Soweit ich weiß, hat Thüringen auch an den ersten Gesprächen teilgenommen. Die Vereinbarung steht: Ende dieses Jahres, im Dezember 2019, soll ein Vorschlag erarbeitet sein, wie ein solcher Härtefallfonds ganz konkret ausgestaltet werden kann. Darüber freue ich mich sehr.
4-1	1187-1190	Ich	_	B
4-2	1191-1196	nehme	_	_
4-3	1197-1200	sie	_	B
4-4	1201-1205	auch	_	_
4-5	1206-1208	im	_	_
4-6	1209-1220	zuständigen	_	B
4-7	1221-1232	Ministerium	_	I
4-8	1232-1233	,	_	_
4-9	1234-1236	im	_	_
4-10	1237-1241	BMAS	_	B
4-11	1241-1242	,	_	_
4-12	1243-1247	wahr	_	_
4-13	1247-1248	.	_	_
4-14	1249-1251	Es	_	_
4-15	1252-1256	gibt	_	_
4-16	1257-1260	den	_	B
4-17	1261-1275	entscheidenden	_	I
4-18	1276-1280	Satz	_	I
4-19	1281-1283	im	_	_
4-20	1284-1301	Koalitionsvertrag	_	B
4-21	1301-1302	.	_	_
4-22	1303-1307	Herr	_	B
4-23	1308-1315	Ramelow	_	I
4-24	1315-1316	,	_	_
4-25	1317-1320	die	_	B
4-26	1321-1330	Gespräche	_	I
4-27	1331-1337	finden	_	_
4-28	1338-1343	statt	_	_
4-29	1343-1344	;	_	_
4-30	1345-1354	Thüringen	_	B
4-31	1355-1358	ist	_	_
4-32	1359-1363	dazu	_	_
4-33	1364-1373	ebenfalls	_	_
4-34	1374-1384	eingeladen	_	_
4-35	1384-1385	.	_	_
4-36	1386-1392	Soweit	_	_
4-37	1393-1396	ich	_	B
4-38	1397-1401	weiß	_	_
4-39	1401-1402	,	_	_
4-40	1403-1406	hat	_	_
4-41	1407-1416	Thüringen	_	B
4-42	1417-1421	auch	_	_
4-43	1422-1424	an	_	_
4-44	1425-1428	den	_	B
4-45	1429-1435	ersten	_	I
4-46	1436-1446	Gesprächen	_	I
4-47	1447-1459	teilgenommen	_	_
4-48	1459-1460	.	_	_
4-49	1461-1464	Die	_	B
4-50	1465-1477	Vereinbarung	_	I
4-51	1478-1483	steht	_	_
4-52	1483-1484	:	_	_
4-53	1485-1489	Ende	_	B
4-54	1490-1496	dieses	_	B
4-55	1497-1503	Jahres	_	I
4-56	1503-1504	,	_	_
4-57	1505-1507	im	_	_
4-58	1508-1516	Dezember	_	B
4-59	1517-1521	2019	_	_
4-60	1521-1522	,	_	_
4-61	1523-1527	soll	_	_
4-62	1528-1531	ein	_	B
4-63	1532-1541	Vorschlag	_	I
4-64	1542-1552	erarbeitet	_	_
4-65	1553-1557	sein	_	_
4-66	1557-1558	,	_	_
4-67	1559-1562	wie	_	_
4-68	1563-1566	ein	_	B
4-69	1567-1574	solcher	_	I
4-70	1575-1589	Härtefallfonds	_	I
4-71	1590-1594	ganz	_	_
4-72	1595-1602	konkret	_	_
4-73	1603-1615	ausgestaltet	_	_
4-74	1616-1622	werden	_	_
4-75	1623-1627	kann	_	_
4-76	1627-1628	.	_	_
4-77	1629-1636	Darüber	_	_
4-78	1637-1642	freue	_	_
4-79	1643-1646	ich	_	B
4-80	1647-1651	mich	_	B
4-81	1652-1656	sehr	_	_
4-82	1656-1657	.	_	_

#Text=Das ist auch deshalb so wichtig – ich will das noch mal klarmachen –, weil bisher die Maximalforderung der Betroffenen war: Wir wollen unsere Forderung zu 100 Prozent durchgesetzt haben. – Die Bundesregierung hat gesagt: Das alles ist kein Problem; wir machen nichts. – Davon sind wir jetzt weg. Besser noch: Es findet Dialog statt. Der Staatssekretär Rolf Schmachtenberg war vor kurzem in Dresden und hat sich mit Betroffenen auseinandergesetzt. Im Nachgang haben die betroffenen Gruppen dem Ministerium ganz konkrete Zahlen und abgespeckte Forderungen übermittelt. Ich finde, das ist eine Grundlage, auf der sich wirklich reden lässt und auf der gesellschaftliche Befriedung gelingen kann, was ich mir für diese Debatte wünsche.
5-1	1673-1676	Das	_	B
5-2	1677-1680	ist	_	_
5-3	1681-1685	auch	_	_
5-4	1686-1693	deshalb	_	_
5-5	1694-1696	so	_	_
5-6	1697-1704	wichtig	_	_
5-7	1705-1706	–	_	_
5-8	1707-1710	ich	_	B
5-9	1711-1715	will	_	_
5-10	1716-1719	das	_	B
5-11	1720-1724	noch	_	_
5-12	1725-1728	mal	_	_
5-13	1729-1739	klarmachen	_	_
5-14	1740-1741	–	_	_
5-15	1741-1742	,	_	_
5-16	1743-1747	weil	_	_
5-17	1748-1754	bisher	_	_
5-18	1755-1758	die	_	B
5-19	1759-1775	Maximalforderung	_	I
5-20	1776-1779	der	_	B
5-21	1780-1791	Betroffenen	_	I
5-22	1792-1795	war	_	_
5-23	1795-1796	:	_	_
5-24	1797-1800	Wir	_	B
5-25	1801-1807	wollen	_	_
5-26	1808-1814	unsere	_	B
5-27	1815-1824	Forderung	_	I
5-28	1825-1827	zu	_	_
5-29	1828-1831	100	_	B
5-30	1832-1839	Prozent	_	I
5-31	1840-1852	durchgesetzt	_	_
5-32	1853-1858	haben	_	_
5-33	1858-1859	.	_	_
5-34	1860-1861	–	_	_
5-35	1862-1865	Die	_	B
5-36	1866-1881	Bundesregierung	_	I
5-37	1882-1885	hat	_	_
5-38	1886-1892	gesagt	_	_
5-39	1892-1893	:	_	_
5-40	1894-1897	Das	_	B
5-41	1898-1903	alles	_	I
5-42	1904-1907	ist	_	_
5-43	1908-1912	kein	_	B
5-44	1913-1920	Problem	_	I
5-45	1920-1921	;	_	_
5-46	1922-1925	wir	_	B
5-47	1926-1932	machen	_	_
5-48	1933-1939	nichts	_	B
5-49	1939-1940	.	_	_
5-50	1941-1942	–	_	_
5-51	1943-1948	Davon	_	_
5-52	1949-1953	sind	_	_
5-53	1954-1957	wir	_	B
5-54	1958-1963	jetzt	_	_
5-55	1964-1967	weg	_	_
5-56	1967-1968	.	_	_
5-57	1969-1975	Besser	_	_
5-58	1976-1980	noch	_	_
5-59	1980-1981	:	_	_
5-60	1982-1984	Es	_	B
5-61	1985-1991	findet	_	_
5-62	1992-1998	Dialog	_	B
5-63	1999-2004	statt	_	_
5-64	2004-2005	.	_	_
5-65	2006-2009	Der	_	B
5-66	2010-2024	Staatssekretär	_	I
5-67	2025-2029	Rolf	_	I
5-68	2030-2044	Schmachtenberg	_	I
5-69	2045-2048	war	_	_
5-70	2049-2052	vor	_	_
5-71	2053-2059	kurzem	_	_
5-72	2060-2062	in	_	_
5-73	2063-2070	Dresden	_	B
5-74	2071-2074	und	_	_
5-75	2075-2078	hat	_	_
5-76	2079-2083	sich	_	B
5-77	2084-2087	mit	_	_
5-78	2088-2099	Betroffenen	_	B
5-79	2100-2118	auseinandergesetzt	_	_
5-80	2118-2119	.	_	_
5-81	2120-2122	Im	_	_
5-82	2123-2131	Nachgang	_	B
5-83	2132-2137	haben	_	_
5-84	2138-2141	die	_	B
5-85	2142-2153	betroffenen	_	I
5-86	2154-2161	Gruppen	_	I
5-87	2162-2165	dem	_	B
5-88	2166-2177	Ministerium	_	I
5-89	2178-2182	ganz	_	B
5-90	2183-2191	konkrete	_	I
5-91	2192-2198	Zahlen	_	I
5-92	2199-2202	und	_	_
5-93	2203-2214	abgespeckte	_	B
5-94	2215-2226	Forderungen	_	I
5-95	2227-2238	übermittelt	_	_
5-96	2238-2239	.	_	_
5-97	2240-2243	Ich	_	B
5-98	2244-2249	finde	_	_
5-99	2249-2250	,	_	B
5-100	2251-2254	das	_	I
5-101	2255-2258	ist	_	_
5-102	2259-2263	eine	_	B
5-103	2264-2273	Grundlage	_	I
5-104	2273-2274	,	_	_
5-105	2275-2278	auf	_	_
5-106	2279-2282	der	_	B
5-107	2283-2287	sich	_	B
5-108	2288-2296	wirklich	_	_
5-109	2297-2302	reden	_	_
5-110	2303-2308	lässt	_	_
5-111	2309-2312	und	_	_
5-112	2313-2316	auf	_	_
5-113	2317-2320	der	_	B
5-114	2321-2338	gesellschaftliche	_	I
5-115	2339-2349	Befriedung	_	I
5-116	2350-2358	gelingen	_	_
5-117	2359-2363	kann	_	_
5-118	2363-2364	,	_	_
5-119	2365-2368	was	_	B
5-120	2369-2372	ich	_	B
5-121	2373-2376	mir	_	B
5-122	2377-2380	für	_	_
5-123	2381-2386	diese	_	B
5-124	2387-2394	Debatte	_	I
5-125	2395-2402	wünsche	_	_
5-126	2402-2403	.	_	_

#Text=Auch die Betroffenen – viele Gruppen zumindest – sagen mittlerweile, dass sie über Entschädigung sprechen und keine Abrechnung bis auf Heller und Pfennig haben wollen. Wenn ich mit den Betroffenen spreche – das mache ich ganz oft, so wie Herr Weiler von der Union auch –, dann spüre ich vor allen Dingen eines: Zur Befriedung braucht es nicht nur monetäre Leistungen, sondern für gesellschaftliche Befriedung braucht es auch Respekt und Anerkennung. Dazu gehört in erster Linie auch, sichtbar zu machen, was hinter diesen Gruppen steckt, woher ihre Wut und ihr Frust kommen. Herr Ramelow hat einige Beispiele genannt, zum Beispiel die in der DDR geschiedene Frau, die im Betrieb mitgeholfen hat. Wir als SPD und hoffentlich auch die Koalition wollen eine Grundrente einführen, die vielen Betroffenen helfen würde; aber genau dieser Gruppe wäre damit nicht geholfen. Wir brauchen in jedem Fall eine Fondslösung, die sich dieser Härtefälle annimmt und klarmacht: Du hast dein Leben lang gearbeitet, du hast Kinder großgezogen, du hast Respekt verdient für die Lebensleistung, die du erbracht hast. Dieses Signal müssen wir dringend aussenden.
6-1	2419-2423	Auch	_	B
6-2	2424-2427	die	_	I
6-3	2428-2439	Betroffenen	_	I
6-4	2440-2441	–	_	_
6-5	2442-2447	viele	_	_
6-6	2448-2455	Gruppen	_	_
6-7	2456-2465	zumindest	_	_
6-8	2466-2467	–	_	_
6-9	2468-2473	sagen	_	_
6-10	2474-2486	mittlerweile	_	_
6-11	2486-2487	,	_	_
6-12	2488-2492	dass	_	_
6-13	2493-2496	sie	_	B
6-14	2497-2501	über	_	_
6-15	2502-2515	Entschädigung	_	B
6-16	2516-2524	sprechen	_	_
6-17	2525-2528	und	_	_
6-18	2529-2534	keine	_	B
6-19	2535-2545	Abrechnung	_	I
6-20	2546-2549	bis	_	_
6-21	2550-2553	auf	_	_
6-22	2554-2560	Heller	_	B
6-23	2561-2564	und	_	_
6-24	2565-2572	Pfennig	_	B
6-25	2573-2578	haben	_	_
6-26	2579-2585	wollen	_	_
6-27	2585-2586	.	_	_
6-28	2587-2591	Wenn	_	_
6-29	2592-2595	ich	_	B
6-30	2596-2599	mit	_	_
6-31	2600-2603	den	_	B
6-32	2604-2615	Betroffenen	_	I
6-33	2616-2623	spreche	_	_
6-34	2624-2625	–	_	B
6-35	2626-2629	das	_	I
6-36	2630-2635	mache	_	_
6-37	2636-2639	ich	_	B
6-38	2640-2644	ganz	_	_
6-39	2645-2648	oft	_	_
6-40	2648-2649	,	_	_
6-41	2650-2652	so	_	_
6-42	2653-2656	wie	_	_
6-43	2657-2661	Herr	_	_
6-44	2662-2668	Weiler	_	B
6-45	2669-2672	von	_	_
6-46	2673-2676	der	_	B
6-47	2677-2682	Union	_	I
6-48	2683-2687	auch	_	_
6-49	2688-2689	–	_	_
6-50	2689-2690	,	_	_
6-51	2691-2695	dann	_	_
6-52	2696-2701	spüre	_	_
6-53	2702-2705	ich	_	B
6-54	2706-2709	vor	_	_
6-55	2710-2715	allen	_	B
6-56	2716-2722	Dingen	_	I
6-57	2723-2728	eines	_	B
6-58	2728-2729	:	_	_
6-59	2730-2733	Zur	_	_
6-60	2734-2744	Befriedung	_	B
6-61	2745-2752	braucht	_	_
6-62	2753-2755	es	_	_
6-63	2756-2761	nicht	_	B
6-64	2762-2765	nur	_	I
6-65	2766-2774	monetäre	_	I
6-66	2775-2785	Leistungen	_	I
6-67	2785-2786	,	_	_
6-68	2787-2794	sondern	_	_
6-69	2795-2798	für	_	_
6-70	2799-2816	gesellschaftliche	_	B
6-71	2817-2827	Befriedung	_	I
6-72	2828-2835	braucht	_	_
6-73	2836-2838	es	_	_
6-74	2839-2843	auch	_	B
6-75	2844-2851	Respekt	_	I
6-76	2852-2855	und	_	_
6-77	2856-2867	Anerkennung	_	B
6-78	2867-2868	.	_	_
6-79	2869-2873	Dazu	_	_
6-80	2874-2880	gehört	_	_
6-81	2881-2883	in	_	_
6-82	2884-2890	erster	_	B
6-83	2891-2896	Linie	_	I
6-84	2897-2901	auch	_	_
6-85	2901-2902	,	_	_
6-86	2903-2911	sichtbar	_	_
6-87	2912-2914	zu	_	_
6-88	2915-2921	machen	_	_
6-89	2921-2922	,	_	_
6-90	2923-2926	was	_	B
6-91	2927-2933	hinter	_	_
6-92	2934-2940	diesen	_	B
6-93	2941-2948	Gruppen	_	I
6-94	2949-2955	steckt	_	_
6-95	2955-2956	,	_	_
6-96	2957-2962	woher	_	_
6-97	2963-2967	ihre	_	B
6-98	2968-2971	Wut	_	I
6-99	2972-2975	und	_	_
6-100	2976-2979	ihr	_	B
6-101	2980-2985	Frust	_	I
6-102	2986-2992	kommen	_	_
6-103	2992-2993	.	_	_
6-104	2994-2998	Herr	_	B
6-105	2999-3006	Ramelow	_	I
6-106	3007-3010	hat	_	_
6-107	3011-3017	einige	_	B
6-108	3018-3027	Beispiele	_	I
6-109	3028-3035	genannt	_	_
6-110	3035-3036	,	_	_
6-111	3037-3040	zum	_	_
6-112	3041-3049	Beispiel	_	B
6-113	3050-3053	die	_	_
6-114	3054-3056	in	_	_
6-115	3057-3060	der	_	B
6-116	3061-3064	DDR	_	I
6-117	3065-3076	geschiedene	_	_
6-118	3077-3081	Frau	_	_
6-119	3081-3082	,	_	_
6-120	3083-3086	die	_	B
6-121	3087-3089	im	_	_
6-122	3090-3097	Betrieb	_	B
6-123	3098-3109	mitgeholfen	_	_
6-124	3110-3113	hat	_	_
6-125	3113-3114	.	_	_
6-126	3115-3118	Wir	_	B
6-127	3119-3122	als	_	_
6-128	3123-3126	SPD	_	B
6-129	3127-3130	und	_	_
6-130	3131-3142	hoffentlich	_	B
6-131	3143-3147	auch	_	I
6-132	3148-3151	die	_	I
6-133	3152-3161	Koalition	_	I
6-134	3162-3168	wollen	_	_
6-135	3169-3173	eine	_	B
6-136	3174-3184	Grundrente	_	I
6-137	3185-3194	einführen	_	_
6-138	3194-3195	,	_	_
6-139	3196-3199	die	_	_
6-140	3200-3206	vielen	_	B
6-141	3207-3218	Betroffenen	_	I
6-142	3219-3225	helfen	_	_
6-143	3226-3231	würde	_	_
6-144	3231-3232	;	_	_
6-145	3233-3237	aber	_	_
6-146	3238-3243	genau	_	B
6-147	3244-3250	dieser	_	I
6-148	3251-3257	Gruppe	_	I
6-149	3258-3262	wäre	_	_
6-150	3263-3268	damit	_	_
6-151	3269-3274	nicht	_	_
6-152	3275-3283	geholfen	_	_
6-153	3283-3284	.	_	_
6-154	3285-3288	Wir	_	B
6-155	3289-3297	brauchen	_	_
6-156	3298-3300	in	_	_
6-157	3301-3306	jedem	_	B
6-158	3307-3311	Fall	_	I
6-159	3312-3316	eine	_	B
6-160	3317-3328	Fondslösung	_	I
6-161	3328-3329	,	_	_
6-162	3330-3333	die	_	B
6-163	3334-3338	sich	_	B
6-164	3339-3345	dieser	_	B
6-165	3346-3356	Härtefälle	_	I
6-166	3357-3364	annimmt	_	_
6-167	3365-3368	und	_	_
6-168	3369-3378	klarmacht	_	_
6-169	3378-3379	:	_	_
6-170	3380-3382	Du	_	B
6-171	3383-3387	hast	_	_
6-172	3388-3392	dein	_	B
6-173	3393-3398	Leben	_	I
6-174	3399-3403	lang	_	_
6-175	3404-3414	gearbeitet	_	_
6-176	3414-3415	,	_	_
6-177	3416-3418	du	_	B
6-178	3419-3423	hast	_	_
6-179	3424-3430	Kinder	_	B
6-180	3431-3442	großgezogen	_	_
6-181	3442-3443	,	_	_
6-182	3444-3446	du	_	B
6-183	3447-3451	hast	_	_
6-184	3452-3459	Respekt	_	B
6-185	3460-3468	verdient	_	_
6-186	3469-3472	für	_	_
6-187	3473-3476	die	_	B
6-188	3477-3491	Lebensleistung	_	I
6-189	3491-3492	,	_	_
6-190	3493-3496	die	_	B
6-191	3497-3499	du	_	B
6-192	3500-3508	erbracht	_	_
6-193	3509-3513	hast	_	_
6-194	3513-3514	.	_	_
6-195	3515-3521	Dieses	_	B
6-196	3522-3528	Signal	_	I
6-197	3529-3535	müssen	_	_
6-198	3536-3539	wir	_	B
6-199	3540-3548	dringend	_	_
6-200	3549-3558	aussenden	_	_
6-201	3558-3559	.	_	_

#Text=Der erste Schritt ist die Grundrente, der zweite Schritt ist das Reden über die betroffenen Gruppen, um zu sehen, welche Schritte wir zur Befriedung unternehmen wollen. Wir – ich habe Herrn Weiler schon erwähnt – werden weitere Veranstaltungen machen, um intensiver mit den Gruppen ins Gespräch zu kommen und diese Annäherung weiter zu forcieren. Ich danke dem Ministerium für den nicht einfachen, sondern durchaus mutigen Schritt, zu sagen: Wir schauen uns diese Gruppen genau an.
7-1	3584-3587	Der	_	B
7-2	3588-3593	erste	_	I
7-3	3594-3601	Schritt	_	I
7-4	3602-3605	ist	_	_
7-5	3606-3609	die	_	B
7-6	3610-3620	Grundrente	_	I
7-7	3620-3621	,	_	_
7-8	3622-3625	der	_	B
7-9	3626-3632	zweite	_	I
7-10	3633-3640	Schritt	_	I
7-11	3641-3644	ist	_	_
7-12	3645-3648	das	_	B
7-13	3649-3654	Reden	_	I
7-14	3655-3659	über	_	_
7-15	3660-3663	die	_	B
7-16	3664-3675	betroffenen	_	I
7-17	3676-3683	Gruppen	_	I
7-18	3683-3684	,	_	_
7-19	3685-3687	um	_	_
7-20	3688-3690	zu	_	_
7-21	3691-3696	sehen	_	_
7-22	3696-3697	,	_	_
7-23	3698-3704	welche	_	B
7-24	3705-3713	Schritte	_	I
7-25	3714-3717	wir	_	B
7-26	3718-3721	zur	_	_
7-27	3722-3732	Befriedung	_	B
7-28	3733-3744	unternehmen	_	_
7-29	3745-3751	wollen	_	_
7-30	3751-3752	.	_	_
7-31	3753-3756	Wir	_	B
7-32	3757-3758	–	_	_
7-33	3759-3762	ich	_	B
7-34	3763-3767	habe	_	_
7-35	3768-3773	Herrn	_	B
7-36	3774-3780	Weiler	_	I
7-37	3781-3786	schon	_	_
7-38	3787-3794	erwähnt	_	_
7-39	3795-3796	–	_	_
7-40	3797-3803	werden	_	_
7-41	3804-3811	weitere	_	B
7-42	3812-3827	Veranstaltungen	_	I
7-43	3828-3834	machen	_	_
7-44	3834-3835	,	_	_
7-45	3836-3838	um	_	_
7-46	3839-3849	intensiver	_	_
7-47	3850-3853	mit	_	_
7-48	3854-3857	den	_	B
7-49	3858-3865	Gruppen	_	I
7-50	3866-3869	ins	_	_
7-51	3870-3878	Gespräch	_	B
7-52	3879-3881	zu	_	_
7-53	3882-3888	kommen	_	_
7-54	3889-3892	und	_	_
7-55	3893-3898	diese	_	B
7-56	3899-3909	Annäherung	_	I
7-57	3910-3916	weiter	_	_
7-58	3917-3919	zu	_	_
7-59	3920-3929	forcieren	_	_
7-60	3929-3930	.	_	_
7-61	3931-3934	Ich	_	B
7-62	3935-3940	danke	_	_
7-63	3941-3944	dem	_	B
7-64	3945-3956	Ministerium	_	I
7-65	3957-3960	für	_	_
7-66	3961-3964	den	_	B
7-67	3965-3970	nicht	_	I
7-68	3971-3980	einfachen	_	I
7-69	3980-3981	,	_	I
7-70	3982-3989	sondern	_	I
7-71	3990-3998	durchaus	_	I
7-72	3999-4006	mutigen	_	I
7-73	4007-4014	Schritt	_	I
7-74	4014-4015	,	_	_
7-75	4016-4018	zu	_	_
7-76	4019-4024	sagen	_	_
7-77	4024-4025	:	_	_
7-78	4026-4029	Wir	_	B
7-79	4030-4037	schauen	_	_
7-80	4038-4041	uns	_	B
7-81	4042-4047	diese	_	B
7-82	4048-4055	Gruppen	_	I
7-83	4056-4061	genau	_	_
7-84	4062-4064	an	_	_
7-85	4064-4065	.	_	_

#Text=Zu den Anträgen. Ich persönlich finde es toll, dass nicht nur Anträge auf der Tagesordnung stehen, sondern auch Petitionen von in der DDR Geschiedenen. Ich finde einen Aspekt ganz spannend: Einzelne Petitionen, die wir heute besprechen, sind gar nicht von den Betroffenen selbst, sondern von ihren Kindern geschrieben, die für ihre Mütter noch einmal klarmachen: Da muss etwas passieren. Das geht so nicht, wie hier mit meiner Mutter umgegangen wird.
8-1	4076-4078	Zu	_	_
8-2	4079-4082	den	_	B
8-3	4083-4091	Anträgen	_	I
8-4	4091-4092	.	_	_
8-5	4093-4096	Ich	_	B
8-6	4097-4107	persönlich	_	_
8-7	4108-4113	finde	_	_
8-8	4114-4116	es	_	B
8-9	4117-4121	toll	_	_
8-10	4121-4122	,	_	_
8-11	4123-4127	dass	_	_
8-12	4128-4133	nicht	_	B
8-13	4134-4137	nur	_	I
8-14	4138-4145	Anträge	_	I
8-15	4146-4149	auf	_	_
8-16	4150-4153	der	_	B
8-17	4154-4166	Tagesordnung	_	I
8-18	4167-4173	stehen	_	_
8-19	4173-4174	,	_	_
8-20	4175-4182	sondern	_	_
8-21	4183-4187	auch	_	B
8-22	4188-4198	Petitionen	_	I
8-23	4199-4202	von	_	_
8-24	4203-4205	in	_	_
8-25	4206-4209	der	_	B
8-26	4210-4213	DDR	_	I
8-27	4214-4226	Geschiedenen	_	B
8-28	4226-4227	.	_	_
8-29	4228-4231	Ich	_	B
8-30	4232-4237	finde	_	_
8-31	4238-4243	einen	_	B
8-32	4244-4250	Aspekt	_	I
8-33	4251-4255	ganz	_	_
8-34	4256-4264	spannend	_	_
8-35	4264-4265	:	_	_
8-36	4266-4274	Einzelne	_	B
8-37	4275-4285	Petitionen	_	I
8-38	4285-4286	,	_	_
8-39	4287-4290	die	_	B
8-40	4291-4294	wir	_	B
8-41	4295-4300	heute	_	_
8-42	4301-4311	besprechen	_	_
8-43	4311-4312	,	_	_
8-44	4313-4317	sind	_	_
8-45	4318-4321	gar	_	_
8-46	4322-4327	nicht	_	_
8-47	4328-4331	von	_	_
8-48	4332-4335	den	_	B
8-49	4336-4347	Betroffenen	_	I
8-50	4348-4354	selbst	_	_
8-51	4354-4355	,	_	_
8-52	4356-4363	sondern	_	_
8-53	4364-4367	von	_	_
8-54	4368-4373	ihren	_	B
8-55	4374-4381	Kindern	_	I
8-56	4382-4393	geschrieben	_	_
8-57	4393-4394	,	_	_
8-58	4395-4398	die	_	B
8-59	4399-4402	für	_	_
8-60	4403-4407	ihre	_	B
8-61	4408-4414	Mütter	_	I
8-62	4415-4419	noch	_	_
8-63	4420-4426	einmal	_	_
8-64	4427-4437	klarmachen	_	_
8-65	4437-4438	:	_	_
8-66	4439-4441	Da	_	_
8-67	4442-4446	muss	_	_
8-68	4447-4452	etwas	_	B
8-69	4453-4462	passieren	_	_
8-70	4462-4463	.	_	_
8-71	4464-4467	Das	_	B
8-72	4468-4472	geht	_	_
8-73	4473-4475	so	_	_
8-74	4476-4481	nicht	_	_
8-75	4481-4482	,	_	_
8-76	4483-4486	wie	_	_
8-77	4487-4491	hier	_	_
8-78	4492-4495	mit	_	_
8-79	4496-4502	meiner	_	B
8-80	4503-4509	Mutter	_	I
8-81	4510-4520	umgegangen	_	_
8-82	4521-4525	wird	_	_
8-83	4525-4526	.	_	_

#Text=Das bedeutet für mich auch, dass der Gedanke, zu glauben, nichts tun zu müssen, weil es sich biologisch klären würde – so empfinden es einige –, nicht greift; denn die Nachkommen haben sehr wohl mitbekommen, was hier mit ihren Eltern passiert ist. Dieses Ungerechtigkeitsgefühl würde weiter fortleben. Ich glaube, das können wir uns nicht leisten. Deswegen: Lassen Sie uns aktiv werden und für gesellschaftliche Befriedung sorgen.
9-1	4540-4543	Das	_	B
9-2	4544-4552	bedeutet	_	_
9-3	4553-4556	für	_	_
9-4	4557-4561	mich	_	B
9-5	4562-4566	auch	_	_
9-6	4566-4567	,	_	_
9-7	4568-4572	dass	_	_
9-8	4573-4576	der	_	B
9-9	4577-4584	Gedanke	_	I
9-10	4584-4585	,	_	_
9-11	4586-4588	zu	_	_
9-12	4589-4596	glauben	_	_
9-13	4596-4597	,	_	_
9-14	4598-4604	nichts	_	B
9-15	4605-4608	tun	_	_
9-16	4609-4611	zu	_	_
9-17	4612-4618	müssen	_	_
9-18	4618-4619	,	_	_
9-19	4620-4624	weil	_	_
9-20	4625-4627	es	_	_
9-21	4628-4632	sich	_	B
9-22	4633-4643	biologisch	_	_
9-23	4644-4650	klären	_	_
9-24	4651-4656	würde	_	_
9-25	4657-4658	–	_	_
9-26	4659-4661	so	_	_
9-27	4662-4671	empfinden	_	_
9-28	4672-4674	es	_	B
9-29	4675-4681	einige	_	B
9-30	4682-4683	–	_	_
9-31	4683-4684	,	_	_
9-32	4685-4690	nicht	_	_
9-33	4691-4697	greift	_	_
9-34	4697-4698	;	_	_
9-35	4699-4703	denn	_	_
9-36	4704-4707	die	_	B
9-37	4708-4718	Nachkommen	_	I
9-38	4719-4724	haben	_	_
9-39	4725-4729	sehr	_	_
9-40	4730-4734	wohl	_	_
9-41	4735-4746	mitbekommen	_	_
9-42	4746-4747	,	_	_
9-43	4748-4751	was	_	B
9-44	4752-4756	hier	_	_
9-45	4757-4760	mit	_	_
9-46	4761-4766	ihren	_	B
9-47	4767-4773	Eltern	_	I
9-48	4774-4782	passiert	_	_
9-49	4783-4786	ist	_	_
9-50	4786-4787	.	_	_
9-51	4788-4794	Dieses	_	B
9-52	4795-4817	Ungerechtigkeitsgefühl	_	I
9-53	4818-4823	würde	_	_
9-54	4824-4830	weiter	_	_
9-55	4831-4840	fortleben	_	_
9-56	4840-4841	.	_	_
9-57	4842-4845	Ich	_	B
9-58	4846-4852	glaube	_	_
9-59	4852-4853	,	_	_
9-60	4854-4857	das	_	B
9-61	4858-4864	können	_	_
9-62	4865-4868	wir	_	B
9-63	4869-4872	uns	_	B
9-64	4873-4878	nicht	_	_
9-65	4879-4886	leisten	_	_
9-66	4886-4887	.	_	_
9-67	4888-4896	Deswegen	_	_
9-68	4896-4897	:	_	_
9-69	4898-4904	Lassen	_	_
9-70	4905-4908	Sie	_	B
9-71	4909-4912	uns	_	B
9-72	4913-4918	aktiv	_	_
9-73	4919-4925	werden	_	_
9-74	4926-4929	und	_	_
9-75	4930-4933	für	_	_
9-76	4934-4951	gesellschaftliche	_	B
9-77	4952-4962	Befriedung	_	I
9-78	4963-4969	sorgen	_	_
9-79	4969-4970	.	_	_

#Text=Inhaltlich zu den Anträgen. Der Beschreibung der Linken zu in der DDR Geschiedenen kann ich mich anschließen; sie ist richtig dargestellt. Sie wissen, dass wir als SPD keine Lösung für einzelne Gruppen wollen. Wir wollen eine Fondslösung, eigentlich wollen wir einen Gerechtigkeitsfonds. Aber auch wenn wir jetzt nur einen Härtefallfonds umsetzen können, würde dieser insbesondere den in der DDR geschiedenen Frauen zugutekommen. Deswegen halte ich das für den richtigen Weg.
10-1	4984-4994	Inhaltlich	_	_
10-2	4995-4997	zu	_	_
10-3	4998-5001	den	_	B
10-4	5002-5010	Anträgen	_	I
10-5	5010-5011	.	_	_
10-6	5012-5015	Der	_	B
10-7	5016-5028	Beschreibung	_	I
10-8	5029-5032	der	_	B
10-9	5033-5039	Linken	_	I
10-10	5040-5042	zu	_	_
10-11	5043-5045	in	_	_
10-12	5046-5049	der	_	B
10-13	5050-5053	DDR	_	I
10-14	5054-5066	Geschiedenen	_	B
10-15	5067-5071	kann	_	_
10-16	5072-5075	ich	_	B
10-17	5076-5080	mich	_	B
10-18	5081-5092	anschließen	_	_
10-19	5092-5093	;	_	_
10-20	5094-5097	sie	_	B
10-21	5098-5101	ist	_	_
10-22	5102-5109	richtig	_	_
10-23	5110-5121	dargestellt	_	_
10-24	5121-5122	.	_	_
10-25	5123-5126	Sie	_	B
10-26	5127-5133	wissen	_	_
10-27	5133-5134	,	_	_
10-28	5135-5139	dass	_	_
10-29	5140-5143	wir	_	B
10-30	5144-5147	als	_	_
10-31	5148-5151	SPD	_	B
10-32	5152-5157	keine	_	B
10-33	5158-5164	Lösung	_	I
10-34	5165-5168	für	_	_
10-35	5169-5177	einzelne	_	B
10-36	5178-5185	Gruppen	_	I
10-37	5186-5192	wollen	_	_
10-38	5192-5193	.	_	_
10-39	5194-5197	Wir	_	B
10-40	5198-5204	wollen	_	_
10-41	5205-5209	eine	_	B
10-42	5210-5221	Fondslösung	_	I
10-43	5221-5222	,	_	_
10-44	5223-5233	eigentlich	_	_
10-45	5234-5240	wollen	_	_
10-46	5241-5244	wir	_	B
10-47	5245-5250	einen	_	B
10-48	5251-5270	Gerechtigkeitsfonds	_	I
10-49	5270-5271	.	_	_
10-50	5272-5276	Aber	_	_
10-51	5277-5281	auch	_	_
10-52	5282-5286	wenn	_	_
10-53	5287-5290	wir	_	B
10-54	5291-5296	jetzt	_	_
10-55	5297-5300	nur	_	_
10-56	5301-5306	einen	_	B
10-57	5307-5321	Härtefallfonds	_	I
10-58	5322-5330	umsetzen	_	_
10-59	5331-5337	können	_	_
10-60	5337-5338	,	_	_
10-61	5339-5344	würde	_	_
10-62	5345-5351	dieser	_	B
10-63	5352-5364	insbesondere	_	_
10-64	5365-5368	den	_	_
10-65	5369-5371	in	_	_
10-66	5372-5375	der	_	B
10-67	5376-5379	DDR	_	I
10-68	5380-5392	geschiedenen	_	_
10-69	5393-5399	Frauen	_	_
10-70	5400-5412	zugutekommen	_	_
10-71	5412-5413	.	_	_
10-72	5414-5422	Deswegen	_	_
10-73	5423-5428	halte	_	_
10-74	5429-5432	ich	_	B
10-75	5433-5436	das	_	B
10-76	5437-5440	für	_	_
10-77	5441-5444	den	_	B
10-78	5445-5454	richtigen	_	I
10-79	5455-5458	Weg	_	I
10-80	5458-5459	.	_	_

#Text=– Ja, aber auch in einer Bundesregierung finden Meinungsbildungsprozesse statt, und Meinungsbildungsprozesse dauern manchmal länger, und wenn es etwas wird, sind wir alle glücklich. Ich glaube, diesen Konsens können wir hier im Haus festhalten.
11-1	5470-5471	–	_	_
11-2	5472-5474	Ja	_	_
11-3	5474-5475	,	_	_
11-4	5476-5480	aber	_	_
11-5	5481-5485	auch	_	_
11-6	5486-5488	in	_	_
11-7	5489-5494	einer	_	B
11-8	5495-5510	Bundesregierung	_	I
11-9	5511-5517	finden	_	_
11-10	5518-5542	Meinungsbildungsprozesse	_	B
11-11	5543-5548	statt	_	_
11-12	5548-5549	,	_	_
11-13	5550-5553	und	_	_
11-14	5554-5578	Meinungsbildungsprozesse	_	B
11-15	5579-5585	dauern	_	_
11-16	5586-5594	manchmal	_	_
11-17	5595-5601	länger	_	_
11-18	5601-5602	,	_	_
11-19	5603-5606	und	_	_
11-20	5607-5611	wenn	_	_
11-21	5612-5614	es	_	B
11-22	5615-5620	etwas	_	B
11-23	5621-5625	wird	_	_
11-24	5625-5626	,	_	_
11-25	5627-5631	sind	_	_
11-26	5632-5635	wir	_	B
11-27	5636-5640	alle	_	B
11-28	5641-5650	glücklich	_	_
11-29	5650-5651	.	_	_
11-30	5652-5655	Ich	_	B
11-31	5656-5662	glaube	_	_
11-32	5662-5663	,	_	_
11-33	5664-5670	diesen	_	B
11-34	5671-5678	Konsens	_	I
11-35	5679-5685	können	_	_
11-36	5686-5689	wir	_	B
11-37	5690-5694	hier	_	_
11-38	5695-5697	im	_	_
11-39	5698-5702	Haus	_	B
11-40	5703-5713	festhalten	_	_
11-41	5713-5714	.	_	_

#Text=Die AfD hat ebenfalls zu den in der DDR Geschiedenen einen Antrag vorgelegt. Ich stelle fest: Sie haben im Ausschuss aufgepasst und zugehört und haben einen Lernprozess durchlaufen. Aber auch hier gilt: Wir wollen nicht für eine einzelne Gruppe etwas tun, sondern wir wollen für alle Gruppen etwas anbieten.
12-1	5722-5725	Die	_	B
12-2	5726-5729	AfD	_	I
12-3	5730-5733	hat	_	_
12-4	5734-5743	ebenfalls	_	_
12-5	5744-5746	zu	_	_
12-6	5747-5750	den	_	_
12-7	5751-5753	in	_	_
12-8	5754-5757	der	_	B
12-9	5758-5761	DDR	_	I
12-10	5762-5774	Geschiedenen	_	_
12-11	5775-5780	einen	_	B
12-12	5781-5787	Antrag	_	I
12-13	5788-5797	vorgelegt	_	_
12-14	5797-5798	.	_	_
12-15	5799-5802	Ich	_	B
12-16	5803-5809	stelle	_	_
12-17	5810-5814	fest	_	_
12-18	5814-5815	:	_	_
12-19	5816-5819	Sie	_	B
12-20	5820-5825	haben	_	_
12-21	5826-5828	im	_	_
12-22	5829-5838	Ausschuss	_	B
12-23	5839-5849	aufgepasst	_	_
12-24	5850-5853	und	_	_
12-25	5854-5862	zugehört	_	_
12-26	5863-5866	und	_	_
12-27	5867-5872	haben	_	_
12-28	5873-5878	einen	_	B
12-29	5879-5890	Lernprozess	_	I
12-30	5891-5902	durchlaufen	_	_
12-31	5902-5903	.	_	_
12-32	5904-5908	Aber	_	_
12-33	5909-5913	auch	_	_
12-34	5914-5918	hier	_	_
12-35	5919-5923	gilt	_	_
12-36	5923-5924	:	_	_
12-37	5925-5928	Wir	_	B
12-38	5929-5935	wollen	_	_
12-39	5936-5941	nicht	_	_
12-40	5942-5945	für	_	_
12-41	5946-5950	eine	_	B
12-42	5951-5959	einzelne	_	I
12-43	5960-5966	Gruppe	_	I
12-44	5967-5972	etwas	_	B
12-45	5973-5976	tun	_	_
12-46	5976-5977	,	_	_
12-47	5978-5985	sondern	_	_
12-48	5986-5989	wir	_	B
12-49	5990-5996	wollen	_	_
12-50	5997-6000	für	_	_
12-51	6001-6005	alle	_	B
12-52	6006-6013	Gruppen	_	I
12-53	6014-6019	etwas	_	B
12-54	6020-6028	anbieten	_	_
12-55	6028-6029	.	_	_

#Text=Die Grünen haben ebenfalls einen Antrag vorgelegt, ihre Forderungen gehen aber deutlich darüber hinaus. Ich glaube, dass die sehr weitgehenden Forderungen, die Sie hier formulieren, nicht geeignet sind, gesellschaftlich zu befrieden. Deswegen finde ich den Antrag inhaltlich schwierig. Wir lehnen ihn nicht nur ab, weil er sich auf eine Gruppe beschränkt, sondern auch, weil die Forderungen sehr weitgehend sind.
13-1	6036-6039	Die	_	B
13-2	6040-6046	Grünen	_	I
13-3	6047-6052	haben	_	_
13-4	6053-6062	ebenfalls	_	_
13-5	6063-6068	einen	_	B
13-6	6069-6075	Antrag	_	I
13-7	6076-6085	vorgelegt	_	_
13-8	6085-6086	,	_	_
13-9	6087-6091	ihre	_	B
13-10	6092-6103	Forderungen	_	I
13-11	6104-6109	gehen	_	_
13-12	6110-6114	aber	_	_
13-13	6115-6123	deutlich	_	_
13-14	6124-6131	darüber	_	_
13-15	6132-6138	hinaus	_	_
13-16	6138-6139	.	_	_
13-17	6140-6143	Ich	_	B
13-18	6144-6150	glaube	_	_
13-19	6150-6151	,	_	_
13-20	6152-6156	dass	_	_
13-21	6157-6160	die	_	B
13-22	6161-6165	sehr	_	I
13-23	6166-6178	weitgehenden	_	I
13-24	6179-6190	Forderungen	_	I
13-25	6190-6191	,	_	_
13-26	6192-6195	die	_	B
13-27	6196-6199	Sie	_	B
13-28	6200-6204	hier	_	_
13-29	6205-6216	formulieren	_	_
13-30	6216-6217	,	_	_
13-31	6218-6223	nicht	_	_
13-32	6224-6232	geeignet	_	_
13-33	6233-6237	sind	_	_
13-34	6237-6238	,	_	_
13-35	6239-6255	gesellschaftlich	_	_
13-36	6256-6258	zu	_	_
13-37	6259-6268	befrieden	_	_
13-38	6268-6269	.	_	_
13-39	6270-6278	Deswegen	_	_
13-40	6279-6284	finde	_	_
13-41	6285-6288	ich	_	B
13-42	6289-6292	den	_	B
13-43	6293-6299	Antrag	_	I
13-44	6300-6310	inhaltlich	_	_
13-45	6311-6320	schwierig	_	_
13-46	6320-6321	.	_	_
13-47	6322-6325	Wir	_	B
13-48	6326-6332	lehnen	_	_
13-49	6333-6336	ihn	_	B
13-50	6337-6342	nicht	_	_
13-51	6343-6346	nur	_	_
13-52	6347-6349	ab	_	_
13-53	6349-6350	,	_	_
13-54	6351-6355	weil	_	_
13-55	6356-6358	er	_	B
13-56	6359-6363	sich	_	B
13-57	6364-6367	auf	_	_
13-58	6368-6372	eine	_	B
13-59	6373-6379	Gruppe	_	I
13-60	6380-6390	beschränkt	_	_
13-61	6390-6391	,	_	_
13-62	6392-6399	sondern	_	_
13-63	6400-6404	auch	_	_
13-64	6404-6405	,	_	_
13-65	6406-6410	weil	_	_
13-66	6411-6414	die	_	B
13-67	6415-6426	Forderungen	_	I
13-68	6427-6431	sehr	_	_
13-69	6432-6442	weitgehend	_	_
13-70	6443-6447	sind	_	_
13-71	6447-6448	.	_	_

#Text=Vielleicht noch ein letzter Satz zu dem Antrag zur Alterssicherung für die Bergleute, eine Gruppe, die mir besonders am Herzen liegen; ich bin häufig bei ihnen zu Gast. Ich bin nicht überzeugt, dass der Antrag der Grünen hier ins Schwarze trifft, da er einen Härtefallfonds fordert, der den Bergleuten gar nichts bringt, weil sie glücklicherweise keine Härtefälle sind. Ich sage Ihnen aber auch: An dieser Gruppe wird noch einmal deutlich, dass ein reiner Härtefallfonds doch zu kurz gesprungen ist.
14-1	6461-6471	Vielleicht	_	B
14-2	6472-6476	noch	_	I
14-3	6477-6480	ein	_	I
14-4	6481-6488	letzter	_	I
14-5	6489-6493	Satz	_	I
14-6	6494-6496	zu	_	_
14-7	6497-6500	dem	_	B
14-8	6501-6507	Antrag	_	I
14-9	6508-6511	zur	_	_
14-10	6512-6527	Alterssicherung	_	B
14-11	6528-6531	für	_	_
14-12	6532-6535	die	_	B
14-13	6536-6545	Bergleute	_	I
14-14	6545-6546	,	_	_
14-15	6547-6551	eine	_	B
14-16	6552-6558	Gruppe	_	I
14-17	6558-6559	,	_	_
14-18	6560-6563	die	_	B
14-19	6564-6567	mir	_	B
14-20	6568-6577	besonders	_	_
14-21	6578-6580	am	_	_
14-22	6581-6587	Herzen	_	B
14-23	6588-6594	liegen	_	_
14-24	6594-6595	;	_	_
14-25	6596-6599	ich	_	B
14-26	6600-6603	bin	_	_
14-27	6604-6610	häufig	_	_
14-28	6611-6614	bei	_	_
14-29	6615-6620	ihnen	_	B
14-30	6621-6623	zu	_	_
14-31	6624-6628	Gast	_	B
14-32	6628-6629	.	_	_
14-33	6630-6633	Ich	_	B
14-34	6634-6637	bin	_	_
14-35	6638-6643	nicht	_	_
14-36	6644-6653	überzeugt	_	_
14-37	6653-6654	,	_	_
14-38	6655-6659	dass	_	_
14-39	6660-6663	der	_	B
14-40	6664-6670	Antrag	_	I
14-41	6671-6674	der	_	B
14-42	6675-6681	Grünen	_	I
14-43	6682-6686	hier	_	_
14-44	6687-6690	ins	_	_
14-45	6691-6699	Schwarze	_	B
14-46	6700-6706	trifft	_	_
14-47	6706-6707	,	_	_
14-48	6708-6710	da	_	_
14-49	6711-6713	er	_	B
14-50	6714-6719	einen	_	B
14-51	6720-6734	Härtefallfonds	_	I
14-52	6735-6742	fordert	_	_
14-53	6742-6743	,	_	_
14-54	6744-6747	der	_	B
14-55	6748-6751	den	_	B
14-56	6752-6762	Bergleuten	_	I
14-57	6763-6766	gar	_	B
14-58	6767-6773	nichts	_	I
14-59	6774-6780	bringt	_	_
14-60	6780-6781	,	_	_
14-61	6782-6786	weil	_	_
14-62	6787-6790	sie	_	B
14-63	6791-6807	glücklicherweise	_	_
14-64	6808-6813	keine	_	B
14-65	6814-6824	Härtefälle	_	I
14-66	6825-6829	sind	_	_
14-67	6829-6830	.	_	_
14-68	6831-6834	Ich	_	B
14-69	6835-6839	sage	_	_
14-70	6840-6845	Ihnen	_	B
14-71	6846-6850	aber	_	_
14-72	6851-6855	auch	_	_
14-73	6855-6856	:	_	_
14-74	6857-6859	An	_	_
14-75	6860-6866	dieser	_	B
14-76	6867-6873	Gruppe	_	I
14-77	6874-6878	wird	_	_
14-78	6879-6883	noch	_	_
14-79	6884-6890	einmal	_	_
14-80	6891-6899	deutlich	_	_
14-81	6899-6900	,	_	_
14-82	6901-6905	dass	_	_
14-83	6906-6909	ein	_	B
14-84	6910-6916	reiner	_	I
14-85	6917-6931	Härtefallfonds	_	I
14-86	6932-6936	doch	_	_
14-87	6937-6939	zu	_	_
14-88	6940-6944	kurz	_	_
14-89	6945-6955	gesprungen	_	_
14-90	6956-6959	ist	_	_
14-91	6959-6960	.	_	_

#Text=Wir werden uns in der Regierung dafür einsetzen, dass auch für solche Gruppen etwas unternommen wird.
15-1	6973-6976	Wir	_	B
15-2	6977-6983	werden	_	_
15-3	6984-6987	uns	_	B
15-4	6988-6990	in	_	_
15-5	6991-6994	der	_	B
15-6	6995-7004	Regierung	_	I
15-7	7005-7010	dafür	_	_
15-8	7011-7020	einsetzen	_	_
15-9	7020-7021	,	_	_
15-10	7022-7026	dass	_	_
15-11	7027-7031	auch	_	_
15-12	7032-7035	für	_	_
15-13	7036-7042	solche	_	B
15-14	7043-7050	Gruppen	_	I
15-15	7051-7056	etwas	_	B
15-16	7057-7068	unternommen	_	_
15-17	7069-7073	wird	_	_
15-18	7073-7074	.	_	_

#Text=Vielen Dank für die Aufmerksamkeit.
16-1	7077-7083	Vielen	_	_
16-2	7084-7088	Dank	_	_
16-3	7089-7092	für	_	_
16-4	7093-7096	die	_	B
16-5	7097-7111	Aufmerksamkeit	_	I
16-6	7111-7112	.	_	_

#Text=Für die FDP-Fraktion hat das Wort der Kollege Johannes Vogel.
17-1	7114-7117	Für	_	_
17-2	7118-7121	die	_	B
17-3	7122-7134	FDP-Fraktion	_	I
17-4	7135-7138	hat	_	_
17-5	7139-7142	das	_	B
17-6	7143-7147	Wort	_	I
17-7	7148-7151	der	_	B
17-8	7152-7159	Kollege	_	I
17-9	7160-7168	Johannes	_	I
17-10	7169-7174	Vogel	_	I
17-11	7174-7175	.	_	_
