#FORMAT=WebAnno TSV 3.2
#T_SP=webanno.custom.Animacy|Animated
#T_SP=webanno.custom.CustomChunk|Chunk


#Text=Vielen Dank für das Wort. – Herr Minister, ich möchte zu der Verordnung für Sonderrechte für Geimpfte und Genesene fragen. Sie werden mir gleich sagen, dass es keine Privilegien sind – gleichwohl. In dieser Verordnung steht drin:
1-1	0-6	Vielen	_	_
1-2	7-11	Dank	_	_
1-3	12-15	für	_	_
1-4	16-19	das	_	B
1-5	20-24	Wort	_	I
1-6	24-25	.	_	_
1-7	26-27	–	_	_
1-8	28-32	Herr	_	_
1-9	33-41	Minister	_	B
1-10	41-42	,	_	_
1-11	43-46	ich	_	B
1-12	47-53	möchte	_	_
1-13	54-56	zu	_	_
1-14	57-60	der	_	B
1-15	61-71	Verordnung	_	I
1-16	72-75	für	_	_
1-17	76-88	Sonderrechte	_	B
1-18	89-92	für	_	_
1-19	93-101	Geimpfte	_	B
1-20	102-105	und	_	_
1-21	106-114	Genesene	_	B
1-22	115-121	fragen	_	_
1-23	121-122	.	_	_
1-24	123-126	Sie	_	B
1-25	127-133	werden	_	_
1-26	134-137	mir	_	B
1-27	138-144	gleich	_	_
1-28	145-150	sagen	_	_
1-29	150-151	,	_	_
1-30	152-156	dass	_	_
1-31	157-159	es	_	B
1-32	160-165	keine	_	B
1-33	166-177	Privilegien	_	I
1-34	178-182	sind	_	_
1-35	183-184	–	_	_
1-36	185-195	gleichwohl	_	_
1-37	195-196	.	_	_
1-38	197-199	In	_	_
1-39	200-206	dieser	_	B
1-40	207-217	Verordnung	_	I
1-41	218-223	steht	_	_
1-42	224-228	drin	_	_
1-43	228-229	:	_	_

#Text=Ist aufgrund wissenschaftlicher Erkenntnisse hinreichend belegt, dass geimpfte Personen und genesene … nicht (mehr) ansteckend sind …, müssen … Erleichterungen … vorgesehen werden.
2-1	236-239	Ist	_	_
2-2	240-248	aufgrund	_	_
2-3	249-267	wissenschaftlicher	_	B
2-4	268-280	Erkenntnisse	_	I
2-5	281-292	hinreichend	_	_
2-6	293-299	belegt	_	_
2-7	299-300	,	_	_
2-8	301-305	dass	_	_
2-9	306-314	geimpfte	_	B
2-10	315-323	Personen	_	I
2-11	324-327	und	_	_
2-12	328-336	genesene	_	_
2-13	337-338	…	_	_
2-14	339-344	nicht	_	_
2-15	345-346	(	_	_
2-16	346-350	mehr	_	_
2-17	350-351	)	_	_
2-18	352-362	ansteckend	_	_
2-19	363-367	sind	_	_
2-20	368-369	…	_	_
2-21	369-370	,	_	_
2-22	371-377	müssen	_	_
2-23	378-379	…	_	_
2-24	380-395	Erleichterungen	_	_
2-25	396-397	…	_	_
2-26	398-408	vorgesehen	_	_
2-27	409-415	werden	_	_
2-28	415-416	.	_	_

#Text=Meine erste Frage lautet: Wie wollen Sie verhindern, dass dadurch die Republik unterteilt wird in Menschen, die geimpft sind, und Menschen, die nicht geimpft sind – die einen mit Grundrechten, die anderen mit weniger oder sehr viel weniger oder gar keinen Grundrechten? Das ist meine erste Frage.
3-1	422-427	Meine	_	B
3-2	428-433	erste	_	I
3-3	434-439	Frage	_	I
3-4	440-446	lautet	_	_
3-5	446-447	:	_	_
3-6	448-451	Wie	_	_
3-7	452-458	wollen	_	_
3-8	459-462	Sie	_	B
3-9	463-473	verhindern	_	_
3-10	473-474	,	_	_
3-11	475-479	dass	_	_
3-12	480-487	dadurch	_	_
3-13	488-491	die	_	B
3-14	492-500	Republik	_	I
3-15	501-511	unterteilt	_	_
3-16	512-516	wird	_	_
3-17	517-519	in	_	_
3-18	520-528	Menschen	_	B
3-19	528-529	,	_	_
3-20	530-533	die	_	B
3-21	534-541	geimpft	_	_
3-22	542-546	sind	_	_
3-23	546-547	,	_	_
3-24	548-551	und	_	_
3-25	552-560	Menschen	_	B
3-26	560-561	,	_	_
3-27	562-565	die	_	B
3-28	566-571	nicht	_	_
3-29	572-579	geimpft	_	_
3-30	580-584	sind	_	_
3-31	585-586	–	_	_
3-32	587-590	die	_	B
3-33	591-596	einen	_	_
3-34	597-600	mit	_	_
3-35	601-613	Grundrechten	_	B
3-36	613-614	,	_	_
3-37	615-618	die	_	B
3-38	619-626	anderen	_	I
3-39	627-630	mit	_	_
3-40	631-638	weniger	_	B
3-41	639-643	oder	_	I
3-42	644-648	sehr	_	I
3-43	649-653	viel	_	I
3-44	654-661	weniger	_	I
3-45	662-666	oder	_	I
3-46	667-670	gar	_	I
3-47	671-677	keinen	_	I
3-48	678-690	Grundrechten	_	I
3-49	690-691	?	_	_
3-50	692-695	Das	_	B
3-51	696-699	ist	_	_
3-52	700-705	meine	_	B
3-53	706-711	erste	_	I
3-54	712-717	Frage	_	I
3-55	717-718	.	_	_

#Text=Meine zweite Frage bezieht sich auf den zweiten Absatz dieser Verordnung:
4-1	727-732	Meine	_	B
4-2	733-739	zweite	_	I
4-3	740-745	Frage	_	I
4-4	746-753	bezieht	_	_
4-5	754-758	sich	_	B
4-6	759-762	auf	_	_
4-7	763-766	den	_	B
4-8	767-774	zweiten	_	I
4-9	775-781	Absatz	_	I
4-10	782-788	dieser	_	B
4-11	789-799	Verordnung	_	I
4-12	799-800	:	_	_

#Text=Es handelt sich … nicht um … Privilegien, sondern um die Aufhebung nicht mehr gerechtfertigter Grundrechtseingriffe.
5-1	802-804	Es	_	_
5-2	805-812	handelt	_	_
5-3	813-817	sich	_	B
5-4	818-819	…	_	_
5-5	820-825	nicht	_	_
5-6	826-828	um	_	_
5-7	829-830	…	_	B
5-8	831-842	Privilegien	_	I
5-9	842-843	,	_	_
5-10	844-851	sondern	_	_
5-11	852-854	um	_	_
5-12	855-858	die	_	B
5-13	859-868	Aufhebung	_	I
5-14	869-874	nicht	_	B
5-15	875-879	mehr	_	I
5-16	880-896	gerechtfertigter	_	I
5-17	897-917	Grundrechtseingriffe	_	I
5-18	917-918	.	_	_

#Text=Die Rechtfertigung der Grundrechtseingriffe ist in § 28b geregelt. Da steht drin: Sieben-Tage-Inzidenz, 100er-Schwellenwert bei 100 000 Einwohnern.
6-1	921-924	Die	_	B
6-2	925-939	Rechtfertigung	_	I
6-3	940-943	der	_	B
6-4	944-964	Grundrechtseingriffe	_	I
6-5	965-968	ist	_	_
6-6	969-971	in	_	_
6-7	972-973	§	_	B
6-8	974-977	28b	_	I
6-9	978-986	geregelt	_	_
6-10	986-987	.	_	_
6-11	988-990	Da	_	_
6-12	991-996	steht	_	_
6-13	997-1001	drin	_	_
6-14	1001-1002	:	_	_
6-15	1003-1023	Sieben-Tage-Inzidenz	_	B
6-16	1023-1024	,	_	_
6-17	1025-1044	100er-Schwellenwert	_	B
6-18	1045-1048	bei	_	_
6-19	1049-1052	100	_	B
6-20	1052-1053	 	_	I
6-21	1053-1056	000	_	I
6-22	1057-1067	Einwohnern	_	I
6-23	1067-1068	.	_	_

#Text=Meine Frage ist: Welche wissenschaftliche Grundlage gibt es für diese Rechtsgrundlage? Denn Sie müssen zunächst den Eingriff rechtfertigen. Für die Befreiung, sagen Sie, braucht es eine wissenschaftliche Grundlage. Ich möchte von Ihnen wissen, wie die Einschränkung von Grundrechten wissenschaftlich belegt ist. Welche wissenschaftliche Grundlage gibt es dafür, dass mein Mann und ich nach 22 Uhr nicht gemeinsam auf die Straße gehen dürfen, weil wir keinen Hund haben? Wenn wir einen Hund hätten, dürften wir das. Welche wissenschaftliche Grundlage haben Sie, dass meine Grundrechte so eingeschränkt sind?
7-1	1075-1080	Meine	_	B
7-2	1081-1086	Frage	_	I
7-3	1087-1090	ist	_	_
7-4	1090-1091	:	_	_
7-5	1092-1098	Welche	_	B
7-6	1099-1116	wissenschaftliche	_	I
7-7	1117-1126	Grundlage	_	I
7-8	1127-1131	gibt	_	_
7-9	1132-1134	es	_	_
7-10	1135-1138	für	_	_
7-11	1139-1144	diese	_	B
7-12	1145-1160	Rechtsgrundlage	_	I
7-13	1160-1161	?	_	_
7-14	1162-1166	Denn	_	_
7-15	1167-1170	Sie	_	B
7-16	1171-1177	müssen	_	_
7-17	1178-1186	zunächst	_	_
7-18	1187-1190	den	_	B
7-19	1191-1199	Eingriff	_	I
7-20	1200-1213	rechtfertigen	_	_
7-21	1213-1214	.	_	_
7-22	1215-1218	Für	_	_
7-23	1219-1222	die	_	B
7-24	1223-1232	Befreiung	_	I
7-25	1232-1233	,	_	_
7-26	1234-1239	sagen	_	_
7-27	1240-1243	Sie	_	B
7-28	1243-1244	,	_	_
7-29	1245-1252	braucht	_	_
7-30	1253-1255	es	_	_
7-31	1256-1260	eine	_	B
7-32	1261-1278	wissenschaftliche	_	I
7-33	1279-1288	Grundlage	_	I
7-34	1288-1289	.	_	_
7-35	1290-1293	Ich	_	B
7-36	1294-1300	möchte	_	_
7-37	1301-1304	von	_	_
7-38	1305-1310	Ihnen	_	B
7-39	1311-1317	wissen	_	_
7-40	1317-1318	,	_	_
7-41	1319-1322	wie	_	_
7-42	1323-1326	die	_	B
7-43	1327-1340	Einschränkung	_	I
7-44	1341-1344	von	_	_
7-45	1345-1357	Grundrechten	_	B
7-46	1358-1374	wissenschaftlich	_	_
7-47	1375-1381	belegt	_	_
7-48	1382-1385	ist	_	_
7-49	1385-1386	.	_	_
7-50	1387-1393	Welche	_	B
7-51	1394-1411	wissenschaftliche	_	I
7-52	1412-1421	Grundlage	_	I
7-53	1422-1426	gibt	_	_
7-54	1427-1429	es	_	_
7-55	1430-1435	dafür	_	_
7-56	1435-1436	,	_	_
7-57	1437-1441	dass	_	_
7-58	1442-1446	mein	_	B
7-59	1447-1451	Mann	_	I
7-60	1452-1455	und	_	_
7-61	1456-1459	ich	_	B
7-62	1460-1464	nach	_	_
7-63	1465-1467	22	_	B
7-64	1468-1471	Uhr	_	I
7-65	1472-1477	nicht	_	_
7-66	1478-1487	gemeinsam	_	_
7-67	1488-1491	auf	_	_
7-68	1492-1495	die	_	B
7-69	1496-1502	Straße	_	I
7-70	1503-1508	gehen	_	_
7-71	1509-1515	dürfen	_	_
7-72	1515-1516	,	_	_
7-73	1517-1521	weil	_	_
7-74	1522-1525	wir	_	B
7-75	1526-1532	keinen	_	B
7-76	1533-1537	Hund	_	I
7-77	1538-1543	haben	_	_
7-78	1543-1544	?	_	_
7-79	1545-1549	Wenn	_	_
7-80	1550-1553	wir	_	B
7-81	1554-1559	einen	_	B
7-82	1560-1564	Hund	_	I
7-83	1565-1571	hätten	_	_
7-84	1571-1572	,	_	_
7-85	1573-1580	dürften	_	_
7-86	1581-1584	wir	_	B
7-87	1585-1588	das	_	B
7-88	1588-1589	.	_	_
7-89	1590-1596	Welche	_	B
7-90	1597-1614	wissenschaftliche	_	I
7-91	1615-1624	Grundlage	_	I
7-92	1625-1630	haben	_	_
7-93	1631-1634	Sie	_	B
7-94	1634-1635	,	_	_
7-95	1636-1640	dass	_	_
7-96	1641-1646	meine	_	B
7-97	1647-1658	Grundrechte	_	I
7-98	1659-1661	so	_	_
7-99	1662-1675	eingeschränkt	_	_
7-100	1676-1680	sind	_	_
7-101	1680-1681	?	_	_
