#FORMAT=WebAnno TSV 3.2
#T_SP=webanno.custom.Animacy|Animated
#T_SP=webanno.custom.CustomChunk|Chunk


#Text=Sehr verehrter Herr Präsident! Liebe Kolleginnen und Kollegen! Die Klimakrise führt zu dramatischen Veränderungen in der Welt, schon heute, auch bei uns. Wir alle sehen die Bilder aus Kalifornien, Bilder wie aus einem apokalyptischen Hollywood-Movie: der Himmel in toxischem Orange.
1-1	0-4	Sehr	_	B
1-2	5-14	verehrter	_	I
1-3	15-19	Herr	_	I
1-4	20-29	Präsident	_	I
1-5	29-30	!	_	_
1-6	31-36	Liebe	_	B
1-7	37-48	Kolleginnen	_	_
1-8	49-52	und	_	_
1-9	53-61	Kollegen	_	B
1-10	61-62	!	_	_
1-11	63-66	Die	_	B
1-12	67-77	Klimakrise	_	I
1-13	78-83	führt	_	_
1-14	84-86	zu	_	_
1-15	87-99	dramatischen	_	B
1-16	100-113	Veränderungen	_	I
1-17	114-116	in	_	_
1-18	117-120	der	_	B
1-19	121-125	Welt	_	I
1-20	125-126	,	_	_
1-21	127-132	schon	_	_
1-22	133-138	heute	_	_
1-23	138-139	,	_	_
1-24	140-144	auch	_	_
1-25	145-148	bei	_	_
1-26	149-152	uns	_	B
1-27	152-153	.	_	_
1-28	154-157	Wir	_	B
1-29	158-162	alle	_	B
1-30	163-168	sehen	_	_
1-31	169-172	die	_	B
1-32	173-179	Bilder	_	I
1-33	180-183	aus	_	_
1-34	184-195	Kalifornien	_	B
1-35	195-196	,	_	_
1-36	197-203	Bilder	_	B
1-37	204-207	wie	_	_
1-38	208-211	aus	_	_
1-39	212-217	einem	_	B
1-40	218-233	apokalyptischen	_	I
1-41	234-249	Hollywood-Movie	_	I
1-42	249-250	:	_	_
1-43	251-254	der	_	B
1-44	255-261	Himmel	_	I
1-45	262-264	in	_	_
1-46	265-274	toxischem	_	B
1-47	275-281	Orange	_	I
1-48	281-282	.	_	_

#Text=Gleichzeitig – davon sehen wir leider weniger Bilder – ertrinkt das östliche Afrika gerade in braunen Fluten. 2,5 Millionen Menschen sind davon betroffen, Hunderttausende auf der Flucht.
2-1	291-303	Gleichzeitig	_	_
2-2	304-305	–	_	_
2-3	306-311	davon	_	_
2-4	312-317	sehen	_	_
2-5	318-321	wir	_	B
2-6	322-328	leider	_	_
2-7	329-336	weniger	_	B
2-8	337-343	Bilder	_	I
2-9	344-345	–	_	_
2-10	346-354	ertrinkt	_	_
2-11	355-358	das	_	B
2-12	359-367	östliche	_	I
2-13	368-374	Afrika	_	I
2-14	375-381	gerade	_	_
2-15	382-384	in	_	_
2-16	385-392	braunen	_	B
2-17	393-399	Fluten	_	I
2-18	399-400	.	_	_
2-19	401-404	2,5	_	B
2-20	405-414	Millionen	_	I
2-21	415-423	Menschen	_	I
2-22	424-428	sind	_	_
2-23	429-434	davon	_	_
2-24	435-444	betroffen	_	_
2-25	444-445	,	_	_
2-26	446-461	Hunderttausende	_	_
2-27	462-465	auf	_	_
2-28	466-469	der	_	B
2-29	470-476	Flucht	_	I
2-30	476-477	.	_	_

#Text=Schon heute werden innerstaatlich mehr Menschen durch die Folgen der Klimakrise vertrieben als durch Gewalt und Konflikte. Am härtesten trifft es den Globalen Süden und damit just jene Regionen, die historisch am allerallerwenigsten zur Erderwärmung beigetragen haben. Darum ist die Klimakrise auch und vor allem eine Krise der globalen Gerechtigkeit.
3-1	481-486	Schon	_	_
3-2	487-492	heute	_	_
3-3	493-499	werden	_	_
3-4	500-514	innerstaatlich	_	_
3-5	515-519	mehr	_	B
3-6	520-528	Menschen	_	I
3-7	529-534	durch	_	_
3-8	535-538	die	_	B
3-9	539-545	Folgen	_	I
3-10	546-549	der	_	B
3-11	550-560	Klimakrise	_	I
3-12	561-571	vertrieben	_	_
3-13	572-575	als	_	_
3-14	576-581	durch	_	_
3-15	582-588	Gewalt	_	B
3-16	589-592	und	_	_
3-17	593-602	Konflikte	_	B
3-18	602-603	.	_	_
3-19	604-606	Am	_	_
3-20	607-616	härtesten	_	_
3-21	617-623	trifft	_	_
3-22	624-626	es	_	B
3-23	627-630	den	_	B
3-24	631-639	Globalen	_	I
3-25	640-645	Süden	_	I
3-26	646-649	und	_	_
3-27	650-655	damit	_	B
3-28	656-660	just	_	I
3-29	661-665	jene	_	I
3-30	666-674	Regionen	_	I
3-31	674-675	,	_	_
3-32	676-679	die	_	B
3-33	680-690	historisch	_	_
3-34	691-693	am	_	_
3-35	694-713	allerallerwenigsten	_	B
3-36	714-717	zur	_	_
3-37	718-730	Erderwärmung	_	B
3-38	731-742	beigetragen	_	_
3-39	743-748	haben	_	_
3-40	748-749	.	_	_
3-41	750-755	Darum	_	_
3-42	756-759	ist	_	_
3-43	760-763	die	_	B
3-44	764-774	Klimakrise	_	I
3-45	775-779	auch	_	_
3-46	780-783	und	_	_
3-47	784-787	vor	_	_
3-48	788-793	allem	_	B
3-49	794-798	eine	_	_
3-50	799-804	Krise	_	_
3-51	805-808	der	_	B
3-52	809-817	globalen	_	I
3-53	818-831	Gerechtigkeit	_	I
3-54	831-832	.	_	_

#Text=Der neue WeltRisikoBericht – vor ein paar Tagen erschienen – bestätigt: Die Zahl extremer Wetterereignisse nimmt zu, Wüsten breiten sich aus, der Meeresspiegel steigt, fruchtbare Böden versalzen, der Permafrost taut ab. Hinzu kommt nun auch noch die weltweite Coronapandemie. Sie verschärft ja auch die Situation in vielen Ländern und wird mit der Klimakrise zusammen zu einem lebensbedrohlichen Gemisch.
4-1	837-840	Der	_	B
4-2	841-845	neue	_	I
4-3	846-863	WeltRisikoBericht	_	I
4-4	864-865	–	_	_
4-5	866-869	vor	_	_
4-6	870-873	ein	_	B
4-7	874-878	paar	_	I
4-8	879-884	Tagen	_	I
4-9	885-895	erschienen	_	_
4-10	896-897	–	_	_
4-11	898-907	bestätigt	_	_
4-12	907-908	:	_	_
4-13	909-912	Die	_	B
4-14	913-917	Zahl	_	I
4-15	918-926	extremer	_	B
4-16	927-943	Wetterereignisse	_	I
4-17	944-949	nimmt	_	_
4-18	950-952	zu	_	_
4-19	952-953	,	_	_
4-20	954-960	Wüsten	_	B
4-21	961-968	breiten	_	_
4-22	969-973	sich	_	B
4-23	974-977	aus	_	_
4-24	977-978	,	_	_
4-25	979-982	der	_	B
4-26	983-996	Meeresspiegel	_	I
4-27	997-1003	steigt	_	_
4-28	1003-1004	,	_	_
4-29	1005-1015	fruchtbare	_	B
4-30	1016-1021	Böden	_	I
4-31	1022-1031	versalzen	_	_
4-32	1031-1032	,	_	_
4-33	1033-1036	der	_	B
4-34	1037-1047	Permafrost	_	I
4-35	1048-1052	taut	_	_
4-36	1053-1055	ab	_	_
4-37	1055-1056	.	_	_
4-38	1057-1062	Hinzu	_	_
4-39	1063-1068	kommt	_	_
4-40	1069-1072	nun	_	_
4-41	1073-1077	auch	_	_
4-42	1078-1082	noch	_	B
4-43	1083-1086	die	_	I
4-44	1087-1096	weltweite	_	I
4-45	1097-1111	Coronapandemie	_	I
4-46	1111-1112	.	_	_
4-47	1113-1116	Sie	_	B
4-48	1117-1127	verschärft	_	_
4-49	1128-1130	ja	_	_
4-50	1131-1135	auch	_	B
4-51	1136-1139	die	_	I
4-52	1140-1149	Situation	_	I
4-53	1150-1152	in	_	_
4-54	1153-1159	vielen	_	B
4-55	1160-1167	Ländern	_	I
4-56	1168-1171	und	_	_
4-57	1172-1176	wird	_	_
4-58	1177-1180	mit	_	_
4-59	1181-1184	der	_	B
4-60	1185-1195	Klimakrise	_	I
4-61	1196-1204	zusammen	_	_
4-62	1205-1207	zu	_	_
4-63	1208-1213	einem	_	B
4-64	1214-1232	lebensbedrohlichen	_	I
4-65	1233-1240	Gemisch	_	I
4-66	1240-1241	.	_	_

#Text=Liebe Kolleginnen und Kollegen, es ist allerhöchste Zeit, die millionenfache klimabedingte Flucht und Vertreibung endlich wahr- und endlich ernst zu nehmen.
5-1	1250-1255	Liebe	_	B
5-2	1256-1267	Kolleginnen	_	_
5-3	1268-1271	und	_	_
5-4	1272-1280	Kollegen	_	B
5-5	1280-1281	,	_	_
5-6	1282-1284	es	_	B
5-7	1285-1288	ist	_	_
5-8	1289-1301	allerhöchste	_	B
5-9	1302-1306	Zeit	_	I
5-10	1306-1307	,	_	_
5-11	1308-1311	die	_	B
5-12	1312-1326	millionenfache	_	I
5-13	1327-1340	klimabedingte	_	I
5-14	1341-1347	Flucht	_	I
5-15	1348-1351	und	_	_
5-16	1352-1363	Vertreibung	_	B
5-17	1364-1371	endlich	_	_
5-18	1372-1377	wahr-	_	_
5-19	1378-1381	und	_	_
5-20	1382-1389	endlich	_	_
5-21	1390-1395	ernst	_	_
5-22	1396-1398	zu	_	_
5-23	1399-1405	nehmen	_	_
5-24	1405-1406	.	_	_

#Text=Es ist höchste Zeit – höchste Zeit! –, über die eigenen Grenzen hinwegzublicken, statt sich von der Pandemie des Nationalismus anstecken zu lassen,
6-1	1410-1412	Es	_	B
6-2	1413-1416	ist	_	_
6-3	1417-1424	höchste	_	B
6-4	1425-1429	Zeit	_	I
6-5	1430-1431	–	_	_
6-6	1432-1439	höchste	_	B
6-7	1440-1444	Zeit	_	I
6-8	1444-1445	!	_	_
6-9	1446-1447	–	_	_
6-10	1447-1448	,	_	_
6-11	1449-1453	über	_	_
6-12	1454-1457	die	_	B
6-13	1458-1465	eigenen	_	I
6-14	1466-1473	Grenzen	_	I
6-15	1474-1489	hinwegzublicken	_	_
6-16	1489-1490	,	_	_
6-17	1491-1496	statt	_	_
6-18	1497-1501	sich	_	B
6-19	1502-1505	von	_	_
6-20	1506-1509	der	_	B
6-21	1510-1518	Pandemie	_	I
6-22	1519-1522	des	_	B
6-23	1523-1536	Nationalismus	_	I
6-24	1537-1546	anstecken	_	_
6-25	1547-1549	zu	_	_
6-26	1550-1556	lassen	_	_
6-27	1556-1557	,	_	_

#Text=gerade im 75. Jubiläumsjahr der Vereinten Nationen.
7-1	1562-1568	gerade	_	_
7-2	1569-1571	im	_	_
7-3	1572-1575	75.	_	B
7-4	1576-1589	Jubiläumsjahr	_	I
7-5	1590-1593	der	_	B
7-6	1594-1603	Vereinten	_	I
7-7	1604-1612	Nationen	_	I
7-8	1612-1613	.	_	_

#Text=Unsere oberste Priorität muss sein, die Klimakrise radikal einzudämmen, damit Menschen ihre Heimat erst gar nicht verlieren. Gleichzeitig brauchen aber die betroffenen Länder dringend unsere Unterstützung. Die globale Klima- und Entwicklungsagenda müssen viel konsequenter miteinander verzahnt werden, die internationale Klimafinanzierung massiv aufgestockt und die Schulden den ärmsten Staaten endlich erlassen werden.
8-1	1615-1621	Unsere	_	B
8-2	1622-1629	oberste	_	I
8-3	1630-1639	Priorität	_	I
8-4	1640-1644	muss	_	_
8-5	1645-1649	sein	_	_
8-6	1649-1650	,	_	_
8-7	1651-1654	die	_	B
8-8	1655-1665	Klimakrise	_	I
8-9	1666-1673	radikal	_	_
8-10	1674-1685	einzudämmen	_	_
8-11	1685-1686	,	_	_
8-12	1687-1692	damit	_	_
8-13	1693-1701	Menschen	_	B
8-14	1702-1706	ihre	_	B
8-15	1707-1713	Heimat	_	I
8-16	1714-1718	erst	_	_
8-17	1719-1722	gar	_	_
8-18	1723-1728	nicht	_	_
8-19	1729-1738	verlieren	_	_
8-20	1738-1739	.	_	_
8-21	1740-1752	Gleichzeitig	_	_
8-22	1753-1761	brauchen	_	_
8-23	1762-1766	aber	_	_
8-24	1767-1770	die	_	B
8-25	1771-1782	betroffenen	_	I
8-26	1783-1789	Länder	_	I
8-27	1790-1798	dringend	_	_
8-28	1799-1805	unsere	_	B
8-29	1806-1819	Unterstützung	_	I
8-30	1819-1820	.	_	_
8-31	1821-1824	Die	_	B
8-32	1825-1832	globale	_	I
8-33	1833-1839	Klima-	_	I
8-34	1840-1843	und	_	I
8-35	1844-1862	Entwicklungsagenda	_	I
8-36	1863-1869	müssen	_	_
8-37	1870-1874	viel	_	_
8-38	1875-1887	konsequenter	_	_
8-39	1888-1899	miteinander	_	_
8-40	1900-1908	verzahnt	_	_
8-41	1909-1915	werden	_	_
8-42	1915-1916	,	_	_
8-43	1917-1920	die	_	B
8-44	1921-1935	internationale	_	I
8-45	1936-1953	Klimafinanzierung	_	I
8-46	1954-1960	massiv	_	_
8-47	1961-1972	aufgestockt	_	_
8-48	1973-1976	und	_	_
8-49	1977-1980	die	_	B
8-50	1981-1989	Schulden	_	I
8-51	1990-1993	den	_	B
8-52	1994-2001	ärmsten	_	I
8-53	2002-2009	Staaten	_	I
8-54	2010-2017	endlich	_	_
8-55	2018-2026	erlassen	_	_
8-56	2027-2033	werden	_	_
8-57	2033-2034	.	_	_

#Text=Warum? Um damit Gesundheitssysteme und Resilienz aufzubauen, um Schäden und Verluste zu kompensieren, um Menschen Perspektiven zu bieten.
9-1	2041-2046	Warum	_	_
9-2	2046-2047	?	_	_
9-3	2048-2050	Um	_	_
9-4	2051-2056	damit	_	_
9-5	2057-2075	Gesundheitssysteme	_	B
9-6	2076-2079	und	_	_
9-7	2080-2089	Resilienz	_	B
9-8	2090-2100	aufzubauen	_	_
9-9	2100-2101	,	_	_
9-10	2102-2104	um	_	_
9-11	2105-2112	Schäden	_	B
9-12	2113-2116	und	_	_
9-13	2117-2125	Verluste	_	B
9-14	2126-2128	zu	_	_
9-15	2129-2141	kompensieren	_	_
9-16	2141-2142	,	_	_
9-17	2143-2145	um	_	_
9-18	2146-2154	Menschen	_	B
9-19	2155-2167	Perspektiven	_	B
9-20	2168-2170	zu	_	_
9-21	2171-2177	bieten	_	_
9-22	2177-2178	.	_	_

#Text=Es gibt aber auch diejenigen, die nicht bleiben können, die von der Klimakrise gezwungen werden, ihr Zuhause zu verlassen.
10-1	2183-2185	Es	_	_
10-2	2186-2190	gibt	_	_
10-3	2191-2195	aber	_	_
10-4	2196-2200	auch	_	B
10-5	2201-2211	diejenigen	_	I
10-6	2211-2212	,	_	_
10-7	2213-2216	die	_	B
10-8	2217-2222	nicht	_	_
10-9	2223-2230	bleiben	_	_
10-10	2231-2237	können	_	_
10-11	2237-2238	,	_	_
10-12	2239-2242	die	_	B
10-13	2243-2246	von	_	_
10-14	2247-2250	der	_	B
10-15	2251-2261	Klimakrise	_	I
10-16	2262-2271	gezwungen	_	_
10-17	2272-2278	werden	_	_
10-18	2278-2279	,	_	_
10-19	2280-2283	ihr	_	_
10-20	2284-2291	Zuhause	_	_
10-21	2292-2294	zu	_	_
10-22	2295-2304	verlassen	_	_
10-23	2304-2305	.	_	_

#Text=Für sie muss eine selbstbestimmte und frühzeitige und legale und würdevolle Migration möglich sein.
11-1	2310-2313	Für	_	_
11-2	2314-2317	sie	_	B
11-3	2318-2322	muss	_	_
11-4	2323-2327	eine	_	B
11-5	2328-2343	selbstbestimmte	_	I
11-6	2344-2347	und	_	I
11-7	2348-2359	frühzeitige	_	I
11-8	2360-2363	und	_	I
11-9	2364-2370	legale	_	I
11-10	2371-2374	und	_	I
11-11	2375-2385	würdevolle	_	I
11-12	2386-2395	Migration	_	I
11-13	2396-2403	möglich	_	_
11-14	2404-2408	sein	_	_
11-15	2408-2409	.	_	_

#Text=Die Agenda 2030, liebe Kolleginnen und Kollegen, und das Pariser Klimaabkommen sind keine Almosen; sie sind Ausdruck globaler Gerechtigkeit.
12-1	2411-2414	Die	_	B
12-2	2415-2421	Agenda	_	I
12-3	2422-2426	2030	_	_
12-4	2426-2427	,	_	_
12-5	2428-2433	liebe	_	B
12-6	2434-2445	Kolleginnen	_	I
12-7	2446-2449	und	_	_
12-8	2450-2458	Kollegen	_	B
12-9	2458-2459	,	_	_
12-10	2460-2463	und	_	_
12-11	2464-2467	das	_	B
12-12	2468-2475	Pariser	_	I
12-13	2476-2489	Klimaabkommen	_	I
12-14	2490-2494	sind	_	_
12-15	2495-2500	keine	_	B
12-16	2501-2508	Almosen	_	I
12-17	2508-2509	;	_	_
12-18	2510-2513	sie	_	B
12-19	2514-2518	sind	_	_
12-20	2519-2527	Ausdruck	_	B
12-21	2528-2536	globaler	_	B
12-22	2537-2550	Gerechtigkeit	_	I
12-23	2550-2551	.	_	_

#Text=Und gerade Deutschland hat als Mitverursacher der Klimakrise eine völkerrechtliche Verpflichtung und eine historische Verantwortung.
13-1	2556-2559	Und	_	_
13-2	2560-2566	gerade	_	B
13-3	2567-2578	Deutschland	_	I
13-4	2579-2582	hat	_	_
13-5	2583-2586	als	_	_
13-6	2587-2601	Mitverursacher	_	B
13-7	2602-2605	der	_	B
13-8	2606-2616	Klimakrise	_	I
13-9	2617-2621	eine	_	B
13-10	2622-2638	völkerrechtliche	_	I
13-11	2639-2652	Verpflichtung	_	I
13-12	2653-2656	und	_	_
13-13	2657-2661	eine	_	B
13-14	2662-2673	historische	_	I
13-15	2674-2687	Verantwortung	_	I
13-16	2687-2688	.	_	_

#Text=Als Augsburgerin sei mir erlaubt, mit Bert Brecht zu sagen: „Ändere die Welt: sie braucht es!“
14-1	2690-2693	Als	_	_
14-2	2694-2706	Augsburgerin	_	B
14-3	2707-2710	sei	_	_
14-4	2711-2714	mir	_	B
14-5	2715-2722	erlaubt	_	_
14-6	2722-2723	,	_	_
14-7	2724-2727	mit	_	_
14-8	2728-2732	Bert	_	B
14-9	2733-2739	Brecht	_	I
14-10	2740-2742	zu	_	_
14-11	2743-2748	sagen	_	_
14-12	2748-2749	:	_	_
14-13	2750-2751	„	_	_
14-14	2751-2757	Ändere	_	_
14-15	2758-2761	die	_	B
14-16	2762-2766	Welt	_	I
14-17	2766-2767	:	_	_
14-18	2768-2771	sie	_	B
14-19	2772-2779	braucht	_	_
14-20	2780-2782	es	_	B
14-21	2782-2783	!	_	_
14-22	2783-2784	“	_	_

#Text=Für die CDU/CSU-Fraktion hat das Wort der Kollege Volkmar Klein.
15-1	2791-2794	Für	_	_
15-2	2795-2798	die	_	B
15-3	2799-2802	CDU	_	I
15-4	2802-2803	/	_	B
15-5	2803-2815	CSU-Fraktion	_	B
15-6	2816-2819	hat	_	_
15-7	2820-2823	das	_	B
15-8	2824-2828	Wort	_	I
15-9	2829-2832	der	_	B
15-10	2833-2840	Kollege	_	I
15-11	2841-2848	Volkmar	_	I
15-12	2849-2854	Klein	_	I
15-13	2854-2855	.	_	_
