#FORMAT=WebAnno TSV 3.2
#T_SP=webanno.custom.Animacy|Animated
#T_SP=webanno.custom.CustomChunk|Chunk


#Text=Herzlichen Dank. – Herr Präsident! Meine Damen und Herren! Seit fast einem Jahr verbreitet sich ein neuartiges Virus weltweit und rasant, und dank der beispiellosen Anstrengung von Wissenschaftlerinnen und Wissenschaftlern – nicht nur hier bei uns, sondern weltweit – sind wir heute in der Lage, mit den Impfungen gegen Covid-19 zu beginnen. Wir sind auf dem Weg, die Pandemie in den Griff zu bekommen. Aber Wollen alleine reicht noch nicht; man muss auch tun.
1-1	0-10	Herzlichen	_	B
1-2	11-15	Dank	_	I
1-3	15-16	.	_	_
1-4	17-18	–	_	B
1-5	19-23	Herr	_	I
1-6	24-33	Präsident	_	I
1-7	33-34	!	_	_
1-8	35-40	Meine	_	B
1-9	41-46	Damen	_	I
1-10	47-50	und	_	_
1-11	51-57	Herren	_	B
1-12	57-58	!	_	_
1-13	59-63	Seit	_	_
1-14	64-68	fast	_	B
1-15	69-74	einem	_	I
1-16	75-79	Jahr	_	I
1-17	80-90	verbreitet	_	_
1-18	91-95	sich	_	B
1-19	96-99	ein	_	B
1-20	100-110	neuartiges	_	I
1-21	111-116	Virus	_	I
1-22	117-125	weltweit	_	_
1-23	126-129	und	_	_
1-24	130-136	rasant	_	_
1-25	136-137	,	_	_
1-26	138-141	und	_	_
1-27	142-146	dank	_	_
1-28	147-150	der	_	B
1-29	151-164	beispiellosen	_	I
1-30	165-176	Anstrengung	_	I
1-31	177-180	von	_	_
1-32	181-201	Wissenschaftlerinnen	_	B
1-33	202-205	und	_	_
1-34	206-222	Wissenschaftlern	_	B
1-35	223-224	–	_	_
1-36	225-230	nicht	_	_
1-37	231-234	nur	_	_
1-38	235-239	hier	_	_
1-39	240-243	bei	_	_
1-40	244-247	uns	_	B
1-41	247-248	,	_	_
1-42	249-256	sondern	_	_
1-43	257-265	weltweit	_	_
1-44	266-267	–	_	_
1-45	268-272	sind	_	_
1-46	273-276	wir	_	B
1-47	277-282	heute	_	_
1-48	283-285	in	_	_
1-49	286-289	der	_	B
1-50	290-294	Lage	_	I
1-51	294-295	,	_	_
1-52	296-299	mit	_	_
1-53	300-303	den	_	B
1-54	304-313	Impfungen	_	I
1-55	314-319	gegen	_	_
1-56	320-328	Covid-19	_	B
1-57	329-331	zu	_	_
1-58	332-340	beginnen	_	_
1-59	340-341	.	_	_
1-60	342-345	Wir	_	B
1-61	346-350	sind	_	_
1-62	351-354	auf	_	_
1-63	355-358	dem	_	B
1-64	359-362	Weg	_	I
1-65	362-363	,	_	_
1-66	364-367	die	_	B
1-67	368-376	Pandemie	_	I
1-68	377-379	in	_	_
1-69	380-383	den	_	B
1-70	384-389	Griff	_	I
1-71	390-392	zu	_	_
1-72	393-401	bekommen	_	_
1-73	401-402	.	_	_
1-74	403-407	Aber	_	_
1-75	408-414	Wollen	_	_
1-76	415-422	alleine	_	_
1-77	423-429	reicht	_	_
1-78	430-434	noch	_	_
1-79	435-440	nicht	_	_
1-80	440-441	;	_	_
1-81	442-445	man	_	B
1-82	446-450	muss	_	_
1-83	451-455	auch	_	_
1-84	456-459	tun	_	_
1-85	459-460	.	_	_

#Text=Herr Minister Spahn, ich hätte nicht nur erwartet, dass Sie eingestehen, dass Fehler gemacht wurden, sondern ich hätte heute auch mehr konkrete Forderungen und Vorschläge erwartet, wie die Bundesregierung in Zukunft tatsächlich vorgehen möchte. Das hat mir wirklich gefehlt. Das war eher kanzlerreif als gesundheitsministerreif.
2-1	472-476	Herr	_	B
2-2	477-485	Minister	_	I
2-3	486-491	Spahn	_	B
2-4	491-492	,	_	_
2-5	493-496	ich	_	B
2-6	497-502	hätte	_	_
2-7	503-508	nicht	_	_
2-8	509-512	nur	_	_
2-9	513-521	erwartet	_	_
2-10	521-522	,	_	_
2-11	523-527	dass	_	_
2-12	528-531	Sie	_	B
2-13	532-543	eingestehen	_	_
2-14	543-544	,	_	_
2-15	545-549	dass	_	_
2-16	550-556	Fehler	_	B
2-17	557-564	gemacht	_	_
2-18	565-571	wurden	_	_
2-19	571-572	,	_	_
2-20	573-580	sondern	_	_
2-21	581-584	ich	_	B
2-22	585-590	hätte	_	_
2-23	591-596	heute	_	_
2-24	597-601	auch	_	B
2-25	602-606	mehr	_	I
2-26	607-615	konkrete	_	I
2-27	616-627	Forderungen	_	I
2-28	628-631	und	_	_
2-29	632-642	Vorschläge	_	B
2-30	643-651	erwartet	_	_
2-31	651-652	,	_	_
2-32	653-656	wie	_	_
2-33	657-660	die	_	B
2-34	661-676	Bundesregierung	_	I
2-35	677-679	in	_	_
2-36	680-687	Zukunft	_	B
2-37	688-699	tatsächlich	_	_
2-38	700-708	vorgehen	_	_
2-39	709-715	möchte	_	_
2-40	715-716	.	_	_
2-41	717-720	Das	_	B
2-42	721-724	hat	_	_
2-43	725-728	mir	_	B
2-44	729-737	wirklich	_	_
2-45	738-745	gefehlt	_	_
2-46	745-746	.	_	_
2-47	747-750	Das	_	B
2-48	751-754	war	_	_
2-49	755-759	eher	_	_
2-50	760-771	kanzlerreif	_	_
2-51	772-775	als	_	_
2-52	776-799	gesundheitsministerreif	_	_
2-53	799-800	.	_	_

#Text=– Habe ich jetzt einen wunden Punkt in der CDU getroffen, oder was?
3-1	809-810	–	_	_
3-2	811-815	Habe	_	_
3-3	816-819	ich	_	B
3-4	820-825	jetzt	_	_
3-5	826-831	einen	_	B
3-6	832-838	wunden	_	I
3-7	839-844	Punkt	_	I
3-8	845-847	in	_	_
3-9	848-851	der	_	B
3-10	852-855	CDU	_	I
3-11	856-865	getroffen	_	_
3-12	865-866	,	_	_
3-13	867-871	oder	_	_
3-14	872-875	was	_	B
3-15	875-876	?	_	_

#Text=Das freut mich. Das gehört auch zur Oppositionspolitik.
4-1	879-882	Das	_	B
4-2	883-888	freut	_	_
4-3	889-893	mich	_	B
4-4	893-894	.	_	_
4-5	895-898	Das	_	B
4-6	899-905	gehört	_	_
4-7	906-910	auch	_	_
4-8	911-914	zur	_	_
4-9	915-933	Oppositionspolitik	_	B
4-10	933-934	.	_	_

#Text=Von Anfang an war klar, dass zunächst nur wenige Impfungen möglich sind, meine Damen und Herren, und dass Impfen allein nur ein Baustein ist. Aber für eine gelingende Impfkampagne braucht es mehr als einen Impfstoff und Spritzen. Es braucht Infrastruktur und Personal, und es braucht vor allem auch Vertrauen in die Impfung gegen ein neuartiges Virus, Vertrauen in neuartige Impfungen und die Bereitschaft möglichst vieler Menschen, sich impfen zu lassen.
5-1	937-940	Von	_	_
5-2	941-947	Anfang	_	B
5-3	948-950	an	_	_
5-4	951-954	war	_	_
5-5	955-959	klar	_	_
5-6	959-960	,	_	_
5-7	961-965	dass	_	_
5-8	966-974	zunächst	_	_
5-9	975-978	nur	_	B
5-10	979-985	wenige	_	I
5-11	986-995	Impfungen	_	I
5-12	996-1003	möglich	_	_
5-13	1004-1008	sind	_	_
5-14	1008-1009	,	_	_
5-15	1010-1015	meine	_	B
5-16	1016-1021	Damen	_	I
5-17	1022-1025	und	_	_
5-18	1026-1032	Herren	_	B
5-19	1032-1033	,	_	_
5-20	1034-1037	und	_	_
5-21	1038-1042	dass	_	_
5-22	1043-1049	Impfen	_	B
5-23	1050-1056	allein	_	B
5-24	1057-1060	nur	_	I
5-25	1061-1064	ein	_	I
5-26	1065-1073	Baustein	_	I
5-27	1074-1077	ist	_	_
5-28	1077-1078	.	_	_
5-29	1079-1083	Aber	_	_
5-30	1084-1087	für	_	_
5-31	1088-1092	eine	_	B
5-32	1093-1103	gelingende	_	I
5-33	1104-1116	Impfkampagne	_	I
5-34	1117-1124	braucht	_	_
5-35	1125-1127	es	_	_
5-36	1128-1132	mehr	_	B
5-37	1133-1136	als	_	_
5-38	1137-1142	einen	_	_
5-39	1143-1152	Impfstoff	_	_
5-40	1153-1156	und	_	_
5-41	1157-1165	Spritzen	_	B
5-42	1165-1166	.	_	_
5-43	1167-1169	Es	_	B
5-44	1170-1177	braucht	_	_
5-45	1178-1191	Infrastruktur	_	B
5-46	1192-1195	und	_	_
5-47	1196-1204	Personal	_	B
5-48	1204-1205	,	_	_
5-49	1206-1209	und	_	_
5-50	1210-1212	es	_	B
5-51	1213-1220	braucht	_	_
5-52	1221-1224	vor	_	_
5-53	1225-1230	allem	_	B
5-54	1231-1235	auch	_	_
5-55	1236-1245	Vertrauen	_	_
5-56	1246-1248	in	_	_
5-57	1249-1252	die	_	B
5-58	1253-1260	Impfung	_	I
5-59	1261-1266	gegen	_	_
5-60	1267-1270	ein	_	B
5-61	1271-1281	neuartiges	_	I
5-62	1282-1287	Virus	_	I
5-63	1287-1288	,	_	_
5-64	1289-1298	Vertrauen	_	B
5-65	1299-1301	in	_	_
5-66	1302-1311	neuartige	_	B
5-67	1312-1321	Impfungen	_	I
5-68	1322-1325	und	_	_
5-69	1326-1329	die	_	B
5-70	1330-1342	Bereitschaft	_	I
5-71	1343-1352	möglichst	_	B
5-72	1353-1359	vieler	_	I
5-73	1360-1368	Menschen	_	I
5-74	1368-1369	,	_	_
5-75	1370-1374	sich	_	B
5-76	1375-1381	impfen	_	_
5-77	1382-1384	zu	_	_
5-78	1385-1391	lassen	_	_
5-79	1391-1392	.	_	_

#Text=Bis heute fehlen allgemeine und spezifische Aufklärungskampagnen auf der Grundlage verschiedener wissenschaftlicher Kompetenzen. Wir haben, als es um die Begründung der Maßnahmen ging, von Anfang an gefordert, einen interdisziplinären Pandemierat einzusetzen, um jetzt in genau dieser Situation aus verschiedenen wissenschaftlichen Perspektiven Empfehlungen abzugeben.
6-1	1402-1405	Bis	_	_
6-2	1406-1411	heute	_	_
6-3	1412-1418	fehlen	_	_
6-4	1419-1429	allgemeine	_	B
6-5	1430-1433	und	_	I
6-6	1434-1445	spezifische	_	I
6-7	1446-1466	Aufklärungskampagnen	_	I
6-8	1467-1470	auf	_	_
6-9	1471-1474	der	_	B
6-10	1475-1484	Grundlage	_	I
6-11	1485-1498	verschiedener	_	B
6-12	1499-1517	wissenschaftlicher	_	I
6-13	1518-1529	Kompetenzen	_	I
6-14	1529-1530	.	_	_
6-15	1531-1534	Wir	_	B
6-16	1535-1540	haben	_	_
6-17	1540-1541	,	_	_
6-18	1542-1545	als	_	_
6-19	1546-1548	es	_	_
6-20	1549-1551	um	_	_
6-21	1552-1555	die	_	B
6-22	1556-1566	Begründung	_	I
6-23	1567-1570	der	_	B
6-24	1571-1580	Maßnahmen	_	I
6-25	1581-1585	ging	_	_
6-26	1585-1586	,	_	_
6-27	1587-1590	von	_	_
6-28	1591-1597	Anfang	_	B
6-29	1598-1600	an	_	_
6-30	1601-1610	gefordert	_	_
6-31	1610-1611	,	_	_
6-32	1612-1617	einen	_	B
6-33	1618-1636	interdisziplinären	_	I
6-34	1637-1648	Pandemierat	_	I
6-35	1649-1660	einzusetzen	_	_
6-36	1660-1661	,	_	_
6-37	1662-1664	um	_	_
6-38	1665-1670	jetzt	_	_
6-39	1671-1673	in	_	_
6-40	1674-1679	genau	_	B
6-41	1680-1686	dieser	_	I
6-42	1687-1696	Situation	_	I
6-43	1697-1700	aus	_	_
6-44	1701-1714	verschiedenen	_	B
6-45	1715-1733	wissenschaftlichen	_	I
6-46	1734-1746	Perspektiven	_	I
6-47	1747-1759	Empfehlungen	_	B
6-48	1760-1769	abzugeben	_	_
6-49	1769-1770	.	_	_

#Text=Meine Damen und Herren, wir können nicht länger auf eine effiziente Impfkampagne warten. Bund und Länder sind aufgefordert, endlich gemeinsam und einheitlich strategisch vorzugehen und die vorhandenen Impfstoffe nach und nach schnellstmöglich zum Einsatz zu bringen.
7-1	1777-1782	Meine	_	B
7-2	1783-1788	Damen	_	I
7-3	1789-1792	und	_	_
7-4	1793-1799	Herren	_	B
7-5	1799-1800	,	_	_
7-6	1801-1804	wir	_	B
7-7	1805-1811	können	_	_
7-8	1812-1817	nicht	_	_
7-9	1818-1824	länger	_	_
7-10	1825-1828	auf	_	_
7-11	1829-1833	eine	_	B
7-12	1834-1844	effiziente	_	I
7-13	1845-1857	Impfkampagne	_	I
7-14	1858-1864	warten	_	_
7-15	1864-1865	.	_	_
7-16	1866-1870	Bund	_	B
7-17	1871-1874	und	_	_
7-18	1875-1881	Länder	_	B
7-19	1882-1886	sind	_	_
7-20	1887-1899	aufgefordert	_	_
7-21	1899-1900	,	_	_
7-22	1901-1908	endlich	_	_
7-23	1909-1918	gemeinsam	_	_
7-24	1919-1922	und	_	_
7-25	1923-1934	einheitlich	_	_
7-26	1935-1946	strategisch	_	_
7-27	1947-1957	vorzugehen	_	_
7-28	1958-1961	und	_	_
7-29	1962-1965	die	_	B
7-30	1966-1977	vorhandenen	_	I
7-31	1978-1988	Impfstoffe	_	I
7-32	1989-1993	nach	_	_
7-33	1994-1997	und	_	_
7-34	1998-2002	nach	_	_
7-35	2003-2019	schnellstmöglich	_	_
7-36	2020-2023	zum	_	_
7-37	2024-2031	Einsatz	_	B
7-38	2032-2034	zu	_	_
7-39	2035-2042	bringen	_	_
7-40	2042-2043	.	_	_

#Text=Statt wissenschaftsbasierter Aufklärung richten nun Politiker wie zum Beispiel Herr Söder die verbale Schrotflinte auf das Pflegepersonal. Zu Beginn der Pandemie, meine Damen und Herren, haben diese Pflegekräfte ohne Schutzausrüstung gearbeitet, waren selber in Gefahr. Sie machen seit Monaten regelmäßig Überstunden und leisten Sonderschichten, um die Gesundheitsversorgung aufrechtzuerhalten, und das auf Kosten der eigenen Gesundheit. Pflegepersonal, meine Damen und Herren, ist systemrelevant für das Gesundheitswesen und auch – das wissen wir inzwischen – für unsere ganze Gesellschaft.
8-1	2048-2053	Statt	_	_
8-2	2054-2076	wissenschaftsbasierter	_	B
8-3	2077-2087	Aufklärung	_	I
8-4	2088-2095	richten	_	_
8-5	2096-2099	nun	_	_
8-6	2100-2109	Politiker	_	B
8-7	2110-2113	wie	_	_
8-8	2114-2117	zum	_	_
8-9	2118-2126	Beispiel	_	B
8-10	2127-2131	Herr	_	_
8-11	2132-2137	Söder	_	B
8-12	2138-2141	die	_	B
8-13	2142-2149	verbale	_	I
8-14	2150-2162	Schrotflinte	_	I
8-15	2163-2166	auf	_	_
8-16	2167-2170	das	_	B
8-17	2171-2185	Pflegepersonal	_	I
8-18	2185-2186	.	_	_
8-19	2187-2189	Zu	_	_
8-20	2190-2196	Beginn	_	B
8-21	2197-2200	der	_	B
8-22	2201-2209	Pandemie	_	I
8-23	2209-2210	,	_	_
8-24	2211-2216	meine	_	B
8-25	2217-2222	Damen	_	I
8-26	2223-2226	und	_	_
8-27	2227-2233	Herren	_	B
8-28	2233-2234	,	_	_
8-29	2235-2240	haben	_	_
8-30	2241-2246	diese	_	B
8-31	2247-2259	Pflegekräfte	_	I
8-32	2260-2264	ohne	_	_
8-33	2265-2281	Schutzausrüstung	_	B
8-34	2282-2292	gearbeitet	_	_
8-35	2292-2293	,	_	_
8-36	2294-2299	waren	_	_
8-37	2300-2306	selber	_	_
8-38	2307-2309	in	_	_
8-39	2310-2316	Gefahr	_	B
8-40	2316-2317	.	_	_
8-41	2318-2321	Sie	_	B
8-42	2322-2328	machen	_	_
8-43	2329-2333	seit	_	_
8-44	2334-2341	Monaten	_	B
8-45	2342-2352	regelmäßig	_	_
8-46	2353-2364	Überstunden	_	B
8-47	2365-2368	und	_	_
8-48	2369-2376	leisten	_	_
8-49	2377-2392	Sonderschichten	_	B
8-50	2392-2393	,	_	_
8-51	2394-2396	um	_	_
8-52	2397-2400	die	_	B
8-53	2401-2422	Gesundheitsversorgung	_	I
8-54	2423-2441	aufrechtzuerhalten	_	_
8-55	2441-2442	,	_	_
8-56	2443-2446	und	_	_
8-57	2447-2450	das	_	B
8-58	2451-2454	auf	_	_
8-59	2455-2461	Kosten	_	B
8-60	2462-2465	der	_	B
8-61	2466-2473	eigenen	_	I
8-62	2474-2484	Gesundheit	_	I
8-63	2484-2485	.	_	_
8-64	2486-2500	Pflegepersonal	_	B
8-65	2500-2501	,	_	_
8-66	2502-2507	meine	_	B
8-67	2508-2513	Damen	_	I
8-68	2514-2517	und	_	_
8-69	2518-2524	Herren	_	B
8-70	2524-2525	,	_	_
8-71	2526-2529	ist	_	_
8-72	2530-2544	systemrelevant	_	_
8-73	2545-2548	für	_	_
8-74	2549-2552	das	_	B
8-75	2553-2569	Gesundheitswesen	_	I
8-76	2570-2573	und	_	_
8-77	2574-2578	auch	_	B
8-78	2579-2580	–	_	I
8-79	2581-2584	das	_	I
8-80	2585-2591	wissen	_	_
8-81	2592-2595	wir	_	B
8-82	2596-2606	inzwischen	_	_
8-83	2607-2608	–	_	_
8-84	2609-2612	für	_	_
8-85	2613-2619	unsere	_	B
8-86	2620-2625	ganze	_	I
8-87	2626-2638	Gesellschaft	_	I
8-88	2638-2639	.	_	_

#Text=Notwendig ist statt Beschimpfung Monitoring des geimpften Gesundheitspersonals, repräsentative Untersuchungen über Einstellungen und mögliche Vorbehalte sowie eine wissenschaftsbasierte Fortbildung zu Covid-19 und den Impfungen. Da sind auch die Einrichtungen, die Arbeitgeber und die Pflegekammern in der Pflicht.
9-1	2651-2660	Notwendig	_	_
9-2	2661-2664	ist	_	_
9-3	2665-2670	statt	_	_
9-4	2671-2683	Beschimpfung	_	B
9-5	2684-2694	Monitoring	_	B
9-6	2695-2698	des	_	B
9-7	2699-2708	geimpften	_	I
9-8	2709-2729	Gesundheitspersonals	_	I
9-9	2729-2730	,	_	_
9-10	2731-2745	repräsentative	_	B
9-11	2746-2760	Untersuchungen	_	I
9-12	2761-2765	über	_	_
9-13	2766-2779	Einstellungen	_	B
9-14	2780-2783	und	_	_
9-15	2784-2792	mögliche	_	B
9-16	2793-2803	Vorbehalte	_	I
9-17	2804-2809	sowie	_	_
9-18	2810-2814	eine	_	B
9-19	2815-2836	wissenschaftsbasierte	_	I
9-20	2837-2848	Fortbildung	_	I
9-21	2849-2851	zu	_	_
9-22	2852-2860	Covid-19	_	B
9-23	2861-2864	und	_	_
9-24	2865-2868	den	_	B
9-25	2869-2878	Impfungen	_	I
9-26	2878-2879	.	_	_
9-27	2880-2882	Da	_	_
9-28	2883-2887	sind	_	_
9-29	2888-2892	auch	_	B
9-30	2893-2896	die	_	I
9-31	2897-2910	Einrichtungen	_	I
9-32	2910-2911	,	_	_
9-33	2912-2915	die	_	B
9-34	2916-2927	Arbeitgeber	_	_
9-35	2928-2931	und	_	_
9-36	2932-2935	die	_	B
9-37	2936-2949	Pflegekammern	_	I
9-38	2950-2952	in	_	_
9-39	2953-2956	der	_	B
9-40	2957-2964	Pflicht	_	I
9-41	2964-2965	.	_	_

#Text=Meine Damen und Herren, wir befinden uns alle – die gesamte Gesellschaft – in einer weltweiten Gesundheitskrise. Da ist kein Platz für politischen Populismus.
10-1	2970-2975	Meine	_	B
10-2	2976-2981	Damen	_	I
10-3	2982-2985	und	_	_
10-4	2986-2992	Herren	_	B
10-5	2992-2993	,	_	_
10-6	2994-2997	wir	_	B
10-7	2998-3006	befinden	_	_
10-8	3007-3010	uns	_	B
10-9	3011-3015	alle	_	B
10-10	3016-3017	–	_	_
10-11	3018-3021	die	_	B
10-12	3022-3029	gesamte	_	I
10-13	3030-3042	Gesellschaft	_	I
10-14	3043-3044	–	_	_
10-15	3045-3047	in	_	_
10-16	3048-3053	einer	_	B
10-17	3054-3064	weltweiten	_	I
10-18	3065-3081	Gesundheitskrise	_	I
10-19	3081-3082	.	_	_
10-20	3083-3085	Da	_	_
10-21	3086-3089	ist	_	_
10-22	3090-3094	kein	_	B
10-23	3095-3100	Platz	_	I
10-24	3101-3104	für	_	_
10-25	3105-3116	politischen	_	B
10-26	3117-3127	Populismus	_	I
10-27	3127-3128	.	_	_

#Text=Wir alle sind genervt von den Einschränkungen des Alltags. Wir alle wissen, dass das Impfen ein wichtiger Weg aus der Krise ist. Aber gerade jetzt ist das Wichtigste in dieser Pandemie, dass unsere Gesellschaft zusammenhält – hier bei uns, europäisch und global.
11-1	3132-3135	Wir	_	B
11-2	3136-3140	alle	_	B
11-3	3141-3145	sind	_	_
11-4	3146-3153	genervt	_	_
11-5	3154-3157	von	_	_
11-6	3158-3161	den	_	B
11-7	3162-3177	Einschränkungen	_	I
11-8	3178-3181	des	_	B
11-9	3182-3189	Alltags	_	I
11-10	3189-3190	.	_	_
11-11	3191-3194	Wir	_	B
11-12	3195-3199	alle	_	B
11-13	3200-3206	wissen	_	_
11-14	3206-3207	,	_	_
11-15	3208-3212	dass	_	_
11-16	3213-3216	das	_	B
11-17	3217-3223	Impfen	_	I
11-18	3224-3227	ein	_	B
11-19	3228-3237	wichtiger	_	I
11-20	3238-3241	Weg	_	I
11-21	3242-3245	aus	_	_
11-22	3246-3249	der	_	B
11-23	3250-3255	Krise	_	I
11-24	3256-3259	ist	_	_
11-25	3259-3260	.	_	_
11-26	3261-3265	Aber	_	_
11-27	3266-3272	gerade	_	_
11-28	3273-3278	jetzt	_	_
11-29	3279-3282	ist	_	_
11-30	3283-3286	das	_	B
11-31	3287-3297	Wichtigste	_	I
11-32	3298-3300	in	_	_
11-33	3301-3307	dieser	_	B
11-34	3308-3316	Pandemie	_	I
11-35	3316-3317	,	_	_
11-36	3318-3322	dass	_	_
11-37	3323-3329	unsere	_	B
11-38	3330-3342	Gesellschaft	_	I
11-39	3343-3355	zusammenhält	_	_
11-40	3356-3357	–	_	_
11-41	3358-3362	hier	_	_
11-42	3363-3366	bei	_	_
11-43	3367-3370	uns	_	B
11-44	3370-3371	,	_	_
11-45	3372-3382	europäisch	_	_
11-46	3383-3386	und	_	_
11-47	3387-3393	global	_	_
11-48	3393-3394	.	_	_

#Text=Ich danke Ihnen für die Aufmerksamkeit.
12-1	3401-3404	Ich	_	B
12-2	3405-3410	danke	_	_
12-3	3411-3416	Ihnen	_	B
12-4	3417-3420	für	_	_
12-5	3421-3424	die	_	B
12-6	3425-3439	Aufmerksamkeit	_	I
12-7	3439-3440	.	_	_

#Text=Nächster Redner ist der Kollege Rudolf Henke, CDU/CSU.
13-1	3442-3450	Nächster	_	B
13-2	3451-3457	Redner	_	I
13-3	3458-3461	ist	_	_
13-4	3462-3465	der	_	B
13-5	3466-3473	Kollege	_	I
13-6	3474-3480	Rudolf	_	I
13-7	3481-3486	Henke	_	I
13-8	3486-3487	,	_	_
13-9	3488-3495	CDU/CSU	_	_
13-10	3495-3496	.	_	_
