#FORMAT=WebAnno TSV 3.2
#T_SP=webanno.custom.Animacy|Animated
#T_SP=webanno.custom.CustomChunk|Chunk


#Text=Gerne. – Sie sprachen von Internationalität und Informationsaustausch. Aber was sich in der Pandemie auch gezeigt hat, war die Notwendigkeit konzertierten Handelns. Das heißt an dieser Stelle: Irgendeiner muss den Hut aufhaben, um letzten Endes die in den Ländern stattfindenden Aktivitäten auch so zu koordinieren, dass am Ende zielführend agiert wird. Insofern ist meine Frage, wie dies jenseits des Bildens von Plattformen und Netzwerken sichergestellt werden kann.
1-1	0-5	Gerne	_	_
1-2	5-6	.	_	_
1-3	7-8	–	_	_
1-4	9-12	Sie	_	B
1-5	13-21	sprachen	_	_
1-6	22-25	von	_	_
1-7	26-43	Internationalität	_	B
1-8	44-47	und	_	_
1-9	48-69	Informationsaustausch	_	B
1-10	69-70	.	_	_
1-11	71-75	Aber	_	_
1-12	76-79	was	_	B
1-13	80-84	sich	_	B
1-14	85-87	in	_	_
1-15	88-91	der	_	B
1-16	92-100	Pandemie	_	I
1-17	101-105	auch	_	_
1-18	106-113	gezeigt	_	_
1-19	114-117	hat	_	_
1-20	117-118	,	_	_
1-21	119-122	war	_	_
1-22	123-126	die	_	B
1-23	127-140	Notwendigkeit	_	I
1-24	141-154	konzertierten	_	B
1-25	155-163	Handelns	_	I
1-26	163-164	.	_	_
1-27	165-168	Das	_	B
1-28	169-174	heißt	_	_
1-29	175-177	an	_	_
1-30	178-184	dieser	_	B
1-31	185-191	Stelle	_	I
1-32	191-192	:	_	_
1-33	193-204	Irgendeiner	_	B
1-34	205-209	muss	_	_
1-35	210-213	den	_	B
1-36	214-217	Hut	_	I
1-37	218-226	aufhaben	_	_
1-38	226-227	,	_	_
1-39	228-230	um	_	_
1-40	231-238	letzten	_	B
1-41	239-244	Endes	_	I
1-42	245-248	die	_	I
1-43	249-251	in	_	I
1-44	252-255	den	_	I
1-45	256-263	Ländern	_	I
1-46	264-278	stattfindenden	_	I
1-47	279-290	Aktivitäten	_	I
1-48	291-295	auch	_	_
1-49	296-298	so	_	_
1-50	299-301	zu	_	_
1-51	302-314	koordinieren	_	_
1-52	314-315	,	_	_
1-53	316-320	dass	_	_
1-54	321-323	am	_	_
1-55	324-328	Ende	_	B
1-56	329-340	zielführend	_	_
1-57	341-347	agiert	_	_
1-58	348-352	wird	_	_
1-59	352-353	.	_	_
1-60	354-362	Insofern	_	_
1-61	363-366	ist	_	_
1-62	367-372	meine	_	B
1-63	373-378	Frage	_	I
1-64	378-379	,	_	_
1-65	380-383	wie	_	_
1-66	384-388	dies	_	B
1-67	389-397	jenseits	_	_
1-68	398-401	des	_	B
1-69	402-409	Bildens	_	I
1-70	410-413	von	_	_
1-71	414-425	Plattformen	_	B
1-72	426-429	und	_	_
1-73	430-440	Netzwerken	_	B
1-74	441-455	sichergestellt	_	_
1-75	456-462	werden	_	_
1-76	463-467	kann	_	_
1-77	467-468	.	_	_
