#FORMAT=WebAnno TSV 3.2
#T_SP=webanno.custom.Animacy|Animated
#T_SP=webanno.custom.CustomChunk|Chunk


#Text=Frau Präsidentin! Meine Damen und Herren! Auch in Zeiten von Digitalisierung, Strukturwandel und Pandemie gibt es drei wesentliche Sachen, die Erwerbstätige mit ihrer Berufsarbeit verbinden: Sie wollen davon gut leben können. Sie wollen für die großen Lebensrisiken abgesichert sein, sprich: bei Krankheit, bei Erwerbslosigkeit und eben auch im Alter. Auch die nichtbezahlte Familienarbeit und das Ehrenamt müssen mit der Erwerbsarbeit kompatibel sein. – Es geht nie um Beruf und Familie. Das schaffen die Männer alle locker. Es geht immer um Beruf und Familienarbeit. Die wunderbare Käthe Leichter, eine Sozialwissenschaftlerin aus Österreich, hat schon vor 100 Jahren gesagt: „Für die Frauen ist zu Hause nur Schichtwechsel!“.
1-1	0-4	Frau	_	B
1-2	5-16	Präsidentin	_	I
1-3	16-17	!	_	_
1-4	18-23	Meine	_	B
1-5	24-29	Damen	_	I
1-6	30-33	und	_	_
1-7	34-40	Herren	_	B
1-8	40-41	!	_	_
1-9	42-46	Auch	_	_
1-10	47-49	in	_	_
1-11	50-56	Zeiten	_	B
1-12	57-60	von	_	_
1-13	61-76	Digitalisierung	_	B
1-14	76-77	,	_	_
1-15	78-92	Strukturwandel	_	B
1-16	93-96	und	_	_
1-17	97-105	Pandemie	_	B
1-18	106-110	gibt	_	_
1-19	111-113	es	_	_
1-20	114-118	drei	_	B
1-21	119-130	wesentliche	_	I
1-22	131-137	Sachen	_	I
1-23	137-138	,	_	_
1-24	139-142	die	_	B
1-25	143-156	Erwerbstätige	_	I
1-26	157-160	mit	_	_
1-27	161-166	ihrer	_	B
1-28	167-179	Berufsarbeit	_	I
1-29	180-189	verbinden	_	_
1-30	189-190	:	_	_
1-31	191-194	Sie	_	B
1-32	195-201	wollen	_	_
1-33	202-207	davon	_	_
1-34	208-211	gut	_	_
1-35	212-217	leben	_	_
1-36	218-224	können	_	_
1-37	224-225	.	_	_
1-38	226-229	Sie	_	B
1-39	230-236	wollen	_	_
1-40	237-240	für	_	_
1-41	241-244	die	_	B
1-42	245-251	großen	_	I
1-43	252-265	Lebensrisiken	_	I
1-44	266-277	abgesichert	_	_
1-45	278-282	sein	_	_
1-46	282-283	,	_	_
1-47	284-290	sprich	_	_
1-48	290-291	:	_	_
1-49	292-295	bei	_	_
1-50	296-305	Krankheit	_	B
1-51	305-306	,	_	_
1-52	307-310	bei	_	_
1-53	311-327	Erwerbslosigkeit	_	B
1-54	328-331	und	_	_
1-55	332-336	eben	_	_
1-56	337-341	auch	_	_
1-57	342-344	im	_	_
1-58	345-350	Alter	_	B
1-59	350-351	.	_	_
1-60	352-356	Auch	_	B
1-61	357-360	die	_	I
1-62	361-374	nichtbezahlte	_	I
1-63	375-389	Familienarbeit	_	I
1-64	390-393	und	_	_
1-65	394-397	das	_	B
1-66	398-406	Ehrenamt	_	I
1-67	407-413	müssen	_	_
1-68	414-417	mit	_	_
1-69	418-421	der	_	B
1-70	422-435	Erwerbsarbeit	_	I
1-71	436-446	kompatibel	_	_
1-72	447-451	sein	_	_
1-73	451-452	.	_	_
1-74	453-454	–	_	_
1-75	455-457	Es	_	_
1-76	458-462	geht	_	_
1-77	463-466	nie	_	_
1-78	467-469	um	_	_
1-79	470-475	Beruf	_	B
1-80	476-479	und	_	_
1-81	480-487	Familie	_	B
1-82	487-488	.	_	_
1-83	489-492	Das	_	B
1-84	493-501	schaffen	_	_
1-85	502-505	die	_	B
1-86	506-512	Männer	_	I
1-87	513-517	alle	_	B
1-88	518-524	locker	_	_
1-89	524-525	.	_	_
1-90	526-528	Es	_	_
1-91	529-533	geht	_	_
1-92	534-539	immer	_	_
1-93	540-542	um	_	_
1-94	543-548	Beruf	_	B
1-95	549-552	und	_	_
1-96	553-567	Familienarbeit	_	B
1-97	567-568	.	_	_
1-98	569-572	Die	_	B
1-99	573-583	wunderbare	_	I
1-100	584-589	Käthe	_	I
1-101	590-598	Leichter	_	I
1-102	598-599	,	_	_
1-103	600-604	eine	_	B
1-104	605-628	Sozialwissenschaftlerin	_	I
1-105	629-632	aus	_	_
1-106	633-643	Österreich	_	B
1-107	643-644	,	_	_
1-108	645-648	hat	_	_
1-109	649-654	schon	_	_
1-110	655-658	vor	_	_
1-111	659-662	100	_	B
1-112	663-669	Jahren	_	I
1-113	670-676	gesagt	_	_
1-114	676-677	:	_	_
1-115	678-679	„	_	_
1-116	679-682	Für	_	_
1-117	683-686	die	_	B
1-118	687-693	Frauen	_	I
1-119	694-697	ist	_	_
1-120	698-700	zu	_	_
1-121	701-706	Hause	_	B
1-122	707-710	nur	_	B
1-123	711-725	Schichtwechsel	_	I
1-124	725-726	!	_	_
1-125	726-727	“	_	_
1-126	727-728	.	_	_

#Text=Wir wissen – das ist jetzt auch mehrfach gesagt worden; es ist ja schön, dass bei dem Thema die Frauenpolitikerinnen zu Wort kommen –: Frauen haben weniger Geld, sie bekommen weniger Rente, und sie haben weniger bezahlte Zeit. Ich halte die Analyse von Frau Pahlmann an der Stelle für falsch; aber, ich glaube, über den Weg sind wir uns einig: Es dürfte insgesamt alles ein bisschen schneller gehen.
2-1	750-753	Wir	_	B
2-2	754-760	wissen	_	_
2-3	761-762	–	_	B
2-4	763-766	das	_	I
2-5	767-770	ist	_	_
2-6	771-776	jetzt	_	_
2-7	777-781	auch	_	_
2-8	782-790	mehrfach	_	_
2-9	791-797	gesagt	_	_
2-10	798-804	worden	_	_
2-11	804-805	;	_	_
2-12	806-808	es	_	B
2-13	809-812	ist	_	_
2-14	813-815	ja	_	_
2-15	816-821	schön	_	_
2-16	821-822	,	_	_
2-17	823-827	dass	_	_
2-18	828-831	bei	_	_
2-19	832-835	dem	_	B
2-20	836-841	Thema	_	I
2-21	842-845	die	_	B
2-22	846-866	Frauenpolitikerinnen	_	I
2-23	867-869	zu	_	_
2-24	870-874	Wort	_	B
2-25	875-881	kommen	_	_
2-26	882-883	–	_	_
2-27	883-884	:	_	_
2-28	885-891	Frauen	_	B
2-29	892-897	haben	_	_
2-30	898-905	weniger	_	B
2-31	906-910	Geld	_	I
2-32	910-911	,	_	_
2-33	912-915	sie	_	B
2-34	916-924	bekommen	_	_
2-35	925-932	weniger	_	B
2-36	933-938	Rente	_	I
2-37	938-939	,	_	_
2-38	940-943	und	_	_
2-39	944-947	sie	_	B
2-40	948-953	haben	_	_
2-41	954-961	weniger	_	B
2-42	962-970	bezahlte	_	I
2-43	971-975	Zeit	_	I
2-44	975-976	.	_	_
2-45	977-980	Ich	_	B
2-46	981-986	halte	_	_
2-47	987-990	die	_	B
2-48	991-998	Analyse	_	I
2-49	999-1002	von	_	_
2-50	1003-1007	Frau	_	B
2-51	1008-1016	Pahlmann	_	I
2-52	1017-1019	an	_	_
2-53	1020-1023	der	_	B
2-54	1024-1030	Stelle	_	I
2-55	1031-1034	für	_	_
2-56	1035-1041	falsch	_	_
2-57	1041-1042	;	_	_
2-58	1043-1047	aber	_	_
2-59	1047-1048	,	_	_
2-60	1049-1052	ich	_	B
2-61	1053-1059	glaube	_	_
2-62	1059-1060	,	_	_
2-63	1061-1065	über	_	_
2-64	1066-1069	den	_	B
2-65	1070-1073	Weg	_	I
2-66	1074-1078	sind	_	_
2-67	1079-1082	wir	_	B
2-68	1083-1086	uns	_	B
2-69	1087-1092	einig	_	_
2-70	1092-1093	:	_	_
2-71	1094-1096	Es	_	B
2-72	1097-1103	dürfte	_	_
2-73	1104-1113	insgesamt	_	_
2-74	1114-1119	alles	_	B
2-75	1120-1123	ein	_	_
2-76	1124-1132	bisschen	_	_
2-77	1133-1142	schneller	_	_
2-78	1143-1148	gehen	_	_
2-79	1148-1149	.	_	_

#Text=Wir leben heute davon, was Generationen vor uns für uns erstritten und gestaltet haben, und zwar im Guten wie im Schlechten. Wir sind verantwortlich für das, was wir den nächsten Generationen hinterlassen. Daher müssen wir – und darüber reden wir hier die ganze Woche – nachhaltig handeln.
3-1	1161-1164	Wir	_	B
3-2	1165-1170	leben	_	_
3-3	1171-1176	heute	_	_
3-4	1177-1182	davon	_	_
3-5	1182-1183	,	_	_
3-6	1184-1187	was	_	B
3-7	1188-1200	Generationen	_	B
3-8	1201-1204	vor	_	_
3-9	1205-1208	uns	_	B
3-10	1209-1212	für	_	_
3-11	1213-1216	uns	_	B
3-12	1217-1227	erstritten	_	_
3-13	1228-1231	und	_	_
3-14	1232-1241	gestaltet	_	_
3-15	1242-1247	haben	_	_
3-16	1247-1248	,	_	_
3-17	1249-1252	und	_	_
3-18	1253-1257	zwar	_	_
3-19	1258-1260	im	_	_
3-20	1261-1266	Guten	_	B
3-21	1267-1270	wie	_	_
3-22	1271-1273	im	_	_
3-23	1274-1284	Schlechten	_	B
3-24	1284-1285	.	_	_
3-25	1286-1289	Wir	_	B
3-26	1290-1294	sind	_	_
3-27	1295-1309	verantwortlich	_	_
3-28	1310-1313	für	_	_
3-29	1314-1317	das	_	B
3-30	1317-1318	,	_	_
3-31	1319-1322	was	_	B
3-32	1323-1326	wir	_	B
3-33	1327-1330	den	_	B
3-34	1331-1339	nächsten	_	I
3-35	1340-1352	Generationen	_	I
3-36	1353-1365	hinterlassen	_	_
3-37	1365-1366	.	_	_
3-38	1367-1372	Daher	_	_
3-39	1373-1379	müssen	_	_
3-40	1380-1383	wir	_	B
3-41	1384-1385	–	_	_
3-42	1386-1389	und	_	_
3-43	1390-1397	darüber	_	_
3-44	1398-1403	reden	_	_
3-45	1404-1407	wir	_	B
3-46	1408-1412	hier	_	_
3-47	1413-1416	die	_	B
3-48	1417-1422	ganze	_	I
3-49	1423-1428	Woche	_	I
3-50	1429-1430	–	_	_
3-51	1431-1441	nachhaltig	_	_
3-52	1442-1449	handeln	_	_
3-53	1449-1450	.	_	_

#Text=Wo wir gerade überhaupt nicht nachhaltig handeln, das ist aus meiner Sicht hinsichtlich der Situation im Einzelhandel. Wenn ich sehe, wie sich der Versandhandel an der Pandemie eine goldene Nase verdient hat und wesentliche Versandhändler meinen, sie könnten sich in Deutschland den ihnen passenden Tarifvertrag aussuchen, im Fall von Amazon konkret den Tarifvertrag für Spedition und Logistik und nicht den Tarifvertrag des Versandhandels: Das ist nicht richtig. Und parallel dazu bibbert die Verkäuferin von Karstadt, die sich an die normalen Tarifverträge halten, um ihren Arbeitsplatz in der Innenstadt. Ich habe die Tage mit einer Betriebsrätin von Karstadt Kaufhof telefoniert. Sie sagte: Bei uns ist Weihnachtsstimmung. Die Kunden klauen aus den Sicomaticdeckeln die Gummis, und die Frauen wissen nicht, ob sie in vier Wochen ihren Arbeitsplatz noch haben. – Ja, es ist gelungen, einige Filialen zu retten, aber es gibt noch ganz viele, die bibbern. An dieser Stelle will ich, da es ja um Arbeit im Wandel geht, auch mal an diese Frauen erinnern.
4-1	1457-1459	Wo	_	_
4-2	1460-1463	wir	_	B
4-3	1464-1470	gerade	_	_
4-4	1471-1480	überhaupt	_	_
4-5	1481-1486	nicht	_	_
4-6	1487-1497	nachhaltig	_	_
4-7	1498-1505	handeln	_	_
4-8	1505-1506	,	_	_
4-9	1507-1510	das	_	_
4-10	1511-1514	ist	_	_
4-11	1515-1518	aus	_	_
4-12	1519-1525	meiner	_	B
4-13	1526-1531	Sicht	_	I
4-14	1532-1544	hinsichtlich	_	_
4-15	1545-1548	der	_	B
4-16	1549-1558	Situation	_	I
4-17	1559-1561	im	_	_
4-18	1562-1574	Einzelhandel	_	B
4-19	1574-1575	.	_	_
4-20	1576-1580	Wenn	_	_
4-21	1581-1584	ich	_	B
4-22	1585-1589	sehe	_	_
4-23	1589-1590	,	_	_
4-24	1591-1594	wie	_	_
4-25	1595-1599	sich	_	B
4-26	1600-1603	der	_	B
4-27	1604-1617	Versandhandel	_	I
4-28	1618-1620	an	_	_
4-29	1621-1624	der	_	B
4-30	1625-1633	Pandemie	_	I
4-31	1634-1638	eine	_	B
4-32	1639-1646	goldene	_	I
4-33	1647-1651	Nase	_	I
4-34	1652-1660	verdient	_	_
4-35	1661-1664	hat	_	_
4-36	1665-1668	und	_	_
4-37	1669-1680	wesentliche	_	B
4-38	1681-1695	Versandhändler	_	I
4-39	1696-1702	meinen	_	_
4-40	1702-1703	,	_	_
4-41	1704-1707	sie	_	B
4-42	1708-1715	könnten	_	_
4-43	1716-1720	sich	_	B
4-44	1721-1723	in	_	_
4-45	1724-1735	Deutschland	_	B
4-46	1736-1739	den	_	B
4-47	1740-1745	ihnen	_	I
4-48	1746-1755	passenden	_	_
4-49	1756-1768	Tarifvertrag	_	_
4-50	1769-1778	aussuchen	_	_
4-51	1778-1779	,	_	_
4-52	1780-1782	im	_	_
4-53	1783-1787	Fall	_	B
4-54	1788-1791	von	_	_
4-55	1792-1798	Amazon	_	B
4-56	1799-1806	konkret	_	_
4-57	1807-1810	den	_	B
4-58	1811-1823	Tarifvertrag	_	I
4-59	1824-1827	für	_	_
4-60	1828-1837	Spedition	_	B
4-61	1838-1841	und	_	_
4-62	1842-1850	Logistik	_	B
4-63	1851-1854	und	_	_
4-64	1855-1860	nicht	_	B
4-65	1861-1864	den	_	I
4-66	1865-1877	Tarifvertrag	_	I
4-67	1878-1881	des	_	B
4-68	1882-1896	Versandhandels	_	I
4-69	1896-1897	:	_	_
4-70	1898-1901	Das	_	B
4-71	1902-1905	ist	_	_
4-72	1906-1911	nicht	_	_
4-73	1912-1919	richtig	_	_
4-74	1919-1920	.	_	_
4-75	1921-1924	Und	_	_
4-76	1925-1933	parallel	_	_
4-77	1934-1938	dazu	_	_
4-78	1939-1946	bibbert	_	_
4-79	1947-1950	die	_	B
4-80	1951-1962	Verkäuferin	_	I
4-81	1963-1966	von	_	_
4-82	1967-1975	Karstadt	_	B
4-83	1975-1976	,	_	_
4-84	1977-1980	die	_	B
4-85	1981-1985	sich	_	B
4-86	1986-1988	an	_	_
4-87	1989-1992	die	_	B
4-88	1993-2001	normalen	_	I
4-89	2002-2015	Tarifverträge	_	I
4-90	2016-2022	halten	_	_
4-91	2022-2023	,	_	_
4-92	2024-2026	um	_	_
4-93	2027-2032	ihren	_	B
4-94	2033-2045	Arbeitsplatz	_	I
4-95	2046-2048	in	_	_
4-96	2049-2052	der	_	B
4-97	2053-2063	Innenstadt	_	I
4-98	2063-2064	.	_	_
4-99	2065-2068	Ich	_	B
4-100	2069-2073	habe	_	_
4-101	2074-2077	die	_	B
4-102	2078-2082	Tage	_	I
4-103	2083-2086	mit	_	_
4-104	2087-2092	einer	_	B
4-105	2093-2106	Betriebsrätin	_	I
4-106	2107-2110	von	_	I
4-107	2111-2119	Karstadt	_	I
4-108	2120-2127	Kaufhof	_	I
4-109	2128-2139	telefoniert	_	_
4-110	2139-2140	.	_	_
4-111	2141-2144	Sie	_	B
4-112	2145-2150	sagte	_	_
4-113	2150-2151	:	_	_
4-114	2152-2155	Bei	_	_
4-115	2156-2159	uns	_	B
4-116	2160-2163	ist	_	_
4-117	2164-2182	Weihnachtsstimmung	_	B
4-118	2182-2183	.	_	_
4-119	2184-2187	Die	_	B
4-120	2188-2194	Kunden	_	I
4-121	2195-2201	klauen	_	_
4-122	2202-2205	aus	_	_
4-123	2206-2209	den	_	B
4-124	2210-2226	Sicomaticdeckeln	_	I
4-125	2227-2230	die	_	B
4-126	2231-2237	Gummis	_	I
4-127	2237-2238	,	_	_
4-128	2239-2242	und	_	_
4-129	2243-2246	die	_	B
4-130	2247-2253	Frauen	_	I
4-131	2254-2260	wissen	_	_
4-132	2261-2266	nicht	_	_
4-133	2266-2267	,	_	_
4-134	2268-2270	ob	_	_
4-135	2271-2274	sie	_	B
4-136	2275-2277	in	_	_
4-137	2278-2282	vier	_	B
4-138	2283-2289	Wochen	_	I
4-139	2290-2295	ihren	_	B
4-140	2296-2308	Arbeitsplatz	_	I
4-141	2309-2313	noch	_	_
4-142	2314-2319	haben	_	_
4-143	2319-2320	.	_	_
4-144	2321-2322	–	_	_
4-145	2323-2325	Ja	_	_
4-146	2325-2326	,	_	_
4-147	2327-2329	es	_	B
4-148	2330-2333	ist	_	_
4-149	2334-2342	gelungen	_	_
4-150	2342-2343	,	_	_
4-151	2344-2350	einige	_	B
4-152	2351-2359	Filialen	_	I
4-153	2360-2362	zu	_	_
4-154	2363-2369	retten	_	_
4-155	2369-2370	,	_	_
4-156	2371-2375	aber	_	_
4-157	2376-2378	es	_	_
4-158	2379-2383	gibt	_	_
4-159	2384-2388	noch	_	B
4-160	2389-2393	ganz	_	I
4-161	2394-2399	viele	_	I
4-162	2399-2400	,	_	_
4-163	2401-2404	die	_	B
4-164	2405-2412	bibbern	_	_
4-165	2412-2413	.	_	_
4-166	2414-2416	An	_	_
4-167	2417-2423	dieser	_	B
4-168	2424-2430	Stelle	_	I
4-169	2431-2435	will	_	_
4-170	2436-2439	ich	_	B
4-171	2439-2440	,	_	_
4-172	2441-2443	da	_	_
4-173	2444-2446	es	_	_
4-174	2447-2449	ja	_	_
4-175	2450-2452	um	_	_
4-176	2453-2459	Arbeit	_	B
4-177	2460-2462	im	_	_
4-178	2463-2469	Wandel	_	B
4-179	2470-2474	geht	_	_
4-180	2474-2475	,	_	_
4-181	2476-2480	auch	_	_
4-182	2481-2484	mal	_	_
4-183	2485-2487	an	_	_
4-184	2488-2493	diese	_	B
4-185	2494-2500	Frauen	_	I
4-186	2501-2509	erinnern	_	_
4-187	2509-2510	.	_	_

#Text=In der SPD freuen wir uns über die Grundrente, von der überwiegend Frauen profitieren. Wir arbeiten weiter an einem gerechten Alterssicherungssystem. Ich halte es für unsäglich, wenn Herr Brinkhaus sagt, das sei nicht nachhaltig. Sozial nachhaltiger geht es überhaupt nicht. Das ist unser Gesetz, und es werden viele, viele Frauen davon profitieren.
5-1	2535-2537	In	_	_
5-2	2538-2541	der	_	B
5-3	2542-2545	SPD	_	I
5-4	2546-2552	freuen	_	_
5-5	2553-2556	wir	_	B
5-6	2557-2560	uns	_	B
5-7	2561-2565	über	_	_
5-8	2566-2569	die	_	B
5-9	2570-2580	Grundrente	_	I
5-10	2580-2581	,	_	_
5-11	2582-2585	von	_	_
5-12	2586-2589	der	_	B
5-13	2590-2601	überwiegend	_	I
5-14	2602-2608	Frauen	_	I
5-15	2609-2620	profitieren	_	_
5-16	2620-2621	.	_	_
5-17	2622-2625	Wir	_	B
5-18	2626-2634	arbeiten	_	_
5-19	2635-2641	weiter	_	_
5-20	2642-2644	an	_	_
5-21	2645-2650	einem	_	B
5-22	2651-2660	gerechten	_	I
5-23	2661-2683	Alterssicherungssystem	_	I
5-24	2683-2684	.	_	_
5-25	2685-2688	Ich	_	B
5-26	2689-2694	halte	_	_
5-27	2695-2697	es	_	B
5-28	2698-2701	für	_	_
5-29	2702-2711	unsäglich	_	_
5-30	2711-2712	,	_	_
5-31	2713-2717	wenn	_	_
5-32	2718-2722	Herr	_	B
5-33	2723-2732	Brinkhaus	_	I
5-34	2733-2737	sagt	_	_
5-35	2737-2738	,	_	_
5-36	2739-2742	das	_	B
5-37	2743-2746	sei	_	_
5-38	2747-2752	nicht	_	_
5-39	2753-2763	nachhaltig	_	_
5-40	2763-2764	.	_	_
5-41	2765-2771	Sozial	_	_
5-42	2772-2784	nachhaltiger	_	_
5-43	2785-2789	geht	_	_
5-44	2790-2792	es	_	_
5-45	2793-2802	überhaupt	_	_
5-46	2803-2808	nicht	_	_
5-47	2808-2809	.	_	_
5-48	2810-2813	Das	_	B
5-49	2814-2817	ist	_	_
5-50	2818-2823	unser	_	B
5-51	2824-2830	Gesetz	_	I
5-52	2830-2831	,	_	_
5-53	2832-2835	und	_	_
5-54	2836-2838	es	_	_
5-55	2839-2845	werden	_	_
5-56	2846-2851	viele	_	B
5-57	2851-2852	,	_	_
5-58	2853-2858	viele	_	B
5-59	2859-2865	Frauen	_	I
5-60	2866-2871	davon	_	_
5-61	2872-2883	profitieren	_	_
5-62	2883-2884	.	_	_

#Text=Wir wollen, dass in der Pflege mehr verdient wird und in der Altenpflege bessere Arbeitsbedingungen herrschen. Aber wir können und müssen uns da auch ehrlich machen: Verdi wird es mit einer Lohnforderung von 4,8 Prozent nicht richten. Wir müssen zusehen, dass wir in das System insgesamt mehr Geld bekommen – aus Steuern, aus Beiträgen. Durch Klatschen kommt es zu keiner plötzlichen Geldvermehrung.
6-1	2895-2898	Wir	_	B
6-2	2899-2905	wollen	_	_
6-3	2905-2906	,	_	_
6-4	2907-2911	dass	_	_
6-5	2912-2914	in	_	_
6-6	2915-2918	der	_	B
6-7	2919-2925	Pflege	_	I
6-8	2926-2930	mehr	_	B
6-9	2931-2939	verdient	_	_
6-10	2940-2944	wird	_	_
6-11	2945-2948	und	_	_
6-12	2949-2951	in	_	_
6-13	2952-2955	der	_	B
6-14	2956-2967	Altenpflege	_	I
6-15	2968-2975	bessere	_	B
6-16	2976-2994	Arbeitsbedingungen	_	I
6-17	2995-3004	herrschen	_	_
6-18	3004-3005	.	_	_
6-19	3006-3010	Aber	_	_
6-20	3011-3014	wir	_	B
6-21	3015-3021	können	_	_
6-22	3022-3025	und	_	_
6-23	3026-3032	müssen	_	_
6-24	3033-3036	uns	_	B
6-25	3037-3039	da	_	_
6-26	3040-3044	auch	_	_
6-27	3045-3052	ehrlich	_	_
6-28	3053-3059	machen	_	_
6-29	3059-3060	:	_	_
6-30	3061-3066	Verdi	_	B
6-31	3067-3071	wird	_	_
6-32	3072-3074	es	_	B
6-33	3075-3078	mit	_	_
6-34	3079-3084	einer	_	B
6-35	3085-3098	Lohnforderung	_	I
6-36	3099-3102	von	_	_
6-37	3103-3106	4,8	_	B
6-38	3107-3114	Prozent	_	I
6-39	3115-3120	nicht	_	_
6-40	3121-3128	richten	_	_
6-41	3128-3129	.	_	_
6-42	3130-3133	Wir	_	B
6-43	3134-3140	müssen	_	_
6-44	3141-3148	zusehen	_	_
6-45	3148-3149	,	_	_
6-46	3150-3154	dass	_	_
6-47	3155-3158	wir	_	B
6-48	3159-3161	in	_	_
6-49	3162-3165	das	_	B
6-50	3166-3172	System	_	I
6-51	3173-3182	insgesamt	_	B
6-52	3183-3187	mehr	_	I
6-53	3188-3192	Geld	_	I
6-54	3193-3201	bekommen	_	_
6-55	3202-3203	–	_	_
6-56	3204-3207	aus	_	_
6-57	3208-3215	Steuern	_	B
6-58	3215-3216	,	_	_
6-59	3217-3220	aus	_	_
6-60	3221-3230	Beiträgen	_	B
6-61	3230-3231	.	_	_
6-62	3232-3237	Durch	_	_
6-63	3238-3247	Klatschen	_	B
6-64	3248-3253	kommt	_	_
6-65	3254-3256	es	_	_
6-66	3257-3259	zu	_	_
6-67	3260-3266	keiner	_	B
6-68	3267-3278	plötzlichen	_	I
6-69	3279-3293	Geldvermehrung	_	I
6-70	3293-3294	.	_	_

#Text=Wir brauchen gute Kitas, und wir geben dafür richtig viel Geld aus, weil wir die Herstellung einheitlicher Lebensverhältnisse wollen.
7-1	3303-3306	Wir	_	B
7-2	3307-3315	brauchen	_	_
7-3	3316-3320	gute	_	B
7-4	3321-3326	Kitas	_	I
7-5	3326-3327	,	_	_
7-6	3328-3331	und	_	_
7-7	3332-3335	wir	_	B
7-8	3336-3341	geben	_	_
7-9	3342-3347	dafür	_	_
7-10	3348-3355	richtig	_	B
7-11	3356-3360	viel	_	I
7-12	3361-3365	Geld	_	I
7-13	3366-3369	aus	_	_
7-14	3369-3370	,	_	_
7-15	3371-3375	weil	_	_
7-16	3376-3379	wir	_	B
7-17	3380-3383	die	_	B
7-18	3384-3395	Herstellung	_	I
7-19	3396-3409	einheitlicher	_	B
7-20	3410-3428	Lebensverhältnisse	_	I
7-21	3429-3435	wollen	_	_
7-22	3435-3436	.	_	_

#Text=Für gleiches Entgelt brauchen wir ein Entgelttransparenzgesetz mit Biss.
8-1	3440-3443	Für	_	_
8-2	3444-3452	gleiches	_	B
8-3	3453-3460	Entgelt	_	I
8-4	3461-3469	brauchen	_	_
8-5	3470-3473	wir	_	B
8-6	3474-3477	ein	_	B
8-7	3478-3502	Entgelttransparenzgesetz	_	I
8-8	3503-3506	mit	_	_
8-9	3507-3511	Biss	_	B
8-10	3511-3512	.	_	_

#Text=Wir müssen auch an die Lebens- und Arbeitsbedingungen auf anderen Kontinenten denken. Darum ist das Lieferkettengesetz so wichtig. Es sind überwiegend Frauen in den Fabriken der armen Länder, die unter unsäglichen Arbeits- und Umweltbedingungen schuften. Wir alle haben die Bilder der brennenden Textilfabriken im Kopf. Das Lieferkettengesetz ist ein Frauengesetz.
9-1	3514-3517	Wir	_	B
9-2	3518-3524	müssen	_	_
9-3	3525-3529	auch	_	_
9-4	3530-3532	an	_	_
9-5	3533-3536	die	_	B
9-6	3537-3544	Lebens-	_	I
9-7	3545-3548	und	_	I
9-8	3549-3567	Arbeitsbedingungen	_	I
9-9	3568-3571	auf	_	_
9-10	3572-3579	anderen	_	B
9-11	3580-3591	Kontinenten	_	I
9-12	3592-3598	denken	_	_
9-13	3598-3599	.	_	_
9-14	3600-3605	Darum	_	_
9-15	3606-3609	ist	_	_
9-16	3610-3613	das	_	B
9-17	3614-3632	Lieferkettengesetz	_	I
9-18	3633-3635	so	_	_
9-19	3636-3643	wichtig	_	_
9-20	3643-3644	.	_	_
9-21	3645-3647	Es	_	B
9-22	3648-3652	sind	_	_
9-23	3653-3664	überwiegend	_	_
9-24	3665-3671	Frauen	_	B
9-25	3672-3674	in	_	_
9-26	3675-3678	den	_	B
9-27	3679-3687	Fabriken	_	I
9-28	3688-3691	der	_	B
9-29	3692-3697	armen	_	I
9-30	3698-3704	Länder	_	I
9-31	3704-3705	,	_	_
9-32	3706-3709	die	_	B
9-33	3710-3715	unter	_	_
9-34	3716-3727	unsäglichen	_	B
9-35	3728-3736	Arbeits-	_	I
9-36	3737-3740	und	_	I
9-37	3741-3758	Umweltbedingungen	_	I
9-38	3759-3767	schuften	_	_
9-39	3767-3768	.	_	_
9-40	3769-3772	Wir	_	B
9-41	3773-3777	alle	_	B
9-42	3778-3783	haben	_	_
9-43	3784-3787	die	_	B
9-44	3788-3794	Bilder	_	I
9-45	3795-3798	der	_	B
9-46	3799-3809	brennenden	_	I
9-47	3810-3824	Textilfabriken	_	I
9-48	3825-3827	im	_	_
9-49	3828-3832	Kopf	_	B
9-50	3832-3833	.	_	_
9-51	3834-3837	Das	_	B
9-52	3838-3856	Lieferkettengesetz	_	I
9-53	3857-3860	ist	_	_
9-54	3861-3864	ein	_	B
9-55	3865-3877	Frauengesetz	_	I
9-56	3877-3878	.	_	_

#Text=Wegen all dem unterstützen wir sowohl die EU-Kommissarin Dalli wie auch unsere Ministerin Franziska Giffey bei der Umsetzung ihrer jeweiligen Gleichstellungsstrategien. 2021 wird die Bundesregierung in New York den Bericht zur nachhaltigen Entwicklung vorstellen. Ich hoffe, da gibt es viel über Taten zu berichten und auch einiges über Vorhaben.
10-1	3885-3890	Wegen	_	_
10-2	3891-3894	all	_	B
10-3	3895-3898	dem	_	I
10-4	3899-3911	unterstützen	_	_
10-5	3912-3915	wir	_	B
10-6	3916-3922	sowohl	_	B
10-7	3923-3926	die	_	I
10-8	3927-3941	EU-Kommissarin	_	I
10-9	3942-3947	Dalli	_	I
10-10	3948-3951	wie	_	_
10-11	3952-3956	auch	_	B
10-12	3957-3963	unsere	_	I
10-13	3964-3974	Ministerin	_	I
10-14	3975-3984	Franziska	_	I
10-15	3985-3991	Giffey	_	I
10-16	3992-3995	bei	_	_
10-17	3996-3999	der	_	B
10-18	4000-4009	Umsetzung	_	I
10-19	4010-4015	ihrer	_	B
10-20	4016-4026	jeweiligen	_	I
10-21	4027-4052	Gleichstellungsstrategien	_	I
10-22	4052-4053	.	_	_
10-23	4054-4058	2021	_	_
10-24	4059-4063	wird	_	_
10-25	4064-4067	die	_	B
10-26	4068-4083	Bundesregierung	_	I
10-27	4084-4086	in	_	_
10-28	4087-4090	New	_	B
10-29	4091-4095	York	_	I
10-30	4096-4099	den	_	B
10-31	4100-4107	Bericht	_	I
10-32	4108-4111	zur	_	_
10-33	4112-4124	nachhaltigen	_	B
10-34	4125-4136	Entwicklung	_	I
10-35	4137-4147	vorstellen	_	_
10-36	4147-4148	.	_	_
10-37	4149-4152	Ich	_	B
10-38	4153-4158	hoffe	_	_
10-39	4158-4159	,	_	_
10-40	4160-4162	da	_	_
10-41	4163-4167	gibt	_	_
10-42	4168-4170	es	_	_
10-43	4171-4175	viel	_	_
10-44	4176-4180	über	_	_
10-45	4181-4186	Taten	_	B
10-46	4187-4189	zu	_	_
10-47	4190-4199	berichten	_	_
10-48	4200-4203	und	_	_
10-49	4204-4208	auch	_	B
10-50	4209-4216	einiges	_	I
10-51	4217-4221	über	_	_
10-52	4222-4230	Vorhaben	_	B
10-53	4230-4231	.	_	_

#Text=Herzlichen Dank für die Aufmerksamkeit.
11-1	4236-4246	Herzlichen	_	B
11-2	4247-4251	Dank	_	I
11-3	4252-4255	für	_	_
11-4	4256-4259	die	_	B
11-5	4260-4274	Aufmerksamkeit	_	I
11-6	4274-4275	.	_	_

#Text=Vielen Dank, Leni Breymaier. – Der letzte Redner in dieser Debatte: Thomas Heilmann für die CDU/CSU-Fraktion.
12-1	4277-4283	Vielen	_	_
12-2	4284-4288	Dank	_	_
12-3	4288-4289	,	_	_
12-4	4290-4294	Leni	_	B
12-5	4295-4304	Breymaier	_	I
12-6	4304-4305	.	_	_
12-7	4306-4307	–	_	B
12-8	4308-4311	Der	_	I
12-9	4312-4318	letzte	_	I
12-10	4319-4325	Redner	_	I
12-11	4326-4328	in	_	_
12-12	4329-4335	dieser	_	B
12-13	4336-4343	Debatte	_	I
12-14	4343-4344	:	_	B
12-15	4345-4351	Thomas	_	I
12-16	4352-4360	Heilmann	_	I
12-17	4361-4364	für	_	_
12-18	4365-4368	die	_	B
12-19	4369-4372	CDU	_	I
12-20	4372-4373	/	_	B
12-21	4373-4385	CSU-Fraktion	_	I
12-22	4385-4386	.	_	_
