#FORMAT=WebAnno TSV 3.2
#T_SP=webanno.custom.Animacy|Animated
#T_SP=webanno.custom.CustomChunk|Chunk


#Text=Vielen Dank, Herr Präsident. – Herr Minister, Sie sagten gerade zum Kollegen Curio, dass über die Landgrenzen Deutschlands circa doppelt so viele –
1-1	0-6	Vielen	_	_
1-2	7-11	Dank	_	_
1-3	11-12	,	_	_
1-4	13-17	Herr	_	B
1-5	18-27	Präsident	_	I
1-6	27-28	.	_	_
1-7	29-30	–	_	_
1-8	31-35	Herr	_	_
1-9	36-44	Minister	_	B
1-10	44-45	,	_	_
1-11	46-49	Sie	_	B
1-12	50-56	sagten	_	_
1-13	57-63	gerade	_	_
1-14	64-67	zum	_	_
1-15	68-76	Kollegen	_	B
1-16	77-82	Curio	_	I
1-17	82-83	,	_	_
1-18	84-88	dass	_	_
1-19	89-93	über	_	_
1-20	94-97	die	_	B
1-21	98-109	Landgrenzen	_	I
1-22	110-122	Deutschlands	_	B
1-23	123-128	circa	_	_
1-24	129-136	doppelt	_	_
1-25	137-139	so	_	_
1-26	140-145	viele	_	_
1-27	146-147	–	_	_

#Text=400.
2-1	152-156	400.	_	_

#Text=– Asylbewerber einreisen wie über die Mittelmeerroute. Ich frage Sie daher im Hinblick auf Artikel 16a des Grundgesetzes: Welche unsicheren Nachbarstaaten hat denn Deutschland, und aus welchen unsicheren Nicht-EU-Staaten reisen denn diese Personen ein, sodass sie nach Artikel 16a Grundgesetz einen realistischen und nachvollziehbaren Grund für politisches Asyl in Deutschland haben?
3-1	157-158	–	_	_
3-2	159-171	Asylbewerber	_	B
3-3	172-181	einreisen	_	_
3-4	182-185	wie	_	_
3-5	186-190	über	_	_
3-6	191-194	die	_	B
3-7	195-210	Mittelmeerroute	_	I
3-8	210-211	.	_	_
3-9	212-215	Ich	_	B
3-10	216-221	frage	_	_
3-11	222-225	Sie	_	B
3-12	226-231	daher	_	_
3-13	232-234	im	_	_
3-14	235-243	Hinblick	_	B
3-15	244-247	auf	_	_
3-16	248-255	Artikel	_	B
3-17	256-259	16a	_	_
3-18	260-263	des	_	B
3-19	264-277	Grundgesetzes	_	I
3-20	277-278	:	_	_
3-21	279-285	Welche	_	B
3-22	286-296	unsicheren	_	I
3-23	297-311	Nachbarstaaten	_	I
3-24	312-315	hat	_	_
3-25	316-320	denn	_	_
3-26	321-332	Deutschland	_	B
3-27	332-333	,	_	_
3-28	334-337	und	_	_
3-29	338-341	aus	_	_
3-30	342-349	welchen	_	B
3-31	350-360	unsicheren	_	I
3-32	361-377	Nicht-EU-Staaten	_	I
3-33	378-384	reisen	_	_
3-34	385-389	denn	_	_
3-35	390-395	diese	_	B
3-36	396-404	Personen	_	I
3-37	405-408	ein	_	_
3-38	408-409	,	_	_
3-39	410-416	sodass	_	_
3-40	417-420	sie	_	B
3-41	421-425	nach	_	_
3-42	426-433	Artikel	_	B
3-43	434-437	16a	_	I
3-44	438-449	Grundgesetz	_	I
3-45	450-455	einen	_	B
3-46	456-469	realistischen	_	I
3-47	470-473	und	_	I
3-48	474-491	nachvollziehbaren	_	I
3-49	492-497	Grund	_	I
3-50	498-501	für	_	_
3-51	502-513	politisches	_	B
3-52	514-518	Asyl	_	I
3-53	519-521	in	_	_
3-54	522-533	Deutschland	_	B
3-55	534-539	haben	_	_
3-56	539-540	?	_	_
