#FORMAT=WebAnno TSV 3.2
#T_SP=webanno.custom.Animacy|Animated
#T_SP=webanno.custom.CustomChunk|Chunk


#Text=Frau Präsidentin! Sehr geehrter Herr Bundesminister Altmaier! Liebe Kolleginnen und Kollegen! Vor einem Jahr hieß es noch von der Bundesregierung und von allen Seiten links von meiner Fraktion, Deutschland sei in einer guten wirtschaftlichen Verfassung. Dabei war schon seit Langem klar, dass das Wachstum nicht ewig andauern würde, auch nicht mit einer Negativzinspolitik und der Geldschwemme durch die EZB.
1-1	0-4	Frau	_	B
1-2	5-16	Präsidentin	_	I
1-3	16-17	!	_	_
1-4	18-22	Sehr	_	B
1-5	23-31	geehrter	_	I
1-6	32-36	Herr	_	I
1-7	37-51	Bundesminister	_	I
1-8	52-60	Altmaier	_	I
1-9	60-61	!	_	_
1-10	62-67	Liebe	_	B
1-11	68-79	Kolleginnen	_	_
1-12	80-83	und	_	_
1-13	84-92	Kollegen	_	B
1-14	92-93	!	_	_
1-15	94-97	Vor	_	_
1-16	98-103	einem	_	B
1-17	104-108	Jahr	_	I
1-18	109-113	hieß	_	_
1-19	114-116	es	_	_
1-20	117-121	noch	_	_
1-21	122-125	von	_	_
1-22	126-129	der	_	B
1-23	130-145	Bundesregierung	_	I
1-24	146-149	und	_	_
1-25	150-153	von	_	_
1-26	154-159	allen	_	B
1-27	160-166	Seiten	_	I
1-28	167-172	links	_	_
1-29	173-176	von	_	_
1-30	177-183	meiner	_	B
1-31	184-192	Fraktion	_	I
1-32	192-193	,	_	_
1-33	194-205	Deutschland	_	B
1-34	206-209	sei	_	_
1-35	210-212	in	_	_
1-36	213-218	einer	_	B
1-37	219-224	guten	_	I
1-38	225-241	wirtschaftlichen	_	I
1-39	242-252	Verfassung	_	I
1-40	252-253	.	_	_
1-41	254-259	Dabei	_	_
1-42	260-263	war	_	_
1-43	264-269	schon	_	_
1-44	270-274	seit	_	_
1-45	275-281	Langem	_	B
1-46	282-286	klar	_	_
1-47	286-287	,	_	_
1-48	288-292	dass	_	_
1-49	293-296	das	_	B
1-50	297-305	Wachstum	_	I
1-51	306-311	nicht	_	_
1-52	312-316	ewig	_	_
1-53	317-325	andauern	_	_
1-54	326-331	würde	_	_
1-55	331-332	,	_	_
1-56	333-337	auch	_	_
1-57	338-343	nicht	_	B
1-58	344-347	mit	_	I
1-59	348-353	einer	_	I
1-60	354-372	Negativzinspolitik	_	I
1-61	373-376	und	_	_
1-62	377-380	der	_	B
1-63	381-393	Geldschwemme	_	I
1-64	394-399	durch	_	_
1-65	400-403	die	_	B
1-66	404-407	EZB	_	I
1-67	407-408	.	_	_

#Text=Deutschland befindet sich am Beginn einer Wirtschaftskrise, und die ist zu einem großen Teil hausgemacht, und zwar von dieser Regierung, meine Damen und Herren.
2-1	417-428	Deutschland	_	B
2-2	429-437	befindet	_	_
2-3	438-442	sich	_	B
2-4	443-445	am	_	_
2-5	446-452	Beginn	_	B
2-6	453-458	einer	_	B
2-7	459-475	Wirtschaftskrise	_	I
2-8	475-476	,	_	_
2-9	477-480	und	_	_
2-10	481-484	die	_	B
2-11	485-488	ist	_	_
2-12	489-491	zu	_	_
2-13	492-497	einem	_	B
2-14	498-504	großen	_	I
2-15	505-509	Teil	_	I
2-16	510-521	hausgemacht	_	_
2-17	521-522	,	_	_
2-18	523-526	und	_	_
2-19	527-531	zwar	_	_
2-20	532-535	von	_	_
2-21	536-542	dieser	_	B
2-22	543-552	Regierung	_	I
2-23	552-553	,	_	_
2-24	554-559	meine	_	B
2-25	560-565	Damen	_	I
2-26	566-569	und	_	_
2-27	570-576	Herren	_	B
2-28	576-577	.	_	_

#Text=Insbesondere unsere Schlüsselindustrie, die Automobilbranche, wird mutwillig an die Wand gefahren. Zum Versagen von Regierung und Parlament bei der Festlegung nicht rational begründeter Abgasgrenzwerte kommt – wohl wahr – auch das Versagen der Automanager hinzu. Die Automobilindustrie und die Autokonzerne haben die absurden Abgasgrenzwerte akzeptiert, anstatt die Politik von etwas Besserem zu überzeugen. Aber jetzt muss es darum gehen, unsere wichtigste Branche und Millionen direkt und indirekt betroffene Arbeitsplätze zu schützen, meine Damen und Herren.
3-1	582-594	Insbesondere	_	B
3-2	595-601	unsere	_	I
3-3	602-620	Schlüsselindustrie	_	I
3-4	620-621	,	_	_
3-5	622-625	die	_	B
3-6	626-642	Automobilbranche	_	I
3-7	642-643	,	_	_
3-8	644-648	wird	_	_
3-9	649-658	mutwillig	_	_
3-10	659-661	an	_	_
3-11	662-665	die	_	B
3-12	666-670	Wand	_	I
3-13	671-679	gefahren	_	_
3-14	679-680	.	_	_
3-15	681-684	Zum	_	_
3-16	685-693	Versagen	_	B
3-17	694-697	von	_	_
3-18	698-707	Regierung	_	B
3-19	708-711	und	_	_
3-20	712-721	Parlament	_	B
3-21	722-725	bei	_	_
3-22	726-729	der	_	B
3-23	730-740	Festlegung	_	I
3-24	741-746	nicht	_	B
3-25	747-755	rational	_	I
3-26	756-767	begründeter	_	I
3-27	768-783	Abgasgrenzwerte	_	I
3-28	784-789	kommt	_	_
3-29	790-791	–	_	_
3-30	792-796	wohl	_	_
3-31	797-801	wahr	_	_
3-32	802-803	–	_	_
3-33	804-808	auch	_	B
3-34	809-812	das	_	I
3-35	813-821	Versagen	_	I
3-36	822-825	der	_	B
3-37	826-837	Automanager	_	I
3-38	838-843	hinzu	_	_
3-39	843-844	.	_	_
3-40	845-848	Die	_	B
3-41	849-867	Automobilindustrie	_	I
3-42	868-871	und	_	_
3-43	872-875	die	_	B
3-44	876-888	Autokonzerne	_	I
3-45	889-894	haben	_	_
3-46	895-898	die	_	B
3-47	899-907	absurden	_	I
3-48	908-923	Abgasgrenzwerte	_	I
3-49	924-934	akzeptiert	_	_
3-50	934-935	,	_	_
3-51	936-943	anstatt	_	_
3-52	944-947	die	_	B
3-53	948-955	Politik	_	I
3-54	956-959	von	_	_
3-55	960-965	etwas	_	B
3-56	966-974	Besserem	_	I
3-57	975-977	zu	_	_
3-58	978-988	überzeugen	_	_
3-59	988-989	.	_	_
3-60	990-994	Aber	_	_
3-61	995-1000	jetzt	_	_
3-62	1001-1005	muss	_	_
3-63	1006-1008	es	_	_
3-64	1009-1014	darum	_	_
3-65	1015-1020	gehen	_	_
3-66	1020-1021	,	_	_
3-67	1022-1028	unsere	_	B
3-68	1029-1039	wichtigste	_	I
3-69	1040-1047	Branche	_	I
3-70	1048-1051	und	_	_
3-71	1052-1061	Millionen	_	B
3-72	1062-1068	direkt	_	B
3-73	1069-1072	und	_	I
3-74	1073-1081	indirekt	_	I
3-75	1082-1092	betroffene	_	I
3-76	1093-1106	Arbeitsplätze	_	I
3-77	1107-1109	zu	_	_
3-78	1110-1118	schützen	_	_
3-79	1118-1119	,	_	_
3-80	1120-1125	meine	_	_
3-81	1126-1131	Damen	_	_
3-82	1132-1135	und	_	_
3-83	1136-1142	Herren	_	B
3-84	1142-1143	.	_	_

#Text=Stattdessen hat die Politik dazu geführt, dass eine Hetzjagd auf die eigene Automobilindustrie stattfindet. Da werden noch mehr Dieselfahrverbote gefordert und umgesetzt. Dies kommt einer Enteignung der Dieselautobesitzer gleich. Und jetzt, im Vorfeld der Internationalen Automobilausstellung, fordern sogenannte Aktivisten sogar in aller Öffentlichkeit, die Grenzen des legalen Protests zu überschreiten.
4-1	1153-1164	Stattdessen	_	_
4-2	1165-1168	hat	_	_
4-3	1169-1172	die	_	B
4-4	1173-1180	Politik	_	I
4-5	1181-1185	dazu	_	_
4-6	1186-1193	geführt	_	_
4-7	1193-1194	,	_	_
4-8	1195-1199	dass	_	_
4-9	1200-1204	eine	_	B
4-10	1205-1213	Hetzjagd	_	I
4-11	1214-1217	auf	_	_
4-12	1218-1221	die	_	B
4-13	1222-1228	eigene	_	I
4-14	1229-1247	Automobilindustrie	_	I
4-15	1248-1259	stattfindet	_	_
4-16	1259-1260	.	_	_
4-17	1261-1263	Da	_	_
4-18	1264-1270	werden	_	_
4-19	1271-1275	noch	_	B
4-20	1276-1280	mehr	_	I
4-21	1281-1298	Dieselfahrverbote	_	I
4-22	1299-1308	gefordert	_	_
4-23	1309-1312	und	_	_
4-24	1313-1322	umgesetzt	_	_
4-25	1322-1323	.	_	_
4-26	1324-1328	Dies	_	B
4-27	1329-1334	kommt	_	_
4-28	1335-1340	einer	_	B
4-29	1341-1351	Enteignung	_	I
4-30	1352-1355	der	_	B
4-31	1356-1374	Dieselautobesitzer	_	I
4-32	1375-1381	gleich	_	_
4-33	1381-1382	.	_	_
4-34	1383-1386	Und	_	_
4-35	1387-1392	jetzt	_	_
4-36	1392-1393	,	_	_
4-37	1394-1396	im	_	_
4-38	1397-1404	Vorfeld	_	B
4-39	1405-1408	der	_	B
4-40	1409-1424	Internationalen	_	I
4-41	1425-1445	Automobilausstellung	_	I
4-42	1445-1446	,	_	_
4-43	1447-1454	fordern	_	_
4-44	1455-1465	sogenannte	_	B
4-45	1466-1476	Aktivisten	_	I
4-46	1477-1482	sogar	_	_
4-47	1483-1485	in	_	_
4-48	1486-1491	aller	_	B
4-49	1492-1506	Öffentlichkeit	_	I
4-50	1506-1507	,	_	_
4-51	1508-1511	die	_	B
4-52	1512-1519	Grenzen	_	I
4-53	1520-1523	des	_	B
4-54	1524-1531	legalen	_	I
4-55	1532-1540	Protests	_	I
4-56	1541-1543	zu	_	_
4-57	1544-1557	überschreiten	_	_
4-58	1557-1558	.	_	_

#Text=Neben der Automobilindustrie fährt die Regierung aber auch unsere Energieversorgung an die Wand. Aus der Kernkraft und der Kohleverstromung auszusteigen, ohne dass das Problem der Speicherung von Wind- und Solarstrom gelöst ist,
5-1	1567-1572	Neben	_	_
5-2	1573-1576	der	_	B
5-3	1577-1595	Automobilindustrie	_	I
5-4	1596-1601	fährt	_	_
5-5	1602-1605	die	_	B
5-6	1606-1615	Regierung	_	I
5-7	1616-1620	aber	_	_
5-8	1621-1625	auch	_	B
5-9	1626-1632	unsere	_	I
5-10	1633-1650	Energieversorgung	_	I
5-11	1651-1653	an	_	_
5-12	1654-1657	die	_	B
5-13	1658-1662	Wand	_	I
5-14	1662-1663	.	_	_
5-15	1664-1667	Aus	_	_
5-16	1668-1671	der	_	B
5-17	1672-1681	Kernkraft	_	I
5-18	1682-1685	und	_	_
5-19	1686-1689	der	_	B
5-20	1690-1706	Kohleverstromung	_	I
5-21	1707-1719	auszusteigen	_	_
5-22	1719-1720	,	_	_
5-23	1721-1725	ohne	_	_
5-24	1726-1730	dass	_	_
5-25	1731-1734	das	_	B
5-26	1735-1742	Problem	_	I
5-27	1743-1746	der	_	B
5-28	1747-1758	Speicherung	_	I
5-29	1759-1762	von	_	_
5-30	1763-1768	Wind-	_	B
5-31	1769-1772	und	_	I
5-32	1773-1783	Solarstrom	_	I
5-33	1784-1790	gelöst	_	_
5-34	1791-1794	ist	_	_
5-35	1794-1795	,	_	_

#Text=gefährdet die Versorgungssicherheit, meine Damen und Herren.
6-1	1799-1808	gefährdet	_	_
6-2	1809-1812	die	_	B
6-3	1813-1834	Versorgungssicherheit	_	I
6-4	1834-1835	,	_	_
6-5	1836-1841	meine	_	B
6-6	1842-1847	Damen	_	I
6-7	1848-1851	und	_	_
6-8	1852-1858	Herren	_	B
6-9	1858-1859	.	_	_

#Text=Jetzt debattieren wir hier über den Haushalt des Wirtschafts- und Energieministeriums, und ein wichtiger Sonderhaushalt, der Energie- und Klimafonds, liegt uns noch nicht einmal vor. Das ist eine Missachtung des Parlaments.
7-1	1862-1867	Jetzt	_	_
7-2	1868-1879	debattieren	_	_
7-3	1880-1883	wir	_	B
7-4	1884-1888	hier	_	_
7-5	1889-1893	über	_	_
7-6	1894-1897	den	_	B
7-7	1898-1906	Haushalt	_	I
7-8	1907-1910	des	_	B
7-9	1911-1923	Wirtschafts-	_	I
7-10	1924-1927	und	_	I
7-11	1928-1947	Energieministeriums	_	I
7-12	1947-1948	,	_	_
7-13	1949-1952	und	_	_
7-14	1953-1956	ein	_	B
7-15	1957-1966	wichtiger	_	I
7-16	1967-1981	Sonderhaushalt	_	I
7-17	1981-1982	,	_	_
7-18	1983-1986	der	_	B
7-19	1987-1995	Energie-	_	I
7-20	1996-1999	und	_	I
7-21	2000-2010	Klimafonds	_	I
7-22	2010-2011	,	_	_
7-23	2012-2017	liegt	_	_
7-24	2018-2021	uns	_	B
7-25	2022-2026	noch	_	_
7-26	2027-2032	nicht	_	_
7-27	2033-2039	einmal	_	_
7-28	2040-2043	vor	_	_
7-29	2043-2044	.	_	_
7-30	2045-2048	Das	_	B
7-31	2049-2052	ist	_	_
7-32	2053-2057	eine	_	B
7-33	2058-2069	Missachtung	_	I
7-34	2070-2073	des	_	B
7-35	2074-2084	Parlaments	_	I
7-36	2084-2085	.	_	_

#Text=Der Rechnungshof hat massive Kritik an der Steuerung und Umsetzung der Energiewende geübt. Er hat gefordert, dass die Bundesregierung endlich die Ziele Bezahlbarkeit und Versorgungssicherheit konkret definiert und die Kosten transparent macht. Der Rechnungshof kommt zu dem niederschmetternden Ergebnis, dass – so wörtlich – „das Risiko des Vertrauensverlusts in die Fähigkeit von Regierungshandeln“ besteht, und zwar dann, wenn die Kosten der Energiewende weiter ansteigen und die Ziele weiterhin verfehlt werden. Und das werden sie, meine Damen und Herren! Wir werden damit das Klima der Welt nicht nennenswert beeinflussen können.
8-1	2091-2094	Der	_	B
8-2	2095-2107	Rechnungshof	_	I
8-3	2108-2111	hat	_	_
8-4	2112-2119	massive	_	B
8-5	2120-2126	Kritik	_	I
8-6	2127-2129	an	_	_
8-7	2130-2133	der	_	B
8-8	2134-2143	Steuerung	_	I
8-9	2144-2147	und	_	_
8-10	2148-2157	Umsetzung	_	B
8-11	2158-2161	der	_	B
8-12	2162-2174	Energiewende	_	I
8-13	2175-2180	geübt	_	_
8-14	2180-2181	.	_	_
8-15	2182-2184	Er	_	B
8-16	2185-2188	hat	_	_
8-17	2189-2198	gefordert	_	_
8-18	2198-2199	,	_	_
8-19	2200-2204	dass	_	_
8-20	2205-2208	die	_	B
8-21	2209-2224	Bundesregierung	_	I
8-22	2225-2232	endlich	_	_
8-23	2233-2236	die	_	B
8-24	2237-2242	Ziele	_	I
8-25	2243-2256	Bezahlbarkeit	_	I
8-26	2257-2260	und	_	_
8-27	2261-2282	Versorgungssicherheit	_	B
8-28	2283-2290	konkret	_	_
8-29	2291-2300	definiert	_	_
8-30	2301-2304	und	_	_
8-31	2305-2308	die	_	B
8-32	2309-2315	Kosten	_	I
8-33	2316-2327	transparent	_	_
8-34	2328-2333	macht	_	_
8-35	2333-2334	.	_	_
8-36	2335-2338	Der	_	B
8-37	2339-2351	Rechnungshof	_	I
8-38	2352-2357	kommt	_	_
8-39	2358-2360	zu	_	_
8-40	2361-2364	dem	_	B
8-41	2365-2384	niederschmetternden	_	I
8-42	2385-2393	Ergebnis	_	I
8-43	2393-2394	,	_	_
8-44	2395-2399	dass	_	_
8-45	2400-2401	–	_	_
8-46	2402-2404	so	_	_
8-47	2405-2413	wörtlich	_	_
8-48	2414-2415	–	_	_
8-49	2416-2417	„	_	B
8-50	2417-2420	das	_	I
8-51	2421-2427	Risiko	_	I
8-52	2428-2431	des	_	B
8-53	2432-2450	Vertrauensverlusts	_	I
8-54	2451-2453	in	_	_
8-55	2454-2457	die	_	B
8-56	2458-2467	Fähigkeit	_	I
8-57	2468-2471	von	_	_
8-58	2472-2489	Regierungshandeln	_	B
8-59	2489-2490	“	_	_
8-60	2491-2498	besteht	_	_
8-61	2498-2499	,	_	_
8-62	2500-2503	und	_	_
8-63	2504-2508	zwar	_	_
8-64	2509-2513	dann	_	_
8-65	2513-2514	,	_	_
8-66	2515-2519	wenn	_	_
8-67	2520-2523	die	_	B
8-68	2524-2530	Kosten	_	I
8-69	2531-2534	der	_	B
8-70	2535-2547	Energiewende	_	I
8-71	2548-2554	weiter	_	_
8-72	2555-2564	ansteigen	_	_
8-73	2565-2568	und	_	_
8-74	2569-2572	die	_	B
8-75	2573-2578	Ziele	_	I
8-76	2579-2588	weiterhin	_	_
8-77	2589-2597	verfehlt	_	_
8-78	2598-2604	werden	_	_
8-79	2604-2605	.	_	_
8-80	2606-2609	Und	_	_
8-81	2610-2613	das	_	B
8-82	2614-2620	werden	_	_
8-83	2621-2624	sie	_	B
8-84	2624-2625	,	_	_
8-85	2626-2631	meine	_	B
8-86	2632-2637	Damen	_	I
8-87	2638-2641	und	_	_
8-88	2642-2648	Herren	_	B
8-89	2648-2649	!	_	_
8-90	2650-2653	Wir	_	B
8-91	2654-2660	werden	_	_
8-92	2661-2666	damit	_	_
8-93	2667-2670	das	_	B
8-94	2671-2676	Klima	_	I
8-95	2677-2680	der	_	B
8-96	2681-2685	Welt	_	I
8-97	2686-2691	nicht	_	_
8-98	2692-2703	nennenswert	_	_
8-99	2704-2716	beeinflussen	_	_
8-100	2717-2723	können	_	_
8-101	2723-2724	.	_	_

#Text=Stattdessen wird riesiges Volksvermögen vernichtet. Es werden Kosten verursacht, die in die Hunderte von Milliarden Euro gehen. Die betriebene Energiewende ist ökologisch kontraproduktiv, ökonomisch gesehen Harakiri und sozial ungerecht.
9-1	2737-2748	Stattdessen	_	_
9-2	2749-2753	wird	_	_
9-3	2754-2762	riesiges	_	B
9-4	2763-2776	Volksvermögen	_	I
9-5	2777-2787	vernichtet	_	_
9-6	2787-2788	.	_	_
9-7	2789-2791	Es	_	_
9-8	2792-2798	werden	_	_
9-9	2799-2805	Kosten	_	B
9-10	2806-2816	verursacht	_	_
9-11	2816-2817	,	_	_
9-12	2818-2821	die	_	B
9-13	2822-2824	in	_	_
9-14	2825-2828	die	_	B
9-15	2829-2837	Hunderte	_	I
9-16	2838-2841	von	_	_
9-17	2842-2852	Milliarden	_	B
9-18	2853-2857	Euro	_	I
9-19	2858-2863	gehen	_	_
9-20	2863-2864	.	_	_
9-21	2865-2868	Die	_	B
9-22	2869-2879	betriebene	_	I
9-23	2880-2892	Energiewende	_	I
9-24	2893-2896	ist	_	_
9-25	2897-2907	ökologisch	_	_
9-26	2908-2923	kontraproduktiv	_	_
9-27	2923-2924	,	_	_
9-28	2925-2935	ökonomisch	_	_
9-29	2936-2943	gesehen	_	_
9-30	2944-2952	Harakiri	_	B
9-31	2953-2956	und	_	_
9-32	2957-2963	sozial	_	_
9-33	2964-2973	ungerecht	_	_
9-34	2973-2974	.	_	_

#Text=Schon bald werden Heulen und Zähneklappern einsetzen. Dann wird es keine Fridays-for-Future-Demonstrationen mehr geben, sondern Mondays for Jobs, meine Damen und Herren.
10-1	2980-2985	Schon	_	_
10-2	2986-2990	bald	_	_
10-3	2991-2997	werden	_	_
10-4	2998-3004	Heulen	_	B
10-5	3005-3008	und	_	_
10-6	3009-3022	Zähneklappern	_	B
10-7	3023-3032	einsetzen	_	_
10-8	3032-3033	.	_	_
10-9	3034-3038	Dann	_	_
10-10	3039-3043	wird	_	_
10-11	3044-3046	es	_	B
10-12	3047-3052	keine	_	B
10-13	3053-3087	Fridays-for-Future-Demonstrationen	_	I
10-14	3088-3092	mehr	_	_
10-15	3093-3098	geben	_	_
10-16	3098-3099	,	_	_
10-17	3100-3107	sondern	_	_
10-18	3108-3115	Mondays	_	B
10-19	3116-3119	for	_	I
10-20	3120-3124	Jobs	_	I
10-21	3124-3125	,	_	_
10-22	3126-3131	meine	_	B
10-23	3132-3137	Damen	_	I
10-24	3138-3141	und	_	_
10-25	3142-3148	Herren	_	B
10-26	3148-3149	.	_	_

#Text=Unser Wohlstand als Basis für unseren Sozialstaat und für den inneren Frieden wird aufs Spiel gesetzt, und hier stehen uns noch einige Zerreißproben bevor. Es ist an der Zeit, dass der Wirtschaftsminister und die Regierung Vernunft walten lassen und der Wirtschaft und den Bürgern keine neuen Verbote und Belastungen wie zum Beispiel die CO
11-1	3154-3159	Unser	_	B
11-2	3160-3169	Wohlstand	_	I
11-3	3170-3173	als	_	_
11-4	3174-3179	Basis	_	B
11-5	3180-3183	für	_	_
11-6	3184-3191	unseren	_	B
11-7	3192-3203	Sozialstaat	_	I
11-8	3204-3207	und	_	_
11-9	3208-3211	für	_	_
11-10	3212-3215	den	_	B
11-11	3216-3223	inneren	_	I
11-12	3224-3231	Frieden	_	I
11-13	3232-3236	wird	_	_
11-14	3237-3241	aufs	_	_
11-15	3242-3247	Spiel	_	B
11-16	3248-3255	gesetzt	_	_
11-17	3255-3256	,	_	_
11-18	3257-3260	und	_	_
11-19	3261-3265	hier	_	_
11-20	3266-3272	stehen	_	_
11-21	3273-3276	uns	_	B
11-22	3277-3281	noch	_	_
11-23	3282-3288	einige	_	B
11-24	3289-3302	Zerreißproben	_	I
11-25	3303-3308	bevor	_	_
11-26	3308-3309	.	_	_
11-27	3310-3312	Es	_	B
11-28	3313-3316	ist	_	_
11-29	3317-3319	an	_	_
11-30	3320-3323	der	_	B
11-31	3324-3328	Zeit	_	I
11-32	3328-3329	,	_	_
11-33	3330-3334	dass	_	_
11-34	3335-3338	der	_	B
11-35	3339-3358	Wirtschaftsminister	_	I
11-36	3359-3362	und	_	_
11-37	3363-3366	die	_	B
11-38	3367-3376	Regierung	_	I
11-39	3377-3385	Vernunft	_	I
11-40	3386-3392	walten	_	_
11-41	3393-3399	lassen	_	_
11-42	3400-3403	und	_	_
11-43	3404-3407	der	_	B
11-44	3408-3418	Wirtschaft	_	I
11-45	3419-3422	und	_	_
11-46	3423-3426	den	_	B
11-47	3427-3434	Bürgern	_	I
11-48	3435-3440	keine	_	B
11-49	3441-3446	neuen	_	I
11-50	3447-3454	Verbote	_	I
11-51	3455-3458	und	_	_
11-52	3459-3470	Belastungen	_	B
11-53	3471-3474	wie	_	_
11-54	3475-3478	zum	_	_
11-55	3479-3487	Beispiel	_	B
11-56	3488-3491	die	_	_
11-57	3492-3494	CO	_	_

#Text=Vielen Dank für die Aufmerksamkeit.
12-1	3498-3504	Vielen	_	_
12-2	3505-3509	Dank	_	_
12-3	3510-3513	für	_	_
12-4	3514-3517	die	_	B
12-5	3518-3532	Aufmerksamkeit	_	I
12-6	3532-3533	.	_	_

#Text=Für die SPD-Fraktion hat nun der Kollege Bernd Westphal das Wort.
13-1	3535-3538	Für	_	_
13-2	3539-3542	die	_	B
13-3	3543-3555	SPD-Fraktion	_	I
13-4	3556-3559	hat	_	_
13-5	3560-3563	nun	_	_
13-6	3564-3567	der	_	B
13-7	3568-3575	Kollege	_	I
13-8	3576-3581	Bernd	_	I
13-9	3582-3590	Westphal	_	I
13-10	3591-3594	das	_	B
13-11	3595-3599	Wort	_	I
13-12	3599-3600	.	_	_
