#FORMAT=WebAnno TSV 3.2
#T_SP=webanno.custom.Animacy|Animated
#T_SP=webanno.custom.CustomChunk|Chunk


#Text=Herr Kollege, Sie haben gerade wieder Ihr Verständnis von parlamentarischen Gepflogenheiten unter Beweis gestellt. Auch das qualifiziert Sie nicht in besonderer Weise. Es ist überhaupt keine Frage, dass wir – im Übrigen, seitdem es Rundfunk, Medien und die Nachrichtenlandschaft gibt – immer wieder in einem Spannungsfeld leben und Qualitätsjournalismus in jeglicher Weise nicht nur miteinander diskutieren, sondern ihn immer weiterentwickeln.
1-1	0-4	Herr	_	_
1-2	5-12	Kollege	_	B
1-3	12-13	,	_	_
1-4	14-17	Sie	_	B
1-5	18-23	haben	_	_
1-6	24-30	gerade	_	_
1-7	31-37	wieder	_	_
1-8	38-41	Ihr	_	B
1-9	42-53	Verständnis	_	I
1-10	54-57	von	_	_
1-11	58-75	parlamentarischen	_	B
1-12	76-91	Gepflogenheiten	_	I
1-13	92-97	unter	_	_
1-14	98-104	Beweis	_	B
1-15	105-113	gestellt	_	_
1-16	113-114	.	_	_
1-17	115-119	Auch	_	B
1-18	120-123	das	_	I
1-19	124-136	qualifiziert	_	_
1-20	137-140	Sie	_	B
1-21	141-146	nicht	_	_
1-22	147-149	in	_	_
1-23	150-160	besonderer	_	B
1-24	161-166	Weise	_	I
1-25	166-167	.	_	_
1-26	168-170	Es	_	B
1-27	171-174	ist	_	_
1-28	175-184	überhaupt	_	_
1-29	185-190	keine	_	B
1-30	191-196	Frage	_	I
1-31	196-197	,	_	_
1-32	198-202	dass	_	_
1-33	203-206	wir	_	B
1-34	207-208	–	_	_
1-35	209-211	im	_	_
1-36	212-219	Übrigen	_	B
1-37	219-220	,	_	_
1-38	221-228	seitdem	_	_
1-39	229-231	es	_	_
1-40	232-240	Rundfunk	_	B
1-41	240-241	,	_	_
1-42	242-248	Medien	_	B
1-43	249-252	und	_	_
1-44	253-256	die	_	B
1-45	257-278	Nachrichtenlandschaft	_	I
1-46	279-283	gibt	_	_
1-47	284-285	–	_	_
1-48	286-291	immer	_	_
1-49	292-298	wieder	_	_
1-50	299-301	in	_	_
1-51	302-307	einem	_	B
1-52	308-321	Spannungsfeld	_	I
1-53	322-327	leben	_	_
1-54	328-331	und	_	_
1-55	332-353	Qualitätsjournalismus	_	B
1-56	354-356	in	_	_
1-57	357-366	jeglicher	_	B
1-58	367-372	Weise	_	I
1-59	373-378	nicht	_	_
1-60	379-382	nur	_	_
1-61	383-394	miteinander	_	_
1-62	395-406	diskutieren	_	_
1-63	406-407	,	_	_
1-64	408-415	sondern	_	_
1-65	416-419	ihn	_	B
1-66	420-425	immer	_	_
1-67	426-442	weiterentwickeln	_	_
1-68	442-443	.	_	_

#Text=Aber an einer Sache besteht ebenfalls überhaupt kein Zweifel: Gerade der öffentlich-rechtliche Rundfunk genießt eine sehr hohe Glaubwürdigkeit in unserem Land; das ist gar keine Frage.
2-1	452-456	Aber	_	_
2-2	457-459	an	_	_
2-3	460-465	einer	_	B
2-4	466-471	Sache	_	I
2-5	472-479	besteht	_	_
2-6	480-489	ebenfalls	_	_
2-7	490-499	überhaupt	_	B
2-8	500-504	kein	_	I
2-9	505-512	Zweifel	_	I
2-10	512-513	:	_	_
2-11	514-520	Gerade	_	B
2-12	521-524	der	_	I
2-13	525-546	öffentlich-rechtliche	_	I
2-14	547-555	Rundfunk	_	I
2-15	556-563	genießt	_	_
2-16	564-568	eine	_	B
2-17	569-573	sehr	_	I
2-18	574-578	hohe	_	I
2-19	579-594	Glaubwürdigkeit	_	I
2-20	595-597	in	_	_
2-21	598-605	unserem	_	B
2-22	606-610	Land	_	I
2-23	610-611	;	_	_
2-24	612-615	das	_	B
2-25	616-619	ist	_	_
2-26	620-623	gar	_	B
2-27	624-629	keine	_	I
2-28	630-635	Frage	_	I
2-29	635-636	.	_	_

#Text=Das können Sie, wenn Sie mögen, in unterschiedlichsten Studien und Erhebungen nachvollziehen. Dass das in den Kreisen und in den Resonanzkammern Ihrer Partei in Maßen anders gesehen wird, wissen wir. Das ist aber Ihr Problem und nicht unseres.
3-1	640-643	Das	_	B
3-2	644-650	können	_	_
3-3	651-654	Sie	_	B
3-4	654-655	,	_	_
3-5	656-660	wenn	_	_
3-6	661-664	Sie	_	B
3-7	665-670	mögen	_	_
3-8	670-671	,	_	_
3-9	672-674	in	_	_
3-10	675-694	unterschiedlichsten	_	B
3-11	695-702	Studien	_	I
3-12	703-706	und	_	_
3-13	707-717	Erhebungen	_	B
3-14	718-732	nachvollziehen	_	_
3-15	732-733	.	_	_
3-16	734-738	Dass	_	_
3-17	739-742	das	_	B
3-18	743-745	in	_	_
3-19	746-749	den	_	B
3-20	750-757	Kreisen	_	I
3-21	758-761	und	_	_
3-22	762-764	in	_	_
3-23	765-768	den	_	B
3-24	769-784	Resonanzkammern	_	I
3-25	785-790	Ihrer	_	B
3-26	791-797	Partei	_	I
3-27	798-800	in	_	_
3-28	801-806	Maßen	_	B
3-29	807-813	anders	_	_
3-30	814-821	gesehen	_	_
3-31	822-826	wird	_	_
3-32	826-827	,	_	_
3-33	828-834	wissen	_	_
3-34	835-838	wir	_	B
3-35	838-839	.	_	_
3-36	840-843	Das	_	B
3-37	844-847	ist	_	_
3-38	848-852	aber	_	_
3-39	853-856	Ihr	_	B
3-40	857-864	Problem	_	I
3-41	865-868	und	_	_
3-42	869-874	nicht	_	_
3-43	875-882	unseres	_	_
3-44	882-883	.	_	_

#Text=Herzlichen Dank.
4-1	890-900	Herzlichen	_	B
4-2	901-905	Dank	_	I
4-3	905-906	.	_	_

#Text=Jetzt hat das Wort die Kollegin Doris Achelwilm, Fraktion Die Linke.
5-1	908-913	Jetzt	_	_
5-2	914-917	hat	_	_
5-3	918-921	das	_	B
5-4	922-926	Wort	_	I
5-5	927-930	die	_	B
5-6	931-939	Kollegin	_	I
5-7	940-945	Doris	_	I
5-8	946-955	Achelwilm	_	I
5-9	955-956	,	_	_
5-10	957-965	Fraktion	_	B
5-11	966-969	Die	_	B
5-12	970-975	Linke	_	I
5-13	975-976	.	_	_
