#FORMAT=WebAnno TSV 3.2
#T_SP=webanno.custom.Animacy|Animated
#T_SP=webanno.custom.CustomChunk|Chunk


#Text=Sehr geehrter Herr Präsident! Werte Kolleginnen und Kollegen! Wir beraten heute zwei Anträge zur Digitalisierung. Da haben wir einmal den Antrag der Grünen. Ihn haben wir bereits im Februar dieses Jahres debattiert. Sie stellen bis heute keinen inhaltlichen Bezug zum Koalitionsvertrag her;
1-1	0-4	Sehr	_	B
1-2	5-13	geehrter	_	I
1-3	14-18	Herr	_	I
1-4	19-28	Präsident	_	I
1-5	28-29	!	_	_
1-6	30-35	Werte	_	B
1-7	36-47	Kolleginnen	_	_
1-8	48-51	und	_	_
1-9	52-60	Kollegen	_	B
1-10	60-61	!	_	_
1-11	62-65	Wir	_	B
1-12	66-73	beraten	_	_
1-13	74-79	heute	_	_
1-14	80-84	zwei	_	B
1-15	85-92	Anträge	_	I
1-16	93-96	zur	_	_
1-17	97-112	Digitalisierung	_	B
1-18	112-113	.	_	_
1-19	114-116	Da	_	_
1-20	117-122	haben	_	_
1-21	123-126	wir	_	B
1-22	127-133	einmal	_	_
1-23	134-137	den	_	B
1-24	138-144	Antrag	_	I
1-25	145-148	der	_	B
1-26	149-155	Grünen	_	I
1-27	155-156	.	_	_
1-28	157-160	Ihn	_	B
1-29	161-166	haben	_	_
1-30	167-170	wir	_	B
1-31	171-178	bereits	_	_
1-32	179-181	im	_	_
1-33	182-189	Februar	_	B
1-34	190-196	dieses	_	B
1-35	197-203	Jahres	_	I
1-36	204-214	debattiert	_	_
1-37	214-215	.	_	_
1-38	216-219	Sie	_	B
1-39	220-227	stellen	_	_
1-40	228-231	bis	_	_
1-41	232-237	heute	_	_
1-42	238-244	keinen	_	B
1-43	245-257	inhaltlichen	_	I
1-44	258-263	Bezug	_	I
1-45	264-267	zum	_	_
1-46	268-285	Koalitionsvertrag	_	B
1-47	286-289	her	_	_
1-48	289-290	;	_	_

#Text=denn Sie fordern eine Digitalisierungsstrategie. Eine solche haben wir aber schon längst entwickelt.
2-1	297-301	denn	_	_
2-2	302-305	Sie	_	B
2-3	306-313	fordern	_	_
2-4	314-318	eine	_	B
2-5	319-344	Digitalisierungsstrategie	_	I
2-6	344-345	.	_	_
2-7	346-350	Eine	_	B
2-8	351-357	solche	_	I
2-9	358-363	haben	_	_
2-10	364-367	wir	_	B
2-11	368-372	aber	_	_
2-12	373-378	schon	_	_
2-13	379-385	längst	_	_
2-14	386-396	entwickelt	_	_
2-15	396-397	.	_	_

#Text=Jedes einzelne Ministerium arbeitet derzeit daran. Dann wollen wir – darauf haben Sie ja gerade selber hingewiesen, Herr Höferlin – diese ganzen Dinge in einer Digitalstrategie bündeln. Das Ganze wird dann von einem Gremium, dem Digitalkabinett, entsprechend weitergetragen.
3-1	400-405	Jedes	_	B
3-2	406-414	einzelne	_	I
3-3	415-426	Ministerium	_	I
3-4	427-435	arbeitet	_	_
3-5	436-443	derzeit	_	_
3-6	444-449	daran	_	_
3-7	449-450	.	_	_
3-8	451-455	Dann	_	_
3-9	456-462	wollen	_	_
3-10	463-466	wir	_	B
3-11	467-468	–	_	_
3-12	469-475	darauf	_	_
3-13	476-481	haben	_	_
3-14	482-485	Sie	_	B
3-15	486-488	ja	_	_
3-16	489-495	gerade	_	_
3-17	496-502	selber	_	_
3-18	503-514	hingewiesen	_	_
3-19	514-515	,	_	_
3-20	516-520	Herr	_	_
3-21	521-529	Höferlin	_	B
3-22	530-531	–	_	_
3-23	532-537	diese	_	B
3-24	538-544	ganzen	_	I
3-25	545-550	Dinge	_	I
3-26	551-553	in	_	_
3-27	554-559	einer	_	B
3-28	560-576	Digitalstrategie	_	I
3-29	577-584	bündeln	_	_
3-30	584-585	.	_	_
3-31	586-589	Das	_	B
3-32	590-595	Ganze	_	I
3-33	596-600	wird	_	_
3-34	601-605	dann	_	_
3-35	606-609	von	_	_
3-36	610-615	einem	_	B
3-37	616-623	Gremium	_	I
3-38	623-624	,	_	_
3-39	625-628	dem	_	B
3-40	629-644	Digitalkabinett	_	I
3-41	644-645	,	_	_
3-42	646-658	entsprechend	_	_
3-43	659-673	weitergetragen	_	_
3-44	673-674	.	_	_

#Text=Dieses Kabinett hat auch schon das erste Mal getagt.
4-1	681-687	Dieses	_	B
4-2	688-696	Kabinett	_	I
4-3	697-700	hat	_	_
4-4	701-705	auch	_	_
4-5	706-711	schon	_	_
4-6	712-715	das	_	B
4-7	716-721	erste	_	I
4-8	722-725	Mal	_	I
4-9	726-732	getagt	_	_
4-10	732-733	.	_	_

#Text=Dort werden alle Digitalthemen mit allen Ressorts unter Einbindung aller Arbeitsebenen zusammengeführt.
5-1	735-739	Dort	_	_
5-2	740-746	werden	_	_
5-3	747-751	alle	_	B
5-4	752-765	Digitalthemen	_	I
5-5	766-769	mit	_	_
5-6	770-775	allen	_	B
5-7	776-784	Ressorts	_	I
5-8	785-790	unter	_	_
5-9	791-801	Einbindung	_	B
5-10	802-807	aller	_	B
5-11	808-821	Arbeitsebenen	_	I
5-12	822-837	zusammengeführt	_	_
5-13	837-838	.	_	_

#Text=Meine Damen und Herren, der zweite Antrag kommt von der FDP und fordert eine Beschleunigung der Digitalisierung.
6-1	840-845	Meine	_	B
6-2	846-851	Damen	_	I
6-3	852-855	und	_	_
6-4	856-862	Herren	_	B
6-5	862-863	,	_	_
6-6	864-867	der	_	B
6-7	868-874	zweite	_	I
6-8	875-881	Antrag	_	I
6-9	882-887	kommt	_	_
6-10	888-891	von	_	_
6-11	892-895	der	_	B
6-12	896-899	FDP	_	I
6-13	900-903	und	_	_
6-14	904-911	fordert	_	_
6-15	912-916	eine	_	B
6-16	917-931	Beschleunigung	_	I
6-17	932-935	der	_	B
6-18	936-951	Digitalisierung	_	I
6-19	951-952	.	_	_

#Text=Liebe Kolleginnen und Kollegen von der FDP, dem Titel nach hätten Sie Ihre Inhalte schon längst vorher vorlegen können.
7-1	955-960	Liebe	_	B
7-2	961-972	Kolleginnen	_	B
7-3	973-976	und	_	_
7-4	977-985	Kollegen	_	B
7-5	986-989	von	_	_
7-6	990-993	der	_	B
7-7	994-997	FDP	_	I
7-8	997-998	,	_	_
7-9	999-1002	dem	_	B
7-10	1003-1008	Titel	_	I
7-11	1009-1013	nach	_	_
7-12	1014-1020	hätten	_	_
7-13	1021-1024	Sie	_	B
7-14	1025-1029	Ihre	_	B
7-15	1030-1037	Inhalte	_	I
7-16	1038-1043	schon	_	_
7-17	1044-1050	längst	_	_
7-18	1051-1057	vorher	_	_
7-19	1058-1066	vorlegen	_	_
7-20	1067-1073	können	_	_
7-21	1073-1074	.	_	_

#Text=Wir jedenfalls machen Tempo mit der Digitalisierung. Wir haben auch einiges auf den Weg gebracht.
8-1	1077-1080	Wir	_	B
8-2	1081-1091	jedenfalls	_	_
8-3	1092-1098	machen	_	_
8-4	1099-1104	Tempo	_	B
8-5	1105-1108	mit	_	_
8-6	1109-1112	der	_	B
8-7	1113-1128	Digitalisierung	_	I
8-8	1128-1129	.	_	_
8-9	1130-1133	Wir	_	B
8-10	1134-1139	haben	_	_
8-11	1140-1144	auch	_	_
8-12	1145-1152	einiges	_	B
8-13	1153-1156	auf	_	_
8-14	1157-1160	den	_	B
8-15	1161-1164	Weg	_	I
8-16	1165-1173	gebracht	_	_
8-17	1173-1174	.	_	_

#Text=Ich erinnere daran: Wir haben das Kooperationsverbot in der Bildung in der letzten Wahlperiode gelockert. In dieser Wahlperiode ist die Grundgesetzänderung zur Finanzierung vom Kabinett schon beschlossen worden. Deshalb können wir jetzt mit Hochdruck am Digitalpakt weiterarbeiten und insbesondere auch die Länder einbinden. Das ist ganz wichtig; denn auch deren Konzepte müssen hier zum Tragen kommen.
9-1	1177-1180	Ich	_	B
9-2	1181-1189	erinnere	_	_
9-3	1190-1195	daran	_	_
9-4	1195-1196	:	_	_
9-5	1197-1200	Wir	_	B
9-6	1201-1206	haben	_	_
9-7	1207-1210	das	_	B
9-8	1211-1229	Kooperationsverbot	_	I
9-9	1230-1232	in	_	_
9-10	1233-1236	der	_	B
9-11	1237-1244	Bildung	_	I
9-12	1245-1247	in	_	_
9-13	1248-1251	der	_	B
9-14	1252-1259	letzten	_	I
9-15	1260-1271	Wahlperiode	_	I
9-16	1272-1281	gelockert	_	_
9-17	1281-1282	.	_	_
9-18	1283-1285	In	_	_
9-19	1286-1292	dieser	_	B
9-20	1293-1304	Wahlperiode	_	I
9-21	1305-1308	ist	_	_
9-22	1309-1312	die	_	B
9-23	1313-1332	Grundgesetzänderung	_	I
9-24	1333-1336	zur	_	_
9-25	1337-1349	Finanzierung	_	B
9-26	1350-1353	vom	_	_
9-27	1354-1362	Kabinett	_	B
9-28	1363-1368	schon	_	_
9-29	1369-1380	beschlossen	_	_
9-30	1381-1387	worden	_	_
9-31	1387-1388	.	_	_
9-32	1389-1396	Deshalb	_	_
9-33	1397-1403	können	_	_
9-34	1404-1407	wir	_	B
9-35	1408-1413	jetzt	_	_
9-36	1414-1417	mit	_	_
9-37	1418-1427	Hochdruck	_	B
9-38	1428-1430	am	_	_
9-39	1431-1442	Digitalpakt	_	B
9-40	1443-1457	weiterarbeiten	_	_
9-41	1458-1461	und	_	_
9-42	1462-1474	insbesondere	_	B
9-43	1475-1479	auch	_	I
9-44	1480-1483	die	_	I
9-45	1484-1490	Länder	_	I
9-46	1491-1500	einbinden	_	_
9-47	1500-1501	.	_	_
9-48	1502-1505	Das	_	B
9-49	1506-1509	ist	_	_
9-50	1510-1514	ganz	_	_
9-51	1515-1522	wichtig	_	_
9-52	1522-1523	;	_	_
9-53	1524-1528	denn	_	_
9-54	1529-1533	auch	_	_
9-55	1534-1539	deren	_	B
9-56	1540-1548	Konzepte	_	_
9-57	1549-1555	müssen	_	_
9-58	1556-1560	hier	_	_
9-59	1561-1564	zum	_	_
9-60	1565-1571	Tragen	_	B
9-61	1572-1578	kommen	_	_
9-62	1578-1579	.	_	_

#Text=Zur künstlichen Intelligenz planen wir ein gemeinsames Forschungszentrum mit Frankreich. Chancen und Risiken für Unternehmen sollen da untersucht werden. Ich darf daran erinnern, da das ja schon 30 Jahre zurückliegt: 1988 wurde das Deutsche Forschungszentrum für Künstliche Intelligenz gegründet, um Grundlagenforschung voranzutreiben.
10-1	1586-1589	Zur	_	_
10-2	1590-1601	künstlichen	_	B
10-3	1602-1613	Intelligenz	_	I
10-4	1614-1620	planen	_	_
10-5	1621-1624	wir	_	B
10-6	1625-1628	ein	_	B
10-7	1629-1640	gemeinsames	_	I
10-8	1641-1658	Forschungszentrum	_	I
10-9	1659-1662	mit	_	_
10-10	1663-1673	Frankreich	_	B
10-11	1673-1674	.	_	_
10-12	1675-1682	Chancen	_	B
10-13	1683-1686	und	_	_
10-14	1687-1694	Risiken	_	B
10-15	1695-1698	für	_	_
10-16	1699-1710	Unternehmen	_	B
10-17	1711-1717	sollen	_	_
10-18	1718-1720	da	_	_
10-19	1721-1731	untersucht	_	_
10-20	1732-1738	werden	_	_
10-21	1738-1739	.	_	_
10-22	1740-1743	Ich	_	B
10-23	1744-1748	darf	_	_
10-24	1749-1754	daran	_	_
10-25	1755-1763	erinnern	_	_
10-26	1763-1764	,	_	_
10-27	1765-1767	da	_	_
10-28	1768-1771	das	_	B
10-29	1772-1774	ja	_	_
10-30	1775-1780	schon	_	B
10-31	1781-1783	30	_	I
10-32	1784-1789	Jahre	_	I
10-33	1790-1801	zurückliegt	_	_
10-34	1801-1802	:	_	_
10-35	1803-1807	1988	_	_
10-36	1808-1813	wurde	_	_
10-37	1814-1817	das	_	B
10-38	1818-1826	Deutsche	_	I
10-39	1827-1844	Forschungszentrum	_	I
10-40	1845-1848	für	_	_
10-41	1849-1859	Künstliche	_	B
10-42	1860-1871	Intelligenz	_	I
10-43	1872-1881	gegründet	_	_
10-44	1881-1882	,	_	_
10-45	1883-1885	um	_	_
10-46	1886-1905	Grundlagenforschung	_	B
10-47	1906-1920	voranzutreiben	_	_
10-48	1920-1921	.	_	_

#Text=Stichwort „Mobilfunkausbau und 5G“: Dazu haben wir im Beirat der Bundesnetzagentur einen wegweisenden Beschluss gefasst: Es sollen nicht nur alle Haushalte, sondern auch alle Straßen und Bahnstrecken mit schnellem Internet abgedeckt werden. Meine Damen und Herren, so schaffen wir gleichwertige Lebensverhältnisse in Stadt und Land.
11-1	1928-1937	Stichwort	_	B
11-2	1938-1939	„	_	I
11-3	1939-1954	Mobilfunkausbau	_	I
11-4	1955-1958	und	_	_
11-5	1959-1960	5	_	B
11-6	1960-1961	G	_	I
11-7	1961-1962	“	_	_
11-8	1962-1963	:	_	_
11-9	1964-1968	Dazu	_	_
11-10	1969-1974	haben	_	_
11-11	1975-1978	wir	_	B
11-12	1979-1981	im	_	_
11-13	1982-1988	Beirat	_	B
11-14	1989-1992	der	_	B
11-15	1993-2010	Bundesnetzagentur	_	I
11-16	2011-2016	einen	_	B
11-17	2017-2029	wegweisenden	_	I
11-18	2030-2039	Beschluss	_	I
11-19	2040-2047	gefasst	_	_
11-20	2047-2048	:	_	_
11-21	2049-2051	Es	_	_
11-22	2052-2058	sollen	_	_
11-23	2059-2064	nicht	_	B
11-24	2065-2068	nur	_	I
11-25	2069-2073	alle	_	I
11-26	2074-2083	Haushalte	_	I
11-27	2083-2084	,	_	_
11-28	2085-2092	sondern	_	_
11-29	2093-2097	auch	_	B
11-30	2098-2102	alle	_	I
11-31	2103-2110	Straßen	_	I
11-32	2111-2114	und	_	_
11-33	2115-2127	Bahnstrecken	_	B
11-34	2128-2131	mit	_	_
11-35	2132-2141	schnellem	_	B
11-36	2142-2150	Internet	_	I
11-37	2151-2160	abgedeckt	_	_
11-38	2161-2167	werden	_	_
11-39	2167-2168	.	_	_
11-40	2169-2174	Meine	_	B
11-41	2175-2180	Damen	_	I
11-42	2181-2184	und	_	_
11-43	2185-2191	Herren	_	B
11-44	2191-2192	,	_	_
11-45	2193-2195	so	_	_
11-46	2196-2204	schaffen	_	_
11-47	2205-2208	wir	_	B
11-48	2209-2222	gleichwertige	_	B
11-49	2223-2241	Lebensverhältnisse	_	I
11-50	2242-2244	in	_	_
11-51	2245-2250	Stadt	_	B
11-52	2251-2254	und	_	_
11-53	2255-2259	Land	_	B
11-54	2259-2260	.	_	_

#Text=Was müssen wir noch mehr vorantreiben? Den Breitbandausbau. Inzwischen sind alle Fördermittel fest vereinbart, und die Projekte laufen an. Aber die Ausschreibungen und Abstimmungsprozesse dauern zu lang.
12-1	2270-2273	Was	_	B
12-2	2274-2280	müssen	_	_
12-3	2281-2284	wir	_	B
12-4	2285-2289	noch	_	_
12-5	2290-2294	mehr	_	_
12-6	2295-2307	vorantreiben	_	_
12-7	2307-2308	?	_	_
12-8	2309-2312	Den	_	B
12-9	2313-2328	Breitbandausbau	_	I
12-10	2328-2329	.	_	_
12-11	2330-2340	Inzwischen	_	_
12-12	2341-2345	sind	_	_
12-13	2346-2350	alle	_	B
12-14	2351-2363	Fördermittel	_	I
12-15	2364-2368	fest	_	_
12-16	2369-2379	vereinbart	_	_
12-17	2379-2380	,	_	_
12-18	2381-2384	und	_	_
12-19	2385-2388	die	_	B
12-20	2389-2397	Projekte	_	I
12-21	2398-2404	laufen	_	_
12-22	2405-2407	an	_	_
12-23	2407-2408	.	_	_
12-24	2409-2413	Aber	_	_
12-25	2414-2417	die	_	B
12-26	2418-2433	Ausschreibungen	_	I
12-27	2434-2437	und	_	_
12-28	2438-2457	Abstimmungsprozesse	_	B
12-29	2458-2464	dauern	_	_
12-30	2465-2467	zu	_	_
12-31	2468-2472	lang	_	_
12-32	2472-2473	.	_	_

#Text=Das muss man kritisch reflektieren. Das Prozedere muss schlichtweg beschleunigt werden.
13-1	2479-2482	Das	_	B
13-2	2483-2487	muss	_	_
13-3	2488-2491	man	_	B
13-4	2492-2500	kritisch	_	_
13-5	2501-2513	reflektieren	_	_
13-6	2513-2514	.	_	_
13-7	2515-2518	Das	_	B
13-8	2519-2528	Prozedere	_	I
13-9	2529-2533	muss	_	_
13-10	2534-2545	schlichtweg	_	_
13-11	2546-2558	beschleunigt	_	_
13-12	2559-2565	werden	_	_
13-13	2565-2566	.	_	_

#Text=Wir stehen an dieser Stelle vor dem Neustart der Förderrichtlinie. Hier soll eine Grenze bei 30 Millionen Euro gezogen werden. Dazu sage ich an das Bundesministerium für Verkehr und digitale Infrastruktur gerichtet: Eine Deckelung versperrt den Blick auf das Ganze.
14-1	2569-2572	Wir	_	B
14-2	2573-2579	stehen	_	_
14-3	2580-2582	an	_	_
14-4	2583-2589	dieser	_	B
14-5	2590-2596	Stelle	_	I
14-6	2597-2600	vor	_	_
14-7	2601-2604	dem	_	B
14-8	2605-2613	Neustart	_	I
14-9	2614-2617	der	_	B
14-10	2618-2634	Förderrichtlinie	_	I
14-11	2634-2635	.	_	_
14-12	2636-2640	Hier	_	_
14-13	2641-2645	soll	_	_
14-14	2646-2650	eine	_	B
14-15	2651-2657	Grenze	_	I
14-16	2658-2661	bei	_	_
14-17	2662-2664	30	_	B
14-18	2665-2674	Millionen	_	I
14-19	2675-2679	Euro	_	I
14-20	2680-2687	gezogen	_	_
14-21	2688-2694	werden	_	_
14-22	2694-2695	.	_	_
14-23	2696-2700	Dazu	_	_
14-24	2701-2705	sage	_	_
14-25	2706-2709	ich	_	B
14-26	2710-2712	an	_	_
14-27	2713-2716	das	_	B
14-28	2717-2734	Bundesministerium	_	I
14-29	2735-2738	für	_	_
14-30	2739-2746	Verkehr	_	B
14-31	2747-2750	und	_	_
14-32	2751-2759	digitale	_	B
14-33	2760-2773	Infrastruktur	_	I
14-34	2774-2783	gerichtet	_	_
14-35	2783-2784	:	_	_
14-36	2785-2789	Eine	_	B
14-37	2790-2799	Deckelung	_	I
14-38	2800-2809	versperrt	_	_
14-39	2810-2813	den	_	B
14-40	2814-2819	Blick	_	I
14-41	2820-2823	auf	_	_
14-42	2824-2827	das	_	B
14-43	2828-2833	Ganze	_	I
14-44	2833-2834	.	_	_

#Text=Und gerade beim Breitbandausbau müssen wir flächendeckend denken. Liebe Kolleginnen und Kollegen, da müssen wir Parlamentarier uns melden und auch Verbesserungen einfordern.
15-1	2839-2842	Und	_	_
15-2	2843-2849	gerade	_	_
15-3	2850-2854	beim	_	_
15-4	2855-2870	Breitbandausbau	_	B
15-5	2871-2877	müssen	_	_
15-6	2878-2881	wir	_	B
15-7	2882-2896	flächendeckend	_	_
15-8	2897-2903	denken	_	_
15-9	2903-2904	.	_	_
15-10	2905-2910	Liebe	_	B
15-11	2911-2922	Kolleginnen	_	_
15-12	2923-2926	und	_	_
15-13	2927-2935	Kollegen	_	B
15-14	2935-2936	,	_	_
15-15	2937-2939	da	_	_
15-16	2940-2946	müssen	_	_
15-17	2947-2950	wir	_	B
15-18	2951-2965	Parlamentarier	_	B
15-19	2966-2969	uns	_	B
15-20	2970-2976	melden	_	_
15-21	2977-2980	und	_	_
15-22	2981-2985	auch	_	_
15-23	2986-3000	Verbesserungen	_	B
15-24	3001-3011	einfordern	_	_
15-25	3011-3012	.	_	_

#Text=Das Gleiche gilt für den Gigabit-Investitionsfonds: Wenn hier 12 Milliarden Euro an Fördermittel vorgesehen sind, dann sollten die in Glasfaser investiert werden. Das Umschwenken von Vectoring auf Glasfaser und Gigabit sollten wir belohnen.
16-1	3016-3019	Das	_	B
16-2	3020-3027	Gleiche	_	I
16-3	3028-3032	gilt	_	_
16-4	3033-3036	für	_	_
16-5	3037-3040	den	_	B
16-6	3041-3066	Gigabit-Investitionsfonds	_	I
16-7	3066-3067	:	_	_
16-8	3068-3072	Wenn	_	_
16-9	3073-3077	hier	_	_
16-10	3078-3080	12	_	B
16-11	3081-3091	Milliarden	_	I
16-12	3092-3096	Euro	_	I
16-13	3097-3099	an	_	_
16-14	3100-3112	Fördermittel	_	B
16-15	3113-3123	vorgesehen	_	_
16-16	3124-3128	sind	_	_
16-17	3128-3129	,	_	_
16-18	3130-3134	dann	_	_
16-19	3135-3142	sollten	_	_
16-20	3143-3146	die	_	_
16-21	3147-3149	in	_	_
16-22	3150-3159	Glasfaser	_	B
16-23	3160-3170	investiert	_	_
16-24	3171-3177	werden	_	_
16-25	3177-3178	.	_	_
16-26	3179-3182	Das	_	B
16-27	3183-3194	Umschwenken	_	I
16-28	3195-3198	von	_	_
16-29	3199-3208	Vectoring	_	B
16-30	3209-3212	auf	_	_
16-31	3213-3222	Glasfaser	_	B
16-32	3223-3226	und	_	_
16-33	3227-3234	Gigabit	_	B
16-34	3235-3242	sollten	_	_
16-35	3243-3246	wir	_	B
16-36	3247-3255	belohnen	_	_
16-37	3255-3256	.	_	_

#Text=Ich sage auch: Haushaltsdisziplin tut gut. Aber wir können zur Finanzierung des Breitbandausbaus nicht auf die Versteigerung der Mobilfunkfrequenzen warten. Wir müssen den Fonds schon jetzt zwischenfinanzieren, damit er ins Rollen kommt und nicht erst im Jahr 2020.
17-1	3261-3264	Ich	_	B
17-2	3265-3269	sage	_	_
17-3	3270-3274	auch	_	_
17-4	3274-3275	:	_	_
17-5	3276-3294	Haushaltsdisziplin	_	B
17-6	3295-3298	tut	_	_
17-7	3299-3302	gut	_	_
17-8	3302-3303	.	_	_
17-9	3304-3308	Aber	_	_
17-10	3309-3312	wir	_	B
17-11	3313-3319	können	_	_
17-12	3320-3323	zur	_	_
17-13	3324-3336	Finanzierung	_	B
17-14	3337-3340	des	_	B
17-15	3341-3357	Breitbandausbaus	_	I
17-16	3358-3363	nicht	_	_
17-17	3364-3367	auf	_	_
17-18	3368-3371	die	_	B
17-19	3372-3385	Versteigerung	_	I
17-20	3386-3389	der	_	B
17-21	3390-3409	Mobilfunkfrequenzen	_	I
17-22	3410-3416	warten	_	_
17-23	3416-3417	.	_	_
17-24	3418-3421	Wir	_	B
17-25	3422-3428	müssen	_	_
17-26	3429-3432	den	_	B
17-27	3433-3438	Fonds	_	I
17-28	3439-3444	schon	_	_
17-29	3445-3450	jetzt	_	_
17-30	3451-3470	zwischenfinanzieren	_	_
17-31	3470-3471	,	_	_
17-32	3472-3477	damit	_	_
17-33	3478-3480	er	_	B
17-34	3481-3484	ins	_	_
17-35	3485-3491	Rollen	_	B
17-36	3492-3497	kommt	_	_
17-37	3498-3501	und	_	_
17-38	3502-3507	nicht	_	_
17-39	3508-3512	erst	_	_
17-40	3513-3515	im	_	_
17-41	3516-3520	Jahr	_	B
17-42	3521-3526	2020.	_	_

#Text=Entsprechende Signale gibt es auch von der Bundesregierung dazu. Die Vorfinanzierung wünsche ich mir nicht nur; sie wird auch in den nächsten Monaten kommen müssen.
18-1	3531-3544	Entsprechende	_	B
18-2	3545-3552	Signale	_	I
18-3	3553-3557	gibt	_	_
18-4	3558-3560	es	_	_
18-5	3561-3565	auch	_	_
18-6	3566-3569	von	_	_
18-7	3570-3573	der	_	B
18-8	3574-3589	Bundesregierung	_	I
18-9	3590-3594	dazu	_	_
18-10	3594-3595	.	_	_
18-11	3596-3599	Die	_	B
18-12	3600-3615	Vorfinanzierung	_	I
18-13	3616-3623	wünsche	_	_
18-14	3624-3627	ich	_	B
18-15	3628-3631	mir	_	B
18-16	3632-3637	nicht	_	_
18-17	3638-3641	nur	_	_
18-18	3641-3642	;	_	_
18-19	3643-3646	sie	_	B
18-20	3647-3651	wird	_	_
18-21	3652-3656	auch	_	_
18-22	3657-3659	in	_	_
18-23	3660-3663	den	_	B
18-24	3664-3672	nächsten	_	I
18-25	3673-3680	Monaten	_	I
18-26	3681-3687	kommen	_	_
18-27	3688-3694	müssen	_	_
18-28	3694-3695	.	_	_

#Text=Das Ganze gilt doch auch für die sogenannten grauen Flecken: Das sind Gebiete, die bereits 30 Megabit pro Sekunde erhalten. Sie sind von der Förderung ausgeschlossen. Aber für eine Gigabit-Gesellschaft brauchen wir auch hier höhere Bandbreiten.
19-1	3699-3702	Das	_	B
19-2	3703-3708	Ganze	_	I
19-3	3709-3713	gilt	_	_
19-4	3714-3718	doch	_	_
19-5	3719-3723	auch	_	_
19-6	3724-3727	für	_	_
19-7	3728-3731	die	_	B
19-8	3732-3743	sogenannten	_	I
19-9	3744-3750	grauen	_	I
19-10	3751-3758	Flecken	_	I
19-11	3758-3759	:	_	_
19-12	3760-3763	Das	_	B
19-13	3764-3768	sind	_	_
19-14	3769-3776	Gebiete	_	B
19-15	3776-3777	,	_	_
19-16	3778-3781	die	_	B
19-17	3782-3789	bereits	_	_
19-18	3790-3792	30	_	B
19-19	3793-3800	Megabit	_	I
19-20	3801-3804	pro	_	_
19-21	3805-3812	Sekunde	_	B
19-22	3813-3821	erhalten	_	_
19-23	3821-3822	.	_	_
19-24	3823-3826	Sie	_	B
19-25	3827-3831	sind	_	_
19-26	3832-3835	von	_	_
19-27	3836-3839	der	_	B
19-28	3840-3849	Förderung	_	I
19-29	3850-3864	ausgeschlossen	_	_
19-30	3864-3865	.	_	_
19-31	3866-3870	Aber	_	_
19-32	3871-3874	für	_	_
19-33	3875-3879	eine	_	B
19-34	3880-3900	Gigabit-Gesellschaft	_	I
19-35	3901-3909	brauchen	_	_
19-36	3910-3913	wir	_	B
19-37	3914-3918	auch	_	_
19-38	3919-3923	hier	_	_
19-39	3924-3930	höhere	_	B
19-40	3931-3942	Bandbreiten	_	I
19-41	3942-3943	.	_	_

#Text=Meine Damen und Herren, unser Förderprogramm hat dem Markt neue Impulse gegeben: Die Telekommunikationsunternehmen investieren in die Netze. Allerdings gibt es immer wieder Fälle, dass Netzanbieter ihre Kabel direkt neben die geförderten Netze legen wollen. Diese Doppelverlegung unterläuft die gesamten Fördervoraussetzungen.
20-1	3949-3954	Meine	_	B
20-2	3955-3960	Damen	_	I
20-3	3961-3964	und	_	_
20-4	3965-3971	Herren	_	B
20-5	3971-3972	,	_	_
20-6	3973-3978	unser	_	B
20-7	3979-3993	Förderprogramm	_	I
20-8	3994-3997	hat	_	_
20-9	3998-4001	dem	_	B
20-10	4002-4007	Markt	_	I
20-11	4008-4012	neue	_	B
20-12	4013-4020	Impulse	_	I
20-13	4021-4028	gegeben	_	_
20-14	4028-4029	:	_	_
20-15	4030-4033	Die	_	B
20-16	4034-4063	Telekommunikationsunternehmen	_	I
20-17	4064-4075	investieren	_	_
20-18	4076-4078	in	_	_
20-19	4079-4082	die	_	B
20-20	4083-4088	Netze	_	I
20-21	4088-4089	.	_	_
20-22	4090-4100	Allerdings	_	_
20-23	4101-4105	gibt	_	_
20-24	4106-4108	es	_	_
20-25	4109-4114	immer	_	_
20-26	4115-4121	wieder	_	_
20-27	4122-4127	Fälle	_	B
20-28	4127-4128	,	_	_
20-29	4129-4133	dass	_	_
20-30	4134-4146	Netzanbieter	_	B
20-31	4147-4151	ihre	_	B
20-32	4152-4157	Kabel	_	I
20-33	4158-4164	direkt	_	_
20-34	4165-4170	neben	_	_
20-35	4171-4174	die	_	B
20-36	4175-4186	geförderten	_	I
20-37	4187-4192	Netze	_	I
20-38	4193-4198	legen	_	_
20-39	4199-4205	wollen	_	_
20-40	4205-4206	.	_	_
20-41	4207-4212	Diese	_	B
20-42	4213-4228	Doppelverlegung	_	I
20-43	4229-4239	unterläuft	_	_
20-44	4240-4243	die	_	B
20-45	4244-4252	gesamten	_	I
20-46	4253-4274	Fördervoraussetzungen	_	I
20-47	4274-4275	.	_	_

#Text=Kurze Erklärung: Ich denke, wir sollten hier ganz klar differenzieren. Investitionen in Netze sind immer gut, und der Wettbewerb zwischen den Unternehmen treibt den Ausbau voran. Aber: Geförderte Netze müssen wir stärker schützen. Denn hier werden weiße Flecken in Gegenden erschlossen, wo es bisher gar keinen Wettbewerb gegeben hat. Deshalb müssen wir dafür sorgen, dass die Förderprojekte in den Landkreisen weiter rentabel bleiben. Die Bundesnetzagentur, denke ich, ist hier gefordert, als Mediator einzuschreiten und entsprechend zu vermitteln.
21-1	4282-4287	Kurze	_	B
21-2	4288-4297	Erklärung	_	I
21-3	4297-4298	:	_	_
21-4	4299-4302	Ich	_	B
21-5	4303-4308	denke	_	_
21-6	4308-4309	,	_	_
21-7	4310-4313	wir	_	B
21-8	4314-4321	sollten	_	_
21-9	4322-4326	hier	_	_
21-10	4327-4331	ganz	_	_
21-11	4332-4336	klar	_	_
21-12	4337-4351	differenzieren	_	_
21-13	4351-4352	.	_	_
21-14	4353-4366	Investitionen	_	B
21-15	4367-4369	in	_	_
21-16	4370-4375	Netze	_	B
21-17	4376-4380	sind	_	_
21-18	4381-4386	immer	_	_
21-19	4387-4390	gut	_	_
21-20	4390-4391	,	_	_
21-21	4392-4395	und	_	_
21-22	4396-4399	der	_	B
21-23	4400-4410	Wettbewerb	_	I
21-24	4411-4419	zwischen	_	_
21-25	4420-4423	den	_	B
21-26	4424-4435	Unternehmen	_	I
21-27	4436-4442	treibt	_	_
21-28	4443-4446	den	_	B
21-29	4447-4453	Ausbau	_	I
21-30	4454-4459	voran	_	_
21-31	4459-4460	.	_	_
21-32	4461-4465	Aber	_	_
21-33	4465-4466	:	_	_
21-34	4467-4477	Geförderte	_	B
21-35	4478-4483	Netze	_	I
21-36	4484-4490	müssen	_	_
21-37	4491-4494	wir	_	B
21-38	4495-4502	stärker	_	_
21-39	4503-4511	schützen	_	_
21-40	4511-4512	.	_	_
21-41	4513-4517	Denn	_	_
21-42	4518-4522	hier	_	_
21-43	4523-4529	werden	_	_
21-44	4530-4535	weiße	_	B
21-45	4536-4543	Flecken	_	I
21-46	4544-4546	in	_	_
21-47	4547-4555	Gegenden	_	B
21-48	4556-4567	erschlossen	_	_
21-49	4567-4568	,	_	_
21-50	4569-4571	wo	_	_
21-51	4572-4574	es	_	B
21-52	4575-4581	bisher	_	_
21-53	4582-4585	gar	_	_
21-54	4586-4592	keinen	_	B
21-55	4593-4603	Wettbewerb	_	I
21-56	4604-4611	gegeben	_	_
21-57	4612-4615	hat	_	_
21-58	4615-4616	.	_	_
21-59	4617-4624	Deshalb	_	_
21-60	4625-4631	müssen	_	_
21-61	4632-4635	wir	_	B
21-62	4636-4641	dafür	_	_
21-63	4642-4648	sorgen	_	_
21-64	4648-4649	,	_	_
21-65	4650-4654	dass	_	_
21-66	4655-4658	die	_	B
21-67	4659-4673	Förderprojekte	_	I
21-68	4674-4676	in	_	_
21-69	4677-4680	den	_	B
21-70	4681-4692	Landkreisen	_	I
21-71	4693-4699	weiter	_	_
21-72	4700-4708	rentabel	_	_
21-73	4709-4716	bleiben	_	_
21-74	4716-4717	.	_	_
21-75	4718-4721	Die	_	B
21-76	4722-4739	Bundesnetzagentur	_	I
21-77	4739-4740	,	_	_
21-78	4741-4746	denke	_	_
21-79	4747-4750	ich	_	B
21-80	4750-4751	,	_	_
21-81	4752-4755	ist	_	_
21-82	4756-4760	hier	_	_
21-83	4761-4770	gefordert	_	_
21-84	4770-4771	,	_	_
21-85	4772-4775	als	_	_
21-86	4776-4784	Mediator	_	B
21-87	4785-4799	einzuschreiten	_	_
21-88	4800-4803	und	_	_
21-89	4804-4816	entsprechend	_	_
21-90	4817-4819	zu	_	_
21-91	4820-4830	vermitteln	_	_
21-92	4830-4831	.	_	_

#Text=Meine Damen und Herren, abschließend noch einige Worte zum Thema Cybersicherheit. Denn der Erfolg der Digitalisierung wird maßgeblich von unseren Maßnahmen in diesem Bereich abhängen. Eine aktuelle Zahl zur Veranschaulichung: 55 Milliarden Euro an Schäden entstehen jährlich durch Cybercrime. Und dabei sind wir in Deutschland noch nicht einmal voll digitalisiert. Deshalb müssen wir das Bundesamt für Sicherheit in der Informationstechnik, kurz BSI, personell stärken. Ein Vergleich macht das, denke ich, deutlich: Das Eisenbahn-Bundesamt – zuständig für die Sicherheit auf der Schiene – hat 1 200 Mitarbeiter. Das BSI – zuständig für die Sicherheit im Netz – kommt gerade einmal auf 800 Mitarbeiter. Das BSI ist heute schon als Sicherheitsberater für den Mittelstand tätig. Auch hier gilt es: weiter ausbauen und die Zahl der Mitarbeiter erhöhen.
22-1	4847-4852	Meine	_	B
22-2	4853-4858	Damen	_	I
22-3	4859-4862	und	_	_
22-4	4863-4869	Herren	_	B
22-5	4869-4870	,	_	_
22-6	4871-4883	abschließend	_	_
22-7	4884-4888	noch	_	_
22-8	4889-4895	einige	_	_
22-9	4896-4901	Worte	_	_
22-10	4902-4905	zum	_	_
22-11	4906-4911	Thema	_	B
22-12	4912-4927	Cybersicherheit	_	I
22-13	4927-4928	.	_	_
22-14	4929-4933	Denn	_	_
22-15	4934-4937	der	_	B
22-16	4938-4944	Erfolg	_	I
22-17	4945-4948	der	_	B
22-18	4949-4964	Digitalisierung	_	I
22-19	4965-4969	wird	_	_
22-20	4970-4980	maßgeblich	_	_
22-21	4981-4984	von	_	_
22-22	4985-4992	unseren	_	B
22-23	4993-5002	Maßnahmen	_	I
22-24	5003-5005	in	_	_
22-25	5006-5012	diesem	_	B
22-26	5013-5020	Bereich	_	I
22-27	5021-5029	abhängen	_	_
22-28	5029-5030	.	_	_
22-29	5031-5035	Eine	_	B
22-30	5036-5044	aktuelle	_	I
22-31	5045-5049	Zahl	_	I
22-32	5050-5053	zur	_	_
22-33	5054-5071	Veranschaulichung	_	B
22-34	5071-5072	:	_	_
22-35	5073-5075	55	_	B
22-36	5076-5086	Milliarden	_	I
22-37	5087-5091	Euro	_	I
22-38	5092-5094	an	_	_
22-39	5095-5102	Schäden	_	B
22-40	5103-5112	entstehen	_	_
22-41	5113-5121	jährlich	_	_
22-42	5122-5127	durch	_	_
22-43	5128-5138	Cybercrime	_	B
22-44	5138-5139	.	_	_
22-45	5140-5143	Und	_	_
22-46	5144-5149	dabei	_	_
22-47	5150-5154	sind	_	_
22-48	5155-5158	wir	_	B
22-49	5159-5161	in	_	_
22-50	5162-5173	Deutschland	_	B
22-51	5174-5178	noch	_	_
22-52	5179-5184	nicht	_	_
22-53	5185-5191	einmal	_	_
22-54	5192-5196	voll	_	_
22-55	5197-5210	digitalisiert	_	_
22-56	5210-5211	.	_	_
22-57	5212-5219	Deshalb	_	_
22-58	5220-5226	müssen	_	_
22-59	5227-5230	wir	_	B
22-60	5231-5234	das	_	B
22-61	5235-5244	Bundesamt	_	I
22-62	5245-5248	für	_	_
22-63	5249-5259	Sicherheit	_	B
22-64	5260-5262	in	_	_
22-65	5263-5266	der	_	B
22-66	5267-5286	Informationstechnik	_	I
22-67	5286-5287	,	_	_
22-68	5288-5292	kurz	_	B
22-69	5293-5296	BSI	_	I
22-70	5296-5297	,	_	_
22-71	5298-5307	personell	_	_
22-72	5308-5315	stärken	_	_
22-73	5315-5316	.	_	_
22-74	5317-5320	Ein	_	B
22-75	5321-5330	Vergleich	_	I
22-76	5331-5336	macht	_	_
22-77	5337-5340	das	_	B
22-78	5340-5341	,	_	_
22-79	5342-5347	denke	_	_
22-80	5348-5351	ich	_	B
22-81	5351-5352	,	_	_
22-82	5353-5361	deutlich	_	_
22-83	5361-5362	:	_	_
22-84	5363-5366	Das	_	B
22-85	5367-5386	Eisenbahn-Bundesamt	_	I
22-86	5387-5388	–	_	_
22-87	5389-5398	zuständig	_	_
22-88	5399-5402	für	_	_
22-89	5403-5406	die	_	B
22-90	5407-5417	Sicherheit	_	I
22-91	5418-5421	auf	_	_
22-92	5422-5425	der	_	B
22-93	5426-5433	Schiene	_	I
22-94	5434-5435	–	_	_
22-95	5436-5439	hat	_	_
22-96	5440-5441	1	_	_
22-97	5442-5445	200	_	B
22-98	5446-5457	Mitarbeiter	_	I
22-99	5457-5458	.	_	_
22-100	5459-5462	Das	_	B
22-101	5463-5466	BSI	_	I
22-102	5467-5468	–	_	_
22-103	5469-5478	zuständig	_	_
22-104	5479-5482	für	_	_
22-105	5483-5486	die	_	B
22-106	5487-5497	Sicherheit	_	I
22-107	5498-5500	im	_	_
22-108	5501-5505	Netz	_	B
22-109	5506-5507	–	_	_
22-110	5508-5513	kommt	_	_
22-111	5514-5520	gerade	_	_
22-112	5521-5527	einmal	_	_
22-113	5528-5531	auf	_	_
22-114	5532-5535	800	_	B
22-115	5536-5547	Mitarbeiter	_	I
22-116	5547-5548	.	_	_
22-117	5549-5552	Das	_	B
22-118	5553-5556	BSI	_	I
22-119	5557-5560	ist	_	_
22-120	5561-5566	heute	_	_
22-121	5567-5572	schon	_	_
22-122	5573-5576	als	_	_
22-123	5577-5595	Sicherheitsberater	_	B
22-124	5596-5599	für	_	_
22-125	5600-5603	den	_	B
22-126	5604-5615	Mittelstand	_	I
22-127	5616-5621	tätig	_	_
22-128	5621-5622	.	_	_
22-129	5623-5627	Auch	_	_
22-130	5628-5632	hier	_	_
22-131	5633-5637	gilt	_	_
22-132	5638-5640	es	_	B
22-133	5640-5641	:	_	_
22-134	5642-5648	weiter	_	_
22-135	5649-5657	ausbauen	_	_
22-136	5658-5661	und	_	_
22-137	5662-5665	die	_	B
22-138	5666-5670	Zahl	_	I
22-139	5671-5674	der	_	B
22-140	5675-5686	Mitarbeiter	_	I
22-141	5687-5694	erhöhen	_	_
22-142	5694-5695	.	_	_

#Text=Und wir müssen unsere Wirtschaft mit Digitalstrategien und Netzwerken fit machen. Nur so können wir uns auf dem Weltmarkt gegenüber China und auch den USA behaupten.
23-1	5713-5716	Und	_	_
23-2	5717-5720	wir	_	B
23-3	5721-5727	müssen	_	_
23-4	5728-5734	unsere	_	B
23-5	5735-5745	Wirtschaft	_	I
23-6	5746-5749	mit	_	_
23-7	5750-5767	Digitalstrategien	_	B
23-8	5768-5771	und	_	_
23-9	5772-5782	Netzwerken	_	B
23-10	5783-5786	fit	_	_
23-11	5787-5793	machen	_	_
23-12	5793-5794	.	_	_
23-13	5795-5798	Nur	_	_
23-14	5799-5801	so	_	_
23-15	5802-5808	können	_	_
23-16	5809-5812	wir	_	B
23-17	5813-5816	uns	_	B
23-18	5817-5820	auf	_	_
23-19	5821-5824	dem	_	B
23-20	5825-5834	Weltmarkt	_	I
23-21	5835-5844	gegenüber	_	_
23-22	5845-5850	China	_	B
23-23	5851-5854	und	_	_
23-24	5855-5859	auch	_	B
23-25	5860-5863	den	_	I
23-26	5864-5867	USA	_	I
23-27	5868-5877	behaupten	_	_
23-28	5877-5878	.	_	_

#Text=Deshalb müssen wir gerade in diesen Fragen die Internationalisierung im Blick behalten. Denn unsere Unternehmen brauchen globale Märkte. Meine Damen und Herren, beim Thema Digitalisierung kommt es auf Geschwindigkeit an: Wir machen weiter Tempo bei Breitband, künstlicher Intelligenz und Cybersicherheit. So machen wir unsere Wirtschaft fit für die Herausforderungen von morgen.
24-1	5881-5888	Deshalb	_	_
24-2	5889-5895	müssen	_	_
24-3	5896-5899	wir	_	B
24-4	5900-5906	gerade	_	_
24-5	5907-5909	in	_	_
24-6	5910-5916	diesen	_	B
24-7	5917-5923	Fragen	_	I
24-8	5924-5927	die	_	B
24-9	5928-5949	Internationalisierung	_	I
24-10	5950-5952	im	_	_
24-11	5953-5958	Blick	_	B
24-12	5959-5967	behalten	_	_
24-13	5967-5968	.	_	_
24-14	5969-5973	Denn	_	_
24-15	5974-5980	unsere	_	B
24-16	5981-5992	Unternehmen	_	I
24-17	5993-6001	brauchen	_	_
24-18	6002-6009	globale	_	B
24-19	6010-6016	Märkte	_	I
24-20	6016-6017	.	_	_
24-21	6018-6023	Meine	_	B
24-22	6024-6029	Damen	_	I
24-23	6030-6033	und	_	_
24-24	6034-6040	Herren	_	B
24-25	6040-6041	,	_	_
24-26	6042-6046	beim	_	_
24-27	6047-6052	Thema	_	B
24-28	6053-6068	Digitalisierung	_	I
24-29	6069-6074	kommt	_	_
24-30	6075-6077	es	_	_
24-31	6078-6081	auf	_	_
24-32	6082-6097	Geschwindigkeit	_	B
24-33	6098-6100	an	_	_
24-34	6100-6101	:	_	_
24-35	6102-6105	Wir	_	B
24-36	6106-6112	machen	_	_
24-37	6113-6119	weiter	_	_
24-38	6120-6125	Tempo	_	B
24-39	6126-6129	bei	_	_
24-40	6130-6139	Breitband	_	B
24-41	6139-6140	,	_	_
24-42	6141-6152	künstlicher	_	B
24-43	6153-6164	Intelligenz	_	I
24-44	6165-6168	und	_	_
24-45	6169-6184	Cybersicherheit	_	B
24-46	6184-6185	.	_	_
24-47	6186-6188	So	_	_
24-48	6189-6195	machen	_	_
24-49	6196-6199	wir	_	B
24-50	6200-6206	unsere	_	B
24-51	6207-6217	Wirtschaft	_	I
24-52	6218-6221	fit	_	_
24-53	6222-6225	für	_	_
24-54	6226-6229	die	_	B
24-55	6230-6247	Herausforderungen	_	I
24-56	6248-6251	von	_	_
24-57	6252-6258	morgen	_	_
24-58	6258-6259	.	_	_

#Text=Vielen Dank für die Aufmerksamkeit.
25-1	6267-6273	Vielen	_	_
25-2	6274-6278	Dank	_	_
25-3	6279-6282	für	_	_
25-4	6283-6286	die	_	B
25-5	6287-6301	Aufmerksamkeit	_	I
25-6	6301-6302	.	_	_

#Text=Herzlichen Dank, Herr Kollege. – Als Nächstes für die AfD-Fraktion der Kollege Uwe Schulz.
26-1	6304-6314	Herzlichen	_	B
26-2	6315-6319	Dank	_	I
26-3	6319-6320	,	_	_
26-4	6321-6325	Herr	_	B
26-5	6326-6333	Kollege	_	I
26-6	6333-6334	.	_	_
26-7	6335-6336	–	_	_
26-8	6337-6340	Als	_	_
26-9	6341-6349	Nächstes	_	_
26-10	6350-6353	für	_	_
26-11	6354-6357	die	_	B
26-12	6358-6370	AfD-Fraktion	_	I
26-13	6371-6374	der	_	B
26-14	6375-6382	Kollege	_	I
26-15	6383-6386	Uwe	_	I
26-16	6387-6393	Schulz	_	I
26-17	6393-6394	.	_	_
