#FORMAT=WebAnno TSV 3.2
#T_SP=webanno.custom.Animacy|Animated
#T_SP=webanno.custom.CustomChunk|Chunk


#Text=Frau Präsidentin! Liebe Kolleginnen und Kollegen! Hinter uns liegt schon eine beeindruckende Woche: Kaum sind die Kanzlerin und der Entwicklungsminister von ihren Afrikareisen zurück, erklärt der Bundesinnenminister die Migrationsthematik zur alles bestimmenden Menschheitsfrage. Dass die Union ihre Streitigkeiten auf dem Rücken der fast 20 Millionen Menschen mit Migrationshintergrund in Deutschland austrägt, finde ich unerträglich. Lassen Sie mich das mal ganz deutlich sagen: Wer behauptet, dass Migration die Mutter aller Probleme sei, der macht sich wahrlich, liebe Kolleginnen und Kollegen, zum Horst.
1-1	0-4	Frau	_	B
1-2	5-16	Präsidentin	_	I
1-3	16-17	!	_	_
1-4	18-23	Liebe	_	B
1-5	24-35	Kolleginnen	_	_
1-6	36-39	und	_	_
1-7	40-48	Kollegen	_	B
1-8	48-49	!	_	_
1-9	50-56	Hinter	_	_
1-10	57-60	uns	_	B
1-11	61-66	liegt	_	_
1-12	67-72	schon	_	B
1-13	73-77	eine	_	I
1-14	78-92	beeindruckende	_	I
1-15	93-98	Woche	_	I
1-16	98-99	:	_	_
1-17	100-104	Kaum	_	_
1-18	105-109	sind	_	_
1-19	110-113	die	_	B
1-20	114-123	Kanzlerin	_	I
1-21	124-127	und	_	_
1-22	128-131	der	_	B
1-23	132-152	Entwicklungsminister	_	I
1-24	153-156	von	_	_
1-25	157-162	ihren	_	B
1-26	163-175	Afrikareisen	_	I
1-27	176-182	zurück	_	_
1-28	182-183	,	_	_
1-29	184-191	erklärt	_	_
1-30	192-195	der	_	B
1-31	196-215	Bundesinnenminister	_	I
1-32	216-219	die	_	B
1-33	220-238	Migrationsthematik	_	I
1-34	239-242	zur	_	_
1-35	243-248	alles	_	B
1-36	249-261	bestimmenden	_	B
1-37	262-278	Menschheitsfrage	_	I
1-38	278-279	.	_	_
1-39	280-284	Dass	_	_
1-40	285-288	die	_	B
1-41	289-294	Union	_	I
1-42	295-299	ihre	_	B
1-43	300-314	Streitigkeiten	_	I
1-44	315-318	auf	_	_
1-45	319-322	dem	_	B
1-46	323-329	Rücken	_	I
1-47	330-333	der	_	B
1-48	334-338	fast	_	I
1-49	339-341	20	_	I
1-50	342-351	Millionen	_	I
1-51	352-360	Menschen	_	I
1-52	361-364	mit	_	_
1-53	365-386	Migrationshintergrund	_	B
1-54	387-389	in	_	_
1-55	390-401	Deutschland	_	B
1-56	402-410	austrägt	_	_
1-57	410-411	,	_	_
1-58	412-417	finde	_	_
1-59	418-421	ich	_	B
1-60	422-434	unerträglich	_	_
1-61	434-435	.	_	_
1-62	436-442	Lassen	_	_
1-63	443-446	Sie	_	B
1-64	447-451	mich	_	B
1-65	452-455	das	_	B
1-66	456-459	mal	_	_
1-67	460-464	ganz	_	_
1-68	465-473	deutlich	_	_
1-69	474-479	sagen	_	_
1-70	479-480	:	_	_
1-71	481-484	Wer	_	B
1-72	485-494	behauptet	_	_
1-73	494-495	,	_	_
1-74	496-500	dass	_	_
1-75	501-510	Migration	_	B
1-76	511-514	die	_	B
1-77	515-521	Mutter	_	I
1-78	522-527	aller	_	B
1-79	528-536	Probleme	_	I
1-80	537-540	sei	_	_
1-81	540-541	,	_	_
1-82	542-545	der	_	_
1-83	546-551	macht	_	_
1-84	552-556	sich	_	B
1-85	557-565	wahrlich	_	_
1-86	565-566	,	_	_
1-87	567-572	liebe	_	B
1-88	573-584	Kolleginnen	_	I
1-89	585-588	und	_	_
1-90	589-597	Kollegen	_	B
1-91	597-598	,	_	_
1-92	599-602	zum	_	_
1-93	603-608	Horst	_	B
1-94	608-609	.	_	_

#Text=Die Mutter aller Probleme sind nicht Migranten, sondern Politiker, die sich seit Jahrzehnten der Realität verweigern und keine Visionen für die Zukunft entwickeln.
2-1	623-626	Die	_	B
2-2	627-633	Mutter	_	I
2-3	634-639	aller	_	B
2-4	640-648	Probleme	_	I
2-5	649-653	sind	_	_
2-6	654-659	nicht	_	B
2-7	660-669	Migranten	_	I
2-8	669-670	,	_	_
2-9	671-678	sondern	_	_
2-10	679-688	Politiker	_	B
2-11	688-689	,	_	_
2-12	690-693	die	_	B
2-13	694-698	sich	_	B
2-14	699-703	seit	_	_
2-15	704-715	Jahrzehnten	_	B
2-16	716-719	der	_	B
2-17	720-728	Realität	_	I
2-18	729-739	verweigern	_	_
2-19	740-743	und	_	_
2-20	744-749	keine	_	B
2-21	750-758	Visionen	_	I
2-22	759-762	für	_	_
2-23	763-766	die	_	B
2-24	767-774	Zukunft	_	I
2-25	775-785	entwickeln	_	_
2-26	785-786	.	_	_

#Text=Genau diese Visionen fehlen auch in der Entwicklungszusammenarbeit. Die ist der entscheidende Hebel, wenn es um die globalen Migrationsströme geht. Nur wenn wir den Menschen in ihrer Heimat Perspektive geben, werden sie nicht zu Flüchtlingen, und genau das, lieber Herr Minister Müller, machen Sie zurzeit nicht. Seien es Ihr Marshallplan mit Afrika, ein EU-Afrika-Kommissar oder die Plastiksteuer – im Ankündigen und Fordern sind Sie groß. Wenn man dann jedoch genauer nachfragt, wird es dünn: Erstens. Den Marshallplan mit Afrika gibt es zurzeit eigentlich eher nur auf dem Papier. Zweitens. Der EU-Afrika-Kommissar ist nach der Antwort Ihres Ministeriums auf meine schriftliche Frage – ich zitiere mit Erlaubnis der Präsidentin hieraus – dann doch nur im Sinne eines Beauftragten zu verstehen.
3-1	790-795	Genau	_	B
3-2	796-801	diese	_	I
3-3	802-810	Visionen	_	I
3-4	811-817	fehlen	_	_
3-5	818-822	auch	_	_
3-6	823-825	in	_	_
3-7	826-829	der	_	B
3-8	830-856	Entwicklungszusammenarbeit	_	I
3-9	856-857	.	_	_
3-10	858-861	Die	_	B
3-11	862-865	ist	_	_
3-12	866-869	der	_	B
3-13	870-883	entscheidende	_	I
3-14	884-889	Hebel	_	I
3-15	889-890	,	_	_
3-16	891-895	wenn	_	_
3-17	896-898	es	_	_
3-18	899-901	um	_	_
3-19	902-905	die	_	B
3-20	906-914	globalen	_	I
3-21	915-931	Migrationsströme	_	I
3-22	932-936	geht	_	_
3-23	936-937	.	_	_
3-24	938-941	Nur	_	_
3-25	942-946	wenn	_	_
3-26	947-950	wir	_	B
3-27	951-954	den	_	B
3-28	955-963	Menschen	_	I
3-29	964-966	in	_	_
3-30	967-972	ihrer	_	B
3-31	973-979	Heimat	_	I
3-32	980-991	Perspektive	_	B
3-33	992-997	geben	_	_
3-34	997-998	,	_	_
3-35	999-1005	werden	_	_
3-36	1006-1009	sie	_	B
3-37	1010-1015	nicht	_	B
3-38	1016-1018	zu	_	I
3-39	1019-1031	Flüchtlingen	_	I
3-40	1031-1032	,	_	_
3-41	1033-1036	und	_	_
3-42	1037-1042	genau	_	B
3-43	1043-1046	das	_	I
3-44	1046-1047	,	_	_
3-45	1048-1054	lieber	_	_
3-46	1055-1059	Herr	_	_
3-47	1060-1068	Minister	_	B
3-48	1069-1075	Müller	_	I
3-49	1075-1076	,	_	_
3-50	1077-1083	machen	_	_
3-51	1084-1087	Sie	_	B
3-52	1088-1095	zurzeit	_	_
3-53	1096-1101	nicht	_	_
3-54	1101-1102	.	_	_
3-55	1103-1108	Seien	_	_
3-56	1109-1111	es	_	B
3-57	1112-1115	Ihr	_	B
3-58	1116-1128	Marshallplan	_	I
3-59	1129-1132	mit	_	_
3-60	1133-1139	Afrika	_	B
3-61	1139-1140	,	_	_
3-62	1141-1144	ein	_	B
3-63	1145-1164	EU-Afrika-Kommissar	_	I
3-64	1165-1169	oder	_	_
3-65	1170-1173	die	_	B
3-66	1174-1187	Plastiksteuer	_	I
3-67	1188-1189	–	_	_
3-68	1190-1192	im	_	_
3-69	1193-1203	Ankündigen	_	B
3-70	1204-1207	und	_	_
3-71	1208-1215	Fordern	_	B
3-72	1216-1220	sind	_	_
3-73	1221-1224	Sie	_	B
3-74	1225-1229	groß	_	_
3-75	1229-1230	.	_	_
3-76	1231-1235	Wenn	_	_
3-77	1236-1239	man	_	B
3-78	1240-1244	dann	_	_
3-79	1245-1251	jedoch	_	_
3-80	1252-1259	genauer	_	_
3-81	1260-1269	nachfragt	_	_
3-82	1269-1270	,	_	_
3-83	1271-1275	wird	_	_
3-84	1276-1278	es	_	B
3-85	1279-1283	dünn	_	_
3-86	1283-1284	:	_	_
3-87	1285-1292	Erstens	_	_
3-88	1292-1293	.	_	_
3-89	1294-1297	Den	_	B
3-90	1298-1310	Marshallplan	_	I
3-91	1311-1314	mit	_	_
3-92	1315-1321	Afrika	_	B
3-93	1322-1326	gibt	_	_
3-94	1327-1329	es	_	_
3-95	1330-1337	zurzeit	_	_
3-96	1338-1348	eigentlich	_	_
3-97	1349-1353	eher	_	_
3-98	1354-1357	nur	_	_
3-99	1358-1361	auf	_	_
3-100	1362-1365	dem	_	B
3-101	1366-1372	Papier	_	I
3-102	1372-1373	.	_	_
3-103	1374-1382	Zweitens	_	_
3-104	1382-1383	.	_	_
3-105	1384-1387	Der	_	B
3-106	1388-1407	EU-Afrika-Kommissar	_	I
3-107	1408-1411	ist	_	_
3-108	1412-1416	nach	_	_
3-109	1417-1420	der	_	B
3-110	1421-1428	Antwort	_	I
3-111	1429-1434	Ihres	_	B
3-112	1435-1447	Ministeriums	_	I
3-113	1448-1451	auf	_	_
3-114	1452-1457	meine	_	B
3-115	1458-1470	schriftliche	_	I
3-116	1471-1476	Frage	_	I
3-117	1477-1478	–	_	_
3-118	1479-1482	ich	_	B
3-119	1483-1490	zitiere	_	_
3-120	1491-1494	mit	_	_
3-121	1495-1504	Erlaubnis	_	B
3-122	1505-1508	der	_	B
3-123	1509-1520	Präsidentin	_	I
3-124	1521-1528	hieraus	_	_
3-125	1529-1530	–	_	_
3-126	1531-1535	dann	_	_
3-127	1536-1540	doch	_	_
3-128	1541-1544	nur	_	_
3-129	1545-1547	im	_	_
3-130	1548-1553	Sinne	_	B
3-131	1554-1559	eines	_	B
3-132	1560-1572	Beauftragten	_	I
3-133	1573-1575	zu	_	_
3-134	1576-1585	verstehen	_	_
3-135	1585-1586	.	_	_

#Text=Wenn es drittens um die Bedeutung von sauberen Weltmeeren für unseren Planeten geht, zeigt Ihnen gerade ein 24-jähriger Niederländer mit seinem Projekt „The Ocean Cleanup“, wo der Hammer hängt.
4-1	1603-1607	Wenn	_	_
4-2	1608-1610	es	_	_
4-3	1611-1619	drittens	_	_
4-4	1620-1622	um	_	_
4-5	1623-1626	die	_	B
4-6	1627-1636	Bedeutung	_	I
4-7	1637-1640	von	_	_
4-8	1641-1649	sauberen	_	B
4-9	1650-1660	Weltmeeren	_	I
4-10	1661-1664	für	_	_
4-11	1665-1672	unseren	_	B
4-12	1673-1681	Planeten	_	I
4-13	1682-1686	geht	_	_
4-14	1686-1687	,	_	_
4-15	1688-1693	zeigt	_	_
4-16	1694-1699	Ihnen	_	B
4-17	1700-1706	gerade	_	B
4-18	1707-1710	ein	_	I
4-19	1711-1722	24-jähriger	_	I
4-20	1723-1735	Niederländer	_	I
4-21	1736-1739	mit	_	_
4-22	1740-1746	seinem	_	B
4-23	1747-1754	Projekt	_	I
4-24	1755-1756	„	_	I
4-25	1756-1759	The	_	I
4-26	1760-1765	Ocean	_	I
4-27	1766-1773	Cleanup	_	I
4-28	1773-1774	“	_	_
4-29	1774-1775	,	_	_
4-30	1776-1778	wo	_	_
4-31	1779-1782	der	_	B
4-32	1783-1789	Hammer	_	I
4-33	1790-1795	hängt	_	_
4-34	1795-1796	.	_	_

#Text=Die deutsche Entwicklungszusammenarbeit ist leider noch reine Ankündigungspolitik, und das setzt sich leider auch im Haushalt fort. Sie fordern mehr gemeinsame europäische und internationale Entwicklungspolitik, aber Sie erhöhen zurzeit nur die Mittel für Ihre kleinteilige bilaterale Entwicklungszusammenarbeit. Mittlerweile sind das schöngerechnet 70 Prozent des Gesamthaushalts. Das sind Maßnahmen, deren Wirkungen Sie nicht einmal alle benennen können. Bildung und Gesundheitsversorgung für die Ärmsten der Armen, aber auch den weltweiten Klimaschutz werden wir nicht mit dem Klein-Klein der deutschen Entwicklungszusammenarbeit angehen können. Das wissen Sie. Das sagen Sie. Aber warum tun Sie es dann immer noch?
5-1	1802-1805	Die	_	B
5-2	1806-1814	deutsche	_	I
5-3	1815-1841	Entwicklungszusammenarbeit	_	I
5-4	1842-1845	ist	_	_
5-5	1846-1852	leider	_	_
5-6	1853-1857	noch	_	_
5-7	1858-1863	reine	_	B
5-8	1864-1883	Ankündigungspolitik	_	I
5-9	1883-1884	,	_	_
5-10	1885-1888	und	_	_
5-11	1889-1892	das	_	B
5-12	1893-1898	setzt	_	_
5-13	1899-1903	sich	_	B
5-14	1904-1910	leider	_	_
5-15	1911-1915	auch	_	_
5-16	1916-1918	im	_	_
5-17	1919-1927	Haushalt	_	B
5-18	1928-1932	fort	_	_
5-19	1932-1933	.	_	_
5-20	1934-1937	Sie	_	B
5-21	1938-1945	fordern	_	_
5-22	1946-1950	mehr	_	B
5-23	1951-1961	gemeinsame	_	I
5-24	1962-1973	europäische	_	I
5-25	1974-1977	und	_	I
5-26	1978-1992	internationale	_	I
5-27	1993-2012	Entwicklungspolitik	_	I
5-28	2012-2013	,	_	_
5-29	2014-2018	aber	_	_
5-30	2019-2022	Sie	_	B
5-31	2023-2030	erhöhen	_	_
5-32	2031-2038	zurzeit	_	_
5-33	2039-2042	nur	_	B
5-34	2043-2046	die	_	I
5-35	2047-2053	Mittel	_	I
5-36	2054-2057	für	_	_
5-37	2058-2062	Ihre	_	B
5-38	2063-2075	kleinteilige	_	I
5-39	2076-2086	bilaterale	_	I
5-40	2087-2113	Entwicklungszusammenarbeit	_	I
5-41	2113-2114	.	_	_
5-42	2115-2127	Mittlerweile	_	_
5-43	2128-2132	sind	_	_
5-44	2133-2136	das	_	B
5-45	2137-2151	schöngerechnet	_	_
5-46	2152-2154	70	_	B
5-47	2155-2162	Prozent	_	I
5-48	2163-2166	des	_	B
5-49	2167-2182	Gesamthaushalts	_	I
5-50	2182-2183	.	_	_
5-51	2184-2187	Das	_	B
5-52	2188-2192	sind	_	_
5-53	2193-2202	Maßnahmen	_	B
5-54	2202-2203	,	_	_
5-55	2204-2209	deren	_	B
5-56	2210-2219	Wirkungen	_	I
5-57	2220-2223	Sie	_	B
5-58	2224-2229	nicht	_	_
5-59	2230-2236	einmal	_	_
5-60	2237-2241	alle	_	B
5-61	2242-2250	benennen	_	_
5-62	2251-2257	können	_	_
5-63	2257-2258	.	_	_
5-64	2259-2266	Bildung	_	B
5-65	2267-2270	und	_	_
5-66	2271-2292	Gesundheitsversorgung	_	B
5-67	2293-2296	für	_	_
5-68	2297-2300	die	_	B
5-69	2301-2308	Ärmsten	_	I
5-70	2309-2312	der	_	B
5-71	2313-2318	Armen	_	I
5-72	2318-2319	,	_	_
5-73	2320-2324	aber	_	_
5-74	2325-2329	auch	_	B
5-75	2330-2333	den	_	I
5-76	2334-2344	weltweiten	_	I
5-77	2345-2356	Klimaschutz	_	I
5-78	2357-2363	werden	_	_
5-79	2364-2367	wir	_	B
5-80	2368-2373	nicht	_	_
5-81	2374-2377	mit	_	_
5-82	2378-2381	dem	_	B
5-83	2382-2393	Klein-Klein	_	I
5-84	2394-2397	der	_	B
5-85	2398-2407	deutschen	_	I
5-86	2408-2434	Entwicklungszusammenarbeit	_	I
5-87	2435-2442	angehen	_	_
5-88	2443-2449	können	_	_
5-89	2449-2450	.	_	_
5-90	2451-2454	Das	_	B
5-91	2455-2461	wissen	_	_
5-92	2462-2465	Sie	_	B
5-93	2465-2466	.	_	_
5-94	2467-2470	Das	_	B
5-95	2471-2476	sagen	_	_
5-96	2477-2480	Sie	_	B
5-97	2480-2481	.	_	_
5-98	2482-2486	Aber	_	_
5-99	2487-2492	warum	_	_
5-100	2493-2496	tun	_	_
5-101	2497-2500	Sie	_	B
5-102	2501-2503	es	_	B
5-103	2504-2508	dann	_	_
5-104	2509-2514	immer	_	_
5-105	2515-2519	noch	_	_
5-106	2519-2520	?	_	_

#Text=Fangen wir mit der Grundbildung an! Hier tun wir zu wenig. Gerade einmal 18 Millionen Euro sind für die Globale Bildungskampagne vorgesehen. Das ist eines der weltweit besten Projekte in diesem Bereich, das Sie mit einem Kleckerbetrag abspeisen. Uns reicht das nicht. Wir wollen dafür nach wie vor mindestens 50 Millionen Euro jährlich, und da geben wir auch so lange nicht Ruhe, bis wir das haben.
6-1	2533-2539	Fangen	_	_
6-2	2540-2543	wir	_	B
6-3	2544-2547	mit	_	_
6-4	2548-2551	der	_	B
6-5	2552-2564	Grundbildung	_	I
6-6	2565-2567	an	_	_
6-7	2567-2568	!	_	_
6-8	2569-2573	Hier	_	_
6-9	2574-2577	tun	_	_
6-10	2578-2581	wir	_	B
6-11	2582-2584	zu	_	B
6-12	2585-2590	wenig	_	I
6-13	2590-2591	.	_	_
6-14	2592-2598	Gerade	_	B
6-15	2599-2605	einmal	_	I
6-16	2606-2608	18	_	I
6-17	2609-2618	Millionen	_	I
6-18	2619-2623	Euro	_	I
6-19	2624-2628	sind	_	_
6-20	2629-2632	für	_	_
6-21	2633-2636	die	_	B
6-22	2637-2644	Globale	_	I
6-23	2645-2661	Bildungskampagne	_	I
6-24	2662-2672	vorgesehen	_	_
6-25	2672-2673	.	_	_
6-26	2674-2677	Das	_	B
6-27	2678-2681	ist	_	_
6-28	2682-2687	eines	_	B
6-29	2688-2691	der	_	B
6-30	2692-2700	weltweit	_	I
6-31	2701-2707	besten	_	I
6-32	2708-2716	Projekte	_	I
6-33	2717-2719	in	_	_
6-34	2720-2726	diesem	_	B
6-35	2727-2734	Bereich	_	I
6-36	2734-2735	,	_	_
6-37	2736-2739	das	_	B
6-38	2740-2743	Sie	_	B
6-39	2744-2747	mit	_	_
6-40	2748-2753	einem	_	B
6-41	2754-2767	Kleckerbetrag	_	I
6-42	2768-2777	abspeisen	_	_
6-43	2777-2778	.	_	_
6-44	2779-2782	Uns	_	B
6-45	2783-2789	reicht	_	_
6-46	2790-2793	das	_	B
6-47	2794-2799	nicht	_	_
6-48	2799-2800	.	_	_
6-49	2801-2804	Wir	_	B
6-50	2805-2811	wollen	_	_
6-51	2812-2817	dafür	_	_
6-52	2818-2822	nach	_	_
6-53	2823-2826	wie	_	_
6-54	2827-2830	vor	_	_
6-55	2831-2841	mindestens	_	B
6-56	2842-2844	50	_	I
6-57	2845-2854	Millionen	_	I
6-58	2855-2859	Euro	_	I
6-59	2860-2868	jährlich	_	_
6-60	2868-2869	,	_	_
6-61	2870-2873	und	_	_
6-62	2874-2876	da	_	_
6-63	2877-2882	geben	_	_
6-64	2883-2886	wir	_	B
6-65	2887-2891	auch	_	_
6-66	2892-2894	so	_	_
6-67	2895-2900	lange	_	_
6-68	2901-2906	nicht	_	_
6-69	2907-2911	Ruhe	_	B
6-70	2911-2912	,	_	_
6-71	2913-2916	bis	_	_
6-72	2917-2920	wir	_	B
6-73	2921-2924	das	_	B
6-74	2925-2930	haben	_	_
6-75	2930-2931	.	_	_

#Text=Genauso sieht es bei der Gesundheitsversorgung aus. Wenn wir dem Bevölkerungsboom in Afrika entgegenwirken wollen, dann geht das nur über Aufklärung und Beratung. Gerade jetzt, wo sich die USA massiv aus diesem Programm zurückziehen, brauchen wir eine starke gemeinsame europäische Gegeninitiative. Und was kommt aus Ihrem Haus? Stille!
7-1	2941-2948	Genauso	_	_
7-2	2949-2954	sieht	_	_
7-3	2955-2957	es	_	_
7-4	2958-2961	bei	_	_
7-5	2962-2965	der	_	B
7-6	2966-2987	Gesundheitsversorgung	_	I
7-7	2988-2991	aus	_	_
7-8	2991-2992	.	_	_
7-9	2993-2997	Wenn	_	_
7-10	2998-3001	wir	_	B
7-11	3002-3005	dem	_	B
7-12	3006-3022	Bevölkerungsboom	_	I
7-13	3023-3025	in	_	_
7-14	3026-3032	Afrika	_	B
7-15	3033-3047	entgegenwirken	_	_
7-16	3048-3054	wollen	_	_
7-17	3054-3055	,	_	_
7-18	3056-3060	dann	_	_
7-19	3061-3065	geht	_	_
7-20	3066-3069	das	_	B
7-21	3070-3073	nur	_	_
7-22	3074-3078	über	_	_
7-23	3079-3089	Aufklärung	_	B
7-24	3090-3093	und	_	_
7-25	3094-3102	Beratung	_	B
7-26	3102-3103	.	_	_
7-27	3104-3110	Gerade	_	_
7-28	3111-3116	jetzt	_	_
7-29	3116-3117	,	_	_
7-30	3118-3120	wo	_	_
7-31	3121-3125	sich	_	B
7-32	3126-3129	die	_	B
7-33	3130-3133	USA	_	I
7-34	3134-3140	massiv	_	_
7-35	3141-3144	aus	_	_
7-36	3145-3151	diesem	_	B
7-37	3152-3160	Programm	_	I
7-38	3161-3173	zurückziehen	_	_
7-39	3173-3174	,	_	_
7-40	3175-3183	brauchen	_	_
7-41	3184-3187	wir	_	B
7-42	3188-3192	eine	_	B
7-43	3193-3199	starke	_	I
7-44	3200-3210	gemeinsame	_	I
7-45	3211-3222	europäische	_	I
7-46	3223-3238	Gegeninitiative	_	I
7-47	3238-3239	.	_	_
7-48	3240-3243	Und	_	_
7-49	3244-3247	was	_	B
7-50	3248-3253	kommt	_	_
7-51	3254-3257	aus	_	_
7-52	3258-3263	Ihrem	_	B
7-53	3264-3268	Haus	_	I
7-54	3268-3269	?	_	_
7-55	3270-3276	Stille	_	B
7-56	3276-3277	!	_	_

#Text=Den dritten Baustein, liebe Kolleginnen und Kollegen, die wirtschaftliche Entwicklung, hat die Bundesregierung aus den Augen verloren. China wird in den nächsten drei Jahren 52 Milliarden Euro allein in Afrika in Infrastrukturprojekte investieren – mit wenig Nutzen für die Menschen vor Ort. Und wir? Wir schauen vom Spielfeldrand zu.
8-1	3286-3289	Den	_	B
8-2	3290-3297	dritten	_	I
8-3	3298-3306	Baustein	_	I
8-4	3306-3307	,	_	_
8-5	3308-3313	liebe	_	B
8-6	3314-3325	Kolleginnen	_	I
8-7	3326-3329	und	_	_
8-8	3330-3338	Kollegen	_	B
8-9	3338-3339	,	_	_
8-10	3340-3343	die	_	B
8-11	3344-3359	wirtschaftliche	_	I
8-12	3360-3371	Entwicklung	_	I
8-13	3371-3372	,	_	_
8-14	3373-3376	hat	_	_
8-15	3377-3380	die	_	B
8-16	3381-3396	Bundesregierung	_	I
8-17	3397-3400	aus	_	_
8-18	3401-3404	den	_	B
8-19	3405-3410	Augen	_	I
8-20	3411-3419	verloren	_	_
8-21	3419-3420	.	_	_
8-22	3421-3426	China	_	B
8-23	3427-3431	wird	_	_
8-24	3432-3434	in	_	_
8-25	3435-3438	den	_	B
8-26	3439-3447	nächsten	_	I
8-27	3448-3452	drei	_	I
8-28	3453-3459	Jahren	_	I
8-29	3460-3462	52	_	B
8-30	3463-3473	Milliarden	_	I
8-31	3474-3478	Euro	_	I
8-32	3479-3485	allein	_	_
8-33	3486-3488	in	_	_
8-34	3489-3495	Afrika	_	B
8-35	3496-3498	in	_	_
8-36	3499-3520	Infrastrukturprojekte	_	B
8-37	3521-3532	investieren	_	_
8-38	3533-3534	–	_	_
8-39	3535-3538	mit	_	_
8-40	3539-3544	wenig	_	B
8-41	3545-3551	Nutzen	_	I
8-42	3552-3555	für	_	_
8-43	3556-3559	die	_	B
8-44	3560-3568	Menschen	_	I
8-45	3569-3572	vor	_	_
8-46	3573-3576	Ort	_	B
8-47	3576-3577	.	_	_
8-48	3578-3581	Und	_	B
8-49	3582-3585	wir	_	I
8-50	3585-3586	?	_	_
8-51	3587-3590	Wir	_	B
8-52	3591-3598	schauen	_	_
8-53	3599-3602	vom	_	_
8-54	3603-3616	Spielfeldrand	_	B
8-55	3617-3619	zu	_	_
8-56	3619-3620	.	_	_

#Text=Liebe Kolleginnen und Kollegen, wenn wir tatsächlich dafür sorgen wollen, dass die Menschen in Entwicklungsländern in ihrer Heimat eine Perspektive bekommen, dann braucht es vor allem eins: Jobs, Jobs, Jobs und Jobs. Allein um den Investitionsstau bei der Infrastruktur in Afrika abzubauen, braucht es jährlich 160 Milliarden Euro. Um das zu bewerkstelligen, müsste also jedes Jahr die komplette weltweite Entwicklungshilfe in diesen Bereich fließen. Das ist nicht leistbar. Das wissen wir auch. Dafür brauchen wir eine engere Kooperation mit der Wirtschaft. Ihre Signale, Herr Minister Müller, haben wir gerade in der FDP vernommen.
9-1	3628-3633	Liebe	_	B
9-2	3634-3645	Kolleginnen	_	B
9-3	3646-3649	und	_	_
9-4	3650-3658	Kollegen	_	B
9-5	3658-3659	,	_	_
9-6	3660-3664	wenn	_	_
9-7	3665-3668	wir	_	B
9-8	3669-3680	tatsächlich	_	_
9-9	3681-3686	dafür	_	_
9-10	3687-3693	sorgen	_	_
9-11	3694-3700	wollen	_	_
9-12	3700-3701	,	_	_
9-13	3702-3706	dass	_	_
9-14	3707-3710	die	_	B
9-15	3711-3719	Menschen	_	I
9-16	3720-3722	in	_	_
9-17	3723-3742	Entwicklungsländern	_	B
9-18	3743-3745	in	_	_
9-19	3746-3751	ihrer	_	B
9-20	3752-3758	Heimat	_	I
9-21	3759-3763	eine	_	B
9-22	3764-3775	Perspektive	_	I
9-23	3776-3784	bekommen	_	_
9-24	3784-3785	,	_	_
9-25	3786-3790	dann	_	_
9-26	3791-3798	braucht	_	_
9-27	3799-3801	es	_	B
9-28	3802-3805	vor	_	_
9-29	3806-3811	allem	_	B
9-30	3812-3816	eins	_	_
9-31	3816-3817	:	_	_
9-32	3818-3822	Jobs	_	_
9-33	3822-3823	,	_	_
9-34	3824-3828	Jobs	_	B
9-35	3828-3829	,	_	_
9-36	3830-3834	Jobs	_	B
9-37	3835-3838	und	_	_
9-38	3839-3843	Jobs	_	B
9-39	3843-3844	.	_	_
9-40	3845-3851	Allein	_	_
9-41	3852-3854	um	_	_
9-42	3855-3858	den	_	B
9-43	3859-3875	Investitionsstau	_	I
9-44	3876-3879	bei	_	_
9-45	3880-3883	der	_	B
9-46	3884-3897	Infrastruktur	_	I
9-47	3898-3900	in	_	_
9-48	3901-3907	Afrika	_	B
9-49	3908-3917	abzubauen	_	_
9-50	3917-3918	,	_	_
9-51	3919-3926	braucht	_	_
9-52	3927-3929	es	_	_
9-53	3930-3938	jährlich	_	_
9-54	3939-3942	160	_	B
9-55	3943-3953	Milliarden	_	I
9-56	3954-3958	Euro	_	I
9-57	3958-3959	.	_	_
9-58	3960-3962	Um	_	_
9-59	3963-3966	das	_	B
9-60	3967-3969	zu	_	_
9-61	3970-3985	bewerkstelligen	_	_
9-62	3985-3986	,	_	_
9-63	3987-3993	müsste	_	_
9-64	3994-3998	also	_	_
9-65	3999-4004	jedes	_	B
9-66	4005-4009	Jahr	_	I
9-67	4010-4013	die	_	B
9-68	4014-4023	komplette	_	I
9-69	4024-4033	weltweite	_	I
9-70	4034-4051	Entwicklungshilfe	_	I
9-71	4052-4054	in	_	_
9-72	4055-4061	diesen	_	B
9-73	4062-4069	Bereich	_	I
9-74	4070-4077	fließen	_	_
9-75	4077-4078	.	_	_
9-76	4079-4082	Das	_	B
9-77	4083-4086	ist	_	_
9-78	4087-4092	nicht	_	_
9-79	4093-4101	leistbar	_	_
9-80	4101-4102	.	_	_
9-81	4103-4106	Das	_	B
9-82	4107-4113	wissen	_	_
9-83	4114-4117	wir	_	B
9-84	4118-4122	auch	_	_
9-85	4122-4123	.	_	_
9-86	4124-4129	Dafür	_	_
9-87	4130-4138	brauchen	_	_
9-88	4139-4142	wir	_	B
9-89	4143-4147	eine	_	B
9-90	4148-4154	engere	_	I
9-91	4155-4166	Kooperation	_	I
9-92	4167-4170	mit	_	_
9-93	4171-4174	der	_	B
9-94	4175-4185	Wirtschaft	_	I
9-95	4185-4186	.	_	_
9-96	4187-4191	Ihre	_	B
9-97	4192-4199	Signale	_	I
9-98	4199-4200	,	_	_
9-99	4201-4205	Herr	_	B
9-100	4206-4214	Minister	_	I
9-101	4215-4221	Müller	_	B
9-102	4221-4222	,	_	_
9-103	4223-4228	haben	_	_
9-104	4229-4232	wir	_	B
9-105	4233-4239	gerade	_	_
9-106	4240-4242	in	_	_
9-107	4243-4246	der	_	B
9-108	4247-4250	FDP	_	I
9-109	4251-4260	vernommen	_	_
9-110	4260-4261	.	_	_

#Text=Wir brauchen endlich eine sinnvolle Koordinierung der Entwicklungszusammenarbeit. Laut dem Deutschen Institut für Entwicklungspolitik sind 14 Ministerien mit Maßnahmen in diesen Bereichen aktiv. Dieser Flickenteppich ist nicht akzeptabel. Selbst der Afrika-Beauftragte der Kanzlerin sagt mittlerweile öffentlich, dass unsere Entwicklungszusammenarbeit europäisch werden muss und dass sie sich vor allem an den Interessen Afrikas und nicht an denen der Ministerien ausrichten muss. Richtig so!
10-1	4279-4282	Wir	_	B
10-2	4283-4291	brauchen	_	_
10-3	4292-4299	endlich	_	_
10-4	4300-4304	eine	_	B
10-5	4305-4314	sinnvolle	_	I
10-6	4315-4328	Koordinierung	_	I
10-7	4329-4332	der	_	B
10-8	4333-4359	Entwicklungszusammenarbeit	_	I
10-9	4359-4360	.	_	_
10-10	4361-4365	Laut	_	_
10-11	4366-4369	dem	_	B
10-12	4370-4379	Deutschen	_	I
10-13	4380-4388	Institut	_	I
10-14	4389-4392	für	_	_
10-15	4393-4412	Entwicklungspolitik	_	B
10-16	4413-4417	sind	_	_
10-17	4418-4420	14	_	B
10-18	4421-4432	Ministerien	_	I
10-19	4433-4436	mit	_	_
10-20	4437-4446	Maßnahmen	_	B
10-21	4447-4449	in	_	_
10-22	4450-4456	diesen	_	B
10-23	4457-4466	Bereichen	_	I
10-24	4467-4472	aktiv	_	_
10-25	4472-4473	.	_	_
10-26	4474-4480	Dieser	_	B
10-27	4481-4495	Flickenteppich	_	I
10-28	4496-4499	ist	_	_
10-29	4500-4505	nicht	_	_
10-30	4506-4516	akzeptabel	_	_
10-31	4516-4517	.	_	_
10-32	4518-4524	Selbst	_	B
10-33	4525-4528	der	_	I
10-34	4529-4547	Afrika-Beauftragte	_	I
10-35	4548-4551	der	_	B
10-36	4552-4561	Kanzlerin	_	I
10-37	4562-4566	sagt	_	_
10-38	4567-4579	mittlerweile	_	_
10-39	4580-4590	öffentlich	_	_
10-40	4590-4591	,	_	_
10-41	4592-4596	dass	_	_
10-42	4597-4603	unsere	_	B
10-43	4604-4630	Entwicklungszusammenarbeit	_	I
10-44	4631-4641	europäisch	_	_
10-45	4642-4648	werden	_	_
10-46	4649-4653	muss	_	_
10-47	4654-4657	und	_	_
10-48	4658-4662	dass	_	_
10-49	4663-4666	sie	_	B
10-50	4667-4671	sich	_	B
10-51	4672-4675	vor	_	_
10-52	4676-4681	allem	_	B
10-53	4682-4684	an	_	_
10-54	4685-4688	den	_	B
10-55	4689-4699	Interessen	_	I
10-56	4700-4707	Afrikas	_	B
10-57	4708-4711	und	_	_
10-58	4712-4717	nicht	_	_
10-59	4718-4720	an	_	_
10-60	4721-4726	denen	_	B
10-61	4727-4730	der	_	B
10-62	4731-4742	Ministerien	_	I
10-63	4743-4753	ausrichten	_	_
10-64	4754-4758	muss	_	_
10-65	4758-4759	.	_	_
10-66	4760-4767	Richtig	_	_
10-67	4768-4770	so	_	_
10-68	4770-4771	!	_	_

#Text=Frau Präsidentin, ich komme zum Ende. Liebe Kolleginnen und Kollegen, für erfolgreiche Entwicklungsarbeit brauchen wir mehr als warme Worte. Wir brauchen die Wirtschaft, wir brauchen Europa, und wir brauchen internationale Partner.
11-1	4778-4782	Frau	_	B
11-2	4783-4794	Präsidentin	_	I
11-3	4794-4795	,	_	_
11-4	4796-4799	ich	_	B
11-5	4800-4805	komme	_	_
11-6	4806-4809	zum	_	_
11-7	4810-4814	Ende	_	B
11-8	4814-4815	.	_	_
11-9	4816-4821	Liebe	_	B
11-10	4822-4833	Kolleginnen	_	_
11-11	4834-4837	und	_	_
11-12	4838-4846	Kollegen	_	B
11-13	4846-4847	,	_	_
11-14	4848-4851	für	_	_
11-15	4852-4864	erfolgreiche	_	B
11-16	4865-4883	Entwicklungsarbeit	_	I
11-17	4884-4892	brauchen	_	_
11-18	4893-4896	wir	_	B
11-19	4897-4901	mehr	_	B
11-20	4902-4905	als	_	_
11-21	4906-4911	warme	_	B
11-22	4912-4917	Worte	_	I
11-23	4917-4918	.	_	_
11-24	4919-4922	Wir	_	B
11-25	4923-4931	brauchen	_	_
11-26	4932-4935	die	_	B
11-27	4936-4946	Wirtschaft	_	I
11-28	4946-4947	,	_	_
11-29	4948-4951	wir	_	B
11-30	4952-4960	brauchen	_	_
11-31	4961-4967	Europa	_	B
11-32	4967-4968	,	_	_
11-33	4969-4972	und	_	_
11-34	4973-4976	wir	_	B
11-35	4977-4985	brauchen	_	_
11-36	4986-5000	internationale	_	B
11-37	5001-5008	Partner	_	I
11-38	5008-5009	.	_	_

#Text=Herzlichen Dank.
12-1	5017-5027	Herzlichen	_	B
12-2	5028-5032	Dank	_	I
12-3	5032-5033	.	_	_

#Text=Vielen herzlichen Dank, Olaf in der Beek. – Nächste Rednerin: Eva-Maria Schreiber für die Fraktion Die Linke.
13-1	5035-5041	Vielen	_	B
13-2	5042-5052	herzlichen	_	I
13-3	5053-5057	Dank	_	I
13-4	5057-5058	,	_	_
13-5	5059-5063	Olaf	_	B
13-6	5064-5066	in	_	_
13-7	5067-5070	der	_	B
13-8	5071-5075	Beek	_	I
13-9	5075-5076	.	_	_
13-10	5077-5078	–	_	B
13-11	5079-5086	Nächste	_	I
13-12	5087-5095	Rednerin	_	I
13-13	5095-5096	:	_	_
13-14	5097-5106	Eva-Maria	_	B
13-15	5107-5116	Schreiber	_	I
13-16	5117-5120	für	_	_
13-17	5121-5124	die	_	B
13-18	5125-5133	Fraktion	_	I
13-19	5134-5137	Die	_	B
13-20	5138-5143	Linke	_	I
13-21	5143-5144	.	_	_
