#FORMAT=WebAnno TSV 3.2
#T_SP=webanno.custom.Animacy|Animated
#T_SP=webanno.custom.CustomChunk|Chunk


#Text=Sehr geehrte Frau Präsidentin! Liebe Kolleginnen! Liebe Kollegen! Jeden dritten Tag bringt ein Mann seine Partnerin oder Ex-Partnerin um. Nach dem, was Frau von Storch gerade gesagt hat, findet die AfD das wohl normal. Dass aber das eigene Zuhause für Frauen damit zum gefährlichsten Ort auf der Welt wird, darf niemals Normalität werden, meine Damen und Herren.
1-1	0-4	Sehr	_	B
1-2	5-12	geehrte	_	I
1-3	13-17	Frau	_	I
1-4	18-29	Präsidentin	_	I
1-5	29-30	!	_	_
1-6	31-36	Liebe	_	B
1-7	37-48	Kolleginnen	_	I
1-8	48-49	!	_	_
1-9	50-55	Liebe	_	B
1-10	56-64	Kollegen	_	I
1-11	64-65	!	_	_
1-12	66-71	Jeden	_	B
1-13	72-79	dritten	_	I
1-14	80-83	Tag	_	I
1-15	84-90	bringt	_	_
1-16	91-94	ein	_	B
1-17	95-99	Mann	_	I
1-18	100-105	seine	_	B
1-19	106-115	Partnerin	_	I
1-20	116-120	oder	_	_
1-21	121-133	Ex-Partnerin	_	B
1-22	134-136	um	_	_
1-23	136-137	.	_	_
1-24	138-142	Nach	_	_
1-25	143-146	dem	_	B
1-26	146-147	,	_	_
1-27	148-151	was	_	B
1-28	152-156	Frau	_	B
1-29	157-160	von	_	_
1-30	161-167	Storch	_	B
1-31	168-174	gerade	_	_
1-32	175-181	gesagt	_	_
1-33	182-185	hat	_	_
1-34	185-186	,	_	_
1-35	187-193	findet	_	_
1-36	194-197	die	_	B
1-37	198-201	AfD	_	I
1-38	202-205	das	_	B
1-39	206-210	wohl	_	_
1-40	211-217	normal	_	_
1-41	217-218	.	_	_
1-42	219-223	Dass	_	_
1-43	224-228	aber	_	_
1-44	229-232	das	_	B
1-45	233-239	eigene	_	I
1-46	240-247	Zuhause	_	I
1-47	248-251	für	_	_
1-48	252-258	Frauen	_	B
1-49	259-264	damit	_	_
1-50	265-268	zum	_	_
1-51	269-283	gefährlichsten	_	B
1-52	284-287	Ort	_	I
1-53	288-291	auf	_	_
1-54	292-295	der	_	B
1-55	296-300	Welt	_	I
1-56	301-305	wird	_	_
1-57	305-306	,	_	_
1-58	307-311	darf	_	_
1-59	312-319	niemals	_	_
1-60	320-330	Normalität	_	B
1-61	331-337	werden	_	_
1-62	337-338	,	_	_
1-63	339-344	meine	_	B
1-64	345-350	Damen	_	I
1-65	351-354	und	_	_
1-66	355-361	Herren	_	B
1-67	361-362	.	_	_

#Text=Gewalt gegen Frauen ist eine massive Gefahr für die innere Sicherheit, und dagegen müssen wir dringend etwas tun. Da ist es völlig unverständlich, dass Hassstraftaten gegen Frauen in der Statistik zur politisch motivierten Kriminalität noch nicht einmal gesondert erfasst werden, liebe Kolleginnen und Kollegen der Koalition. Da hilft es nicht, zu sagen: Das müsste man mal irgendwie ändern. – Sie stellen die Regierung, Sie können einen solchen Missstand einfach beseitigen und zeigen, dass Ihnen die betroffenen Frauen in diesem Zusammenhang nicht egal sind.
2-1	373-379	Gewalt	_	B
2-2	380-385	gegen	_	_
2-3	386-392	Frauen	_	B
2-4	393-396	ist	_	_
2-5	397-401	eine	_	B
2-6	402-409	massive	_	I
2-7	410-416	Gefahr	_	I
2-8	417-420	für	_	_
2-9	421-424	die	_	B
2-10	425-431	innere	_	I
2-11	432-442	Sicherheit	_	I
2-12	442-443	,	_	_
2-13	444-447	und	_	_
2-14	448-455	dagegen	_	_
2-15	456-462	müssen	_	_
2-16	463-466	wir	_	B
2-17	467-475	dringend	_	_
2-18	476-481	etwas	_	B
2-19	482-485	tun	_	_
2-20	485-486	.	_	_
2-21	487-489	Da	_	_
2-22	490-493	ist	_	_
2-23	494-496	es	_	B
2-24	497-503	völlig	_	_
2-25	504-518	unverständlich	_	_
2-26	518-519	,	_	_
2-27	520-524	dass	_	_
2-28	525-539	Hassstraftaten	_	B
2-29	540-545	gegen	_	_
2-30	546-552	Frauen	_	B
2-31	553-555	in	_	_
2-32	556-559	der	_	B
2-33	560-569	Statistik	_	I
2-34	570-573	zur	_	_
2-35	574-583	politisch	_	B
2-36	584-595	motivierten	_	I
2-37	596-608	Kriminalität	_	I
2-38	609-613	noch	_	_
2-39	614-619	nicht	_	_
2-40	620-626	einmal	_	_
2-41	627-636	gesondert	_	_
2-42	637-644	erfasst	_	_
2-43	645-651	werden	_	_
2-44	651-652	,	_	_
2-45	653-658	liebe	_	B
2-46	659-670	Kolleginnen	_	I
2-47	671-674	und	_	_
2-48	675-683	Kollegen	_	B
2-49	684-687	der	_	B
2-50	688-697	Koalition	_	I
2-51	697-698	.	_	_
2-52	699-701	Da	_	_
2-53	702-707	hilft	_	_
2-54	708-710	es	_	B
2-55	711-716	nicht	_	_
2-56	716-717	,	_	_
2-57	718-720	zu	_	_
2-58	721-726	sagen	_	_
2-59	726-727	:	_	_
2-60	728-731	Das	_	B
2-61	732-738	müsste	_	_
2-62	739-742	man	_	B
2-63	743-746	mal	_	_
2-64	747-756	irgendwie	_	_
2-65	757-763	ändern	_	_
2-66	763-764	.	_	_
2-67	765-766	–	_	_
2-68	767-770	Sie	_	B
2-69	771-778	stellen	_	_
2-70	779-782	die	_	B
2-71	783-792	Regierung	_	I
2-72	792-793	,	_	_
2-73	794-797	Sie	_	B
2-74	798-804	können	_	_
2-75	805-810	einen	_	B
2-76	811-818	solchen	_	I
2-77	819-828	Missstand	_	I
2-78	829-836	einfach	_	_
2-79	837-847	beseitigen	_	_
2-80	848-851	und	_	_
2-81	852-858	zeigen	_	_
2-82	858-859	,	_	_
2-83	860-864	dass	_	_
2-84	865-870	Ihnen	_	B
2-85	871-874	die	_	B
2-86	875-886	betroffenen	_	I
2-87	887-893	Frauen	_	I
2-88	894-896	in	_	_
2-89	897-903	diesem	_	B
2-90	904-916	Zusammenhang	_	I
2-91	917-922	nicht	_	_
2-92	923-927	egal	_	_
2-93	928-932	sind	_	_
2-94	932-933	.	_	_

#Text=Wenn der Bundesinnenminister, wie er heute öffentlich gesagt hat, dazu mit den Ländern schon im Gespräch ist, dann verstehe ich nicht, warum Sie unseren Antrag, der genau dieses Anliegen unterstützt, im Innenausschuss mit der Begründung abgelehnt haben, dass eine Verbesserung der Datenlage angeblich gar nicht nötig sei. Frau Bär, da war leider nicht viel mit parteiübergreifendem Konsens, ganz im Gegenteil.
3-1	945-949	Wenn	_	_
3-2	950-953	der	_	B
3-3	954-973	Bundesinnenminister	_	I
3-4	973-974	,	_	_
3-5	975-978	wie	_	_
3-6	979-981	er	_	B
3-7	982-987	heute	_	_
3-8	988-998	öffentlich	_	_
3-9	999-1005	gesagt	_	_
3-10	1006-1009	hat	_	_
3-11	1009-1010	,	_	_
3-12	1011-1015	dazu	_	_
3-13	1016-1019	mit	_	_
3-14	1020-1023	den	_	B
3-15	1024-1031	Ländern	_	I
3-16	1032-1037	schon	_	_
3-17	1038-1040	im	_	_
3-18	1041-1049	Gespräch	_	B
3-19	1050-1053	ist	_	_
3-20	1053-1054	,	_	_
3-21	1055-1059	dann	_	_
3-22	1060-1068	verstehe	_	_
3-23	1069-1072	ich	_	B
3-24	1073-1078	nicht	_	_
3-25	1078-1079	,	_	_
3-26	1080-1085	warum	_	_
3-27	1086-1089	Sie	_	B
3-28	1090-1097	unseren	_	B
3-29	1098-1104	Antrag	_	I
3-30	1104-1105	,	_	_
3-31	1106-1109	der	_	B
3-32	1110-1115	genau	_	_
3-33	1116-1122	dieses	_	B
3-34	1123-1131	Anliegen	_	I
3-35	1132-1143	unterstützt	_	_
3-36	1143-1144	,	_	_
3-37	1145-1147	im	_	_
3-38	1148-1162	Innenausschuss	_	B
3-39	1163-1166	mit	_	_
3-40	1167-1170	der	_	B
3-41	1171-1181	Begründung	_	I
3-42	1182-1191	abgelehnt	_	_
3-43	1192-1197	haben	_	_
3-44	1197-1198	,	_	_
3-45	1199-1203	dass	_	_
3-46	1204-1208	eine	_	B
3-47	1209-1221	Verbesserung	_	I
3-48	1222-1225	der	_	B
3-49	1226-1235	Datenlage	_	I
3-50	1236-1245	angeblich	_	_
3-51	1246-1249	gar	_	_
3-52	1250-1255	nicht	_	_
3-53	1256-1261	nötig	_	_
3-54	1262-1265	sei	_	_
3-55	1265-1266	.	_	_
3-56	1267-1271	Frau	_	B
3-57	1272-1275	Bär	_	I
3-58	1275-1276	,	_	_
3-59	1277-1279	da	_	_
3-60	1280-1283	war	_	_
3-61	1284-1290	leider	_	_
3-62	1291-1296	nicht	_	B
3-63	1297-1301	viel	_	I
3-64	1302-1305	mit	_	_
3-65	1306-1326	parteiübergreifendem	_	B
3-66	1327-1334	Konsens	_	I
3-67	1334-1335	,	_	_
3-68	1336-1340	ganz	_	_
3-69	1341-1343	im	_	_
3-70	1344-1353	Gegenteil	_	B
3-71	1353-1354	.	_	_

#Text=Meine Damen und Herren, wir müssen endlich damit aufhören, Gewalt gegen Frauen als tragische Beziehungstaten und Familientragödien zu verharmlosen, wenn es eigentlich Hassverbrechen und Femizide sind.
4-1	1366-1371	Meine	_	B
4-2	1372-1377	Damen	_	I
4-3	1378-1381	und	_	_
4-4	1382-1388	Herren	_	B
4-5	1388-1389	,	_	_
4-6	1390-1393	wir	_	B
4-7	1394-1400	müssen	_	_
4-8	1401-1408	endlich	_	_
4-9	1409-1414	damit	_	_
4-10	1415-1423	aufhören	_	_
4-11	1423-1424	,	_	_
4-12	1425-1431	Gewalt	_	B
4-13	1432-1437	gegen	_	_
4-14	1438-1444	Frauen	_	B
4-15	1445-1448	als	_	_
4-16	1449-1458	tragische	_	B
4-17	1459-1474	Beziehungstaten	_	I
4-18	1475-1478	und	_	_
4-19	1479-1496	Familientragödien	_	B
4-20	1497-1499	zu	_	_
4-21	1500-1512	verharmlosen	_	_
4-22	1512-1513	,	_	_
4-23	1514-1518	wenn	_	_
4-24	1519-1521	es	_	B
4-25	1522-1532	eigentlich	_	_
4-26	1533-1547	Hassverbrechen	_	B
4-27	1548-1551	und	_	_
4-28	1552-1560	Femizide	_	B
4-29	1561-1565	sind	_	_
4-30	1565-1566	.	_	_

#Text=Es geht um Tötungen von Frauen aufgrund ihres Geschlechts. Und wenn dieses Kriminalitätsphänomen im Dunkeln bleibt, dann werden wir es auch nicht angemessen bekämpfen können. Mit Blick auf Partnerschaftsgewalt fordern wir deshalb die Bundesregierung auf, sich im Rahmen der Innenministerkonferenz dafür einzusetzen, auch die Polizeiliche Kriminalitätsstatistik zu verbessern. Wir müssen erfassen, zu welchem Zeitpunkt partnerschaftliche Gewalt stattfindet: während der Partnerschaft, im Trennungsprozess oder nach einer Trennung. Das ist ganz entscheidend, auch mit Blick auf mögliche Präventionsstrategien.
5-1	1571-1573	Es	_	_
5-2	1574-1578	geht	_	_
5-3	1579-1581	um	_	_
5-4	1582-1590	Tötungen	_	B
5-5	1591-1594	von	_	_
5-6	1595-1601	Frauen	_	B
5-7	1602-1610	aufgrund	_	_
5-8	1611-1616	ihres	_	B
5-9	1617-1628	Geschlechts	_	I
5-10	1628-1629	.	_	_
5-11	1630-1633	Und	_	_
5-12	1634-1638	wenn	_	_
5-13	1639-1645	dieses	_	B
5-14	1646-1667	Kriminalitätsphänomen	_	I
5-15	1668-1670	im	_	_
5-16	1671-1678	Dunkeln	_	B
5-17	1679-1685	bleibt	_	_
5-18	1685-1686	,	_	_
5-19	1687-1691	dann	_	_
5-20	1692-1698	werden	_	_
5-21	1699-1702	wir	_	B
5-22	1703-1705	es	_	B
5-23	1706-1710	auch	_	_
5-24	1711-1716	nicht	_	_
5-25	1717-1727	angemessen	_	_
5-26	1728-1737	bekämpfen	_	_
5-27	1738-1744	können	_	_
5-28	1744-1745	.	_	_
5-29	1746-1749	Mit	_	_
5-30	1750-1755	Blick	_	B
5-31	1756-1759	auf	_	_
5-32	1760-1780	Partnerschaftsgewalt	_	B
5-33	1781-1788	fordern	_	_
5-34	1789-1792	wir	_	B
5-35	1793-1800	deshalb	_	_
5-36	1801-1804	die	_	B
5-37	1805-1820	Bundesregierung	_	I
5-38	1821-1824	auf	_	_
5-39	1824-1825	,	_	_
5-40	1826-1830	sich	_	B
5-41	1831-1833	im	_	_
5-42	1834-1840	Rahmen	_	B
5-43	1841-1844	der	_	B
5-44	1845-1867	Innenministerkonferenz	_	I
5-45	1868-1873	dafür	_	_
5-46	1874-1885	einzusetzen	_	_
5-47	1885-1886	,	_	_
5-48	1887-1891	auch	_	_
5-49	1892-1895	die	_	B
5-50	1896-1908	Polizeiliche	_	I
5-51	1909-1931	Kriminalitätsstatistik	_	I
5-52	1932-1934	zu	_	_
5-53	1935-1945	verbessern	_	_
5-54	1945-1946	.	_	_
5-55	1947-1950	Wir	_	B
5-56	1951-1957	müssen	_	_
5-57	1958-1966	erfassen	_	_
5-58	1966-1967	,	_	_
5-59	1968-1970	zu	_	_
5-60	1971-1978	welchem	_	B
5-61	1979-1988	Zeitpunkt	_	I
5-62	1989-2007	partnerschaftliche	_	_
5-63	2008-2014	Gewalt	_	_
5-64	2015-2026	stattfindet	_	_
5-65	2026-2027	:	_	_
5-66	2028-2035	während	_	_
5-67	2036-2039	der	_	B
5-68	2040-2053	Partnerschaft	_	I
5-69	2053-2054	,	_	_
5-70	2055-2057	im	_	_
5-71	2058-2074	Trennungsprozess	_	B
5-72	2075-2079	oder	_	_
5-73	2080-2084	nach	_	_
5-74	2085-2090	einer	_	B
5-75	2091-2099	Trennung	_	I
5-76	2099-2100	.	_	_
5-77	2101-2104	Das	_	B
5-78	2105-2108	ist	_	_
5-79	2109-2113	ganz	_	_
5-80	2114-2126	entscheidend	_	_
5-81	2126-2127	,	_	_
5-82	2128-2132	auch	_	_
5-83	2133-2136	mit	_	_
5-84	2137-2142	Blick	_	B
5-85	2143-2146	auf	_	_
5-86	2147-2155	mögliche	_	B
5-87	2156-2177	Präventionsstrategien	_	I
5-88	2177-2178	.	_	_

#Text=Und wir brauchen endlich eine echte Opferstatistik, die Alter, Geschlecht und Tatmittel genau aufschlüsselt, genauso wie regelmäßige unabhängige Berichte über die objektive und subjektive kriminalitätsbezogene Sicherheit von Frauen in Deutschland; denn wissenschaftliche Untersuchungen zeigen uns, dass sich über 30 Prozent der Frauen in Deutschland nachts auf der Straße nicht sicher fühlen. Ich finde, das kann uns nicht ruhig schlafen lassen. Wir müssen endlich mehr für die objektive und subjektive Sicherheit von Frauen tun, statt uns in tatenloser Betroffenheit zu ergehen, meine Damen und Herren.
6-1	2191-2194	Und	_	_
6-2	2195-2198	wir	_	B
6-3	2199-2207	brauchen	_	_
6-4	2208-2215	endlich	_	_
6-5	2216-2220	eine	_	B
6-6	2221-2226	echte	_	I
6-7	2227-2241	Opferstatistik	_	I
6-8	2241-2242	,	_	_
6-9	2243-2246	die	_	B
6-10	2247-2252	Alter	_	I
6-11	2252-2253	,	_	_
6-12	2254-2264	Geschlecht	_	B
6-13	2265-2268	und	_	_
6-14	2269-2278	Tatmittel	_	B
6-15	2279-2284	genau	_	_
6-16	2285-2298	aufschlüsselt	_	_
6-17	2298-2299	,	_	_
6-18	2300-2307	genauso	_	_
6-19	2308-2311	wie	_	_
6-20	2312-2323	regelmäßige	_	_
6-21	2324-2335	unabhängige	_	_
6-22	2336-2344	Berichte	_	_
6-23	2345-2349	über	_	_
6-24	2350-2353	die	_	B
6-25	2354-2363	objektive	_	I
6-26	2364-2367	und	_	I
6-27	2368-2378	subjektive	_	I
6-28	2379-2400	kriminalitätsbezogene	_	I
6-29	2401-2411	Sicherheit	_	I
6-30	2412-2415	von	_	_
6-31	2416-2422	Frauen	_	B
6-32	2423-2425	in	_	_
6-33	2426-2437	Deutschland	_	B
6-34	2437-2438	;	_	_
6-35	2439-2443	denn	_	_
6-36	2444-2461	wissenschaftliche	_	B
6-37	2462-2476	Untersuchungen	_	I
6-38	2477-2483	zeigen	_	_
6-39	2484-2487	uns	_	B
6-40	2487-2488	,	_	_
6-41	2489-2493	dass	_	_
6-42	2494-2498	sich	_	B
6-43	2499-2503	über	_	B
6-44	2504-2506	30	_	I
6-45	2507-2514	Prozent	_	I
6-46	2515-2518	der	_	B
6-47	2519-2525	Frauen	_	I
6-48	2526-2528	in	_	_
6-49	2529-2540	Deutschland	_	B
6-50	2541-2547	nachts	_	_
6-51	2548-2551	auf	_	_
6-52	2552-2555	der	_	B
6-53	2556-2562	Straße	_	I
6-54	2563-2568	nicht	_	_
6-55	2569-2575	sicher	_	_
6-56	2576-2582	fühlen	_	_
6-57	2582-2583	.	_	_
6-58	2584-2587	Ich	_	B
6-59	2588-2593	finde	_	_
6-60	2593-2594	,	_	B
6-61	2595-2598	das	_	I
6-62	2599-2603	kann	_	_
6-63	2604-2607	uns	_	B
6-64	2608-2613	nicht	_	_
6-65	2614-2619	ruhig	_	_
6-66	2620-2628	schlafen	_	_
6-67	2629-2635	lassen	_	_
6-68	2635-2636	.	_	_
6-69	2637-2640	Wir	_	B
6-70	2641-2647	müssen	_	_
6-71	2648-2655	endlich	_	_
6-72	2656-2660	mehr	_	B
6-73	2661-2664	für	_	_
6-74	2665-2668	die	_	B
6-75	2669-2678	objektive	_	I
6-76	2679-2682	und	_	I
6-77	2683-2693	subjektive	_	I
6-78	2694-2704	Sicherheit	_	I
6-79	2705-2708	von	_	_
6-80	2709-2715	Frauen	_	B
6-81	2716-2719	tun	_	_
6-82	2719-2720	,	_	_
6-83	2721-2726	statt	_	_
6-84	2727-2730	uns	_	B
6-85	2731-2733	in	_	_
6-86	2734-2744	tatenloser	_	B
6-87	2745-2758	Betroffenheit	_	I
6-88	2759-2761	zu	_	_
6-89	2762-2769	ergehen	_	_
6-90	2769-2770	,	_	_
6-91	2771-2776	meine	_	B
6-92	2777-2782	Damen	_	I
6-93	2783-2786	und	_	_
6-94	2787-2793	Herren	_	B
6-95	2793-2794	.	_	_

#Text=Mit einer Verbesserung der Datenlage allein ist es selbstverständlich noch nicht getan. Die Gewalt gegen Frauen bricht sich längst auch in der digitalen Welt Bahn; darüber haben wir eben viel gehört. Stalking, Hassbotschaften, das Verbreiten privater Fotos und auch die Veröffentlichung privater Adressen spielen nicht nur bei Partnerschaftsgewalt eine Rolle. Frauen werden immer wieder Opfer rechter Hasskampagnen, die massive Auswirkungen auf das Leben der Betroffenen haben. Ich möchte hier als Beispiel den Fall von Jasmina Kuhnke nennen, gegen die von Rechtsextremisten und Rassisten ein wahres Feuer aus Hass, Hetze und Gewaltandrohungen eröffnet wurde, sodass sie sich jetzt sogar gezwungen sah, mit ihren Kindern aus der eigenen Wohnung zu fliehen.
7-1	2806-2809	Mit	_	_
7-2	2810-2815	einer	_	B
7-3	2816-2828	Verbesserung	_	I
7-4	2829-2832	der	_	B
7-5	2833-2842	Datenlage	_	I
7-6	2843-2849	allein	_	_
7-7	2850-2853	ist	_	_
7-8	2854-2856	es	_	B
7-9	2857-2875	selbstverständlich	_	_
7-10	2876-2880	noch	_	_
7-11	2881-2886	nicht	_	_
7-12	2887-2892	getan	_	_
7-13	2892-2893	.	_	_
7-14	2894-2897	Die	_	B
7-15	2898-2904	Gewalt	_	I
7-16	2905-2910	gegen	_	_
7-17	2911-2917	Frauen	_	B
7-18	2918-2924	bricht	_	_
7-19	2925-2929	sich	_	B
7-20	2930-2936	längst	_	_
7-21	2937-2941	auch	_	_
7-22	2942-2944	in	_	_
7-23	2945-2948	der	_	B
7-24	2949-2958	digitalen	_	I
7-25	2959-2963	Welt	_	I
7-26	2964-2968	Bahn	_	I
7-27	2968-2969	;	_	_
7-28	2970-2977	darüber	_	_
7-29	2978-2983	haben	_	_
7-30	2984-2987	wir	_	B
7-31	2988-2992	eben	_	B
7-32	2993-2997	viel	_	I
7-33	2998-3004	gehört	_	_
7-34	3004-3005	.	_	_
7-35	3006-3014	Stalking	_	B
7-36	3014-3015	,	_	_
7-37	3016-3031	Hassbotschaften	_	B
7-38	3031-3032	,	_	_
7-39	3033-3036	das	_	B
7-40	3037-3047	Verbreiten	_	I
7-41	3048-3056	privater	_	B
7-42	3057-3062	Fotos	_	I
7-43	3063-3066	und	_	_
7-44	3067-3071	auch	_	B
7-45	3072-3075	die	_	I
7-46	3076-3092	Veröffentlichung	_	I
7-47	3093-3101	privater	_	B
7-48	3102-3110	Adressen	_	I
7-49	3111-3118	spielen	_	_
7-50	3119-3124	nicht	_	_
7-51	3125-3128	nur	_	_
7-52	3129-3132	bei	_	_
7-53	3133-3153	Partnerschaftsgewalt	_	B
7-54	3154-3158	eine	_	B
7-55	3159-3164	Rolle	_	I
7-56	3164-3165	.	_	_
7-57	3166-3172	Frauen	_	B
7-58	3173-3179	werden	_	_
7-59	3180-3185	immer	_	_
7-60	3186-3192	wieder	_	_
7-61	3193-3198	Opfer	_	B
7-62	3199-3206	rechter	_	B
7-63	3207-3220	Hasskampagnen	_	I
7-64	3220-3221	,	_	_
7-65	3222-3225	die	_	B
7-66	3226-3233	massive	_	B
7-67	3234-3246	Auswirkungen	_	I
7-68	3247-3250	auf	_	_
7-69	3251-3254	das	_	B
7-70	3255-3260	Leben	_	I
7-71	3261-3264	der	_	B
7-72	3265-3276	Betroffenen	_	I
7-73	3277-3282	haben	_	_
7-74	3282-3283	.	_	_
7-75	3284-3287	Ich	_	B
7-76	3288-3294	möchte	_	_
7-77	3295-3299	hier	_	_
7-78	3300-3303	als	_	_
7-79	3304-3312	Beispiel	_	B
7-80	3313-3316	den	_	B
7-81	3317-3321	Fall	_	I
7-82	3322-3325	von	_	_
7-83	3326-3333	Jasmina	_	B
7-84	3334-3340	Kuhnke	_	I
7-85	3341-3347	nennen	_	_
7-86	3347-3348	,	_	_
7-87	3349-3354	gegen	_	_
7-88	3355-3358	die	_	_
7-89	3359-3362	von	_	_
7-90	3363-3380	Rechtsextremisten	_	B
7-91	3381-3384	und	_	_
7-92	3385-3394	Rassisten	_	B
7-93	3395-3398	ein	_	B
7-94	3399-3405	wahres	_	I
7-95	3406-3411	Feuer	_	I
7-96	3412-3415	aus	_	_
7-97	3416-3420	Hass	_	B
7-98	3420-3421	,	_	_
7-99	3422-3427	Hetze	_	B
7-100	3428-3431	und	_	_
7-101	3432-3449	Gewaltandrohungen	_	B
7-102	3450-3458	eröffnet	_	_
7-103	3459-3464	wurde	_	_
7-104	3464-3465	,	_	_
7-105	3466-3472	sodass	_	_
7-106	3473-3476	sie	_	B
7-107	3477-3481	sich	_	B
7-108	3482-3487	jetzt	_	_
7-109	3488-3493	sogar	_	_
7-110	3494-3503	gezwungen	_	_
7-111	3504-3507	sah	_	_
7-112	3507-3508	,	_	_
7-113	3509-3512	mit	_	_
7-114	3513-3518	ihren	_	B
7-115	3519-3526	Kindern	_	I
7-116	3527-3530	aus	_	_
7-117	3531-3534	der	_	B
7-118	3535-3542	eigenen	_	I
7-119	3543-3550	Wohnung	_	I
7-120	3551-3553	zu	_	_
7-121	3554-3561	fliehen	_	_
7-122	3561-3562	.	_	_

#Text=Solche Szenarien muss der Rechtsstaat sehr viel früher erkennen und mit angemessenen Maßnahmen eingreifen, meine Damen und Herren.
8-1	3576-3582	Solche	_	B
8-2	3583-3592	Szenarien	_	I
8-3	3593-3597	muss	_	_
8-4	3598-3601	der	_	B
8-5	3602-3613	Rechtsstaat	_	I
8-6	3614-3618	sehr	_	_
8-7	3619-3623	viel	_	_
8-8	3624-3630	früher	_	_
8-9	3631-3639	erkennen	_	_
8-10	3640-3643	und	_	_
8-11	3644-3647	mit	_	_
8-12	3648-3660	angemessenen	_	B
8-13	3661-3670	Maßnahmen	_	I
8-14	3671-3681	eingreifen	_	_
8-15	3681-3682	,	_	_
8-16	3683-3688	meine	_	B
8-17	3689-3694	Damen	_	I
8-18	3695-3698	und	_	_
8-19	3699-3705	Herren	_	B
8-20	3705-3706	.	_	_

#Text=Hier hinken wir in der Analyse, in der Gefahrenabwehr und in der Strafverfolgung noch meilenweit den Erfordernissen hinterher. Wir müssen den Kampf gerade auch gegen digitale Gewalt an Frauen endlich konsequent aufnehmen. Außerdem müssen wir gemeinsam mit den Ländern Sonderdezernate für Hasskriminalität bei den örtlichen Staatsanwaltschaften schaffen, Frauenhäuser und Frauennotrufe ausbauen und die Mitarbeiterinnen gezielt zum Thema „digitale Gewalt“ schulen.
9-1	3709-3713	Hier	_	_
9-2	3714-3720	hinken	_	_
9-3	3721-3724	wir	_	B
9-4	3725-3727	in	_	_
9-5	3728-3731	der	_	B
9-6	3732-3739	Analyse	_	I
9-7	3739-3740	,	_	_
9-8	3741-3743	in	_	_
9-9	3744-3747	der	_	B
9-10	3748-3762	Gefahrenabwehr	_	I
9-11	3763-3766	und	_	_
9-12	3767-3769	in	_	_
9-13	3770-3773	der	_	B
9-14	3774-3789	Strafverfolgung	_	I
9-15	3790-3794	noch	_	_
9-16	3795-3805	meilenweit	_	_
9-17	3806-3809	den	_	B
9-18	3810-3824	Erfordernissen	_	I
9-19	3825-3834	hinterher	_	_
9-20	3834-3835	.	_	_
9-21	3836-3839	Wir	_	B
9-22	3840-3846	müssen	_	_
9-23	3847-3850	den	_	B
9-24	3851-3856	Kampf	_	I
9-25	3857-3863	gerade	_	_
9-26	3864-3868	auch	_	_
9-27	3869-3874	gegen	_	_
9-28	3875-3883	digitale	_	B
9-29	3884-3890	Gewalt	_	I
9-30	3891-3893	an	_	_
9-31	3894-3900	Frauen	_	B
9-32	3901-3908	endlich	_	_
9-33	3909-3919	konsequent	_	_
9-34	3920-3929	aufnehmen	_	_
9-35	3929-3930	.	_	_
9-36	3931-3939	Außerdem	_	_
9-37	3940-3946	müssen	_	_
9-38	3947-3950	wir	_	B
9-39	3951-3960	gemeinsam	_	_
9-40	3961-3964	mit	_	_
9-41	3965-3968	den	_	B
9-42	3969-3976	Ländern	_	I
9-43	3977-3992	Sonderdezernate	_	B
9-44	3993-3996	für	_	_
9-45	3997-4013	Hasskriminalität	_	B
9-46	4014-4017	bei	_	_
9-47	4018-4021	den	_	B
9-48	4022-4031	örtlichen	_	I
9-49	4032-4052	Staatsanwaltschaften	_	I
9-50	4053-4061	schaffen	_	_
9-51	4061-4062	,	_	_
9-52	4063-4075	Frauenhäuser	_	B
9-53	4076-4079	und	_	_
9-54	4080-4093	Frauennotrufe	_	B
9-55	4094-4102	ausbauen	_	_
9-56	4103-4106	und	_	_
9-57	4107-4110	die	_	B
9-58	4111-4127	Mitarbeiterinnen	_	I
9-59	4128-4135	gezielt	_	_
9-60	4136-4139	zum	_	_
9-61	4140-4145	Thema	_	B
9-62	4146-4147	„	_	B
9-63	4147-4155	digitale	_	I
9-64	4156-4162	Gewalt	_	I
9-65	4162-4163	“	_	_
9-66	4164-4171	schulen	_	_
9-67	4171-4172	.	_	_

#Text=Die Bedrohungslagen von Frauen sind komplex wie die Maßnahmen dagegen; aber man muss auch mal anfangen, etwas dagegen zu tun. Anfangen können wir, indem wir endlich Licht in das Dunkelfeld der Hass- und Gewaltkriminalität gegen Frauen bringen.
10-1	4180-4183	Die	_	B
10-2	4184-4199	Bedrohungslagen	_	I
10-3	4200-4203	von	_	_
10-4	4204-4210	Frauen	_	B
10-5	4211-4215	sind	_	_
10-6	4216-4223	komplex	_	_
10-7	4224-4227	wie	_	_
10-8	4228-4231	die	_	_
10-9	4232-4241	Maßnahmen	_	_
10-10	4242-4249	dagegen	_	_
10-11	4249-4250	;	_	_
10-12	4251-4255	aber	_	_
10-13	4256-4259	man	_	B
10-14	4260-4264	muss	_	_
10-15	4265-4269	auch	_	_
10-16	4270-4273	mal	_	_
10-17	4274-4282	anfangen	_	_
10-18	4282-4283	,	_	_
10-19	4284-4289	etwas	_	B
10-20	4290-4297	dagegen	_	_
10-21	4298-4300	zu	_	_
10-22	4301-4304	tun	_	_
10-23	4304-4305	.	_	_
10-24	4306-4314	Anfangen	_	_
10-25	4315-4321	können	_	_
10-26	4322-4325	wir	_	B
10-27	4325-4326	,	_	_
10-28	4327-4332	indem	_	_
10-29	4333-4336	wir	_	B
10-30	4337-4344	endlich	_	_
10-31	4345-4350	Licht	_	B
10-32	4351-4353	in	_	_
10-33	4354-4357	das	_	B
10-34	4358-4368	Dunkelfeld	_	I
10-35	4369-4372	der	_	B
10-36	4373-4378	Hass-	_	I
10-37	4379-4382	und	_	I
10-38	4383-4401	Gewaltkriminalität	_	I
10-39	4402-4407	gegen	_	_
10-40	4408-4414	Frauen	_	B
10-41	4415-4422	bringen	_	_
10-42	4422-4423	.	_	_

#Text=Ganz herzlichen Dank.
11-1	4429-4433	Ganz	_	B
11-2	4434-4444	herzlichen	_	I
11-3	4445-4449	Dank	_	I
11-4	4449-4450	.	_	_

#Text=Vielen Dank, Dr. Irene Mihalic. – Nächster Redner: für die CDU/CSU-Fraktion Axel Müller.
12-1	4452-4458	Vielen	_	_
12-2	4459-4463	Dank	_	_
12-3	4463-4464	,	_	_
12-4	4465-4468	Dr.	_	B
12-5	4469-4474	Irene	_	I
12-6	4475-4482	Mihalic	_	I
12-7	4482-4483	.	_	_
12-8	4484-4485	–	_	B
12-9	4486-4494	Nächster	_	I
12-10	4495-4501	Redner	_	I
12-11	4501-4502	:	_	_
12-12	4503-4506	für	_	_
12-13	4507-4510	die	_	B
12-14	4511-4514	CDU	_	I
12-15	4514-4515	/	_	_
12-16	4515-4527	CSU-Fraktion	_	B
12-17	4528-4532	Axel	_	I
12-18	4533-4539	Müller	_	I
12-19	4539-4540	.	_	_
