#FORMAT=WebAnno TSV 3.2
#T_SP=webanno.custom.Animacy|Animated
#T_SP=webanno.custom.CustomChunk|Chunk


#Text=Herr Präsident! Meine Damen und Herren! Lassen Sie mich mit den Worten des Kabarettisten Christoph Süß beginnen:
1-1	0-4	Herr	_	B
1-2	5-14	Präsident	_	I
1-3	14-15	!	_	_
1-4	16-21	Meine	_	B
1-5	22-27	Damen	_	I
1-6	28-31	und	_	_
1-7	32-38	Herren	_	B
1-8	38-39	!	_	_
1-9	40-46	Lassen	_	_
1-10	47-50	Sie	_	B
1-11	51-55	mich	_	B
1-12	56-59	mit	_	_
1-13	60-63	den	_	B
1-14	64-70	Worten	_	I
1-15	71-74	des	_	B
1-16	75-88	Kabarettisten	_	I
1-17	89-98	Christoph	_	I
1-18	99-102	Süß	_	I
1-19	103-111	beginnen	_	_
1-20	111-112	:	_	_

#Text=Oh schwarze Null, die du uns durch dein segensreiches Wirken zur Nummer eins machst. Mal ehrlich: Wer braucht schnelles Internet, Brücken, Straßen oder genug Polizisten, Lehrer, moderne Schulen,
2-1	116-118	Oh	_	_
2-2	119-127	schwarze	_	_
2-3	128-132	Null	_	_
2-4	132-133	,	_	_
2-5	134-137	die	_	B
2-6	138-140	du	_	B
2-7	141-144	uns	_	B
2-8	145-150	durch	_	_
2-9	151-155	dein	_	B
2-10	156-169	segensreiches	_	I
2-11	170-176	Wirken	_	I
2-12	177-180	zur	_	_
2-13	181-187	Nummer	_	B
2-14	188-192	eins	_	_
2-15	193-199	machst	_	_
2-16	199-200	.	_	_
2-17	201-204	Mal	_	_
2-18	205-212	ehrlich	_	_
2-19	212-213	:	_	_
2-20	214-217	Wer	_	B
2-21	218-225	braucht	_	_
2-22	226-235	schnelles	_	B
2-23	236-244	Internet	_	I
2-24	244-245	,	_	_
2-25	246-253	Brücken	_	B
2-26	253-254	,	_	_
2-27	255-262	Straßen	_	B
2-28	263-267	oder	_	_
2-29	268-273	genug	_	B
2-30	274-284	Polizisten	_	I
2-31	284-285	,	_	_
2-32	286-292	Lehrer	_	B
2-33	292-293	,	_	_
2-34	294-301	moderne	_	B
2-35	302-309	Schulen	_	I
2-36	309-310	,	_	_

#Text=wenn er eine schwarze Null hat? Darum beneidet uns jeder.
3-1	319-323	wenn	_	_
3-2	324-326	er	_	B
3-3	327-331	eine	_	_
3-4	332-340	schwarze	_	_
3-5	341-345	Null	_	B
3-6	346-349	hat	_	_
3-7	349-350	?	_	_
3-8	351-356	Darum	_	_
3-9	357-365	beneidet	_	_
3-10	366-369	uns	_	B
3-11	370-375	jeder	_	B
3-12	375-376	.	_	_

#Text=Damit könnte man es fast bewenden lassen. Ich habe aber noch viereinhalb Minuten; die nutze ich jetzt.
4-1	379-384	Damit	_	_
4-2	385-391	könnte	_	_
4-3	392-395	man	_	B
4-4	396-398	es	_	B
4-5	399-403	fast	_	_
4-6	404-412	bewenden	_	_
4-7	413-419	lassen	_	_
4-8	419-420	.	_	_
4-9	421-424	Ich	_	B
4-10	425-429	habe	_	_
4-11	430-434	aber	_	_
4-12	435-439	noch	_	_
4-13	440-451	viereinhalb	_	B
4-14	452-459	Minuten	_	I
4-15	459-460	;	_	_
4-16	461-464	die	_	B
4-17	465-470	nutze	_	_
4-18	471-474	ich	_	B
4-19	475-480	jetzt	_	_
4-20	480-481	.	_	_

#Text=Vor zehn Jahren verankerte die damalige Regierungskoalition von Union und SPD mit Unterstützung von Grünen und FDP die Schuldenbremse im Grundgesetz.
5-1	485-488	Vor	_	_
5-2	489-493	zehn	_	B
5-3	494-500	Jahren	_	I
5-4	501-511	verankerte	_	_
5-5	512-515	die	_	B
5-6	516-524	damalige	_	I
5-7	525-544	Regierungskoalition	_	I
5-8	545-548	von	_	_
5-9	549-554	Union	_	B
5-10	555-558	und	_	_
5-11	559-562	SPD	_	B
5-12	563-566	mit	_	_
5-13	567-580	Unterstützung	_	B
5-14	581-584	von	_	_
5-15	585-591	Grünen	_	B
5-16	592-595	und	_	_
5-17	596-599	FDP	_	B
5-18	600-603	die	_	B
5-19	604-618	Schuldenbremse	_	I
5-20	619-621	im	_	_
5-21	622-633	Grundgesetz	_	B
5-22	633-634	.	_	_

#Text=Von Gewerkschaften, progressiven Ökonomen, Sozialverbänden und der Linken wurde sie heftig kritisiert: wirtschaftspolitisch kontraproduktiv, ein Hindernis für notwendige Zukunftsinvestitionen und eine Bedrohung des Sozialstaats.
6-1	636-639	Von	_	_
6-2	640-654	Gewerkschaften	_	B
6-3	654-655	,	_	_
6-4	656-668	progressiven	_	B
6-5	669-677	Ökonomen	_	I
6-6	677-678	,	_	_
6-7	679-694	Sozialverbänden	_	B
6-8	695-698	und	_	_
6-9	699-702	der	_	B
6-10	703-709	Linken	_	I
6-11	710-715	wurde	_	_
6-12	716-719	sie	_	B
6-13	720-726	heftig	_	_
6-14	727-737	kritisiert	_	_
6-15	737-738	:	_	_
6-16	739-759	wirtschaftspolitisch	_	_
6-17	760-775	kontraproduktiv	_	_
6-18	775-776	,	_	_
6-19	777-780	ein	_	B
6-20	781-790	Hindernis	_	I
6-21	791-794	für	_	_
6-22	795-805	notwendige	_	B
6-23	806-827	Zukunftsinvestitionen	_	I
6-24	828-831	und	_	_
6-25	832-836	eine	_	B
6-26	837-846	Bedrohung	_	I
6-27	847-850	des	_	B
6-28	851-863	Sozialstaats	_	I
6-29	863-864	.	_	_

#Text=Okay, wie es sich wirtschaftspolitisch entwickelt, werden wir sehen. Spätestens die nächste Krise wird zeigen, wie unsinnig diese Schuldenbremse tatsächlich ist. Bei den Sozialabgaben haben die gute Konjunktur und die niedrigen Zinsen das Schlimmste verhindert. Es bleibt die Frage der Zukunftsinvestitionen.
7-1	870-874	Okay	_	_
7-2	874-875	,	_	_
7-3	876-879	wie	_	_
7-4	880-882	es	_	B
7-5	883-887	sich	_	B
7-6	888-908	wirtschaftspolitisch	_	_
7-7	909-919	entwickelt	_	_
7-8	919-920	,	_	_
7-9	921-927	werden	_	_
7-10	928-931	wir	_	B
7-11	932-937	sehen	_	_
7-12	937-938	.	_	_
7-13	939-949	Spätestens	_	B
7-14	950-953	die	_	I
7-15	954-961	nächste	_	I
7-16	962-967	Krise	_	I
7-17	968-972	wird	_	_
7-18	973-979	zeigen	_	_
7-19	979-980	,	_	_
7-20	981-984	wie	_	_
7-21	985-993	unsinnig	_	_
7-22	994-999	diese	_	B
7-23	1000-1014	Schuldenbremse	_	I
7-24	1015-1026	tatsächlich	_	_
7-25	1027-1030	ist	_	_
7-26	1030-1031	.	_	_
7-27	1032-1035	Bei	_	_
7-28	1036-1039	den	_	B
7-29	1040-1053	Sozialabgaben	_	I
7-30	1054-1059	haben	_	_
7-31	1060-1063	die	_	B
7-32	1064-1068	gute	_	I
7-33	1069-1079	Konjunktur	_	I
7-34	1080-1083	und	_	_
7-35	1084-1087	die	_	B
7-36	1088-1097	niedrigen	_	I
7-37	1098-1104	Zinsen	_	I
7-38	1105-1108	das	_	B
7-39	1109-1119	Schlimmste	_	I
7-40	1120-1130	verhindert	_	_
7-41	1130-1131	.	_	_
7-42	1132-1134	Es	_	_
7-43	1135-1141	bleibt	_	_
7-44	1142-1145	die	_	B
7-45	1146-1151	Frage	_	I
7-46	1152-1155	der	_	B
7-47	1156-1177	Zukunftsinvestitionen	_	I
7-48	1177-1178	.	_	_

#Text=Frau Stark-Watzinger hat die Frage gestellt: Führen wir die richtigen Debatten?
8-1	1186-1190	Frau	_	B
8-2	1191-1206	Stark-Watzinger	_	I
8-3	1207-1210	hat	_	_
8-4	1211-1214	die	_	B
8-5	1215-1220	Frage	_	I
8-6	1221-1229	gestellt	_	_
8-7	1229-1230	:	_	_
8-8	1231-1237	Führen	_	_
8-9	1238-1241	wir	_	B
8-10	1242-1245	die	_	B
8-11	1246-1255	richtigen	_	I
8-12	1256-1264	Debatten	_	I
8-13	1264-1265	?	_	_

#Text=Inzwischen würde ich sagen: doch schon wieder.
9-1	1268-1278	Inzwischen	_	_
9-2	1279-1284	würde	_	_
9-3	1285-1288	ich	_	B
9-4	1289-1294	sagen	_	_
9-5	1294-1295	:	_	_
9-6	1296-1300	doch	_	_
9-7	1301-1306	schon	_	_
9-8	1307-1313	wieder	_	_
9-9	1313-1314	.	_	_

#Text=2018 befand sich Deutschland bei den öffentlichen Investitionen mit 2,4 Prozent des Bruttoinlandsprodukts im Vergleich der OECD-Staaten auf dem sechstletzten Platz von 30 untersuchten Staaten. Hier haben sich interessante neue Diskussionslinien aufgetan: Innerhalb der SPD gibt es endlich wieder hörbare kritische Stimmen zur Schuldenbremse. Die Grünen fordern eine Weiterentwicklung, weil auch sie die investitionshemmende Wirkung sehen. BDI und DGB gemeinsam fordern ein Investitionsprogramm über zehn Jahre mit einem Gesamtvolumen von 450 Milliarden Euro. Gut so! Das sind die richtigen Debatten.
10-1	1317-1321	2018	_	_
10-2	1322-1328	befand	_	_
10-3	1329-1333	sich	_	B
10-4	1334-1345	Deutschland	_	B
10-5	1346-1349	bei	_	_
10-6	1350-1353	den	_	B
10-7	1354-1366	öffentlichen	_	I
10-8	1367-1380	Investitionen	_	I
10-9	1381-1384	mit	_	_
10-10	1385-1388	2,4	_	B
10-11	1389-1396	Prozent	_	I
10-12	1397-1400	des	_	B
10-13	1401-1422	Bruttoinlandsprodukts	_	I
10-14	1423-1425	im	_	_
10-15	1426-1435	Vergleich	_	B
10-16	1436-1439	der	_	B
10-17	1440-1452	OECD-Staaten	_	I
10-18	1453-1456	auf	_	_
10-19	1457-1460	dem	_	B
10-20	1461-1474	sechstletzten	_	I
10-21	1475-1480	Platz	_	I
10-22	1481-1484	von	_	_
10-23	1485-1487	30	_	B
10-24	1488-1500	untersuchten	_	I
10-25	1501-1508	Staaten	_	I
10-26	1508-1509	.	_	_
10-27	1510-1514	Hier	_	_
10-28	1515-1520	haben	_	_
10-29	1521-1525	sich	_	B
10-30	1526-1538	interessante	_	B
10-31	1539-1543	neue	_	I
10-32	1544-1561	Diskussionslinien	_	I
10-33	1562-1570	aufgetan	_	_
10-34	1570-1571	:	_	_
10-35	1572-1581	Innerhalb	_	_
10-36	1582-1585	der	_	B
10-37	1586-1589	SPD	_	I
10-38	1590-1594	gibt	_	_
10-39	1595-1597	es	_	_
10-40	1598-1605	endlich	_	_
10-41	1606-1612	wieder	_	_
10-42	1613-1620	hörbare	_	B
10-43	1621-1630	kritische	_	I
10-44	1631-1638	Stimmen	_	I
10-45	1639-1642	zur	_	_
10-46	1643-1657	Schuldenbremse	_	B
10-47	1657-1658	.	_	_
10-48	1659-1662	Die	_	B
10-49	1663-1669	Grünen	_	I
10-50	1670-1677	fordern	_	_
10-51	1678-1682	eine	_	B
10-52	1683-1700	Weiterentwicklung	_	I
10-53	1700-1701	,	_	_
10-54	1702-1706	weil	_	_
10-55	1707-1711	auch	_	B
10-56	1712-1715	sie	_	I
10-57	1716-1719	die	_	B
10-58	1720-1740	investitionshemmende	_	I
10-59	1741-1748	Wirkung	_	I
10-60	1749-1754	sehen	_	_
10-61	1754-1755	.	_	_
10-62	1756-1759	BDI	_	B
10-63	1760-1763	und	_	_
10-64	1764-1767	DGB	_	B
10-65	1768-1777	gemeinsam	_	_
10-66	1778-1785	fordern	_	_
10-67	1786-1789	ein	_	B
10-68	1790-1810	Investitionsprogramm	_	I
10-69	1811-1815	über	_	_
10-70	1816-1820	zehn	_	B
10-71	1821-1826	Jahre	_	I
10-72	1827-1830	mit	_	_
10-73	1831-1836	einem	_	B
10-74	1837-1850	Gesamtvolumen	_	I
10-75	1851-1854	von	_	_
10-76	1855-1858	450	_	B
10-77	1859-1869	Milliarden	_	I
10-78	1870-1874	Euro	_	I
10-79	1874-1875	.	_	_
10-80	1876-1879	Gut	_	_
10-81	1880-1882	so	_	_
10-82	1882-1883	!	_	_
10-83	1884-1887	Das	_	B
10-84	1888-1892	sind	_	_
10-85	1893-1896	die	_	B
10-86	1897-1906	richtigen	_	I
10-87	1907-1915	Debatten	_	I
10-88	1915-1916	.	_	_

#Text=Michael Hüther, Chef des arbeitgebernahen Instituts der deutschen Wirtschaft, argumentiert:
11-1	1925-1932	Michael	_	B
11-2	1933-1939	Hüther	_	I
11-3	1939-1940	,	_	_
11-4	1941-1945	Chef	_	B
11-5	1946-1949	des	_	B
11-6	1950-1966	arbeitgebernahen	_	I
11-7	1967-1976	Instituts	_	I
11-8	1977-1980	der	_	B
11-9	1981-1990	deutschen	_	I
11-10	1991-2001	Wirtschaft	_	I
11-11	2001-2002	,	_	_
11-12	2003-2015	argumentiert	_	_
11-13	2015-2016	:	_	_

#Text=Angesichts eines unübersehbar großen Investitionsbedarfs mindert die Schuldenbremse den politischen Handlungsspielraum und entbehrt einer ökonomischen Grundlage.
12-1	2020-2030	Angesichts	_	_
12-2	2031-2036	eines	_	B
12-3	2037-2049	unübersehbar	_	I
12-4	2050-2056	großen	_	I
12-5	2057-2076	Investitionsbedarfs	_	I
12-6	2077-2084	mindert	_	_
12-7	2085-2088	die	_	B
12-8	2089-2103	Schuldenbremse	_	I
12-9	2104-2107	den	_	B
12-10	2108-2119	politischen	_	I
12-11	2120-2138	Handlungsspielraum	_	I
12-12	2139-2142	und	_	_
12-13	2143-2151	entbehrt	_	_
12-14	2152-2157	einer	_	B
12-15	2158-2170	ökonomischen	_	I
12-16	2171-2180	Grundlage	_	I
12-17	2180-2181	.	_	_

#Text=Recht hat der Mann.
13-1	2183-2188	Recht	_	B
13-2	2189-2192	hat	_	_
13-3	2193-2196	der	_	B
13-4	2197-2201	Mann	_	I
13-5	2201-2202	.	_	_

#Text=Ich will auch noch mal was zu dem Thema der Rekordinvestitionen sagen, mit dem sich die Koalition hier immer brüstet: In einer wachsenden Wirtschaft mit einem wachsenden Bundeshaushalt haben Sie ja jedes Jahr Rekordinvestitionen,
14-1	2204-2207	Ich	_	B
14-2	2208-2212	will	_	_
14-3	2213-2217	auch	_	_
14-4	2218-2222	noch	_	_
14-5	2223-2226	mal	_	_
14-6	2227-2230	was	_	B
14-7	2231-2233	zu	_	_
14-8	2234-2237	dem	_	B
14-9	2238-2243	Thema	_	I
14-10	2244-2247	der	_	B
14-11	2248-2267	Rekordinvestitionen	_	I
14-12	2268-2273	sagen	_	_
14-13	2273-2274	,	_	_
14-14	2275-2278	mit	_	_
14-15	2279-2282	dem	_	B
14-16	2283-2287	sich	_	B
14-17	2288-2291	die	_	B
14-18	2292-2301	Koalition	_	I
14-19	2302-2306	hier	_	_
14-20	2307-2312	immer	_	_
14-21	2313-2320	brüstet	_	_
14-22	2320-2321	:	_	_
14-23	2322-2324	In	_	_
14-24	2325-2330	einer	_	B
14-25	2331-2341	wachsenden	_	I
14-26	2342-2352	Wirtschaft	_	I
14-27	2353-2356	mit	_	_
14-28	2357-2362	einem	_	B
14-29	2363-2373	wachsenden	_	I
14-30	2374-2388	Bundeshaushalt	_	I
14-31	2389-2394	haben	_	_
14-32	2395-2398	Sie	_	B
14-33	2399-2401	ja	_	_
14-34	2402-2407	jedes	_	B
14-35	2408-2412	Jahr	_	I
14-36	2413-2432	Rekordinvestitionen	_	I
14-37	2432-2433	,	_	_

#Text=selbst wenn Sie überhaupt nichts verbessern, wenn Sie einfach nur den Stand halten. Das ist doch Augenwischerei, was Sie hier machen.
15-1	2437-2443	selbst	_	_
15-2	2444-2448	wenn	_	_
15-3	2449-2452	Sie	_	B
15-4	2453-2462	überhaupt	_	B
15-5	2463-2469	nichts	_	I
15-6	2470-2480	verbessern	_	_
15-7	2480-2481	,	_	_
15-8	2482-2486	wenn	_	_
15-9	2487-2490	Sie	_	B
15-10	2491-2498	einfach	_	_
15-11	2499-2502	nur	_	_
15-12	2503-2506	den	_	B
15-13	2507-2512	Stand	_	I
15-14	2513-2519	halten	_	_
15-15	2519-2520	.	_	_
15-16	2521-2524	Das	_	B
15-17	2525-2528	ist	_	_
15-18	2529-2533	doch	_	_
15-19	2534-2548	Augenwischerei	_	B
15-20	2548-2549	,	_	_
15-21	2550-2553	was	_	B
15-22	2554-2557	Sie	_	B
15-23	2558-2562	hier	_	_
15-24	2563-2569	machen	_	_
15-25	2569-2570	.	_	_

#Text=Erfreulich ist auch, dass wir bei den Debatten zur Vermögensteuer und auch zur Finanztransaktionsteuer und sogar, wenn auch mit nicht so ganz glücklichen Meldungen, zur Erbschaftsteuer ein wenig weiterkommen. Auch da: Vielleicht sollte die FDP ihre Position noch mal überdenken. In dem bereits vom Kollegen Daldrup erwähnten DeutschlandTrend sagen sogar 52 Prozent der FDP-Wählerinnen und FDP-Wähler, dass Sie die Vermögensteuer für eine gute Idee halten.
16-1	2575-2585	Erfreulich	_	_
16-2	2586-2589	ist	_	_
16-3	2590-2594	auch	_	_
16-4	2594-2595	,	_	_
16-5	2596-2600	dass	_	_
16-6	2601-2604	wir	_	B
16-7	2605-2608	bei	_	_
16-8	2609-2612	den	_	B
16-9	2613-2621	Debatten	_	I
16-10	2622-2625	zur	_	_
16-11	2626-2640	Vermögensteuer	_	B
16-12	2641-2644	und	_	_
16-13	2645-2649	auch	_	_
16-14	2650-2653	zur	_	_
16-15	2654-2677	Finanztransaktionsteuer	_	B
16-16	2678-2681	und	_	_
16-17	2682-2687	sogar	_	_
16-18	2687-2688	,	_	_
16-19	2689-2693	wenn	_	_
16-20	2694-2698	auch	_	_
16-21	2699-2702	mit	_	_
16-22	2703-2708	nicht	_	B
16-23	2709-2711	so	_	I
16-24	2712-2716	ganz	_	I
16-25	2717-2728	glücklichen	_	I
16-26	2729-2738	Meldungen	_	I
16-27	2738-2739	,	_	_
16-28	2740-2743	zur	_	_
16-29	2744-2759	Erbschaftsteuer	_	B
16-30	2760-2763	ein	_	B
16-31	2764-2769	wenig	_	I
16-32	2770-2782	weiterkommen	_	_
16-33	2782-2783	.	_	_
16-34	2784-2788	Auch	_	_
16-35	2789-2791	da	_	_
16-36	2791-2792	:	_	_
16-37	2793-2803	Vielleicht	_	_
16-38	2804-2810	sollte	_	_
16-39	2811-2814	die	_	B
16-40	2815-2818	FDP	_	I
16-41	2819-2823	ihre	_	B
16-42	2824-2832	Position	_	I
16-43	2833-2837	noch	_	_
16-44	2838-2841	mal	_	_
16-45	2842-2852	überdenken	_	_
16-46	2852-2853	.	_	_
16-47	2854-2856	In	_	_
16-48	2857-2860	dem	_	_
16-49	2861-2868	bereits	_	_
16-50	2869-2872	vom	_	_
16-51	2873-2881	Kollegen	_	B
16-52	2882-2889	Daldrup	_	I
16-53	2890-2899	erwähnten	_	_
16-54	2900-2916	DeutschlandTrend	_	_
16-55	2917-2922	sagen	_	_
16-56	2923-2928	sogar	_	B
16-57	2929-2931	52	_	I
16-58	2932-2939	Prozent	_	I
16-59	2940-2943	der	_	B
16-60	2944-2959	FDP-Wählerinnen	_	I
16-61	2960-2963	und	_	_
16-62	2964-2974	FDP-Wähler	_	B
16-63	2974-2975	,	_	_
16-64	2976-2980	dass	_	_
16-65	2981-2984	Sie	_	B
16-66	2985-2988	die	_	B
16-67	2989-3003	Vermögensteuer	_	I
16-68	3004-3007	für	_	_
16-69	3008-3012	eine	_	B
16-70	3013-3017	gute	_	I
16-71	3018-3022	Idee	_	I
16-72	3023-3029	halten	_	_
16-73	3029-3030	.	_	_

#Text=Also denken Sie noch mal darüber nach.
17-1	3039-3043	Also	_	_
17-2	3044-3050	denken	_	_
17-3	3051-3054	Sie	_	B
17-4	3055-3059	noch	_	_
17-5	3060-3063	mal	_	_
17-6	3064-3071	darüber	_	_
17-7	3072-3076	nach	_	_
17-8	3076-3077	.	_	_

#Text=Zur Abwendung einer drohenden Klimakatastrophe ist ein tiefgreifender sozialökologischer Umbau von Wirtschaft und Gesellschaft zwingend. Öffentliche Investitionen in erneuerbare Energien, in Busse und Bahnen, in energetische Gebäudesanierung, in ein belastbares Internet sind unverzichtbar. Aber nicht nur diese lebenswichtigen Zukunftsinvestitionen sparen sich Bund, Länder
18-1	3079-3082	Zur	_	_
18-2	3083-3092	Abwendung	_	B
18-3	3093-3098	einer	_	B
18-4	3099-3108	drohenden	_	I
18-5	3109-3125	Klimakatastrophe	_	I
18-6	3126-3129	ist	_	_
18-7	3130-3133	ein	_	B
18-8	3134-3148	tiefgreifender	_	I
18-9	3149-3167	sozialökologischer	_	I
18-10	3168-3173	Umbau	_	I
18-11	3174-3177	von	_	_
18-12	3178-3188	Wirtschaft	_	B
18-13	3189-3192	und	_	_
18-14	3193-3205	Gesellschaft	_	B
18-15	3206-3214	zwingend	_	_
18-16	3214-3215	.	_	_
18-17	3216-3227	Öffentliche	_	B
18-18	3228-3241	Investitionen	_	I
18-19	3242-3244	in	_	_
18-20	3245-3256	erneuerbare	_	B
18-21	3257-3265	Energien	_	I
18-22	3265-3266	,	_	_
18-23	3267-3269	in	_	_
18-24	3270-3275	Busse	_	B
18-25	3276-3279	und	_	_
18-26	3280-3286	Bahnen	_	B
18-27	3286-3287	,	_	_
18-28	3288-3290	in	_	_
18-29	3291-3303	energetische	_	B
18-30	3304-3320	Gebäudesanierung	_	I
18-31	3320-3321	,	_	_
18-32	3322-3324	in	_	_
18-33	3325-3328	ein	_	B
18-34	3329-3340	belastbares	_	I
18-35	3341-3349	Internet	_	I
18-36	3350-3354	sind	_	_
18-37	3355-3368	unverzichtbar	_	_
18-38	3368-3369	.	_	_
18-39	3370-3374	Aber	_	_
18-40	3375-3380	nicht	_	B
18-41	3381-3384	nur	_	I
18-42	3385-3390	diese	_	I
18-43	3391-3406	lebenswichtigen	_	I
18-44	3407-3428	Zukunftsinvestitionen	_	I
18-45	3429-3435	sparen	_	_
18-46	3436-3440	sich	_	B
18-47	3441-3445	Bund	_	B
18-48	3445-3446	,	_	_
18-49	3447-3453	Länder	_	B

#Text=und Gemeinden – den Gemeinden wird es mehr aufgezwungen –, Bundes- und Landesregierung fahren auch die bestehende öffentliche Infrastruktur auf Verschleiß und sparen sich sogar die Erhaltungsinvestitionen.
19-1	3460-3463	und	_	_
19-2	3464-3473	Gemeinden	_	B
19-3	3474-3475	–	_	_
19-4	3476-3479	den	_	B
19-5	3480-3489	Gemeinden	_	I
19-6	3490-3494	wird	_	_
19-7	3495-3497	es	_	B
19-8	3498-3502	mehr	_	_
19-9	3503-3515	aufgezwungen	_	_
19-10	3516-3517	–	_	_
19-11	3517-3518	,	_	_
19-12	3519-3526	Bundes-	_	B
19-13	3527-3530	und	_	I
19-14	3531-3546	Landesregierung	_	I
19-15	3547-3553	fahren	_	_
19-16	3554-3558	auch	_	B
19-17	3559-3562	die	_	I
19-18	3563-3573	bestehende	_	I
19-19	3574-3585	öffentliche	_	I
19-20	3586-3599	Infrastruktur	_	I
19-21	3600-3603	auf	_	_
19-22	3604-3614	Verschleiß	_	B
19-23	3615-3618	und	_	_
19-24	3619-3625	sparen	_	_
19-25	3626-3630	sich	_	B
19-26	3631-3636	sogar	_	B
19-27	3637-3640	die	_	I
19-28	3641-3664	Erhaltungsinvestitionen	_	I
19-29	3664-3665	.	_	_

#Text=Dabei leuchtet doch jedem ein: Es ist viel teurer, in 20 Jahren neue Brücken, Schulen und Schienen zu bauen, als rechtzeitig bestehende vor dem Verfall zu bewahren.
20-1	3668-3673	Dabei	_	_
20-2	3674-3682	leuchtet	_	_
20-3	3683-3687	doch	_	_
20-4	3688-3693	jedem	_	B
20-5	3694-3697	ein	_	_
20-6	3697-3698	:	_	_
20-7	3699-3701	Es	_	B
20-8	3702-3705	ist	_	_
20-9	3706-3710	viel	_	_
20-10	3711-3717	teurer	_	_
20-11	3717-3718	,	_	_
20-12	3719-3721	in	_	_
20-13	3722-3724	20	_	B
20-14	3725-3731	Jahren	_	I
20-15	3732-3736	neue	_	B
20-16	3737-3744	Brücken	_	I
20-17	3744-3745	,	_	_
20-18	3746-3753	Schulen	_	B
20-19	3754-3757	und	_	_
20-20	3758-3766	Schienen	_	B
20-21	3767-3769	zu	_	_
20-22	3770-3775	bauen	_	_
20-23	3775-3776	,	_	_
20-24	3777-3780	als	_	_
20-25	3781-3792	rechtzeitig	_	_
20-26	3793-3803	bestehende	_	_
20-27	3804-3807	vor	_	_
20-28	3808-3811	dem	_	B
20-29	3812-3819	Verfall	_	I
20-30	3820-3822	zu	_	_
20-31	3823-3831	bewahren	_	_
20-32	3831-3832	.	_	_

#Text=Notwendige Investitionen, die mit Verweis auf Schuldenbremse und schwarze Null unterbleiben, sind für zukünftige Generationen viel teurer als eine angemessene Kreditaufnahme.
21-1	3838-3848	Notwendige	_	B
21-2	3849-3862	Investitionen	_	I
21-3	3862-3863	,	_	_
21-4	3864-3867	die	_	B
21-5	3868-3871	mit	_	_
21-6	3872-3879	Verweis	_	B
21-7	3880-3883	auf	_	_
21-8	3884-3898	Schuldenbremse	_	B
21-9	3899-3902	und	_	_
21-10	3903-3911	schwarze	_	_
21-11	3912-3916	Null	_	_
21-12	3917-3929	unterbleiben	_	_
21-13	3929-3930	,	_	_
21-14	3931-3935	sind	_	_
21-15	3936-3939	für	_	_
21-16	3940-3950	zukünftige	_	B
21-17	3951-3963	Generationen	_	I
21-18	3964-3968	viel	_	_
21-19	3969-3975	teurer	_	_
21-20	3976-3979	als	_	_
21-21	3980-3984	eine	_	_
21-22	3985-3996	angemessene	_	_
21-23	3997-4011	Kreditaufnahme	_	_
21-24	4011-4012	.	_	_

#Text=Die plumpe Aussage, Staatsschulden seien eine unfaire Bürde für unsere Kinder und Enkel, stimmt einfach hinten und vorne nicht.
22-1	4016-4019	Die	_	B
22-2	4020-4026	plumpe	_	I
22-3	4027-4034	Aussage	_	I
22-4	4034-4035	,	_	_
22-5	4036-4050	Staatsschulden	_	B
22-6	4051-4056	seien	_	_
22-7	4057-4061	eine	_	B
22-8	4062-4069	unfaire	_	I
22-9	4070-4075	Bürde	_	I
22-10	4076-4079	für	_	_
22-11	4080-4086	unsere	_	B
22-12	4087-4093	Kinder	_	I
22-13	4094-4097	und	_	_
22-14	4098-4103	Enkel	_	B
22-15	4103-4104	,	_	_
22-16	4105-4111	stimmt	_	_
22-17	4112-4119	einfach	_	_
22-18	4120-4126	hinten	_	_
22-19	4127-4130	und	_	_
22-20	4131-4136	vorne	_	_
22-21	4137-4142	nicht	_	_
22-22	4142-4143	.	_	_

#Text=Deshalb bleiben wir bei unserer Position: Eine Streichung der Schuldenbremse ist notwendig. Die goldene Regel der Finanzpolitik, nach der der Staat so viele Kredite aufnehmen kann und sollte, wie er langfristig öffentliche Investitionen tätigt,
23-1	4147-4154	Deshalb	_	_
23-2	4155-4162	bleiben	_	_
23-3	4163-4166	wir	_	B
23-4	4167-4170	bei	_	_
23-5	4171-4178	unserer	_	B
23-6	4179-4187	Position	_	I
23-7	4187-4188	:	_	_
23-8	4189-4193	Eine	_	B
23-9	4194-4204	Streichung	_	I
23-10	4205-4208	der	_	B
23-11	4209-4223	Schuldenbremse	_	I
23-12	4224-4227	ist	_	_
23-13	4228-4237	notwendig	_	_
23-14	4237-4238	.	_	_
23-15	4239-4242	Die	_	B
23-16	4243-4250	goldene	_	I
23-17	4251-4256	Regel	_	I
23-18	4257-4260	der	_	B
23-19	4261-4274	Finanzpolitik	_	I
23-20	4274-4275	,	_	_
23-21	4276-4280	nach	_	_
23-22	4281-4284	der	_	B
23-23	4285-4288	der	_	B
23-24	4289-4294	Staat	_	I
23-25	4295-4297	so	_	B
23-26	4298-4303	viele	_	I
23-27	4304-4311	Kredite	_	I
23-28	4312-4321	aufnehmen	_	_
23-29	4322-4326	kann	_	_
23-30	4327-4330	und	_	_
23-31	4331-4337	sollte	_	_
23-32	4337-4338	,	_	_
23-33	4339-4342	wie	_	_
23-34	4343-4345	er	_	B
23-35	4346-4357	langfristig	_	_
23-36	4358-4369	öffentliche	_	B
23-37	4370-4383	Investitionen	_	I
23-38	4384-4390	tätigt	_	_
23-39	4390-4391	,	_	_

#Text=ist die sinnvollere Richtschnur.
24-1	4397-4400	ist	_	_
24-2	4401-4404	die	_	B
24-3	4405-4416	sinnvollere	_	I
24-4	4417-4428	Richtschnur	_	I
24-5	4428-4429	.	_	_

#Text=Danke sehr.
25-1	4431-4436	Danke	_	_
25-2	4437-4441	sehr	_	_
25-3	4441-4442	.	_	_

#Text=Vielen Dank, Herr Kollege. – Nächste Rednerin ist für die Fraktion Bündnis 90/Die Grünen die Kollegin Anja Hajduk.
26-1	4444-4450	Vielen	_	_
26-2	4451-4455	Dank	_	_
26-3	4455-4456	,	_	_
26-4	4457-4461	Herr	_	B
26-5	4462-4469	Kollege	_	I
26-6	4469-4470	.	_	_
26-7	4471-4472	–	_	_
26-8	4473-4480	Nächste	_	B
26-9	4481-4489	Rednerin	_	I
26-10	4490-4493	ist	_	_
26-11	4494-4497	für	_	_
26-12	4498-4501	die	_	B
26-13	4502-4510	Fraktion	_	I
26-14	4511-4518	Bündnis	_	I
26-15	4519-4521	90	_	_
26-16	4521-4522	/	_	_
26-17	4522-4525	Die	_	B
26-18	4526-4532	Grünen	_	I
26-19	4533-4536	die	_	B
26-20	4537-4545	Kollegin	_	I
26-21	4546-4550	Anja	_	I
26-22	4551-4557	Hajduk	_	I
26-23	4557-4558	.	_	_
