#FORMAT=WebAnno TSV 3.2
#T_SP=webanno.custom.Animacy|Animated
#T_SP=webanno.custom.CustomChunk|Chunk


#Text=Sehr geehrter Herr Präsident! Meine Damen und Herren! Zu diesem Gesetzentwurf, der Novellierung des Geldwäschetatbestandes, ist eines anzumerken: Nach der Vorstellung des Gesetzentwurfes durch die Bundesjustizministerin hat keiner meiner Vorredner gesagt, dass es hier nichts zu verbessern gebe.
1-1	0-4	Sehr	_	B
1-2	5-13	geehrter	_	I
1-3	14-18	Herr	_	I
1-4	19-28	Präsident	_	I
1-5	28-29	!	_	_
1-6	30-35	Meine	_	B
1-7	36-41	Damen	_	I
1-8	42-45	und	_	_
1-9	46-52	Herren	_	B
1-10	52-53	!	_	_
1-11	54-56	Zu	_	_
1-12	57-63	diesem	_	B
1-13	64-77	Gesetzentwurf	_	I
1-14	77-78	,	_	_
1-15	79-82	der	_	B
1-16	83-95	Novellierung	_	I
1-17	96-99	des	_	B
1-18	100-122	Geldwäschetatbestandes	_	I
1-19	122-123	,	_	_
1-20	124-127	ist	_	_
1-21	128-133	eines	_	B
1-22	134-144	anzumerken	_	_
1-23	144-145	:	_	_
1-24	146-150	Nach	_	_
1-25	151-154	der	_	B
1-26	155-166	Vorstellung	_	I
1-27	167-170	des	_	B
1-28	171-186	Gesetzentwurfes	_	I
1-29	187-192	durch	_	_
1-30	193-196	die	_	B
1-31	197-219	Bundesjustizministerin	_	I
1-32	220-223	hat	_	_
1-33	224-230	keiner	_	B
1-34	231-237	meiner	_	B
1-35	238-247	Vorredner	_	I
1-36	248-254	gesagt	_	_
1-37	254-255	,	_	_
1-38	256-260	dass	_	_
1-39	261-263	es	_	_
1-40	264-268	hier	_	_
1-41	269-275	nichts	_	B
1-42	276-278	zu	_	_
1-43	279-289	verbessern	_	_
1-44	290-294	gebe	_	_
1-45	294-295	.	_	_

#Text=– Entschuldigung, das war allein Herr Luczak. -
2-1	303-304	–	_	B
2-2	305-319	Entschuldigung	_	I
2-3	319-320	,	_	I
2-4	321-324	das	_	I
2-5	325-328	war	_	_
2-6	329-335	allein	_	B
2-7	336-340	Herr	_	I
2-8	341-347	Luczak	_	I
2-9	347-348	.	_	_
2-10	349-350	-	_	_

#Text=Auch wir finden, dass dieser Gesetzentwurf durchaus noch verbesserungsfähig ist.
3-1	353-357	Auch	_	B
3-2	358-361	wir	_	I
3-3	362-368	finden	_	_
3-4	368-369	,	_	_
3-5	370-374	dass	_	_
3-6	375-381	dieser	_	B
3-7	382-395	Gesetzentwurf	_	I
3-8	396-404	durchaus	_	_
3-9	405-409	noch	_	_
3-10	410-428	verbesserungsfähig	_	_
3-11	429-432	ist	_	_
3-12	432-433	.	_	_

#Text=Geldwäsche ist in der Tat ein Delikt mit einem eigenen Unwertgehalt, das seinen Unwertgehalt nicht aus der Vortat alleine bezieht, sondern selber einen eigenen Unwert besitzt, indem es nämlich die Voraussetzungen für die Begehung weiterer Straftaten, deren Finanzierung und auch die Erhaltung von möglicherweise dahinterstehenden Strukturen erst schafft. Insofern ist es notwendig, Geldwäsche umfassend und nachhaltig zu bekämpfen, meine Damen und Herren.
4-1	436-446	Geldwäsche	_	B
4-2	447-450	ist	_	_
4-3	451-453	in	_	_
4-4	454-457	der	_	B
4-5	458-461	Tat	_	I
4-6	462-465	ein	_	B
4-7	466-472	Delikt	_	I
4-8	473-476	mit	_	_
4-9	477-482	einem	_	B
4-10	483-490	eigenen	_	I
4-11	491-503	Unwertgehalt	_	I
4-12	503-504	,	_	_
4-13	505-508	das	_	B
4-14	509-515	seinen	_	B
4-15	516-528	Unwertgehalt	_	I
4-16	529-534	nicht	_	_
4-17	535-538	aus	_	_
4-18	539-542	der	_	B
4-19	543-549	Vortat	_	I
4-20	550-557	alleine	_	_
4-21	558-565	bezieht	_	_
4-22	565-566	,	_	_
4-23	567-574	sondern	_	_
4-24	575-581	selber	_	_
4-25	582-587	einen	_	B
4-26	588-595	eigenen	_	I
4-27	596-602	Unwert	_	I
4-28	603-610	besitzt	_	_
4-29	610-611	,	_	_
4-30	612-617	indem	_	_
4-31	618-620	es	_	_
4-32	621-628	nämlich	_	_
4-33	629-632	die	_	B
4-34	633-648	Voraussetzungen	_	I
4-35	649-652	für	_	_
4-36	653-656	die	_	B
4-37	657-665	Begehung	_	I
4-38	666-674	weiterer	_	B
4-39	675-685	Straftaten	_	I
4-40	685-686	,	_	_
4-41	687-692	deren	_	B
4-42	693-705	Finanzierung	_	I
4-43	706-709	und	_	_
4-44	710-714	auch	_	B
4-45	715-718	die	_	I
4-46	719-728	Erhaltung	_	I
4-47	729-732	von	_	_
4-48	733-747	möglicherweise	_	B
4-49	748-765	dahinterstehenden	_	I
4-50	766-776	Strukturen	_	I
4-51	777-781	erst	_	_
4-52	782-789	schafft	_	_
4-53	789-790	.	_	_
4-54	791-799	Insofern	_	_
4-55	800-803	ist	_	_
4-56	804-806	es	_	B
4-57	807-816	notwendig	_	_
4-58	816-817	,	_	_
4-59	818-828	Geldwäsche	_	B
4-60	829-838	umfassend	_	_
4-61	839-842	und	_	_
4-62	843-853	nachhaltig	_	_
4-63	854-856	zu	_	_
4-64	857-866	bekämpfen	_	_
4-65	866-867	,	_	_
4-66	868-873	meine	_	B
4-67	874-879	Damen	_	I
4-68	880-883	und	_	_
4-69	884-890	Herren	_	B
4-70	890-891	.	_	_

#Text=Ob dies allerdings mit dem schlichten Wegfall der Katalogtaten, also der Aufzählung bestimmter Vortaten, zu erreichen ist, das ist zweifelhaft. Es geht auch uns nicht alleine darum, Taten möglichst hart zu bekämpfen, sondern sie möglichst wirksam zu bekämpfen.
5-1	900-902	Ob	_	_
5-2	903-907	dies	_	B
5-3	908-918	allerdings	_	_
5-4	919-922	mit	_	_
5-5	923-926	dem	_	B
5-6	927-937	schlichten	_	I
5-7	938-945	Wegfall	_	I
5-8	946-949	der	_	B
5-9	950-962	Katalogtaten	_	I
5-10	962-963	,	_	_
5-11	964-968	also	_	B
5-12	969-972	der	_	I
5-13	973-983	Aufzählung	_	I
5-14	984-994	bestimmter	_	B
5-15	995-1003	Vortaten	_	I
5-16	1003-1004	,	_	_
5-17	1005-1007	zu	_	_
5-18	1008-1017	erreichen	_	_
5-19	1018-1021	ist	_	_
5-20	1021-1022	,	_	_
5-21	1023-1026	das	_	_
5-22	1027-1030	ist	_	_
5-23	1031-1042	zweifelhaft	_	_
5-24	1042-1043	.	_	_
5-25	1044-1046	Es	_	_
5-26	1047-1051	geht	_	_
5-27	1052-1056	auch	_	B
5-28	1057-1060	uns	_	I
5-29	1061-1066	nicht	_	_
5-30	1067-1074	alleine	_	_
5-31	1075-1080	darum	_	_
5-32	1080-1081	,	_	_
5-33	1082-1087	Taten	_	B
5-34	1088-1097	möglichst	_	_
5-35	1098-1102	hart	_	_
5-36	1103-1105	zu	_	_
5-37	1106-1115	bekämpfen	_	_
5-38	1115-1116	,	_	_
5-39	1117-1124	sondern	_	_
5-40	1125-1128	sie	_	B
5-41	1129-1138	möglichst	_	_
5-42	1139-1146	wirksam	_	_
5-43	1147-1149	zu	_	_
5-44	1150-1159	bekämpfen	_	_
5-45	1159-1160	.	_	_

#Text=Wenn hier eingeräumt wird, durch den Wegfall der Vortaten werde es zu einem deutlichen Anstieg der Zahl der Verfahren kommen, dann bedeutet das natürlich einen deutlichen Anstieg an Belastungen für Gerichte und Staatsanwaltschaften. Das müssen die Länder finanzieren. Es ist einfach, im Bund Gesetze zu verschärfen, deren Ausführung – und auch die Finanzierung der Ausführung – den Ländern obliegt. Meine Damen und Herren, so einfach können wir es uns eigentlich nicht machen.
6-1	1168-1172	Wenn	_	_
6-2	1173-1177	hier	_	_
6-3	1178-1188	eingeräumt	_	_
6-4	1189-1193	wird	_	_
6-5	1193-1194	,	_	_
6-6	1195-1200	durch	_	_
6-7	1201-1204	den	_	B
6-8	1205-1212	Wegfall	_	I
6-9	1213-1216	der	_	B
6-10	1217-1225	Vortaten	_	I
6-11	1226-1231	werde	_	_
6-12	1232-1234	es	_	_
6-13	1235-1237	zu	_	_
6-14	1238-1243	einem	_	B
6-15	1244-1254	deutlichen	_	I
6-16	1255-1262	Anstieg	_	I
6-17	1263-1266	der	_	B
6-18	1267-1271	Zahl	_	I
6-19	1272-1275	der	_	B
6-20	1276-1285	Verfahren	_	I
6-21	1286-1292	kommen	_	_
6-22	1292-1293	,	_	_
6-23	1294-1298	dann	_	_
6-24	1299-1307	bedeutet	_	_
6-25	1308-1311	das	_	B
6-26	1312-1321	natürlich	_	_
6-27	1322-1327	einen	_	B
6-28	1328-1338	deutlichen	_	I
6-29	1339-1346	Anstieg	_	I
6-30	1347-1349	an	_	_
6-31	1350-1361	Belastungen	_	B
6-32	1362-1365	für	_	_
6-33	1366-1374	Gerichte	_	B
6-34	1375-1378	und	_	_
6-35	1379-1399	Staatsanwaltschaften	_	B
6-36	1399-1400	.	_	_
6-37	1401-1404	Das	_	B
6-38	1405-1411	müssen	_	_
6-39	1412-1415	die	_	B
6-40	1416-1422	Länder	_	I
6-41	1423-1434	finanzieren	_	_
6-42	1434-1435	.	_	_
6-43	1436-1438	Es	_	B
6-44	1439-1442	ist	_	_
6-45	1443-1450	einfach	_	_
6-46	1450-1451	,	_	_
6-47	1452-1454	im	_	_
6-48	1455-1459	Bund	_	B
6-49	1460-1467	Gesetze	_	B
6-50	1468-1470	zu	_	_
6-51	1471-1482	verschärfen	_	_
6-52	1482-1483	,	_	_
6-53	1484-1489	deren	_	B
6-54	1490-1500	Ausführung	_	I
6-55	1501-1502	–	_	_
6-56	1503-1506	und	_	_
6-57	1507-1511	auch	_	B
6-58	1512-1515	die	_	I
6-59	1516-1528	Finanzierung	_	I
6-60	1529-1532	der	_	B
6-61	1533-1543	Ausführung	_	I
6-62	1544-1545	–	_	_
6-63	1546-1549	den	_	B
6-64	1550-1557	Ländern	_	I
6-65	1558-1565	obliegt	_	_
6-66	1565-1566	.	_	_
6-67	1567-1572	Meine	_	B
6-68	1573-1578	Damen	_	I
6-69	1579-1582	und	_	_
6-70	1583-1589	Herren	_	B
6-71	1589-1590	,	_	_
6-72	1591-1593	so	_	_
6-73	1594-1601	einfach	_	_
6-74	1602-1608	können	_	_
6-75	1609-1612	wir	_	B
6-76	1613-1615	es	_	B
6-77	1616-1619	uns	_	B
6-78	1620-1630	eigentlich	_	_
6-79	1631-1636	nicht	_	_
6-80	1637-1643	machen	_	_
6-81	1643-1644	.	_	_

#Text=Noch etwas: Mit diesem Gesetz wird eine Richtlinie der Europäischen Union, auf die sich die Mitgliedstaaten insgesamt verständigt haben, umgesetzt. Allerdings wird sie nicht nur umgesetzt, sondern sie wird mal wieder übermäßig umgesetzt. Denn die Richtlinie verlangt ja nur das Aufführen bestimmter Katalogtaten und nicht das Streichen sämtlicher Vortaten. Das wird aber hier gemacht. Das heißt, wir packen mal wieder gesetzgeberisch zusätzlich etwas auf die Anforderungen der Europäischen Union drauf. Auch das schafft möglicherweise einen nicht notwendigen Aufwand.
7-1	1654-1658	Noch	_	B
7-2	1659-1664	etwas	_	I
7-3	1664-1665	:	_	_
7-4	1666-1669	Mit	_	_
7-5	1670-1676	diesem	_	B
7-6	1677-1683	Gesetz	_	I
7-7	1684-1688	wird	_	_
7-8	1689-1693	eine	_	B
7-9	1694-1704	Richtlinie	_	I
7-10	1705-1708	der	_	B
7-11	1709-1721	Europäischen	_	I
7-12	1722-1727	Union	_	I
7-13	1727-1728	,	_	_
7-14	1729-1732	auf	_	_
7-15	1733-1736	die	_	B
7-16	1737-1741	sich	_	B
7-17	1742-1745	die	_	B
7-18	1746-1761	Mitgliedstaaten	_	I
7-19	1762-1771	insgesamt	_	_
7-20	1772-1783	verständigt	_	_
7-21	1784-1789	haben	_	_
7-22	1789-1790	,	_	_
7-23	1791-1800	umgesetzt	_	_
7-24	1800-1801	.	_	_
7-25	1802-1812	Allerdings	_	_
7-26	1813-1817	wird	_	_
7-27	1818-1821	sie	_	B
7-28	1822-1827	nicht	_	_
7-29	1828-1831	nur	_	_
7-30	1832-1841	umgesetzt	_	_
7-31	1841-1842	,	_	_
7-32	1843-1850	sondern	_	_
7-33	1851-1854	sie	_	B
7-34	1855-1859	wird	_	_
7-35	1860-1863	mal	_	_
7-36	1864-1870	wieder	_	_
7-37	1871-1880	übermäßig	_	_
7-38	1881-1890	umgesetzt	_	_
7-39	1890-1891	.	_	_
7-40	1892-1896	Denn	_	_
7-41	1897-1900	die	_	B
7-42	1901-1911	Richtlinie	_	I
7-43	1912-1920	verlangt	_	_
7-44	1921-1923	ja	_	_
7-45	1924-1927	nur	_	B
7-46	1928-1931	das	_	I
7-47	1932-1941	Aufführen	_	I
7-48	1942-1952	bestimmter	_	B
7-49	1953-1965	Katalogtaten	_	I
7-50	1966-1969	und	_	_
7-51	1970-1975	nicht	_	B
7-52	1976-1979	das	_	I
7-53	1980-1989	Streichen	_	I
7-54	1990-2000	sämtlicher	_	B
7-55	2001-2009	Vortaten	_	I
7-56	2009-2010	.	_	_
7-57	2011-2014	Das	_	B
7-58	2015-2019	wird	_	_
7-59	2020-2024	aber	_	_
7-60	2025-2029	hier	_	_
7-61	2030-2037	gemacht	_	_
7-62	2037-2038	.	_	_
7-63	2039-2042	Das	_	B
7-64	2043-2048	heißt	_	_
7-65	2048-2049	,	_	_
7-66	2050-2053	wir	_	B
7-67	2054-2060	packen	_	_
7-68	2061-2064	mal	_	_
7-69	2065-2071	wieder	_	_
7-70	2072-2087	gesetzgeberisch	_	_
7-71	2088-2098	zusätzlich	_	_
7-72	2099-2104	etwas	_	B
7-73	2105-2108	auf	_	_
7-74	2109-2112	die	_	B
7-75	2113-2126	Anforderungen	_	I
7-76	2127-2130	der	_	B
7-77	2131-2143	Europäischen	_	I
7-78	2144-2149	Union	_	I
7-79	2150-2155	drauf	_	_
7-80	2155-2156	.	_	_
7-81	2157-2161	Auch	_	B
7-82	2162-2165	das	_	I
7-83	2166-2173	schafft	_	_
7-84	2174-2188	möglicherweise	_	_
7-85	2189-2194	einen	_	B
7-86	2195-2200	nicht	_	I
7-87	2201-2212	notwendigen	_	I
7-88	2213-2220	Aufwand	_	I
7-89	2220-2221	.	_	_

#Text=Noch etwas – aber das ist eher etwas für das Fachpublikum im Ausschuss –: Es ist hinsichtlich der Strafbestimmung fraglich, ob die Regelung zu Auslandstaten dann bestimmt genug ist, wenn sie nicht nur Auslandstaten einbezieht, die im Ausland schon strafbar sind, sondern sich auch auf Taten bezieht, die im Ausland nach Beschlüssen und Richtlinien der EU möglicherweise strafbar sein sollten. Da sind die Grenzen des Bestimmtheitsgrundsatzes möglicherweise verletzt. Aber das ist eine Detaildiskussion, die wir noch zu führen haben.
8-1	2233-2237	Noch	_	B
8-2	2238-2243	etwas	_	I
8-3	2244-2245	–	_	_
8-4	2246-2250	aber	_	_
8-5	2251-2254	das	_	B
8-6	2255-2258	ist	_	_
8-7	2259-2263	eher	_	B
8-8	2264-2269	etwas	_	I
8-9	2270-2273	für	_	_
8-10	2274-2277	das	_	B
8-11	2278-2290	Fachpublikum	_	I
8-12	2291-2293	im	_	_
8-13	2294-2303	Ausschuss	_	B
8-14	2304-2305	–	_	_
8-15	2305-2306	:	_	_
8-16	2307-2309	Es	_	B
8-17	2310-2313	ist	_	_
8-18	2314-2326	hinsichtlich	_	_
8-19	2327-2330	der	_	B
8-20	2331-2346	Strafbestimmung	_	I
8-21	2347-2355	fraglich	_	_
8-22	2355-2356	,	_	_
8-23	2357-2359	ob	_	_
8-24	2360-2363	die	_	B
8-25	2364-2372	Regelung	_	I
8-26	2373-2375	zu	_	_
8-27	2376-2389	Auslandstaten	_	B
8-28	2390-2394	dann	_	_
8-29	2395-2403	bestimmt	_	_
8-30	2404-2409	genug	_	_
8-31	2410-2413	ist	_	_
8-32	2413-2414	,	_	_
8-33	2415-2419	wenn	_	_
8-34	2420-2423	sie	_	B
8-35	2424-2429	nicht	_	B
8-36	2430-2433	nur	_	I
8-37	2434-2447	Auslandstaten	_	I
8-38	2448-2458	einbezieht	_	_
8-39	2458-2459	,	_	_
8-40	2460-2463	die	_	B
8-41	2464-2466	im	_	_
8-42	2467-2474	Ausland	_	B
8-43	2475-2480	schon	_	_
8-44	2481-2489	strafbar	_	_
8-45	2490-2494	sind	_	_
8-46	2494-2495	,	_	_
8-47	2496-2503	sondern	_	_
8-48	2504-2508	sich	_	B
8-49	2509-2513	auch	_	_
8-50	2514-2517	auf	_	_
8-51	2518-2523	Taten	_	B
8-52	2524-2531	bezieht	_	_
8-53	2531-2532	,	_	_
8-54	2533-2536	die	_	B
8-55	2537-2539	im	_	_
8-56	2540-2547	Ausland	_	B
8-57	2548-2552	nach	_	_
8-58	2553-2564	Beschlüssen	_	B
8-59	2565-2568	und	_	_
8-60	2569-2580	Richtlinien	_	B
8-61	2581-2584	der	_	B
8-62	2585-2587	EU	_	I
8-63	2588-2602	möglicherweise	_	_
8-64	2603-2611	strafbar	_	_
8-65	2612-2616	sein	_	_
8-66	2617-2624	sollten	_	_
8-67	2624-2625	.	_	_
8-68	2626-2628	Da	_	_
8-69	2629-2633	sind	_	_
8-70	2634-2637	die	_	B
8-71	2638-2645	Grenzen	_	I
8-72	2646-2649	des	_	B
8-73	2650-2674	Bestimmtheitsgrundsatzes	_	I
8-74	2675-2689	möglicherweise	_	_
8-75	2690-2698	verletzt	_	_
8-76	2698-2699	.	_	_
8-77	2700-2704	Aber	_	_
8-78	2705-2708	das	_	B
8-79	2709-2712	ist	_	_
8-80	2713-2717	eine	_	B
8-81	2718-2734	Detaildiskussion	_	I
8-82	2734-2735	,	_	_
8-83	2736-2739	die	_	B
8-84	2740-2743	wir	_	B
8-85	2744-2748	noch	_	_
8-86	2749-2751	zu	_	_
8-87	2752-2758	führen	_	_
8-88	2759-2764	haben	_	_
8-89	2764-2765	.	_	_

#Text=Vielen Dank, meine Damen und Herren.
9-1	2776-2782	Vielen	_	_
9-2	2783-2787	Dank	_	_
9-3	2787-2788	,	_	_
9-4	2789-2794	meine	_	B
9-5	2795-2800	Damen	_	I
9-6	2801-2804	und	_	_
9-7	2805-2811	Herren	_	B
9-8	2811-2812	.	_	_

#Text=Jetzt erteile ich das Wort dem Kollegen Fabio De Masi, Die Linke.
10-1	2815-2820	Jetzt	_	_
10-2	2821-2828	erteile	_	_
10-3	2829-2832	ich	_	B
10-4	2833-2836	das	_	B
10-5	2837-2841	Wort	_	I
10-6	2842-2845	dem	_	B
10-7	2846-2854	Kollegen	_	I
10-8	2855-2860	Fabio	_	I
10-9	2861-2863	De	_	I
10-10	2864-2868	Masi	_	I
10-11	2868-2869	,	_	_
10-12	2870-2873	Die	_	B
10-13	2874-2879	Linke	_	I
10-14	2879-2880	.	_	_
