#FORMAT=WebAnno TSV 3.2
#T_SP=webanno.custom.Animacy|Animated
#T_SP=webanno.custom.CustomChunk|Chunk


#Text=Herr Präsident! Liebe Kolleginnen und Kollegen! Ich bin der Linken für den Antrag dankbar, weil er ermöglicht, über eine wichtige Zukunftsfrage zu diskutieren. Ich bin nur erstaunt, dass hier fast niemand über die Zukunft geredet hat. Die Linken stochern nur in den Problemen herum, die es aber auch gibt; das ist offensichtlich. Ich war ziemlich erstaunt über die Reden von FDP und Union, die sich völlig wegducken und sagen, es gebe die Probleme gar nicht, die gar nicht hingucken.
1-1	0-4	Herr	_	B
1-2	5-14	Präsident	_	I
1-3	14-15	!	_	_
1-4	16-21	Liebe	_	B
1-5	22-33	Kolleginnen	_	_
1-6	34-37	und	_	_
1-7	38-46	Kollegen	_	B
1-8	46-47	!	_	_
1-9	48-51	Ich	_	B
1-10	52-55	bin	_	_
1-11	56-59	der	_	B
1-12	60-66	Linken	_	I
1-13	67-70	für	_	_
1-14	71-74	den	_	B
1-15	75-81	Antrag	_	I
1-16	82-89	dankbar	_	_
1-17	89-90	,	_	_
1-18	91-95	weil	_	_
1-19	96-98	er	_	B
1-20	99-109	ermöglicht	_	_
1-21	109-110	,	_	_
1-22	111-115	über	_	_
1-23	116-120	eine	_	B
1-24	121-129	wichtige	_	I
1-25	130-143	Zukunftsfrage	_	I
1-26	144-146	zu	_	_
1-27	147-158	diskutieren	_	_
1-28	158-159	.	_	_
1-29	160-163	Ich	_	B
1-30	164-167	bin	_	_
1-31	168-171	nur	_	_
1-32	172-180	erstaunt	_	_
1-33	180-181	,	_	_
1-34	182-186	dass	_	_
1-35	187-191	hier	_	_
1-36	192-196	fast	_	B
1-37	197-204	niemand	_	I
1-38	205-209	über	_	_
1-39	210-213	die	_	B
1-40	214-221	Zukunft	_	I
1-41	222-229	geredet	_	_
1-42	230-233	hat	_	_
1-43	233-234	.	_	_
1-44	235-238	Die	_	B
1-45	239-245	Linken	_	I
1-46	246-254	stochern	_	_
1-47	255-258	nur	_	_
1-48	259-261	in	_	_
1-49	262-265	den	_	B
1-50	266-275	Problemen	_	I
1-51	276-281	herum	_	_
1-52	281-282	,	_	_
1-53	283-286	die	_	B
1-54	287-289	es	_	_
1-55	290-294	aber	_	_
1-56	295-299	auch	_	_
1-57	300-304	gibt	_	_
1-58	304-305	;	_	_
1-59	306-309	das	_	B
1-60	310-313	ist	_	_
1-61	314-328	offensichtlich	_	_
1-62	328-329	.	_	_
1-63	330-333	Ich	_	B
1-64	334-337	war	_	_
1-65	338-346	ziemlich	_	_
1-66	347-355	erstaunt	_	_
1-67	356-360	über	_	_
1-68	361-364	die	_	B
1-69	365-370	Reden	_	I
1-70	371-374	von	_	_
1-71	375-378	FDP	_	B
1-72	379-382	und	_	_
1-73	383-388	Union	_	B
1-74	388-389	,	_	_
1-75	390-393	die	_	B
1-76	394-398	sich	_	B
1-77	399-405	völlig	_	_
1-78	406-415	wegducken	_	_
1-79	416-419	und	_	_
1-80	420-425	sagen	_	_
1-81	425-426	,	_	_
1-82	427-429	es	_	_
1-83	430-434	gebe	_	_
1-84	435-438	die	_	B
1-85	439-447	Probleme	_	I
1-86	448-451	gar	_	_
1-87	452-457	nicht	_	_
1-88	457-458	,	_	_
1-89	459-462	die	_	B
1-90	463-466	gar	_	_
1-91	467-472	nicht	_	_
1-92	473-482	hingucken	_	_
1-93	482-483	.	_	_

#Text=Die Situationen der Selbstständigen, Herr Kollege, sind völlig unterschiedlich.
2-1	498-501	Die	_	B
2-2	502-513	Situationen	_	I
2-3	514-517	der	_	B
2-4	518-533	Selbstständigen	_	I
2-5	533-534	,	_	_
2-6	535-539	Herr	_	B
2-7	540-547	Kollege	_	I
2-8	547-548	,	_	_
2-9	549-553	sind	_	_
2-10	554-560	völlig	_	_
2-11	561-576	unterschiedlich	_	_
2-12	576-577	.	_	_

#Text=Es mag Selbstständige geben, denen es so gut geht wie Ihnen. Es gibt aber auch ganz viele Selbstständige, die am Existenzminimum knabbern. Sie brauchen eine Existenzsicherung, sie brauchen soziale Sicherheit, und man muss sie unterstützen. Darum geht es hier.
3-1	581-583	Es	_	B
3-2	584-587	mag	_	_
3-3	588-602	Selbstständige	_	B
3-4	603-608	geben	_	_
3-5	608-609	,	_	_
3-6	610-615	denen	_	B
3-7	616-618	es	_	_
3-8	619-621	so	_	_
3-9	622-625	gut	_	_
3-10	626-630	geht	_	_
3-11	631-634	wie	_	_
3-12	635-640	Ihnen	_	_
3-13	640-641	.	_	_
3-14	642-644	Es	_	_
3-15	645-649	gibt	_	_
3-16	650-654	aber	_	_
3-17	655-659	auch	_	_
3-18	660-664	ganz	_	B
3-19	665-670	viele	_	I
3-20	671-685	Selbstständige	_	I
3-21	685-686	,	_	_
3-22	687-690	die	_	B
3-23	691-693	am	_	_
3-24	694-709	Existenzminimum	_	B
3-25	710-718	knabbern	_	_
3-26	718-719	.	_	_
3-27	720-723	Sie	_	B
3-28	724-732	brauchen	_	_
3-29	733-737	eine	_	B
3-30	738-755	Existenzsicherung	_	I
3-31	755-756	,	_	_
3-32	757-760	sie	_	B
3-33	761-769	brauchen	_	_
3-34	770-777	soziale	_	B
3-35	778-788	Sicherheit	_	I
3-36	788-789	,	_	_
3-37	790-793	und	_	_
3-38	794-797	man	_	B
3-39	798-802	muss	_	_
3-40	803-806	sie	_	B
3-41	807-819	unterstützen	_	_
3-42	819-820	.	_	_
3-43	821-826	Darum	_	_
3-44	827-831	geht	_	_
3-45	832-834	es	_	_
3-46	835-839	hier	_	_
3-47	839-840	.	_	_

#Text=Aber reden wir über die Zukunft! Wir schreiben das Jahr 2030. 100 Prozent des Stroms stammen aus erneuerbaren Energien,
4-1	849-853	Aber	_	_
4-2	854-859	reden	_	_
4-3	860-863	wir	_	B
4-4	864-868	über	_	_
4-5	869-872	die	_	B
4-6	873-880	Zukunft	_	I
4-7	880-881	!	_	_
4-8	882-885	Wir	_	B
4-9	886-895	schreiben	_	_
4-10	896-899	das	_	B
4-11	900-904	Jahr	_	I
4-12	905-910	2030.	_	B
4-13	911-914	100	_	I
4-14	915-922	Prozent	_	I
4-15	923-926	des	_	B
4-16	927-933	Stroms	_	I
4-17	934-941	stammen	_	_
4-18	942-945	aus	_	_
4-19	946-958	erneuerbaren	_	B
4-20	959-967	Energien	_	I
4-21	967-968	,	_	_

#Text=der Ausstieg aus der Kohle ist geschafft, und es werden keine Autos mehr gebaut, deren Motoren Benzin oder Diesel verbrennen.
5-1	971-974	der	_	B
5-2	975-983	Ausstieg	_	I
5-3	984-987	aus	_	_
5-4	988-991	der	_	B
5-5	992-997	Kohle	_	I
5-6	998-1001	ist	_	_
5-7	1002-1011	geschafft	_	_
5-8	1011-1012	,	_	_
5-9	1013-1016	und	_	_
5-10	1017-1019	es	_	_
5-11	1020-1026	werden	_	_
5-12	1027-1032	keine	_	B
5-13	1033-1038	Autos	_	I
5-14	1039-1043	mehr	_	_
5-15	1044-1050	gebaut	_	_
5-16	1050-1051	,	_	_
5-17	1052-1057	deren	_	B
5-18	1058-1065	Motoren	_	I
5-19	1066-1072	Benzin	_	B
5-20	1073-1077	oder	_	_
5-21	1078-1084	Diesel	_	B
5-22	1085-1095	verbrennen	_	_
5-23	1095-1096	.	_	_

#Text=Um diese Ziele zu erreichen, brauchen wir Ideen, Kreativität und Innovationen. Schon allein deswegen wollen wir Grüne mehr Selbstständigkeit.
6-1	1100-1102	Um	_	_
6-2	1103-1108	diese	_	B
6-3	1109-1114	Ziele	_	I
6-4	1115-1117	zu	_	_
6-5	1118-1127	erreichen	_	_
6-6	1127-1128	,	_	_
6-7	1129-1137	brauchen	_	_
6-8	1138-1141	wir	_	B
6-9	1142-1147	Ideen	_	B
6-10	1147-1148	,	_	_
6-11	1149-1160	Kreativität	_	B
6-12	1161-1164	und	_	_
6-13	1165-1177	Innovationen	_	B
6-14	1177-1178	.	_	_
6-15	1179-1184	Schon	_	_
6-16	1185-1191	allein	_	_
6-17	1192-1200	deswegen	_	_
6-18	1201-1207	wollen	_	_
6-19	1208-1211	wir	_	B
6-20	1212-1217	Grüne	_	_
6-21	1218-1222	mehr	_	B
6-22	1223-1240	Selbstständigkeit	_	I
6-23	1240-1241	.	_	_

#Text=Es gibt aber noch einen weiteren Grund. Wir Grüne wollen eine Gesellschaft und eine Arbeitswelt, in der die Menschen frei und selbstbestimmt entscheiden können. Wir wollen mehr Freiheit und Selbstbestimmung der Arbeitnehmerinnen und Arbeitnehmer. Wir wollen mehr Selbstständige, weil wir mehr Freiheit wollen.
7-1	1246-1248	Es	_	_
7-2	1249-1253	gibt	_	_
7-3	1254-1258	aber	_	_
7-4	1259-1263	noch	_	_
7-5	1264-1269	einen	_	B
7-6	1270-1278	weiteren	_	I
7-7	1279-1284	Grund	_	I
7-8	1284-1285	.	_	_
7-9	1286-1289	Wir	_	B
7-10	1290-1295	Grüne	_	_
7-11	1296-1302	wollen	_	_
7-12	1303-1307	eine	_	B
7-13	1308-1320	Gesellschaft	_	I
7-14	1321-1324	und	_	_
7-15	1325-1329	eine	_	B
7-16	1330-1341	Arbeitswelt	_	I
7-17	1341-1342	,	_	_
7-18	1343-1345	in	_	_
7-19	1346-1349	der	_	B
7-20	1350-1353	die	_	B
7-21	1354-1362	Menschen	_	I
7-22	1363-1367	frei	_	_
7-23	1368-1371	und	_	_
7-24	1372-1386	selbstbestimmt	_	_
7-25	1387-1398	entscheiden	_	_
7-26	1399-1405	können	_	_
7-27	1405-1406	.	_	_
7-28	1407-1410	Wir	_	B
7-29	1411-1417	wollen	_	_
7-30	1418-1422	mehr	_	B
7-31	1423-1431	Freiheit	_	I
7-32	1432-1435	und	_	_
7-33	1436-1452	Selbstbestimmung	_	B
7-34	1453-1456	der	_	B
7-35	1457-1474	Arbeitnehmerinnen	_	I
7-36	1475-1478	und	_	_
7-37	1479-1491	Arbeitnehmer	_	B
7-38	1491-1492	.	_	_
7-39	1493-1496	Wir	_	B
7-40	1497-1503	wollen	_	_
7-41	1504-1508	mehr	_	B
7-42	1509-1523	Selbstständige	_	I
7-43	1523-1524	,	_	_
7-44	1525-1529	weil	_	_
7-45	1530-1533	wir	_	B
7-46	1534-1538	mehr	_	B
7-47	1539-1547	Freiheit	_	I
7-48	1548-1554	wollen	_	_
7-49	1554-1555	.	_	_

#Text=Gleichzeitig gibt es massive Veränderungen auf dem Arbeitsmarkt durch Globalisierung, demografische Entwicklung und Digitalisierung. Insbesondere die Digitalisierung bietet viele Chancen, sie birgt aber auch viele Risiken. Viele Arbeitsplätze fallen weg. Es entstehen zwar neue, aber vor allen Dingen die Arbeitswelt verändert sich, und das schon heute. Es gibt viel mehr Wechsel zwischen selbstständiger und abhängiger Beschäftigung, die Übergänge werden fließender. Es gibt mehr prekäre Beschäftigung, und das bedeutet häufig nicht mehr, sondern weniger Freiheit. All diese Veränderungen schreien regelrecht danach, die sozialen Sicherungssysteme neu aufzustellen und zukunftsfest zu machen. Darum geht es jetzt.
8-1	1562-1574	Gleichzeitig	_	_
8-2	1575-1579	gibt	_	_
8-3	1580-1582	es	_	_
8-4	1583-1590	massive	_	B
8-5	1591-1604	Veränderungen	_	I
8-6	1605-1608	auf	_	_
8-7	1609-1612	dem	_	B
8-8	1613-1625	Arbeitsmarkt	_	I
8-9	1626-1631	durch	_	_
8-10	1632-1646	Globalisierung	_	B
8-11	1646-1647	,	_	_
8-12	1648-1661	demografische	_	B
8-13	1662-1673	Entwicklung	_	I
8-14	1674-1677	und	_	_
8-15	1678-1693	Digitalisierung	_	B
8-16	1693-1694	.	_	_
8-17	1695-1707	Insbesondere	_	B
8-18	1708-1711	die	_	I
8-19	1712-1727	Digitalisierung	_	I
8-20	1728-1734	bietet	_	_
8-21	1735-1740	viele	_	B
8-22	1741-1748	Chancen	_	I
8-23	1748-1749	,	_	_
8-24	1750-1753	sie	_	B
8-25	1754-1759	birgt	_	_
8-26	1760-1764	aber	_	_
8-27	1765-1769	auch	_	_
8-28	1770-1775	viele	_	B
8-29	1776-1783	Risiken	_	I
8-30	1783-1784	.	_	_
8-31	1785-1790	Viele	_	B
8-32	1791-1804	Arbeitsplätze	_	I
8-33	1805-1811	fallen	_	_
8-34	1812-1815	weg	_	_
8-35	1815-1816	.	_	_
8-36	1817-1819	Es	_	_
8-37	1820-1829	entstehen	_	_
8-38	1830-1834	zwar	_	_
8-39	1835-1839	neue	_	_
8-40	1839-1840	,	_	_
8-41	1841-1845	aber	_	_
8-42	1846-1849	vor	_	_
8-43	1850-1855	allen	_	B
8-44	1856-1862	Dingen	_	I
8-45	1863-1866	die	_	_
8-46	1867-1878	Arbeitswelt	_	_
8-47	1879-1888	verändert	_	_
8-48	1889-1893	sich	_	B
8-49	1893-1894	,	_	_
8-50	1895-1898	und	_	_
8-51	1899-1902	das	_	B
8-52	1903-1908	schon	_	_
8-53	1909-1914	heute	_	_
8-54	1914-1915	.	_	_
8-55	1916-1918	Es	_	_
8-56	1919-1923	gibt	_	_
8-57	1924-1928	viel	_	B
8-58	1929-1933	mehr	_	I
8-59	1934-1941	Wechsel	_	I
8-60	1942-1950	zwischen	_	_
8-61	1951-1966	selbstständiger	_	B
8-62	1967-1970	und	_	I
8-63	1971-1981	abhängiger	_	I
8-64	1982-1995	Beschäftigung	_	I
8-65	1995-1996	,	_	_
8-66	1997-2000	die	_	B
8-67	2001-2010	Übergänge	_	I
8-68	2011-2017	werden	_	_
8-69	2018-2028	fließender	_	_
8-70	2028-2029	.	_	_
8-71	2030-2032	Es	_	_
8-72	2033-2037	gibt	_	_
8-73	2038-2042	mehr	_	B
8-74	2043-2050	prekäre	_	I
8-75	2051-2064	Beschäftigung	_	I
8-76	2064-2065	,	_	_
8-77	2066-2069	und	_	_
8-78	2070-2073	das	_	B
8-79	2074-2082	bedeutet	_	_
8-80	2083-2089	häufig	_	_
8-81	2090-2095	nicht	_	_
8-82	2096-2100	mehr	_	_
8-83	2100-2101	,	_	_
8-84	2102-2109	sondern	_	_
8-85	2110-2117	weniger	_	B
8-86	2118-2126	Freiheit	_	I
8-87	2126-2127	.	_	_
8-88	2128-2131	All	_	B
8-89	2132-2137	diese	_	I
8-90	2138-2151	Veränderungen	_	I
8-91	2152-2160	schreien	_	_
8-92	2161-2171	regelrecht	_	_
8-93	2172-2178	danach	_	_
8-94	2178-2179	,	_	_
8-95	2180-2183	die	_	B
8-96	2184-2192	sozialen	_	I
8-97	2193-2210	Sicherungssysteme	_	I
8-98	2211-2214	neu	_	_
8-99	2215-2227	aufzustellen	_	_
8-100	2228-2231	und	_	_
8-101	2232-2244	zukunftsfest	_	_
8-102	2245-2247	zu	_	_
8-103	2248-2254	machen	_	_
8-104	2254-2255	.	_	_
8-105	2256-2261	Darum	_	_
8-106	2262-2266	geht	_	_
8-107	2267-2269	es	_	_
8-108	2270-2275	jetzt	_	_
8-109	2275-2276	.	_	_

#Text=Für uns Grüne heißt das: Erstens. Wir wollen eine soziale Sicherung für alle, weil insbesondere Selbstständige häufig durch das Netz fallen und unzureichend abgesichert sind. Für uns ist das Prinzip Bürgerversicherung Programm: für Gesundheit, für Pflege und eben auch für die Rente. Die Arbeitslosenversicherung muss zu einer Arbeitsversicherung für alle Beschäftigten werden.
9-1	2293-2296	Für	_	_
9-2	2297-2300	uns	_	B
9-3	2301-2306	Grüne	_	B
9-4	2307-2312	heißt	_	_
9-5	2313-2316	das	_	B
9-6	2316-2317	:	_	_
9-7	2318-2325	Erstens	_	_
9-8	2325-2326	.	_	_
9-9	2327-2330	Wir	_	B
9-10	2331-2337	wollen	_	_
9-11	2338-2342	eine	_	B
9-12	2343-2350	soziale	_	I
9-13	2351-2360	Sicherung	_	I
9-14	2361-2364	für	_	_
9-15	2365-2369	alle	_	B
9-16	2369-2370	,	_	_
9-17	2371-2375	weil	_	_
9-18	2376-2388	insbesondere	_	B
9-19	2389-2403	Selbstständige	_	I
9-20	2404-2410	häufig	_	_
9-21	2411-2416	durch	_	_
9-22	2417-2420	das	_	B
9-23	2421-2425	Netz	_	I
9-24	2426-2432	fallen	_	_
9-25	2433-2436	und	_	_
9-26	2437-2449	unzureichend	_	_
9-27	2450-2461	abgesichert	_	_
9-28	2462-2466	sind	_	_
9-29	2466-2467	.	_	_
9-30	2468-2471	Für	_	_
9-31	2472-2475	uns	_	B
9-32	2476-2479	ist	_	_
9-33	2480-2483	das	_	B
9-34	2484-2491	Prinzip	_	I
9-35	2492-2510	Bürgerversicherung	_	I
9-36	2511-2519	Programm	_	B
9-37	2519-2520	:	_	_
9-38	2521-2524	für	_	_
9-39	2525-2535	Gesundheit	_	B
9-40	2535-2536	,	_	_
9-41	2537-2540	für	_	_
9-42	2541-2547	Pflege	_	B
9-43	2548-2551	und	_	_
9-44	2552-2556	eben	_	_
9-45	2557-2561	auch	_	_
9-46	2562-2565	für	_	_
9-47	2566-2569	die	_	B
9-48	2570-2575	Rente	_	I
9-49	2575-2576	.	_	_
9-50	2577-2580	Die	_	B
9-51	2581-2605	Arbeitslosenversicherung	_	I
9-52	2606-2610	muss	_	_
9-53	2611-2613	zu	_	_
9-54	2614-2619	einer	_	B
9-55	2620-2639	Arbeitsversicherung	_	I
9-56	2640-2643	für	_	_
9-57	2644-2648	alle	_	B
9-58	2649-2662	Beschäftigten	_	I
9-59	2663-2669	werden	_	_
9-60	2669-2670	.	_	_

#Text=Zweitens. Wir wollen eine soziale Sicherung, die soziale Teilhabe für alle garantiert, zum Beispiel den Schutz vor Altersarmut durch eine Garantierente. Das ist auch ein Grund, warum Selbstständige in die gesetzliche Rentenversicherung einzahlen sollten. Das ist gerade für die Selbstständigen wichtig; denn wenn man Angst vor Altersarmut hat, dann gründet man kein Unternehmen, man macht sich vielleicht nicht selbstständig. Deswegen ist soziale Sicherheit so wichtig.
10-1	2679-2687	Zweitens	_	_
10-2	2687-2688	.	_	_
10-3	2689-2692	Wir	_	B
10-4	2693-2699	wollen	_	_
10-5	2700-2704	eine	_	B
10-6	2705-2712	soziale	_	I
10-7	2713-2722	Sicherung	_	I
10-8	2722-2723	,	_	_
10-9	2724-2727	die	_	B
10-10	2728-2735	soziale	_	I
10-11	2736-2744	Teilhabe	_	I
10-12	2745-2748	für	_	_
10-13	2749-2753	alle	_	B
10-14	2754-2764	garantiert	_	_
10-15	2764-2765	,	_	_
10-16	2766-2769	zum	_	_
10-17	2770-2778	Beispiel	_	B
10-18	2779-2782	den	_	_
10-19	2783-2789	Schutz	_	_
10-20	2790-2793	vor	_	_
10-21	2794-2805	Altersarmut	_	B
10-22	2806-2811	durch	_	_
10-23	2812-2816	eine	_	B
10-24	2817-2830	Garantierente	_	I
10-25	2830-2831	.	_	_
10-26	2832-2835	Das	_	B
10-27	2836-2839	ist	_	_
10-28	2840-2844	auch	_	B
10-29	2845-2848	ein	_	I
10-30	2849-2854	Grund	_	I
10-31	2854-2855	,	_	_
10-32	2856-2861	warum	_	_
10-33	2862-2876	Selbstständige	_	B
10-34	2877-2879	in	_	_
10-35	2880-2883	die	_	B
10-36	2884-2895	gesetzliche	_	I
10-37	2896-2914	Rentenversicherung	_	I
10-38	2915-2924	einzahlen	_	_
10-39	2925-2932	sollten	_	_
10-40	2932-2933	.	_	_
10-41	2934-2937	Das	_	B
10-42	2938-2941	ist	_	_
10-43	2942-2948	gerade	_	_
10-44	2949-2952	für	_	_
10-45	2953-2956	die	_	B
10-46	2957-2972	Selbstständigen	_	I
10-47	2973-2980	wichtig	_	_
10-48	2980-2981	;	_	_
10-49	2982-2986	denn	_	_
10-50	2987-2991	wenn	_	_
10-51	2992-2995	man	_	B
10-52	2996-3001	Angst	_	B
10-53	3002-3005	vor	_	_
10-54	3006-3017	Altersarmut	_	B
10-55	3018-3021	hat	_	_
10-56	3021-3022	,	_	_
10-57	3023-3027	dann	_	_
10-58	3028-3035	gründet	_	_
10-59	3036-3039	man	_	B
10-60	3040-3044	kein	_	B
10-61	3045-3056	Unternehmen	_	I
10-62	3056-3057	,	_	_
10-63	3058-3061	man	_	B
10-64	3062-3067	macht	_	_
10-65	3068-3072	sich	_	B
10-66	3073-3083	vielleicht	_	_
10-67	3084-3089	nicht	_	_
10-68	3090-3103	selbstständig	_	_
10-69	3103-3104	.	_	_
10-70	3105-3113	Deswegen	_	_
10-71	3114-3117	ist	_	_
10-72	3118-3125	soziale	_	B
10-73	3126-3136	Sicherheit	_	I
10-74	3137-3139	so	_	_
10-75	3140-3147	wichtig	_	_
10-76	3147-3148	.	_	_

#Text=Wir müssen aber auch in der Erwerbsphase die Selbstständigen besser vor Armut schützen. Selbstständige sind, wenn sie arm sind oder ein geringes Einkommen haben, auf Hartz IV angewiesen, und das ist für Selbstständige nun wirklich kein passendes System. Hier müssen wir neue Wege beschreiten. Wir brauchen eine Alternative für Selbstständige zu Hartz IV.
11-1	3160-3163	Wir	_	B
11-2	3164-3170	müssen	_	_
11-3	3171-3175	aber	_	_
11-4	3176-3180	auch	_	_
11-5	3181-3183	in	_	_
11-6	3184-3187	der	_	B
11-7	3188-3200	Erwerbsphase	_	I
11-8	3201-3204	die	_	B
11-9	3205-3220	Selbstständigen	_	I
11-10	3221-3227	besser	_	_
11-11	3228-3231	vor	_	_
11-12	3232-3237	Armut	_	B
11-13	3238-3246	schützen	_	_
11-14	3246-3247	.	_	_
11-15	3248-3262	Selbstständige	_	B
11-16	3263-3267	sind	_	_
11-17	3267-3268	,	_	_
11-18	3269-3273	wenn	_	_
11-19	3274-3277	sie	_	B
11-20	3278-3281	arm	_	_
11-21	3282-3286	sind	_	_
11-22	3287-3291	oder	_	_
11-23	3292-3295	ein	_	B
11-24	3296-3304	geringes	_	I
11-25	3305-3314	Einkommen	_	I
11-26	3315-3320	haben	_	_
11-27	3320-3321	,	_	_
11-28	3322-3325	auf	_	_
11-29	3326-3331	Hartz	_	B
11-30	3332-3334	IV	_	_
11-31	3335-3345	angewiesen	_	_
11-32	3345-3346	,	_	_
11-33	3347-3350	und	_	_
11-34	3351-3354	das	_	B
11-35	3355-3358	ist	_	_
11-36	3359-3362	für	_	_
11-37	3363-3377	Selbstständige	_	B
11-38	3378-3381	nun	_	_
11-39	3382-3390	wirklich	_	_
11-40	3391-3395	kein	_	B
11-41	3396-3405	passendes	_	I
11-42	3406-3412	System	_	I
11-43	3412-3413	.	_	_
11-44	3414-3418	Hier	_	_
11-45	3419-3425	müssen	_	_
11-46	3426-3429	wir	_	B
11-47	3430-3434	neue	_	B
11-48	3435-3439	Wege	_	I
11-49	3440-3451	beschreiten	_	_
11-50	3451-3452	.	_	_
11-51	3453-3456	Wir	_	B
11-52	3457-3465	brauchen	_	_
11-53	3466-3470	eine	_	B
11-54	3471-3482	Alternative	_	I
11-55	3483-3486	für	_	_
11-56	3487-3501	Selbstständige	_	B
11-57	3502-3504	zu	_	_
11-58	3505-3510	Hartz	_	_
11-59	3511-3514	IV.	_	_

#Text=Drittens. Wir wollen ein soziales Sicherungssystem, das Freiheit und Selbstbestimmung ermöglicht, statt zu gängeln und zu bevormunden.
12-1	3521-3529	Drittens	_	_
12-2	3529-3530	.	_	_
12-3	3531-3534	Wir	_	B
12-4	3535-3541	wollen	_	_
12-5	3542-3545	ein	_	B
12-6	3546-3554	soziales	_	I
12-7	3555-3571	Sicherungssystem	_	I
12-8	3571-3572	,	_	_
12-9	3573-3576	das	_	_
12-10	3577-3585	Freiheit	_	B
12-11	3586-3589	und	_	_
12-12	3590-3606	Selbstbestimmung	_	B
12-13	3607-3617	ermöglicht	_	_
12-14	3617-3618	,	_	_
12-15	3619-3624	statt	_	_
12-16	3625-3627	zu	_	_
12-17	3628-3635	gängeln	_	_
12-18	3636-3639	und	_	_
12-19	3640-3642	zu	_	_
12-20	3643-3654	bevormunden	_	_
12-21	3654-3655	.	_	_

#Text=Von einem solchen neuen, universellen, armutsfesten und emanzipatorischen sozialen Sicherungssystem profitieren vor allem die Selbstständigen. Die Kreativwirtschaft profitiert davon und nicht zuletzt die Künstlerinnen und Künstler, die man auch in den Blick nehmen muss.
13-1	3660-3663	Von	_	_
13-2	3664-3669	einem	_	_
13-3	3670-3677	solchen	_	_
13-4	3678-3683	neuen	_	_
13-5	3683-3684	,	_	_
13-6	3685-3697	universellen	_	_
13-7	3697-3698	,	_	_
13-8	3699-3711	armutsfesten	_	B
13-9	3712-3715	und	_	_
13-10	3716-3733	emanzipatorischen	_	B
13-11	3734-3742	sozialen	_	I
13-12	3743-3759	Sicherungssystem	_	I
13-13	3760-3771	profitieren	_	_
13-14	3772-3775	vor	_	_
13-15	3776-3781	allem	_	B
13-16	3782-3785	die	_	_
13-17	3786-3801	Selbstständigen	_	_
13-18	3801-3802	.	_	_
13-19	3803-3806	Die	_	B
13-20	3807-3824	Kreativwirtschaft	_	I
13-21	3825-3835	profitiert	_	_
13-22	3836-3841	davon	_	_
13-23	3842-3845	und	_	_
13-24	3846-3851	nicht	_	B
13-25	3852-3859	zuletzt	_	I
13-26	3860-3863	die	_	I
13-27	3864-3877	Künstlerinnen	_	I
13-28	3878-3881	und	_	_
13-29	3882-3890	Künstler	_	B
13-30	3890-3891	,	_	_
13-31	3892-3895	die	_	B
13-32	3896-3899	man	_	B
13-33	3900-3904	auch	_	_
13-34	3905-3907	in	_	_
13-35	3908-3911	den	_	B
13-36	3912-3917	Blick	_	I
13-37	3918-3924	nehmen	_	_
13-38	3925-3929	muss	_	_
13-39	3929-3930	.	_	_

#Text=Wir Grünen wollen eine vielfältige, bunte und kreative Gesellschaft mit mehr sozialer Sicherung und mehr sozialem Zusammenhalt, mit mehr Selbstbestimmung und mehr Freiheit für alle. Darum geht es. Lasst uns die Zukunft gestalten!
14-1	3936-3939	Wir	_	B
14-2	3940-3946	Grünen	_	_
14-3	3947-3953	wollen	_	_
14-4	3954-3958	eine	_	B
14-5	3959-3970	vielfältige	_	I
14-6	3970-3971	,	_	I
14-7	3972-3977	bunte	_	I
14-8	3978-3981	und	_	I
14-9	3982-3990	kreative	_	I
14-10	3991-4003	Gesellschaft	_	I
14-11	4004-4007	mit	_	_
14-12	4008-4012	mehr	_	B
14-13	4013-4021	sozialer	_	I
14-14	4022-4031	Sicherung	_	I
14-15	4032-4035	und	_	_
14-16	4036-4040	mehr	_	B
14-17	4041-4049	sozialem	_	I
14-18	4050-4062	Zusammenhalt	_	I
14-19	4062-4063	,	_	_
14-20	4064-4067	mit	_	_
14-21	4068-4072	mehr	_	B
14-22	4073-4089	Selbstbestimmung	_	I
14-23	4090-4093	und	_	_
14-24	4094-4098	mehr	_	B
14-25	4099-4107	Freiheit	_	I
14-26	4108-4111	für	_	_
14-27	4112-4116	alle	_	B
14-28	4116-4117	.	_	_
14-29	4118-4123	Darum	_	_
14-30	4124-4128	geht	_	_
14-31	4129-4131	es	_	_
14-32	4131-4132	.	_	_
14-33	4133-4138	Lasst	_	_
14-34	4139-4142	uns	_	B
14-35	4143-4146	die	_	B
14-36	4147-4154	Zukunft	_	I
14-37	4155-4164	gestalten	_	_
14-38	4164-4165	!	_	_

#Text=Vielen Dank.
15-1	4171-4177	Vielen	_	_
15-2	4178-4182	Dank	_	_
15-3	4182-4183	.	_	_

#Text=Herzlichen Dank. – Als Nächster für die CDU/CSU-Fraktion der Kollege Max Straubinger.
16-1	4185-4195	Herzlichen	_	B
16-2	4196-4200	Dank	_	I
16-3	4200-4201	.	_	_
16-4	4202-4203	–	_	_
16-5	4204-4207	Als	_	_
16-6	4208-4216	Nächster	_	B
16-7	4217-4220	für	_	_
16-8	4221-4224	die	_	B
16-9	4225-4228	CDU	_	I
16-10	4228-4229	/	_	B
16-11	4229-4241	CSU-Fraktion	_	B
16-12	4242-4245	der	_	B
16-13	4246-4253	Kollege	_	I
16-14	4254-4257	Max	_	I
16-15	4258-4269	Straubinger	_	I
16-16	4269-4270	.	_	_
