#FORMAT=WebAnno TSV 3.2
#T_SP=webanno.custom.Animacy|Animated
#T_SP=webanno.custom.CustomChunk|Chunk


#Text=Sehr geehrte Frau Präsidentin! Liebe Kolleginnen und Kollegen! Cum/Ex ist ein Thema, das jedenfalls mein politisches Leben schon etwas länger verfolgt. Heute ist ja ein ganz besonderer Tag: Im Ausschuss haben wir uns ausgiebig mit dem Thema beschäftigt. Wir haben eine Anhörung gehabt und jetzt folgt auch noch das Instrument der Aktuellen Stunde. Das ist ein wirklich wichtiges Thema, mit dem wir uns beschäftigen und das wir uns auch in allen Facetten ansehen.
1-1	0-4	Sehr	_	B
1-2	5-12	geehrte	_	I
1-3	13-17	Frau	_	I
1-4	18-29	Präsidentin	_	I
1-5	29-30	!	_	_
1-6	31-36	Liebe	_	B
1-7	37-48	Kolleginnen	_	_
1-8	49-52	und	_	_
1-9	53-61	Kollegen	_	B
1-10	61-62	!	_	_
1-11	63-66	Cum	_	_
1-12	66-67	/	_	_
1-13	67-69	Ex	_	B
1-14	70-73	ist	_	_
1-15	74-77	ein	_	B
1-16	78-83	Thema	_	I
1-17	83-84	,	_	_
1-18	85-88	das	_	B
1-19	89-99	jedenfalls	_	_
1-20	100-104	mein	_	B
1-21	105-116	politisches	_	I
1-22	117-122	Leben	_	I
1-23	123-128	schon	_	_
1-24	129-134	etwas	_	_
1-25	135-141	länger	_	_
1-26	142-150	verfolgt	_	_
1-27	150-151	.	_	_
1-28	152-157	Heute	_	_
1-29	158-161	ist	_	_
1-30	162-164	ja	_	_
1-31	165-168	ein	_	B
1-32	169-173	ganz	_	I
1-33	174-184	besonderer	_	I
1-34	185-188	Tag	_	I
1-35	188-189	:	_	_
1-36	190-192	Im	_	_
1-37	193-202	Ausschuss	_	B
1-38	203-208	haben	_	_
1-39	209-212	wir	_	B
1-40	213-216	uns	_	B
1-41	217-226	ausgiebig	_	_
1-42	227-230	mit	_	_
1-43	231-234	dem	_	B
1-44	235-240	Thema	_	I
1-45	241-252	beschäftigt	_	_
1-46	252-253	.	_	_
1-47	254-257	Wir	_	B
1-48	258-263	haben	_	_
1-49	264-268	eine	_	B
1-50	269-277	Anhörung	_	I
1-51	278-284	gehabt	_	_
1-52	285-288	und	_	_
1-53	289-294	jetzt	_	_
1-54	295-300	folgt	_	_
1-55	301-305	auch	_	_
1-56	306-310	noch	_	_
1-57	311-314	das	_	B
1-58	315-325	Instrument	_	I
1-59	326-329	der	_	B
1-60	330-339	Aktuellen	_	I
1-61	340-346	Stunde	_	I
1-62	346-347	.	_	_
1-63	348-351	Das	_	B
1-64	352-355	ist	_	_
1-65	356-359	ein	_	B
1-66	360-368	wirklich	_	I
1-67	369-378	wichtiges	_	I
1-68	379-384	Thema	_	I
1-69	384-385	,	_	_
1-70	386-389	mit	_	_
1-71	390-393	dem	_	B
1-72	394-397	wir	_	B
1-73	398-401	uns	_	B
1-74	402-414	beschäftigen	_	_
1-75	415-418	und	_	_
1-76	419-422	das	_	B
1-77	423-426	wir	_	B
1-78	427-430	uns	_	B
1-79	431-435	auch	_	_
1-80	436-438	in	_	_
1-81	439-444	allen	_	B
1-82	445-453	Facetten	_	I
1-83	454-461	ansehen	_	_
1-84	461-462	.	_	_

#Text=Wichtig ist – das hat der Kollege De Masi gesagt; fast möchte ich sagen, dass es das einzig Richtige an seiner Rede war –, dass das, was mit Cum/Ex gemacht worden ist, rechtswidrig war und ist. Das ist unstrittig; das war auch das Ergebnis des Untersuchungsausschusses, im Bericht auf 1 000 Seiten nachzulesen.
2-1	474-481	Wichtig	_	B
2-2	482-485	ist	_	I
2-3	486-487	–	_	I
2-4	488-491	das	_	I
2-5	492-495	hat	_	_
2-6	496-499	der	_	B
2-7	500-507	Kollege	_	I
2-8	508-510	De	_	I
2-9	511-515	Masi	_	I
2-10	516-522	gesagt	_	_
2-11	522-523	;	_	_
2-12	524-528	fast	_	_
2-13	529-535	möchte	_	_
2-14	536-539	ich	_	B
2-15	540-545	sagen	_	_
2-16	545-546	,	_	_
2-17	547-551	dass	_	_
2-18	552-554	es	_	B
2-19	555-558	das	_	B
2-20	559-565	einzig	_	I
2-21	566-574	Richtige	_	I
2-22	575-577	an	_	_
2-23	578-584	seiner	_	B
2-24	585-589	Rede	_	I
2-25	590-593	war	_	_
2-26	594-595	–	_	_
2-27	595-596	,	_	_
2-28	597-601	dass	_	_
2-29	602-605	das	_	B
2-30	605-606	,	_	_
2-31	607-610	was	_	B
2-32	611-614	mit	_	_
2-33	615-618	Cum	_	B
2-34	618-619	/	_	_
2-35	619-621	Ex	_	_
2-36	622-629	gemacht	_	_
2-37	630-636	worden	_	_
2-38	637-640	ist	_	_
2-39	640-641	,	_	_
2-40	642-654	rechtswidrig	_	_
2-41	655-658	war	_	_
2-42	659-662	und	_	_
2-43	663-666	ist	_	_
2-44	666-667	.	_	_
2-45	668-671	Das	_	B
2-46	672-675	ist	_	_
2-47	676-686	unstrittig	_	_
2-48	686-687	;	_	_
2-49	688-691	das	_	B
2-50	692-695	war	_	_
2-51	696-700	auch	_	B
2-52	701-704	das	_	I
2-53	705-713	Ergebnis	_	I
2-54	714-717	des	_	B
2-55	718-742	Untersuchungsausschusses	_	I
2-56	742-743	,	_	_
2-57	744-746	im	_	_
2-58	747-754	Bericht	_	B
2-59	755-758	auf	_	_
2-60	759-760	1	_	B
2-61	760-761	 	_	I
2-62	761-764	000	_	I
2-63	765-771	Seiten	_	I
2-64	772-783	nachzulesen	_	_
2-65	783-784	.	_	_

#Text=Dort von einer Gesetzeslücke zu reden, wie es manche hochgeschätzte Professoren getan haben, ist aberwitzig und abwegig, wie das Finanzgericht Hessen festgestellt hat. Von daher ist es richtig, dass man diesem Problem auch weiterhin auf den Grund geht, und das tun wir. 51 Fälle sind derzeit durch das Bundeszentralamt für Steuern abgeschlossen worden. Da sind immerhin 1,1 Milliarden Euro Kapitalertragsteuer zurückgefordert bzw. gar nicht erstattet worden.
3-1	798-802	Dort	_	_
3-2	803-806	von	_	_
3-3	807-812	einer	_	B
3-4	813-826	Gesetzeslücke	_	I
3-5	827-829	zu	_	_
3-6	830-835	reden	_	_
3-7	835-836	,	_	_
3-8	837-840	wie	_	_
3-9	841-843	es	_	B
3-10	844-850	manche	_	B
3-11	851-865	hochgeschätzte	_	I
3-12	866-877	Professoren	_	I
3-13	878-883	getan	_	_
3-14	884-889	haben	_	_
3-15	889-890	,	_	_
3-16	891-894	ist	_	_
3-17	895-905	aberwitzig	_	_
3-18	906-909	und	_	_
3-19	910-917	abwegig	_	_
3-20	917-918	,	_	_
3-21	919-922	wie	_	_
3-22	923-926	das	_	B
3-23	927-940	Finanzgericht	_	I
3-24	941-947	Hessen	_	I
3-25	948-960	festgestellt	_	_
3-26	961-964	hat	_	_
3-27	964-965	.	_	_
3-28	966-969	Von	_	_
3-29	970-975	daher	_	_
3-30	976-979	ist	_	_
3-31	980-982	es	_	B
3-32	983-990	richtig	_	_
3-33	990-991	,	_	_
3-34	992-996	dass	_	_
3-35	997-1000	man	_	B
3-36	1001-1007	diesem	_	B
3-37	1008-1015	Problem	_	I
3-38	1016-1020	auch	_	_
3-39	1021-1030	weiterhin	_	_
3-40	1031-1034	auf	_	_
3-41	1035-1038	den	_	B
3-42	1039-1044	Grund	_	I
3-43	1045-1049	geht	_	_
3-44	1049-1050	,	_	_
3-45	1051-1054	und	_	_
3-46	1055-1058	das	_	B
3-47	1059-1062	tun	_	_
3-48	1063-1066	wir	_	B
3-49	1066-1067	.	_	_
3-50	1068-1070	51	_	B
3-51	1071-1076	Fälle	_	I
3-52	1077-1081	sind	_	_
3-53	1082-1089	derzeit	_	_
3-54	1090-1095	durch	_	_
3-55	1096-1099	das	_	B
3-56	1100-1116	Bundeszentralamt	_	I
3-57	1117-1120	für	_	_
3-58	1121-1128	Steuern	_	B
3-59	1129-1142	abgeschlossen	_	_
3-60	1143-1149	worden	_	_
3-61	1149-1150	.	_	_
3-62	1151-1153	Da	_	_
3-63	1154-1158	sind	_	_
3-64	1159-1167	immerhin	_	B
3-65	1168-1171	1,1	_	I
3-66	1172-1182	Milliarden	_	I
3-67	1183-1187	Euro	_	I
3-68	1188-1207	Kapitalertragsteuer	_	I
3-69	1208-1223	zurückgefordert	_	_
3-70	1224-1228	bzw.	_	_
3-71	1229-1232	gar	_	_
3-72	1233-1238	nicht	_	_
3-73	1239-1248	erstattet	_	_
3-74	1249-1255	worden	_	_
3-75	1255-1256	.	_	_

#Text=Der Finanzminister hat heute in der Anhörung ausgeführt, es gebe noch weitere 500 Fälle in Bearbeitung. Von Steuerfahndern und Vertretern der Staatsanwaltschaften haben wir gehört, dass man dran ist. Ich möchte diesen Männern und Frauen mal ganz herzlich danken, weil die einen tollen Job machen. Es ist alles andere als einfach, Cum/Ex-Sachverhalte aufzudecken. Man stellt sich das immer so einfach vor.
4-1	1266-1269	Der	_	B
4-2	1270-1284	Finanzminister	_	I
4-3	1285-1288	hat	_	_
4-4	1289-1294	heute	_	_
4-5	1295-1297	in	_	_
4-6	1298-1301	der	_	B
4-7	1302-1310	Anhörung	_	I
4-8	1311-1321	ausgeführt	_	_
4-9	1321-1322	,	_	_
4-10	1323-1325	es	_	_
4-11	1326-1330	gebe	_	_
4-12	1331-1335	noch	_	B
4-13	1336-1343	weitere	_	I
4-14	1344-1347	500	_	I
4-15	1348-1353	Fälle	_	I
4-16	1354-1356	in	_	_
4-17	1357-1368	Bearbeitung	_	B
4-18	1368-1369	.	_	_
4-19	1370-1373	Von	_	_
4-20	1374-1388	Steuerfahndern	_	B
4-21	1389-1392	und	_	_
4-22	1393-1403	Vertretern	_	B
4-23	1404-1407	der	_	B
4-24	1408-1428	Staatsanwaltschaften	_	I
4-25	1429-1434	haben	_	_
4-26	1435-1438	wir	_	B
4-27	1439-1445	gehört	_	_
4-28	1445-1446	,	_	_
4-29	1447-1451	dass	_	_
4-30	1452-1455	man	_	B
4-31	1456-1460	dran	_	_
4-32	1461-1464	ist	_	_
4-33	1464-1465	.	_	_
4-34	1466-1469	Ich	_	B
4-35	1470-1476	möchte	_	_
4-36	1477-1483	diesen	_	B
4-37	1484-1491	Männern	_	I
4-38	1492-1495	und	_	_
4-39	1496-1502	Frauen	_	B
4-40	1503-1506	mal	_	_
4-41	1507-1511	ganz	_	_
4-42	1512-1520	herzlich	_	_
4-43	1521-1527	danken	_	_
4-44	1527-1528	,	_	_
4-45	1529-1533	weil	_	_
4-46	1534-1537	die	_	_
4-47	1538-1543	einen	_	B
4-48	1544-1550	tollen	_	I
4-49	1551-1554	Job	_	I
4-50	1555-1561	machen	_	_
4-51	1561-1562	.	_	_
4-52	1563-1565	Es	_	B
4-53	1566-1569	ist	_	_
4-54	1570-1575	alles	_	B
4-55	1576-1582	andere	_	I
4-56	1583-1586	als	_	_
4-57	1587-1594	einfach	_	_
4-58	1594-1595	,	_	_
4-59	1596-1599	Cum	_	B
4-60	1599-1600	/	_	_
4-61	1600-1615	Ex-Sachverhalte	_	B
4-62	1616-1627	aufzudecken	_	_
4-63	1627-1628	.	_	_
4-64	1629-1632	Man	_	B
4-65	1633-1639	stellt	_	_
4-66	1640-1644	sich	_	B
4-67	1645-1648	das	_	B
4-68	1649-1654	immer	_	_
4-69	1655-1657	so	_	_
4-70	1658-1665	einfach	_	_
4-71	1666-1669	vor	_	_
4-72	1669-1670	.	_	_

#Text=Aber vor dem Hintergrund der Dinge, die passiert sind, und der politischen Rolle, die Hamburg dabei spielt, ergeben sich natürlich Fragen. Ich frage mich schon – gar nicht bezogen auf eine Person oder dieser die Schuld zuweisend –, warum man 2016 Ansprüche hat verjähren lassen. Man muss sich erinnern: Anfang 2016 hat der Untersuchungsausschuss hier angefangen zu arbeiten. 2016 gab es das erste Urteil des Finanzgerichtes Hessen, es gab die ersten Durchsuchungen. Das Thema Cum/Ex war also in die Öffentlichkeit gekommen. Warum also hat man in diesem Zeitraum etwas verjähren lassen? Es ging ja gar nicht unbedingt darum, die Bank zu zwingen, etwas zurückzuzahlen; man hätte ja nur die Verjährungshemmung erreichen müssen. Das war ja auch das Ansinnen des Bundesfinanzministeriums unter der damaligen Führung von Wolfgang Schäuble. Warum die Freie und Hansestadt Hamburg und die Finanzbehörden dort nicht reagiert haben, ist für mich nach wie vor nicht erklärlich. Es macht, glaube ich, das Problem aus, dass das nicht erklärbar ist.
5-1	1682-1686	Aber	_	_
5-2	1687-1690	vor	_	_
5-3	1691-1694	dem	_	B
5-4	1695-1706	Hintergrund	_	I
5-5	1707-1710	der	_	B
5-6	1711-1716	Dinge	_	I
5-7	1716-1717	,	_	_
5-8	1718-1721	die	_	B
5-9	1722-1730	passiert	_	_
5-10	1731-1735	sind	_	_
5-11	1735-1736	,	_	_
5-12	1737-1740	und	_	_
5-13	1741-1744	der	_	B
5-14	1745-1756	politischen	_	I
5-15	1757-1762	Rolle	_	I
5-16	1762-1763	,	_	_
5-17	1764-1767	die	_	B
5-18	1768-1775	Hamburg	_	B
5-19	1776-1781	dabei	_	_
5-20	1782-1788	spielt	_	_
5-21	1788-1789	,	_	_
5-22	1790-1797	ergeben	_	_
5-23	1798-1802	sich	_	B
5-24	1803-1812	natürlich	_	_
5-25	1813-1819	Fragen	_	B
5-26	1819-1820	.	_	_
5-27	1821-1824	Ich	_	B
5-28	1825-1830	frage	_	_
5-29	1831-1835	mich	_	B
5-30	1836-1841	schon	_	_
5-31	1842-1843	–	_	_
5-32	1844-1847	gar	_	_
5-33	1848-1853	nicht	_	_
5-34	1854-1861	bezogen	_	_
5-35	1862-1865	auf	_	_
5-36	1866-1870	eine	_	B
5-37	1871-1877	Person	_	I
5-38	1878-1882	oder	_	_
5-39	1883-1889	dieser	_	B
5-40	1890-1893	die	_	B
5-41	1894-1900	Schuld	_	I
5-42	1901-1910	zuweisend	_	_
5-43	1911-1912	–	_	_
5-44	1912-1913	,	_	_
5-45	1914-1919	warum	_	_
5-46	1920-1923	man	_	B
5-47	1924-1928	2016	_	_
5-48	1929-1938	Ansprüche	_	B
5-49	1939-1942	hat	_	_
5-50	1943-1952	verjähren	_	_
5-51	1953-1959	lassen	_	_
5-52	1959-1960	.	_	_
5-53	1961-1964	Man	_	B
5-54	1965-1969	muss	_	_
5-55	1970-1974	sich	_	B
5-56	1975-1983	erinnern	_	_
5-57	1983-1984	:	_	_
5-58	1985-1991	Anfang	_	B
5-59	1992-1996	2016	_	_
5-60	1997-2000	hat	_	_
5-61	2001-2004	der	_	B
5-62	2005-2027	Untersuchungsausschuss	_	I
5-63	2028-2032	hier	_	_
5-64	2033-2043	angefangen	_	_
5-65	2044-2046	zu	_	_
5-66	2047-2055	arbeiten	_	_
5-67	2055-2056	.	_	_
5-68	2057-2061	2016	_	_
5-69	2062-2065	gab	_	_
5-70	2066-2068	es	_	_
5-71	2069-2072	das	_	B
5-72	2073-2078	erste	_	I
5-73	2079-2085	Urteil	_	I
5-74	2086-2089	des	_	B
5-75	2090-2105	Finanzgerichtes	_	I
5-76	2106-2112	Hessen	_	I
5-77	2112-2113	,	_	_
5-78	2114-2116	es	_	_
5-79	2117-2120	gab	_	_
5-80	2121-2124	die	_	B
5-81	2125-2131	ersten	_	I
5-82	2132-2146	Durchsuchungen	_	I
5-83	2146-2147	.	_	_
5-84	2148-2151	Das	_	B
5-85	2152-2157	Thema	_	I
5-86	2158-2161	Cum	_	I
5-87	2161-2162	/	_	I
5-88	2162-2164	Ex	_	I
5-89	2165-2168	war	_	_
5-90	2169-2173	also	_	_
5-91	2174-2176	in	_	_
5-92	2177-2180	die	_	B
5-93	2181-2195	Öffentlichkeit	_	I
5-94	2196-2204	gekommen	_	_
5-95	2204-2205	.	_	_
5-96	2206-2211	Warum	_	_
5-97	2212-2216	also	_	_
5-98	2217-2220	hat	_	_
5-99	2221-2224	man	_	B
5-100	2225-2227	in	_	_
5-101	2228-2234	diesem	_	B
5-102	2235-2243	Zeitraum	_	I
5-103	2244-2249	etwas	_	B
5-104	2250-2259	verjähren	_	_
5-105	2260-2266	lassen	_	_
5-106	2266-2267	?	_	_
5-107	2268-2270	Es	_	_
5-108	2271-2275	ging	_	_
5-109	2276-2278	ja	_	_
5-110	2279-2282	gar	_	_
5-111	2283-2288	nicht	_	_
5-112	2289-2298	unbedingt	_	_
5-113	2299-2304	darum	_	_
5-114	2304-2305	,	_	_
5-115	2306-2309	die	_	B
5-116	2310-2314	Bank	_	I
5-117	2315-2317	zu	_	_
5-118	2318-2325	zwingen	_	_
5-119	2325-2326	,	_	_
5-120	2327-2332	etwas	_	B
5-121	2333-2347	zurückzuzahlen	_	_
5-122	2347-2348	;	_	_
5-123	2349-2352	man	_	B
5-124	2353-2358	hätte	_	_
5-125	2359-2361	ja	_	_
5-126	2362-2365	nur	_	_
5-127	2366-2369	die	_	B
5-128	2370-2388	Verjährungshemmung	_	I
5-129	2389-2398	erreichen	_	_
5-130	2399-2405	müssen	_	_
5-131	2405-2406	.	_	_
5-132	2407-2410	Das	_	B
5-133	2411-2414	war	_	_
5-134	2415-2417	ja	_	_
5-135	2418-2422	auch	_	B
5-136	2423-2426	das	_	I
5-137	2427-2435	Ansinnen	_	I
5-138	2436-2439	des	_	B
5-139	2440-2464	Bundesfinanzministeriums	_	I
5-140	2465-2470	unter	_	_
5-141	2471-2474	der	_	B
5-142	2475-2484	damaligen	_	I
5-143	2485-2492	Führung	_	I
5-144	2493-2496	von	_	_
5-145	2497-2505	Wolfgang	_	B
5-146	2506-2514	Schäuble	_	I
5-147	2514-2515	.	_	_
5-148	2516-2521	Warum	_	_
5-149	2522-2525	die	_	_
5-150	2526-2531	Freie	_	_
5-151	2532-2535	und	_	_
5-152	2536-2546	Hansestadt	_	B
5-153	2547-2554	Hamburg	_	_
5-154	2555-2558	und	_	_
5-155	2559-2562	die	_	B
5-156	2563-2577	Finanzbehörden	_	I
5-157	2578-2582	dort	_	_
5-158	2583-2588	nicht	_	_
5-159	2589-2597	reagiert	_	_
5-160	2598-2603	haben	_	_
5-161	2603-2604	,	_	_
5-162	2605-2608	ist	_	_
5-163	2609-2612	für	_	_
5-164	2613-2617	mich	_	B
5-165	2618-2622	nach	_	_
5-166	2623-2626	wie	_	_
5-167	2627-2630	vor	_	_
5-168	2631-2636	nicht	_	_
5-169	2637-2647	erklärlich	_	_
5-170	2647-2648	.	_	_
5-171	2649-2651	Es	_	B
5-172	2652-2657	macht	_	_
5-173	2657-2658	,	_	_
5-174	2659-2665	glaube	_	_
5-175	2666-2669	ich	_	B
5-176	2669-2670	,	_	_
5-177	2671-2674	das	_	B
5-178	2675-2682	Problem	_	I
5-179	2683-2686	aus	_	_
5-180	2686-2687	,	_	_
5-181	2688-2692	dass	_	_
5-182	2693-2696	das	_	B
5-183	2697-2702	nicht	_	_
5-184	2703-2712	erklärbar	_	_
5-185	2713-2716	ist	_	_
5-186	2716-2717	.	_	_

#Text=Es wurden teilweise auch Zusammenhänge hergestellt, die ich nicht immer zwingend finde, auch wenn man sie als Opposition vielleicht gerne herstellt. Natürlich gibt es Fragen. Ich habe mich schon gefragt, warum man, obwohl man mit dem Thema nichts zu tun haben will und keine politische Einflussnahme will, das Schreiben an den Finanzsenator weiterleitet. Zu welchem Zweck wird denn das Schreiben an den Finanzsenator weitergeleitet? Doch mit dem Zweck, dass er sich kümmert. Das würde ich jedenfalls machen. Wenn mir jemand etwas zuschickt, verstehe ich das als Auftrag, was zu machen.
6-1	2744-2746	Es	_	_
6-2	2747-2753	wurden	_	_
6-3	2754-2763	teilweise	_	_
6-4	2764-2768	auch	_	B
6-5	2769-2782	Zusammenhänge	_	I
6-6	2783-2794	hergestellt	_	_
6-7	2794-2795	,	_	_
6-8	2796-2799	die	_	B
6-9	2800-2803	ich	_	B
6-10	2804-2809	nicht	_	_
6-11	2810-2815	immer	_	_
6-12	2816-2824	zwingend	_	_
6-13	2825-2830	finde	_	_
6-14	2830-2831	,	_	_
6-15	2832-2836	auch	_	_
6-16	2837-2841	wenn	_	_
6-17	2842-2845	man	_	B
6-18	2846-2849	sie	_	B
6-19	2850-2853	als	_	_
6-20	2854-2864	Opposition	_	B
6-21	2865-2875	vielleicht	_	_
6-22	2876-2881	gerne	_	_
6-23	2882-2891	herstellt	_	_
6-24	2891-2892	.	_	_
6-25	2893-2902	Natürlich	_	_
6-26	2903-2907	gibt	_	_
6-27	2908-2910	es	_	_
6-28	2911-2917	Fragen	_	B
6-29	2917-2918	.	_	_
6-30	2919-2922	Ich	_	B
6-31	2923-2927	habe	_	_
6-32	2928-2932	mich	_	B
6-33	2933-2938	schon	_	_
6-34	2939-2946	gefragt	_	_
6-35	2946-2947	,	_	_
6-36	2948-2953	warum	_	_
6-37	2954-2957	man	_	B
6-38	2957-2958	,	_	_
6-39	2959-2965	obwohl	_	_
6-40	2966-2969	man	_	B
6-41	2970-2973	mit	_	_
6-42	2974-2977	dem	_	B
6-43	2978-2983	Thema	_	I
6-44	2984-2990	nichts	_	B
6-45	2991-2993	zu	_	_
6-46	2994-2997	tun	_	_
6-47	2998-3003	haben	_	_
6-48	3004-3008	will	_	_
6-49	3009-3012	und	_	_
6-50	3013-3018	keine	_	B
6-51	3019-3029	politische	_	I
6-52	3030-3043	Einflussnahme	_	I
6-53	3044-3048	will	_	_
6-54	3048-3049	,	_	_
6-55	3050-3053	das	_	B
6-56	3054-3063	Schreiben	_	I
6-57	3064-3066	an	_	_
6-58	3067-3070	den	_	B
6-59	3071-3084	Finanzsenator	_	I
6-60	3085-3097	weiterleitet	_	_
6-61	3097-3098	.	_	_
6-62	3099-3101	Zu	_	_
6-63	3102-3109	welchem	_	B
6-64	3110-3115	Zweck	_	I
6-65	3116-3120	wird	_	_
6-66	3121-3125	denn	_	_
6-67	3126-3129	das	_	B
6-68	3130-3139	Schreiben	_	I
6-69	3140-3142	an	_	_
6-70	3143-3146	den	_	B
6-71	3147-3160	Finanzsenator	_	I
6-72	3161-3175	weitergeleitet	_	_
6-73	3175-3176	?	_	_
6-74	3177-3181	Doch	_	_
6-75	3182-3185	mit	_	_
6-76	3186-3189	dem	_	B
6-77	3190-3195	Zweck	_	I
6-78	3195-3196	,	_	_
6-79	3197-3201	dass	_	_
6-80	3202-3204	er	_	B
6-81	3205-3209	sich	_	B
6-82	3210-3217	kümmert	_	_
6-83	3217-3218	.	_	_
6-84	3219-3222	Das	_	B
6-85	3223-3228	würde	_	_
6-86	3229-3232	ich	_	B
6-87	3233-3243	jedenfalls	_	_
6-88	3244-3250	machen	_	_
6-89	3250-3251	.	_	_
6-90	3252-3256	Wenn	_	_
6-91	3257-3260	mir	_	B
6-92	3261-3267	jemand	_	B
6-93	3268-3273	etwas	_	B
6-94	3274-3283	zuschickt	_	_
6-95	3283-3284	,	_	_
6-96	3285-3293	verstehe	_	_
6-97	3294-3297	ich	_	B
6-98	3298-3301	das	_	B
6-99	3302-3305	als	_	_
6-100	3306-3313	Auftrag	_	B
6-101	3313-3314	,	_	_
6-102	3315-3318	was	_	B
6-103	3319-3321	zu	_	_
6-104	3322-3328	machen	_	_
6-105	3328-3329	.	_	_

#Text=Von daher glaube ich schon, dass diese Fragen beantwortet werden müssen. Herr De Masi hat ja auch darauf hingewiesen, dass wir 2017 einen ähnlich gelagerten Fall hatten. Da ging es um 43 Millionen Euro. 2016 ging es um 47 Millionen Euro, dann um 43 Millionen Euro. Dort ist das BMF ja eingeschritten. Wenn es eine Anweisung des Bundesfinanzministeriums nicht gegeben hätte, wären auch die Ansprüche auf diese Beträge verjährt.
7-1	3345-3348	Von	_	_
7-2	3349-3354	daher	_	_
7-3	3355-3361	glaube	_	_
7-4	3362-3365	ich	_	B
7-5	3366-3371	schon	_	_
7-6	3371-3372	,	_	_
7-7	3373-3377	dass	_	_
7-8	3378-3383	diese	_	B
7-9	3384-3390	Fragen	_	I
7-10	3391-3402	beantwortet	_	_
7-11	3403-3409	werden	_	_
7-12	3410-3416	müssen	_	_
7-13	3416-3417	.	_	_
7-14	3418-3422	Herr	_	B
7-15	3423-3425	De	_	I
7-16	3426-3430	Masi	_	I
7-17	3431-3434	hat	_	_
7-18	3435-3437	ja	_	_
7-19	3438-3442	auch	_	_
7-20	3443-3449	darauf	_	_
7-21	3450-3461	hingewiesen	_	_
7-22	3461-3462	,	_	_
7-23	3463-3467	dass	_	_
7-24	3468-3471	wir	_	B
7-25	3472-3476	2017	_	_
7-26	3477-3482	einen	_	B
7-27	3483-3490	ähnlich	_	I
7-28	3491-3501	gelagerten	_	I
7-29	3502-3506	Fall	_	I
7-30	3507-3513	hatten	_	_
7-31	3513-3514	.	_	_
7-32	3515-3517	Da	_	_
7-33	3518-3522	ging	_	_
7-34	3523-3525	es	_	_
7-35	3526-3528	um	_	_
7-36	3529-3531	43	_	B
7-37	3532-3541	Millionen	_	I
7-38	3542-3546	Euro	_	I
7-39	3546-3547	.	_	_
7-40	3548-3552	2016	_	_
7-41	3553-3557	ging	_	_
7-42	3558-3560	es	_	_
7-43	3561-3563	um	_	_
7-44	3564-3566	47	_	B
7-45	3567-3576	Millionen	_	I
7-46	3577-3581	Euro	_	I
7-47	3581-3582	,	_	_
7-48	3583-3587	dann	_	_
7-49	3588-3590	um	_	_
7-50	3591-3593	43	_	B
7-51	3594-3603	Millionen	_	I
7-52	3604-3608	Euro	_	I
7-53	3608-3609	.	_	_
7-54	3610-3614	Dort	_	_
7-55	3615-3618	ist	_	_
7-56	3619-3622	das	_	B
7-57	3623-3626	BMF	_	I
7-58	3627-3629	ja	_	_
7-59	3630-3644	eingeschritten	_	_
7-60	3644-3645	.	_	_
7-61	3646-3650	Wenn	_	_
7-62	3651-3653	es	_	B
7-63	3654-3658	eine	_	B
7-64	3659-3668	Anweisung	_	I
7-65	3669-3672	des	_	B
7-66	3673-3697	Bundesfinanzministeriums	_	I
7-67	3698-3703	nicht	_	_
7-68	3704-3711	gegeben	_	_
7-69	3712-3717	hätte	_	_
7-70	3717-3718	,	_	_
7-71	3719-3724	wären	_	_
7-72	3725-3729	auch	_	B
7-73	3730-3733	die	_	I
7-74	3734-3743	Ansprüche	_	I
7-75	3744-3747	auf	_	_
7-76	3748-3753	diese	_	B
7-77	3754-3761	Beträge	_	I
7-78	3762-3770	verjährt	_	_
7-79	3770-3771	.	_	_

#Text=Jetzt ist natürlich die Frage: Ist tatsächlich ein Schaden entstanden? Wir können nur hoffen, dass das Landgericht Bonn mit seiner Meinung durchkommt, dass die 170 Millionen Euro von der Warburg-Bank auch zu zahlen sind, wie es im Urteil steht; denn das ist überhaupt nicht sicher. Wir haben versucht, es sicher zu machen, indem wir durch das Corona-Steuerhilfegesetz II etwas in der Abgabenordnung geändert haben. Den Vorschlag hat das Bundesfinanzministerium erarbeitet. Nun müssen wir leider feststellen, dass er unzureichend ist, was ich sehr bedauere. Ich hoffe – der Minister hat es heute angekündigt –, dass zusammen mit der Bundesjustizministerin etwas vorgeschlagen wird, damit wir dieses Thema beenden können. – Hier läuft gar keine Uhr.
8-1	3782-3787	Jetzt	_	_
8-2	3788-3791	ist	_	_
8-3	3792-3801	natürlich	_	_
8-4	3802-3805	die	_	B
8-5	3806-3811	Frage	_	I
8-6	3811-3812	:	_	_
8-7	3813-3816	Ist	_	_
8-8	3817-3828	tatsächlich	_	_
8-9	3829-3832	ein	_	B
8-10	3833-3840	Schaden	_	I
8-11	3841-3851	entstanden	_	_
8-12	3851-3852	?	_	_
8-13	3853-3856	Wir	_	B
8-14	3857-3863	können	_	_
8-15	3864-3867	nur	_	_
8-16	3868-3874	hoffen	_	_
8-17	3874-3875	,	_	_
8-18	3876-3880	dass	_	_
8-19	3881-3884	das	_	B
8-20	3885-3896	Landgericht	_	I
8-21	3897-3901	Bonn	_	I
8-22	3902-3905	mit	_	_
8-23	3906-3912	seiner	_	B
8-24	3913-3920	Meinung	_	I
8-25	3921-3931	durchkommt	_	_
8-26	3931-3932	,	_	_
8-27	3933-3937	dass	_	_
8-28	3938-3941	die	_	B
8-29	3942-3945	170	_	I
8-30	3946-3955	Millionen	_	I
8-31	3956-3960	Euro	_	I
8-32	3961-3964	von	_	_
8-33	3965-3968	der	_	B
8-34	3969-3981	Warburg-Bank	_	I
8-35	3982-3986	auch	_	_
8-36	3987-3989	zu	_	_
8-37	3990-3996	zahlen	_	_
8-38	3997-4001	sind	_	_
8-39	4001-4002	,	_	_
8-40	4003-4006	wie	_	_
8-41	4007-4009	es	_	_
8-42	4010-4012	im	_	_
8-43	4013-4019	Urteil	_	B
8-44	4020-4025	steht	_	_
8-45	4025-4026	;	_	_
8-46	4027-4031	denn	_	_
8-47	4032-4035	das	_	B
8-48	4036-4039	ist	_	_
8-49	4040-4049	überhaupt	_	_
8-50	4050-4055	nicht	_	_
8-51	4056-4062	sicher	_	_
8-52	4062-4063	.	_	_
8-53	4064-4067	Wir	_	B
8-54	4068-4073	haben	_	_
8-55	4074-4082	versucht	_	_
8-56	4082-4083	,	_	_
8-57	4084-4086	es	_	B
8-58	4087-4093	sicher	_	_
8-59	4094-4096	zu	_	_
8-60	4097-4103	machen	_	_
8-61	4103-4104	,	_	_
8-62	4105-4110	indem	_	_
8-63	4111-4114	wir	_	B
8-64	4115-4120	durch	_	_
8-65	4121-4124	das	_	B
8-66	4125-4149	Corona-Steuerhilfegesetz	_	I
8-67	4150-4152	II	_	_
8-68	4153-4158	etwas	_	B
8-69	4159-4161	in	_	_
8-70	4162-4165	der	_	B
8-71	4166-4180	Abgabenordnung	_	I
8-72	4181-4189	geändert	_	_
8-73	4190-4195	haben	_	_
8-74	4195-4196	.	_	_
8-75	4197-4200	Den	_	B
8-76	4201-4210	Vorschlag	_	I
8-77	4211-4214	hat	_	_
8-78	4215-4218	das	_	B
8-79	4219-4242	Bundesfinanzministerium	_	I
8-80	4243-4253	erarbeitet	_	_
8-81	4253-4254	.	_	_
8-82	4255-4258	Nun	_	_
8-83	4259-4265	müssen	_	_
8-84	4266-4269	wir	_	B
8-85	4270-4276	leider	_	_
8-86	4277-4288	feststellen	_	_
8-87	4288-4289	,	_	_
8-88	4290-4294	dass	_	_
8-89	4295-4297	er	_	B
8-90	4298-4310	unzureichend	_	_
8-91	4311-4314	ist	_	_
8-92	4314-4315	,	_	_
8-93	4316-4319	was	_	B
8-94	4320-4323	ich	_	B
8-95	4324-4328	sehr	_	_
8-96	4329-4337	bedauere	_	_
8-97	4337-4338	.	_	_
8-98	4339-4342	Ich	_	B
8-99	4343-4348	hoffe	_	_
8-100	4349-4350	–	_	_
8-101	4351-4354	der	_	B
8-102	4355-4363	Minister	_	I
8-103	4364-4367	hat	_	_
8-104	4368-4370	es	_	B
8-105	4371-4376	heute	_	_
8-106	4377-4388	angekündigt	_	_
8-107	4389-4390	–	_	_
8-108	4390-4391	,	_	_
8-109	4392-4396	dass	_	_
8-110	4397-4405	zusammen	_	_
8-111	4406-4409	mit	_	_
8-112	4410-4413	der	_	B
8-113	4414-4436	Bundesjustizministerin	_	I
8-114	4437-4442	etwas	_	B
8-115	4443-4456	vorgeschlagen	_	_
8-116	4457-4461	wird	_	_
8-117	4461-4462	,	_	_
8-118	4463-4468	damit	_	_
8-119	4469-4472	wir	_	B
8-120	4473-4479	dieses	_	B
8-121	4480-4485	Thema	_	I
8-122	4486-4493	beenden	_	_
8-123	4494-4500	können	_	_
8-124	4500-4501	.	_	_
8-125	4502-4503	–	_	_
8-126	4504-4508	Hier	_	_
8-127	4509-4514	läuft	_	_
8-128	4515-4518	gar	_	B
8-129	4519-4524	keine	_	I
8-130	4525-4528	Uhr	_	I
8-131	4528-4529	.	_	_

#Text=Sie haben noch eine Minute.
9-1	4548-4551	Sie	_	B
9-2	4552-4557	haben	_	_
9-3	4558-4562	noch	_	B
9-4	4563-4567	eine	_	I
9-5	4568-4574	Minute	_	I
9-6	4574-4575	.	_	_

#Text=Es steht hier aber gar nicht. Gut, okay.
10-1	4577-4579	Es	_	_
10-2	4580-4585	steht	_	_
10-3	4586-4590	hier	_	_
10-4	4591-4595	aber	_	_
10-5	4596-4599	gar	_	_
10-6	4600-4605	nicht	_	_
10-7	4605-4606	.	_	_
10-8	4607-4610	Gut	_	_
10-9	4610-4611	,	_	_
10-10	4612-4616	okay	_	_
10-11	4616-4617	.	_	_

#Text=Nein, da steht gar nichts. Jetzt haben Sie noch 54 Sekunden.
11-1	4621-4625	Nein	_	_
11-2	4625-4626	,	_	_
11-3	4627-4629	da	_	_
11-4	4630-4635	steht	_	_
11-5	4636-4639	gar	_	B
11-6	4640-4646	nichts	_	I
11-7	4646-4647	.	_	_
11-8	4648-4653	Jetzt	_	_
11-9	4654-4659	haben	_	_
11-10	4660-4663	Sie	_	B
11-11	4664-4668	noch	_	B
11-12	4669-4671	54	_	I
11-13	4672-4680	Sekunden	_	I
11-14	4680-4681	.	_	_

#Text=Gut. – Ich fasse zusammen. Ich glaube, wir müssen uns die Frage stellen: Was ist da in Hamburg passiert? Die Hamburgische Bürgerschaft hat einen besonderen Auftrag. Ich höre, dass auch über einen Untersuchungsausschuss geredet wird. Da gehört es meines Erachtens auch hin, damit das aufgeklärt wird.
12-1	4685-4688	Gut	_	_
12-2	4688-4689	.	_	_
12-3	4690-4691	–	_	_
12-4	4692-4695	Ich	_	B
12-5	4696-4701	fasse	_	_
12-6	4702-4710	zusammen	_	_
12-7	4710-4711	.	_	_
12-8	4712-4715	Ich	_	B
12-9	4716-4722	glaube	_	_
12-10	4722-4723	,	_	_
12-11	4724-4727	wir	_	B
12-12	4728-4734	müssen	_	_
12-13	4735-4738	uns	_	B
12-14	4739-4742	die	_	B
12-15	4743-4748	Frage	_	I
12-16	4749-4756	stellen	_	_
12-17	4756-4757	:	_	_
12-18	4758-4761	Was	_	B
12-19	4762-4765	ist	_	_
12-20	4766-4768	da	_	_
12-21	4769-4771	in	_	_
12-22	4772-4779	Hamburg	_	B
12-23	4780-4788	passiert	_	_
12-24	4788-4789	?	_	_
12-25	4790-4793	Die	_	B
12-26	4794-4806	Hamburgische	_	I
12-27	4807-4819	Bürgerschaft	_	I
12-28	4820-4823	hat	_	_
12-29	4824-4829	einen	_	B
12-30	4830-4840	besonderen	_	I
12-31	4841-4848	Auftrag	_	I
12-32	4848-4849	.	_	_
12-33	4850-4853	Ich	_	B
12-34	4854-4858	höre	_	_
12-35	4858-4859	,	_	_
12-36	4860-4864	dass	_	_
12-37	4865-4869	auch	_	_
12-38	4870-4874	über	_	_
12-39	4875-4880	einen	_	B
12-40	4881-4903	Untersuchungsausschuss	_	I
12-41	4904-4911	geredet	_	_
12-42	4912-4916	wird	_	_
12-43	4916-4917	.	_	_
12-44	4918-4920	Da	_	_
12-45	4921-4927	gehört	_	_
12-46	4928-4930	es	_	B
12-47	4931-4937	meines	_	B
12-48	4938-4947	Erachtens	_	I
12-49	4948-4952	auch	_	_
12-50	4953-4956	hin	_	_
12-51	4956-4957	,	_	_
12-52	4958-4963	damit	_	_
12-53	4964-4967	das	_	_
12-54	4968-4978	aufgeklärt	_	_
12-55	4979-4983	wird	_	_
12-56	4983-4984	.	_	_

#Text=Es liegt aber – das muss man ehrlicherweise auch sagen – nur der Verdacht nahe, dass es eine politische Einflussnahme gegeben haben könnte. Es gibt keinerlei Beweise dafür. Ich möchte auch mal für uns alle in Anspruch nehmen, dass es nach wie vor möglich sein muss, dass wir uns mit Unternehmerinnen und Unternehmern zu Gesprächen treffen und dass nicht jedes Gespräch hinterher skandalisiert und zum Problem erklärt wird. Denn es wäre auch ein Problem, wenn wir nicht mehr miteinander im Gespräch bleiben würden. Daher finde ich es richtig, dass der Bürgermeister der Freien und Hansestadt Hamburg solche Gespräche führte. Das macht Herr Tschentscher hoffentlich, und das machen andere Ministerpräsidenten hoffentlich auch. Daher sollten wir mit einer Skandalisierung vorsichtig sein.
13-1	4995-4997	Es	_	B
13-2	4998-5003	liegt	_	_
13-3	5004-5008	aber	_	_
13-4	5009-5010	–	_	_
13-5	5011-5014	das	_	B
13-6	5015-5019	muss	_	_
13-7	5020-5023	man	_	B
13-8	5024-5038	ehrlicherweise	_	_
13-9	5039-5043	auch	_	_
13-10	5044-5049	sagen	_	_
13-11	5050-5051	–	_	_
13-12	5052-5055	nur	_	B
13-13	5056-5059	der	_	I
13-14	5060-5068	Verdacht	_	I
13-15	5069-5073	nahe	_	_
13-16	5073-5074	,	_	_
13-17	5075-5079	dass	_	_
13-18	5080-5082	es	_	_
13-19	5083-5087	eine	_	B
13-20	5088-5098	politische	_	I
13-21	5099-5112	Einflussnahme	_	I
13-22	5113-5120	gegeben	_	_
13-23	5121-5126	haben	_	_
13-24	5127-5133	könnte	_	_
13-25	5133-5134	.	_	_
13-26	5135-5137	Es	_	_
13-27	5138-5142	gibt	_	_
13-28	5143-5152	keinerlei	_	B
13-29	5153-5160	Beweise	_	I
13-30	5161-5166	dafür	_	_
13-31	5166-5167	.	_	_
13-32	5168-5171	Ich	_	B
13-33	5172-5178	möchte	_	_
13-34	5179-5183	auch	_	_
13-35	5184-5187	mal	_	_
13-36	5188-5191	für	_	_
13-37	5192-5195	uns	_	B
13-38	5196-5200	alle	_	B
13-39	5201-5203	in	_	_
13-40	5204-5212	Anspruch	_	B
13-41	5213-5219	nehmen	_	_
13-42	5219-5220	,	_	_
13-43	5221-5225	dass	_	_
13-44	5226-5228	es	_	_
13-45	5229-5233	nach	_	_
13-46	5234-5237	wie	_	_
13-47	5238-5241	vor	_	_
13-48	5242-5249	möglich	_	_
13-49	5250-5254	sein	_	_
13-50	5255-5259	muss	_	_
13-51	5259-5260	,	_	_
13-52	5261-5265	dass	_	_
13-53	5266-5269	wir	_	B
13-54	5270-5273	uns	_	B
13-55	5274-5277	mit	_	_
13-56	5278-5294	Unternehmerinnen	_	B
13-57	5295-5298	und	_	_
13-58	5299-5311	Unternehmern	_	B
13-59	5312-5314	zu	_	_
13-60	5315-5325	Gesprächen	_	B
13-61	5326-5333	treffen	_	_
13-62	5334-5337	und	_	_
13-63	5338-5342	dass	_	_
13-64	5343-5348	nicht	_	_
13-65	5349-5354	jedes	_	B
13-66	5355-5363	Gespräch	_	I
13-67	5364-5373	hinterher	_	_
13-68	5374-5387	skandalisiert	_	_
13-69	5388-5391	und	_	_
13-70	5392-5395	zum	_	_
13-71	5396-5403	Problem	_	B
13-72	5404-5411	erklärt	_	_
13-73	5412-5416	wird	_	_
13-74	5416-5417	.	_	_
13-75	5418-5422	Denn	_	_
13-76	5423-5425	es	_	_
13-77	5426-5430	wäre	_	_
13-78	5431-5435	auch	_	_
13-79	5436-5439	ein	_	B
13-80	5440-5447	Problem	_	I
13-81	5447-5448	,	_	_
13-82	5449-5453	wenn	_	_
13-83	5454-5457	wir	_	B
13-84	5458-5463	nicht	_	_
13-85	5464-5468	mehr	_	_
13-86	5469-5480	miteinander	_	_
13-87	5481-5483	im	_	_
13-88	5484-5492	Gespräch	_	B
13-89	5493-5500	bleiben	_	_
13-90	5501-5507	würden	_	_
13-91	5507-5508	.	_	_
13-92	5509-5514	Daher	_	_
13-93	5515-5520	finde	_	_
13-94	5521-5524	ich	_	B
13-95	5525-5527	es	_	B
13-96	5528-5535	richtig	_	_
13-97	5535-5536	,	_	_
13-98	5537-5541	dass	_	_
13-99	5542-5545	der	_	B
13-100	5546-5559	Bürgermeister	_	I
13-101	5560-5563	der	_	I
13-102	5564-5570	Freien	_	I
13-103	5571-5574	und	_	I
13-104	5575-5585	Hansestadt	_	I
13-105	5586-5593	Hamburg	_	I
13-106	5594-5600	solche	_	B
13-107	5601-5610	Gespräche	_	I
13-108	5611-5617	führte	_	_
13-109	5617-5618	.	_	_
13-110	5619-5622	Das	_	B
13-111	5623-5628	macht	_	_
13-112	5629-5633	Herr	_	B
13-113	5634-5646	Tschentscher	_	I
13-114	5647-5658	hoffentlich	_	_
13-115	5658-5659	,	_	_
13-116	5660-5663	und	_	_
13-117	5664-5667	das	_	B
13-118	5668-5674	machen	_	_
13-119	5675-5681	andere	_	B
13-120	5682-5701	Ministerpräsidenten	_	I
13-121	5702-5713	hoffentlich	_	_
13-122	5714-5718	auch	_	_
13-123	5718-5719	.	_	_
13-124	5720-5725	Daher	_	_
13-125	5726-5733	sollten	_	_
13-126	5734-5737	wir	_	B
13-127	5738-5741	mit	_	_
13-128	5742-5747	einer	_	B
13-129	5748-5763	Skandalisierung	_	I
13-130	5764-5774	vorsichtig	_	_
13-131	5775-5779	sein	_	_
13-132	5779-5780	.	_	_

#Text=Herzlichen Dank.
14-1	5794-5804	Herzlichen	_	B
14-2	5805-5809	Dank	_	I
14-3	5809-5810	.	_	_

#Text=Vielen Dank, Fritz Güntzler. – Nächster Redner: Volker Münz für die AfD-Fraktion.
15-1	5812-5818	Vielen	_	_
15-2	5819-5823	Dank	_	_
15-3	5823-5824	,	_	_
15-4	5825-5830	Fritz	_	B
15-5	5831-5839	Güntzler	_	I
15-6	5839-5840	.	_	_
15-7	5841-5842	–	_	B
15-8	5843-5851	Nächster	_	I
15-9	5852-5858	Redner	_	I
15-10	5858-5859	:	_	_
15-11	5860-5866	Volker	_	B
15-12	5867-5871	Münz	_	I
15-13	5872-5875	für	_	_
15-14	5876-5879	die	_	B
15-15	5880-5892	AfD-Fraktion	_	I
15-16	5892-5893	.	_	_
