#FORMAT=WebAnno TSV 3.2
#T_SP=webanno.custom.Animacy|Animated
#T_SP=webanno.custom.CustomChunk|Chunk


#Text=Herr Präsident! Meine Damen und Herren! Liebe Zuschauerinnen und Zuschauer! Herr Pohl, welches Bild von Gewerkschaften malen Sie hier eigentlich? Wie spalten Sie auch hier die Arbeitnehmer und ihre Vertreter? Schämen Sie sich nicht? Was nehmen Sie sich eigentlich heraus? Ich bin froh, dass es Gewerkschaften und ihre Vertreter gibt.
1-1	0-4	Herr	_	B
1-2	5-14	Präsident	_	I
1-3	14-15	!	_	_
1-4	16-21	Meine	_	B
1-5	22-27	Damen	_	I
1-6	28-31	und	_	_
1-7	32-38	Herren	_	B
1-8	38-39	!	_	_
1-9	40-45	Liebe	_	B
1-10	46-60	Zuschauerinnen	_	I
1-11	61-64	und	_	_
1-12	65-74	Zuschauer	_	B
1-13	74-75	!	_	_
1-14	76-80	Herr	_	_
1-15	81-85	Pohl	_	B
1-16	85-86	,	_	_
1-17	87-94	welches	_	B
1-18	95-99	Bild	_	I
1-19	100-103	von	_	_
1-20	104-118	Gewerkschaften	_	B
1-21	119-124	malen	_	_
1-22	125-128	Sie	_	B
1-23	129-133	hier	_	_
1-24	134-144	eigentlich	_	_
1-25	144-145	?	_	_
1-26	146-149	Wie	_	_
1-27	150-157	spalten	_	_
1-28	158-161	Sie	_	B
1-29	162-166	auch	_	_
1-30	167-171	hier	_	_
1-31	172-175	die	_	B
1-32	176-188	Arbeitnehmer	_	I
1-33	189-192	und	_	_
1-34	193-197	ihre	_	B
1-35	198-207	Vertreter	_	I
1-36	207-208	?	_	_
1-37	209-216	Schämen	_	_
1-38	217-220	Sie	_	B
1-39	221-225	sich	_	B
1-40	226-231	nicht	_	_
1-41	231-232	?	_	_
1-42	233-236	Was	_	B
1-43	237-243	nehmen	_	_
1-44	244-247	Sie	_	B
1-45	248-252	sich	_	B
1-46	253-263	eigentlich	_	_
1-47	264-270	heraus	_	_
1-48	270-271	?	_	_
1-49	272-275	Ich	_	B
1-50	276-279	bin	_	_
1-51	280-284	froh	_	_
1-52	284-285	,	_	_
1-53	286-290	dass	_	_
1-54	291-293	es	_	_
1-55	294-308	Gewerkschaften	_	B
1-56	309-312	und	_	_
1-57	313-317	ihre	_	B
1-58	318-327	Vertreter	_	I
1-59	328-332	gibt	_	_
1-60	332-333	.	_	_

#Text=Wo wären wir heute ohne sie? Ich bedanke mich jedenfalls bei den Vertretern der Gewerkschaften für ihre Arbeit.
2-1	344-346	Wo	_	_
2-2	347-352	wären	_	_
2-3	353-356	wir	_	B
2-4	357-362	heute	_	_
2-5	363-367	ohne	_	_
2-6	368-371	sie	_	B
2-7	371-372	?	_	_
2-8	373-376	Ich	_	B
2-9	377-384	bedanke	_	_
2-10	385-389	mich	_	B
2-11	390-400	jedenfalls	_	_
2-12	401-404	bei	_	_
2-13	405-408	den	_	B
2-14	409-419	Vertretern	_	I
2-15	420-423	der	_	B
2-16	424-438	Gewerkschaften	_	I
2-17	439-442	für	_	_
2-18	443-447	ihre	_	B
2-19	448-454	Arbeit	_	I
2-20	454-455	.	_	_

#Text=Liebe Kolleginnen und Kollegen der Fraktion Die Linke, ich fange heute einmal mit einem Lob in Ihre Richtung an – das andere vergessen wir jetzt sofort wieder –: Ihr Antrag geht vom Grundsatz her in die richtige Richtung; das sage ich deutlich. Es stimmt: Gute Löhne und gute Arbeitsbedingungen gibt es meistens dort, wo Tarifverträge gelten. Und wir haben in unserem Fachbereich Arbeit und Soziales in dieser Legislaturperiode schon einiges auf die Beine gestellt, Stichworte: Rentenpaket, sozialer Arbeitsmarkt, Brückenteilzeit, Qualifizierungschancengesetz. Auch wir von der SPD werden beim Thema Tarifbindung vorankommen, und wir werden es gründlich machen; denn wir sind der Meinung: je höher die Tarifbindung, desto besser. Je öfter die Sozialpartner ihre Arbeitsbedingungen auf Augenhöhe regeln, desto besser ist es.
3-1	458-463	Liebe	_	B
3-2	464-475	Kolleginnen	_	B
3-3	476-479	und	_	_
3-4	480-488	Kollegen	_	B
3-5	489-492	der	_	B
3-6	493-501	Fraktion	_	I
3-7	502-505	Die	_	B
3-8	506-511	Linke	_	I
3-9	511-512	,	_	_
3-10	513-516	ich	_	B
3-11	517-522	fange	_	_
3-12	523-528	heute	_	_
3-13	529-535	einmal	_	_
3-14	536-539	mit	_	_
3-15	540-545	einem	_	B
3-16	546-549	Lob	_	I
3-17	550-552	in	_	_
3-18	553-557	Ihre	_	B
3-19	558-566	Richtung	_	I
3-20	567-569	an	_	_
3-21	570-571	–	_	_
3-22	572-575	das	_	B
3-23	576-582	andere	_	I
3-24	583-592	vergessen	_	_
3-25	593-596	wir	_	B
3-26	597-602	jetzt	_	_
3-27	603-609	sofort	_	_
3-28	610-616	wieder	_	_
3-29	617-618	–	_	_
3-30	618-619	:	_	_
3-31	620-623	Ihr	_	B
3-32	624-630	Antrag	_	I
3-33	631-635	geht	_	_
3-34	636-639	vom	_	_
3-35	640-649	Grundsatz	_	B
3-36	650-653	her	_	_
3-37	654-656	in	_	_
3-38	657-660	die	_	B
3-39	661-669	richtige	_	I
3-40	670-678	Richtung	_	I
3-41	678-679	;	_	_
3-42	680-683	das	_	B
3-43	684-688	sage	_	_
3-44	689-692	ich	_	B
3-45	693-701	deutlich	_	_
3-46	701-702	.	_	_
3-47	703-705	Es	_	B
3-48	706-712	stimmt	_	_
3-49	712-713	:	_	_
3-50	714-718	Gute	_	B
3-51	719-724	Löhne	_	I
3-52	725-728	und	_	_
3-53	729-733	gute	_	B
3-54	734-752	Arbeitsbedingungen	_	I
3-55	753-757	gibt	_	_
3-56	758-760	es	_	_
3-57	761-769	meistens	_	_
3-58	770-774	dort	_	_
3-59	774-775	,	_	_
3-60	776-778	wo	_	_
3-61	779-792	Tarifverträge	_	B
3-62	793-799	gelten	_	_
3-63	799-800	.	_	_
3-64	801-804	Und	_	_
3-65	805-808	wir	_	B
3-66	809-814	haben	_	_
3-67	815-817	in	_	_
3-68	818-825	unserem	_	B
3-69	826-837	Fachbereich	_	I
3-70	838-844	Arbeit	_	B
3-71	845-848	und	_	_
3-72	849-857	Soziales	_	B
3-73	858-860	in	_	_
3-74	861-867	dieser	_	B
3-75	868-885	Legislaturperiode	_	I
3-76	886-891	schon	_	B
3-77	892-899	einiges	_	I
3-78	900-903	auf	_	_
3-79	904-907	die	_	B
3-80	908-913	Beine	_	I
3-81	914-922	gestellt	_	_
3-82	922-923	,	_	_
3-83	924-934	Stichworte	_	B
3-84	934-935	:	_	_
3-85	936-947	Rentenpaket	_	B
3-86	947-948	,	_	_
3-87	949-957	sozialer	_	B
3-88	958-970	Arbeitsmarkt	_	I
3-89	970-971	,	_	_
3-90	972-987	Brückenteilzeit	_	B
3-91	987-988	,	_	_
3-92	989-1017	Qualifizierungschancengesetz	_	B
3-93	1017-1018	.	_	_
3-94	1019-1023	Auch	_	B
3-95	1024-1027	wir	_	I
3-96	1028-1031	von	_	_
3-97	1032-1035	der	_	B
3-98	1036-1039	SPD	_	I
3-99	1040-1046	werden	_	_
3-100	1047-1051	beim	_	_
3-101	1052-1057	Thema	_	B
3-102	1058-1070	Tarifbindung	_	I
3-103	1071-1082	vorankommen	_	_
3-104	1082-1083	,	_	_
3-105	1084-1087	und	_	_
3-106	1088-1091	wir	_	B
3-107	1092-1098	werden	_	_
3-108	1099-1101	es	_	B
3-109	1102-1111	gründlich	_	_
3-110	1112-1118	machen	_	_
3-111	1118-1119	;	_	_
3-112	1120-1124	denn	_	_
3-113	1125-1128	wir	_	B
3-114	1129-1133	sind	_	_
3-115	1134-1137	der	_	B
3-116	1138-1145	Meinung	_	I
3-117	1145-1146	:	_	_
3-118	1147-1149	je	_	B
3-119	1150-1155	höher	_	I
3-120	1156-1159	die	_	I
3-121	1160-1172	Tarifbindung	_	I
3-122	1172-1173	,	_	_
3-123	1174-1179	desto	_	_
3-124	1180-1186	besser	_	_
3-125	1186-1187	.	_	_
3-126	1188-1190	Je	_	_
3-127	1191-1196	öfter	_	_
3-128	1197-1200	die	_	B
3-129	1201-1214	Sozialpartner	_	I
3-130	1215-1219	ihre	_	B
3-131	1220-1238	Arbeitsbedingungen	_	I
3-132	1239-1242	auf	_	_
3-133	1243-1252	Augenhöhe	_	B
3-134	1253-1259	regeln	_	_
3-135	1259-1260	,	_	_
3-136	1261-1266	desto	_	_
3-137	1267-1273	besser	_	_
3-138	1274-1277	ist	_	_
3-139	1278-1280	es	_	B
3-140	1280-1281	.	_	_

#Text=Den Eingriff des Staates wollen wir nur dann, wenn Konflikte nicht gelöst werden oder keine bzw. nur wenig sozialpartnerschaftliche Strukturen vorhanden sind. Man denke beispielsweise an die Pflegebranche. Dort haben wir aufgrund der Trägervielfalt sehr unterschiedliche Organisationsgrade, und zwar auf der Arbeitgeber- wie auf Arbeitnehmerseite. Wir wollen als Gesellschaft aber schnellstens mehr Wertschätzung für die Pflegearbeit erreichen, und das geht nur, indem sich die Arbeitsbedingungen von Pflegekräften zum Positiven verändern. Pflegerinnen und Pfleger bauchen weniger Zeitdruck, höhere Löhne und bessere Hilfestellungen, um ihre schwere Arbeit sowohl körperlich wie auch mental gut erledigen zu können.
4-1	1302-1305	Den	_	B
4-2	1306-1314	Eingriff	_	I
4-3	1315-1318	des	_	B
4-4	1319-1326	Staates	_	I
4-5	1327-1333	wollen	_	_
4-6	1334-1337	wir	_	B
4-7	1338-1341	nur	_	_
4-8	1342-1346	dann	_	_
4-9	1346-1347	,	_	_
4-10	1348-1352	wenn	_	_
4-11	1353-1362	Konflikte	_	B
4-12	1363-1368	nicht	_	_
4-13	1369-1375	gelöst	_	_
4-14	1376-1382	werden	_	_
4-15	1383-1387	oder	_	_
4-16	1388-1393	keine	_	B
4-17	1394-1398	bzw.	_	I
4-18	1399-1402	nur	_	I
4-19	1403-1408	wenig	_	I
4-20	1409-1433	sozialpartnerschaftliche	_	I
4-21	1434-1444	Strukturen	_	I
4-22	1445-1454	vorhanden	_	_
4-23	1455-1459	sind	_	_
4-24	1459-1460	.	_	_
4-25	1461-1464	Man	_	B
4-26	1465-1470	denke	_	_
4-27	1471-1485	beispielsweise	_	_
4-28	1486-1488	an	_	_
4-29	1489-1492	die	_	B
4-30	1493-1506	Pflegebranche	_	I
4-31	1506-1507	.	_	_
4-32	1508-1512	Dort	_	_
4-33	1513-1518	haben	_	_
4-34	1519-1522	wir	_	B
4-35	1523-1531	aufgrund	_	_
4-36	1532-1535	der	_	B
4-37	1536-1550	Trägervielfalt	_	I
4-38	1551-1555	sehr	_	B
4-39	1556-1572	unterschiedliche	_	I
4-40	1573-1591	Organisationsgrade	_	I
4-41	1591-1592	,	_	_
4-42	1593-1596	und	_	_
4-43	1597-1601	zwar	_	_
4-44	1602-1605	auf	_	_
4-45	1606-1609	der	_	_
4-46	1610-1622	Arbeitgeber-	_	_
4-47	1623-1626	wie	_	_
4-48	1627-1630	auf	_	_
4-49	1631-1648	Arbeitnehmerseite	_	B
4-50	1648-1649	.	_	_
4-51	1650-1653	Wir	_	B
4-52	1654-1660	wollen	_	_
4-53	1661-1664	als	_	_
4-54	1665-1677	Gesellschaft	_	B
4-55	1678-1682	aber	_	_
4-56	1683-1695	schnellstens	_	_
4-57	1696-1700	mehr	_	B
4-58	1701-1714	Wertschätzung	_	I
4-59	1715-1718	für	_	_
4-60	1719-1722	die	_	B
4-61	1723-1735	Pflegearbeit	_	I
4-62	1736-1745	erreichen	_	_
4-63	1745-1746	,	_	_
4-64	1747-1750	und	_	_
4-65	1751-1754	das	_	B
4-66	1755-1759	geht	_	_
4-67	1760-1763	nur	_	_
4-68	1763-1764	,	_	_
4-69	1765-1770	indem	_	_
4-70	1771-1775	sich	_	B
4-71	1776-1779	die	_	B
4-72	1780-1798	Arbeitsbedingungen	_	I
4-73	1799-1802	von	_	_
4-74	1803-1816	Pflegekräften	_	B
4-75	1817-1820	zum	_	_
4-76	1821-1830	Positiven	_	B
4-77	1831-1840	verändern	_	_
4-78	1840-1841	.	_	_
4-79	1842-1854	Pflegerinnen	_	B
4-80	1855-1858	und	_	_
4-81	1859-1866	Pfleger	_	B
4-82	1867-1874	bauchen	_	_
4-83	1875-1882	weniger	_	B
4-84	1883-1892	Zeitdruck	_	I
4-85	1892-1893	,	_	_
4-86	1894-1900	höhere	_	B
4-87	1901-1906	Löhne	_	I
4-88	1907-1910	und	_	_
4-89	1911-1918	bessere	_	B
4-90	1919-1934	Hilfestellungen	_	I
4-91	1934-1935	,	_	_
4-92	1936-1938	um	_	_
4-93	1939-1943	ihre	_	B
4-94	1944-1951	schwere	_	I
4-95	1952-1958	Arbeit	_	I
4-96	1959-1965	sowohl	_	_
4-97	1966-1976	körperlich	_	_
4-98	1977-1980	wie	_	_
4-99	1981-1985	auch	_	_
4-100	1986-1992	mental	_	_
4-101	1993-1996	gut	_	_
4-102	1997-2006	erledigen	_	_
4-103	2007-2009	zu	_	_
4-104	2010-2016	können	_	_
4-105	2016-2017	.	_	_

#Text=Hier scheint der Eingriff des Gesetzgebers geboten. Meine Kollegin Kerstin Tack wird darauf gleich weiter eingehen.
5-1	2029-2033	Hier	_	_
5-2	2034-2041	scheint	_	_
5-3	2042-2045	der	_	B
5-4	2046-2054	Eingriff	_	I
5-5	2055-2058	des	_	B
5-6	2059-2071	Gesetzgebers	_	I
5-7	2072-2079	geboten	_	_
5-8	2079-2080	.	_	_
5-9	2081-2086	Meine	_	B
5-10	2087-2095	Kollegin	_	I
5-11	2096-2103	Kerstin	_	I
5-12	2104-2108	Tack	_	I
5-13	2109-2113	wird	_	_
5-14	2114-2120	darauf	_	_
5-15	2121-2127	gleich	_	_
5-16	2128-2134	weiter	_	_
5-17	2135-2143	eingehen	_	_
5-18	2143-2144	.	_	_

#Text=Jetzt kommt bei mir der Werbeblock, leider aber nur der negative. Besondere Sorge bereitet mir beispielsweise die Vorgehensweise des Metro-Konzerns bei den Real-Einzelhandelsmärkten: Man zieht sich aus der Tarifbindung mit der Mehrheitsgewerkschaft zurück, schließt einen neuen Vertrag mit einer kleineren Gewerkschaft, und plötzlich sind die Bruttolöhne von neueingestellten Beschäftigten 24 Prozent niedriger, bei gleichzeitiger Erhöhung der Wochenarbeitszeit. Das führt zu gleicher Arbeit für ungleiche Löhne im selben Betrieb. Solch ein Vorgehen, meine Damen und Herren, darf nicht Schule machen.
6-1	2147-2152	Jetzt	_	_
6-2	2153-2158	kommt	_	_
6-3	2159-2162	bei	_	_
6-4	2163-2166	mir	_	B
6-5	2167-2170	der	_	B
6-6	2171-2181	Werbeblock	_	I
6-7	2181-2182	,	_	_
6-8	2183-2189	leider	_	_
6-9	2190-2194	aber	_	_
6-10	2195-2198	nur	_	_
6-11	2199-2202	der	_	_
6-12	2203-2211	negative	_	_
6-13	2211-2212	.	_	_
6-14	2213-2222	Besondere	_	B
6-15	2223-2228	Sorge	_	I
6-16	2229-2237	bereitet	_	_
6-17	2238-2241	mir	_	B
6-18	2242-2256	beispielsweise	_	_
6-19	2257-2260	die	_	B
6-20	2261-2275	Vorgehensweise	_	I
6-21	2276-2279	des	_	B
6-22	2280-2294	Metro-Konzerns	_	I
6-23	2295-2298	bei	_	_
6-24	2299-2302	den	_	B
6-25	2303-2328	Real-Einzelhandelsmärkten	_	I
6-26	2328-2329	:	_	_
6-27	2330-2333	Man	_	B
6-28	2334-2339	zieht	_	_
6-29	2340-2344	sich	_	B
6-30	2345-2348	aus	_	_
6-31	2349-2352	der	_	B
6-32	2353-2365	Tarifbindung	_	I
6-33	2366-2369	mit	_	_
6-34	2370-2373	der	_	B
6-35	2374-2395	Mehrheitsgewerkschaft	_	I
6-36	2396-2402	zurück	_	_
6-37	2402-2403	,	_	_
6-38	2404-2412	schließt	_	_
6-39	2413-2418	einen	_	B
6-40	2419-2424	neuen	_	I
6-41	2425-2432	Vertrag	_	I
6-42	2433-2436	mit	_	_
6-43	2437-2442	einer	_	B
6-44	2443-2452	kleineren	_	I
6-45	2453-2465	Gewerkschaft	_	I
6-46	2465-2466	,	_	_
6-47	2467-2470	und	_	_
6-48	2471-2480	plötzlich	_	_
6-49	2481-2485	sind	_	_
6-50	2486-2489	die	_	B
6-51	2490-2501	Bruttolöhne	_	I
6-52	2502-2505	von	_	_
6-53	2506-2522	neueingestellten	_	B
6-54	2523-2536	Beschäftigten	_	I
6-55	2537-2539	24	_	_
6-56	2540-2547	Prozent	_	_
6-57	2548-2557	niedriger	_	_
6-58	2557-2558	,	_	_
6-59	2559-2562	bei	_	_
6-60	2563-2577	gleichzeitiger	_	B
6-61	2578-2586	Erhöhung	_	I
6-62	2587-2590	der	_	B
6-63	2591-2608	Wochenarbeitszeit	_	I
6-64	2608-2609	.	_	_
6-65	2610-2613	Das	_	B
6-66	2614-2619	führt	_	_
6-67	2620-2622	zu	_	_
6-68	2623-2631	gleicher	_	B
6-69	2632-2638	Arbeit	_	I
6-70	2639-2642	für	_	_
6-71	2643-2652	ungleiche	_	B
6-72	2653-2658	Löhne	_	I
6-73	2659-2661	im	_	_
6-74	2662-2668	selben	_	B
6-75	2669-2676	Betrieb	_	I
6-76	2676-2677	.	_	_
6-77	2678-2683	Solch	_	B
6-78	2684-2687	ein	_	I
6-79	2688-2696	Vorgehen	_	I
6-80	2696-2697	,	_	_
6-81	2698-2703	meine	_	B
6-82	2704-2709	Damen	_	I
6-83	2710-2713	und	_	_
6-84	2714-2720	Herren	_	B
6-85	2720-2721	,	_	_
6-86	2722-2726	darf	_	_
6-87	2727-2732	nicht	_	_
6-88	2733-2739	Schule	_	B
6-89	2740-2746	machen	_	_
6-90	2746-2747	.	_	_

#Text=Verantwortliches Unternehmertum und seriöses Wirtschaften gehen anders. Und möglicherweise sind die aktuell geltenden Gesetze bei Betriebsübergängen oder Abspaltungen zu weit gefasst. Das sollten wir prüfen.
7-1	2759-2775	Verantwortliches	_	B
7-2	2776-2790	Unternehmertum	_	I
7-3	2791-2794	und	_	_
7-4	2795-2803	seriöses	_	B
7-5	2804-2816	Wirtschaften	_	I
7-6	2817-2822	gehen	_	_
7-7	2823-2829	anders	_	_
7-8	2829-2830	.	_	_
7-9	2831-2834	Und	_	_
7-10	2835-2849	möglicherweise	_	_
7-11	2850-2854	sind	_	_
7-12	2855-2858	die	_	B
7-13	2859-2866	aktuell	_	I
7-14	2867-2876	geltenden	_	I
7-15	2877-2884	Gesetze	_	I
7-16	2885-2888	bei	_	_
7-17	2889-2907	Betriebsübergängen	_	B
7-18	2908-2912	oder	_	_
7-19	2913-2925	Abspaltungen	_	B
7-20	2926-2928	zu	_	_
7-21	2929-2933	weit	_	_
7-22	2934-2941	gefasst	_	_
7-23	2941-2942	.	_	_
7-24	2943-2946	Das	_	B
7-25	2947-2954	sollten	_	_
7-26	2955-2958	wir	_	B
7-27	2959-2965	prüfen	_	_
7-28	2965-2966	.	_	_

#Text=Liebe Kolleginnen und Kollegen, Bernd Rützel hat es schon gesagt: Wo Tarifverträge gelten, haben die Beschäftigten bessere Arbeitsbedingungen und höhere Einkommen. Es ist ein dringendes sozialpolitisches Anliegen, die Tarifbindung zu steigern. Der DGB fordert zu Recht, Betriebsratswahlen zu erleichtern. Die Überwachung der Einhaltung von Tarifverträgen ist originäre Aufgabe von Betriebsräten. Studien zeigen, dass die Tarifbindung in Betrieben mit Betriebsrat deutlich höher ist als in betriebsratslosen Unternehmen. Tarifflucht dagegen schwächt das Tarifsystem. Darum müssen wir uns auch mit der Stärkung der Rechte von Betriebs- und Personalräten befassen und die entsprechenden Stellschrauben im Betriebsverfassungsgesetz drehen.
8-1	2970-2975	Liebe	_	B
8-2	2976-2987	Kolleginnen	_	B
8-3	2988-2991	und	_	_
8-4	2992-3000	Kollegen	_	B
8-5	3000-3001	,	_	_
8-6	3002-3007	Bernd	_	B
8-7	3008-3014	Rützel	_	I
8-8	3015-3018	hat	_	_
8-9	3019-3021	es	_	B
8-10	3022-3027	schon	_	_
8-11	3028-3034	gesagt	_	_
8-12	3034-3035	:	_	_
8-13	3036-3038	Wo	_	_
8-14	3039-3052	Tarifverträge	_	B
8-15	3053-3059	gelten	_	_
8-16	3059-3060	,	_	_
8-17	3061-3066	haben	_	_
8-18	3067-3070	die	_	B
8-19	3071-3084	Beschäftigten	_	I
8-20	3085-3092	bessere	_	B
8-21	3093-3111	Arbeitsbedingungen	_	I
8-22	3112-3115	und	_	_
8-23	3116-3122	höhere	_	B
8-24	3123-3132	Einkommen	_	I
8-25	3132-3133	.	_	_
8-26	3134-3136	Es	_	B
8-27	3137-3140	ist	_	_
8-28	3141-3144	ein	_	B
8-29	3145-3155	dringendes	_	I
8-30	3156-3173	sozialpolitisches	_	I
8-31	3174-3182	Anliegen	_	I
8-32	3182-3183	,	_	_
8-33	3184-3187	die	_	B
8-34	3188-3200	Tarifbindung	_	I
8-35	3201-3203	zu	_	_
8-36	3204-3212	steigern	_	_
8-37	3212-3213	.	_	_
8-38	3214-3217	Der	_	B
8-39	3218-3221	DGB	_	I
8-40	3222-3229	fordert	_	_
8-41	3230-3232	zu	_	_
8-42	3233-3238	Recht	_	B
8-43	3238-3239	,	_	_
8-44	3240-3258	Betriebsratswahlen	_	B
8-45	3259-3261	zu	_	_
8-46	3262-3273	erleichtern	_	_
8-47	3273-3274	.	_	_
8-48	3275-3278	Die	_	B
8-49	3279-3290	Überwachung	_	I
8-50	3291-3294	der	_	B
8-51	3295-3305	Einhaltung	_	I
8-52	3306-3309	von	_	_
8-53	3310-3324	Tarifverträgen	_	B
8-54	3325-3328	ist	_	_
8-55	3329-3338	originäre	_	B
8-56	3339-3346	Aufgabe	_	I
8-57	3347-3350	von	_	_
8-58	3351-3364	Betriebsräten	_	B
8-59	3364-3365	.	_	_
8-60	3366-3373	Studien	_	B
8-61	3374-3380	zeigen	_	_
8-62	3380-3381	,	_	_
8-63	3382-3386	dass	_	_
8-64	3387-3390	die	_	B
8-65	3391-3403	Tarifbindung	_	I
8-66	3404-3406	in	_	_
8-67	3407-3416	Betrieben	_	B
8-68	3417-3420	mit	_	_
8-69	3421-3432	Betriebsrat	_	B
8-70	3433-3441	deutlich	_	_
8-71	3442-3447	höher	_	_
8-72	3448-3451	ist	_	_
8-73	3452-3455	als	_	_
8-74	3456-3458	in	_	_
8-75	3459-3476	betriebsratslosen	_	B
8-76	3477-3488	Unternehmen	_	I
8-77	3488-3489	.	_	_
8-78	3490-3501	Tarifflucht	_	B
8-79	3502-3509	dagegen	_	_
8-80	3510-3518	schwächt	_	_
8-81	3519-3522	das	_	B
8-82	3523-3534	Tarifsystem	_	I
8-83	3534-3535	.	_	_
8-84	3536-3541	Darum	_	_
8-85	3542-3548	müssen	_	_
8-86	3549-3552	wir	_	B
8-87	3553-3556	uns	_	B
8-88	3557-3561	auch	_	_
8-89	3562-3565	mit	_	_
8-90	3566-3569	der	_	B
8-91	3570-3578	Stärkung	_	I
8-92	3579-3582	der	_	B
8-93	3583-3589	Rechte	_	I
8-94	3590-3593	von	_	_
8-95	3594-3603	Betriebs-	_	B
8-96	3604-3607	und	_	I
8-97	3608-3621	Personalräten	_	I
8-98	3622-3630	befassen	_	_
8-99	3631-3634	und	_	_
8-100	3635-3638	die	_	B
8-101	3639-3653	entsprechenden	_	I
8-102	3654-3668	Stellschrauben	_	I
8-103	3669-3671	im	_	_
8-104	3672-3697	Betriebsverfassungsgesetz	_	B
8-105	3698-3704	drehen	_	_
8-106	3704-3705	.	_	_

#Text=Lassen Sie uns gemeinsam überlegen, in welcher Form wir gesetzgeberisch tätig werden sollten. Ich freue mich auf die Diskussion im Ausschuss. Und ich sage noch einmal: Ich als Gewerkschafter bin froh, dass es Gewerkschaften und ihre Interessenvertretungen gibt.
9-1	3719-3725	Lassen	_	_
9-2	3726-3729	Sie	_	B
9-3	3730-3733	uns	_	B
9-4	3734-3743	gemeinsam	_	_
9-5	3744-3753	überlegen	_	_
9-6	3753-3754	,	_	_
9-7	3755-3757	in	_	_
9-8	3758-3765	welcher	_	B
9-9	3766-3770	Form	_	I
9-10	3771-3774	wir	_	B
9-11	3775-3790	gesetzgeberisch	_	_
9-12	3791-3796	tätig	_	_
9-13	3797-3803	werden	_	_
9-14	3804-3811	sollten	_	_
9-15	3811-3812	.	_	_
9-16	3813-3816	Ich	_	B
9-17	3817-3822	freue	_	_
9-18	3823-3827	mich	_	B
9-19	3828-3831	auf	_	_
9-20	3832-3835	die	_	B
9-21	3836-3846	Diskussion	_	I
9-22	3847-3849	im	_	_
9-23	3850-3859	Ausschuss	_	B
9-24	3859-3860	.	_	_
9-25	3861-3864	Und	_	_
9-26	3865-3868	ich	_	B
9-27	3869-3873	sage	_	_
9-28	3874-3878	noch	_	_
9-29	3879-3885	einmal	_	_
9-30	3885-3886	:	_	_
9-31	3887-3890	Ich	_	B
9-32	3891-3894	als	_	_
9-33	3895-3909	Gewerkschafter	_	B
9-34	3910-3913	bin	_	_
9-35	3914-3918	froh	_	_
9-36	3918-3919	,	_	_
9-37	3920-3924	dass	_	_
9-38	3925-3927	es	_	_
9-39	3928-3942	Gewerkschaften	_	B
9-40	3943-3946	und	_	_
9-41	3947-3951	ihre	_	B
9-42	3952-3974	Interessenvertretungen	_	I
9-43	3975-3979	gibt	_	_
9-44	3979-3980	.	_	_

#Text=Herzlichen Dank und Glück auf!
10-1	3987-3997	Herzlichen	_	B
10-2	3998-4002	Dank	_	I
10-3	4003-4006	und	_	_
10-4	4007-4012	Glück	_	B
10-5	4013-4016	auf	_	_
10-6	4016-4017	!	_	_

#Text=Vielen Dank. – Nächster Redner in der Debatte ist der Kollege Carl-Julius Cronenberg für die Fraktion der FDP.
11-1	4019-4025	Vielen	_	_
11-2	4026-4030	Dank	_	_
11-3	4030-4031	.	_	_
11-4	4032-4033	–	_	_
11-5	4034-4042	Nächster	_	B
11-6	4043-4049	Redner	_	I
11-7	4050-4052	in	_	_
11-8	4053-4056	der	_	B
11-9	4057-4064	Debatte	_	I
11-10	4065-4068	ist	_	_
11-11	4069-4072	der	_	B
11-12	4073-4080	Kollege	_	I
11-13	4081-4092	Carl-Julius	_	I
11-14	4093-4103	Cronenberg	_	I
11-15	4104-4107	für	_	_
11-16	4108-4111	die	_	B
11-17	4112-4120	Fraktion	_	I
11-18	4121-4124	der	_	B
11-19	4125-4128	FDP	_	I
11-20	4128-4129	.	_	_
