#FORMAT=WebAnno TSV 3.2
#T_SP=webanno.custom.Animacy|Animated
#T_SP=webanno.custom.CustomChunk|Chunk


#Text=Wir haben uns zu Irini committet, wohl wissend, wie schwierig diese Mission ist. Die Fregatte „Hamburg“ hat zum Beispiel gerade vor einigen Wochen ein Schiff aufgebracht, das unzulässigerweise Kerosin nach Libyen liefern wollte. Es ist dann in einen anderen Hafen umgeleitet worden. Insofern zeigt die Mission Irini eben auch entsprechende Wirkungen. Ich wünsche mir, dass manches bei der Operation, etwa die Frage, welche Häfen angelaufen werden können, besser geklärt ist. Daran arbeiten wir. Das war auch Gegenstand eines der jüngsten Treffen der Verteidigungsminister auf der europäischen Ebene. Aber man muss auf der anderen Seite sagen: Was nützt ein Waffenembargo, das verhängt ist, wenn es überhaupt nicht kontrolliert wird, selbst nicht auf dem Seewege? Insofern, glaube ich, ist die Anstrengung gerechtfertigt, aber sie ist noch verbesserungswürdig.
1-1	0-3	Wir	_	B
1-2	4-9	haben	_	_
1-3	10-13	uns	_	B
1-4	14-16	zu	_	_
1-5	17-22	Irini	_	B
1-6	23-32	committet	_	_
1-7	32-33	,	_	_
1-8	34-38	wohl	_	_
1-9	39-46	wissend	_	_
1-10	46-47	,	_	_
1-11	48-51	wie	_	_
1-12	52-61	schwierig	_	_
1-13	62-67	diese	_	B
1-14	68-75	Mission	_	I
1-15	76-79	ist	_	_
1-16	79-80	.	_	_
1-17	81-84	Die	_	B
1-18	85-93	Fregatte	_	I
1-19	94-95	„	_	I
1-20	95-102	Hamburg	_	I
1-21	102-103	“	_	_
1-22	104-107	hat	_	_
1-23	108-111	zum	_	_
1-24	112-120	Beispiel	_	B
1-25	121-127	gerade	_	_
1-26	128-131	vor	_	_
1-27	132-139	einigen	_	B
1-28	140-146	Wochen	_	I
1-29	147-150	ein	_	B
1-30	151-157	Schiff	_	I
1-31	158-169	aufgebracht	_	_
1-32	169-170	,	_	_
1-33	171-174	das	_	B
1-34	175-192	unzulässigerweise	_	_
1-35	193-200	Kerosin	_	B
1-36	201-205	nach	_	_
1-37	206-212	Libyen	_	B
1-38	213-220	liefern	_	_
1-39	221-227	wollte	_	_
1-40	227-228	.	_	_
1-41	229-231	Es	_	B
1-42	232-235	ist	_	_
1-43	236-240	dann	_	_
1-44	241-243	in	_	_
1-45	244-249	einen	_	B
1-46	250-257	anderen	_	I
1-47	258-263	Hafen	_	I
1-48	264-274	umgeleitet	_	_
1-49	275-281	worden	_	_
1-50	281-282	.	_	_
1-51	283-291	Insofern	_	_
1-52	292-297	zeigt	_	_
1-53	298-301	die	_	B
1-54	302-309	Mission	_	I
1-55	310-315	Irini	_	I
1-56	316-320	eben	_	_
1-57	321-325	auch	_	B
1-58	326-339	entsprechende	_	I
1-59	340-349	Wirkungen	_	I
1-60	349-350	.	_	_
1-61	351-354	Ich	_	B
1-62	355-362	wünsche	_	_
1-63	363-366	mir	_	B
1-64	366-367	,	_	_
1-65	368-372	dass	_	_
1-66	373-380	manches	_	B
1-67	381-384	bei	_	_
1-68	385-388	der	_	B
1-69	389-398	Operation	_	I
1-70	398-399	,	_	_
1-71	400-404	etwa	_	B
1-72	405-408	die	_	I
1-73	409-414	Frage	_	I
1-74	414-415	,	_	_
1-75	416-422	welche	_	B
1-76	423-428	Häfen	_	I
1-77	429-439	angelaufen	_	_
1-78	440-446	werden	_	_
1-79	447-453	können	_	_
1-80	453-454	,	_	_
1-81	455-461	besser	_	_
1-82	462-469	geklärt	_	_
1-83	470-473	ist	_	_
1-84	473-474	.	_	_
1-85	475-480	Daran	_	_
1-86	481-489	arbeiten	_	_
1-87	490-493	wir	_	B
1-88	493-494	.	_	_
1-89	495-498	Das	_	B
1-90	499-502	war	_	_
1-91	503-507	auch	_	B
1-92	508-518	Gegenstand	_	I
1-93	519-524	eines	_	B
1-94	525-528	der	_	B
1-95	529-537	jüngsten	_	I
1-96	538-545	Treffen	_	I
1-97	546-549	der	_	B
1-98	550-571	Verteidigungsminister	_	I
1-99	572-575	auf	_	_
1-100	576-579	der	_	B
1-101	580-592	europäischen	_	I
1-102	593-598	Ebene	_	I
1-103	598-599	.	_	_
1-104	600-604	Aber	_	_
1-105	605-608	man	_	B
1-106	609-613	muss	_	_
1-107	614-617	auf	_	_
1-108	618-621	der	_	B
1-109	622-629	anderen	_	I
1-110	630-635	Seite	_	I
1-111	636-641	sagen	_	_
1-112	641-642	:	_	_
1-113	643-646	Was	_	B
1-114	647-652	nützt	_	_
1-115	653-656	ein	_	B
1-116	657-670	Waffenembargo	_	I
1-117	670-671	,	_	_
1-118	672-675	das	_	B
1-119	676-684	verhängt	_	_
1-120	685-688	ist	_	_
1-121	688-689	,	_	_
1-122	690-694	wenn	_	_
1-123	695-697	es	_	B
1-124	698-707	überhaupt	_	_
1-125	708-713	nicht	_	_
1-126	714-726	kontrolliert	_	_
1-127	727-731	wird	_	_
1-128	731-732	,	_	_
1-129	733-739	selbst	_	_
1-130	740-745	nicht	_	_
1-131	746-749	auf	_	_
1-132	750-753	dem	_	B
1-133	754-761	Seewege	_	I
1-134	761-762	?	_	_
1-135	763-771	Insofern	_	_
1-136	771-772	,	_	_
1-137	773-779	glaube	_	_
1-138	780-783	ich	_	B
1-139	783-784	,	_	_
1-140	785-788	ist	_	_
1-141	789-792	die	_	B
1-142	793-804	Anstrengung	_	I
1-143	805-819	gerechtfertigt	_	_
1-144	819-820	,	_	_
1-145	821-825	aber	_	_
1-146	826-829	sie	_	B
1-147	830-833	ist	_	_
1-148	834-838	noch	_	_
1-149	839-858	verbesserungswürdig	_	_
1-150	858-859	.	_	_

#Text=Danke sehr. – Die letzte Nachfrage stellt der Kollege Podolay, AfD.
2-1	885-890	Danke	_	_
2-2	891-895	sehr	_	_
2-3	895-896	.	_	_
2-4	897-898	–	_	_
2-5	899-902	Die	_	B
2-6	903-909	letzte	_	I
2-7	910-919	Nachfrage	_	I
2-8	920-926	stellt	_	_
2-9	927-930	der	_	B
2-10	931-938	Kollege	_	I
2-11	939-946	Podolay	_	I
2-12	946-947	,	_	_
2-13	948-952	AfD.	_	B
