#FORMAT=WebAnno TSV 3.2
#T_SP=webanno.custom.Animacy|Animated
#T_SP=webanno.custom.CustomChunk|Chunk


#Text=Herr Präsident! Liebe Kolleginnen und Kollegen! Die Nachrichten von massenhaften Infektionen, die uns aus Birkenfeld bei Pforzheim, die uns aus Bad Bramstedt in Schleswig-Holstein, die uns jetzt aus Coesfeld und aus Oer-Erkenschwick in Nordrhein-Westfalen erreichen, sind entsetzlich, sie sind beschämend, und sie sind nicht zu tolerieren.
1-1	0-4	Herr	_	B
1-2	5-14	Präsident	_	I
1-3	14-15	!	_	_
1-4	16-21	Liebe	_	B
1-5	22-33	Kolleginnen	_	_
1-6	34-37	und	_	_
1-7	38-46	Kollegen	_	B
1-8	46-47	!	_	_
1-9	48-51	Die	_	B
1-10	52-63	Nachrichten	_	I
1-11	64-67	von	_	_
1-12	68-80	massenhaften	_	B
1-13	81-92	Infektionen	_	I
1-14	92-93	,	_	_
1-15	94-97	die	_	_
1-16	98-101	uns	_	_
1-17	102-105	aus	_	_
1-18	106-116	Birkenfeld	_	B
1-19	117-120	bei	_	_
1-20	121-130	Pforzheim	_	B
1-21	130-131	,	_	_
1-22	132-135	die	_	B
1-23	136-139	uns	_	_
1-24	140-143	aus	_	_
1-25	144-147	Bad	_	B
1-26	148-157	Bramstedt	_	I
1-27	158-160	in	_	_
1-28	161-179	Schleswig-Holstein	_	B
1-29	179-180	,	_	_
1-30	181-184	die	_	B
1-31	185-188	uns	_	B
1-32	189-194	jetzt	_	_
1-33	195-198	aus	_	_
1-34	199-207	Coesfeld	_	B
1-35	208-211	und	_	_
1-36	212-215	aus	_	_
1-37	216-232	Oer-Erkenschwick	_	B
1-38	233-235	in	_	_
1-39	236-255	Nordrhein-Westfalen	_	B
1-40	256-265	erreichen	_	_
1-41	265-266	,	_	_
1-42	267-271	sind	_	_
1-43	272-283	entsetzlich	_	_
1-44	283-284	,	_	_
1-45	285-288	sie	_	B
1-46	289-293	sind	_	_
1-47	294-304	beschämend	_	_
1-48	304-305	,	_	_
1-49	306-309	und	_	_
1-50	310-313	sie	_	B
1-51	314-318	sind	_	_
1-52	319-324	nicht	_	_
1-53	325-327	zu	_	_
1-54	328-338	tolerieren	_	_
1-55	338-339	.	_	_

#Text=Ich finde, dass wir in einer solchen Situation über zwei Dinge reden müssen: Wir müssen über Klartext und über Verantwortung reden. Ich will auch über die Verantwortung von Unternehmen reden, über die Verantwortung der Bundespolitik und der Landespolitik, damit wir in diesem Bereich wirklich aufräumen.
2-1	349-352	Ich	_	B
2-2	353-358	finde	_	_
2-3	358-359	,	_	_
2-4	360-364	dass	_	_
2-5	365-368	wir	_	B
2-6	369-371	in	_	_
2-7	372-377	einer	_	B
2-8	378-385	solchen	_	I
2-9	386-395	Situation	_	I
2-10	396-400	über	_	_
2-11	401-405	zwei	_	B
2-12	406-411	Dinge	_	I
2-13	412-417	reden	_	_
2-14	418-424	müssen	_	_
2-15	424-425	:	_	_
2-16	426-429	Wir	_	B
2-17	430-436	müssen	_	_
2-18	437-441	über	_	_
2-19	442-450	Klartext	_	B
2-20	451-454	und	_	_
2-21	455-459	über	_	_
2-22	460-473	Verantwortung	_	B
2-23	474-479	reden	_	_
2-24	479-480	.	_	_
2-25	481-484	Ich	_	B
2-26	485-489	will	_	_
2-27	490-494	auch	_	_
2-28	495-499	über	_	_
2-29	500-503	die	_	B
2-30	504-517	Verantwortung	_	I
2-31	518-521	von	_	_
2-32	522-533	Unternehmen	_	B
2-33	534-539	reden	_	_
2-34	539-540	,	_	_
2-35	541-545	über	_	_
2-36	546-549	die	_	B
2-37	550-563	Verantwortung	_	I
2-38	564-567	der	_	B
2-39	568-581	Bundespolitik	_	I
2-40	582-585	und	_	_
2-41	586-589	der	_	B
2-42	590-603	Landespolitik	_	I
2-43	603-604	,	_	_
2-44	605-610	damit	_	_
2-45	611-614	wir	_	B
2-46	615-617	in	_	_
2-47	618-624	diesem	_	B
2-48	625-632	Bereich	_	I
2-49	633-641	wirklich	_	_
2-50	642-651	aufräumen	_	_
2-51	651-652	.	_	_

#Text=Eines ist richtig, liebe Kolleginnen und Kollegen: Es hat in den letzten Jahren im Bereich der Fleischindustrie immer wieder Gesetzgebung gegeben, auch dieses Hauses – das letzte Mal 2017 –, um Missständen, was Arbeits- und Sozialbedingungen betrifft, entgegenzuwirken. Es ist das Arbeitnehmer-Entsendegesetz – mit der Generalunternehmerhaftung für die Einhaltung des Mindestlohns und die Abführung der Sozialversicherungsbeiträge – und vieles andere verschärft worden. Sigmar Gabriel und Andrea Nahles haben vielfache Initiativen gestartet. Wir haben dann aber immer zwei Dinge erlebt: Zum einen gab es mit Teilen der Branche ein Katz-und-Maus-Spiel – wenn Regelungen getroffen wurden, hat man sich an der einen oder anderen Stelle Umgehungsmöglichkeiten organisiert –, und zum anderen haben wir in parlamentarischen Prozessen immer wieder erlebt – lassen Sie uns Klartext reden –, dass Interessengruppen versucht haben, klare Regeln, sagen wir mal, zu soften, zu verwässern.
3-1	659-664	Eines	_	B
3-2	665-668	ist	_	_
3-3	669-676	richtig	_	_
3-4	676-677	,	_	_
3-5	678-683	liebe	_	B
3-6	684-695	Kolleginnen	_	I
3-7	696-699	und	_	_
3-8	700-708	Kollegen	_	B
3-9	708-709	:	_	_
3-10	710-712	Es	_	B
3-11	713-716	hat	_	_
3-12	717-719	in	_	_
3-13	720-723	den	_	B
3-14	724-731	letzten	_	I
3-15	732-738	Jahren	_	I
3-16	739-741	im	_	_
3-17	742-749	Bereich	_	B
3-18	750-753	der	_	B
3-19	754-770	Fleischindustrie	_	I
3-20	771-776	immer	_	_
3-21	777-783	wieder	_	_
3-22	784-796	Gesetzgebung	_	B
3-23	797-804	gegeben	_	_
3-24	804-805	,	_	_
3-25	806-810	auch	_	B
3-26	811-817	dieses	_	I
3-27	818-824	Hauses	_	I
3-28	825-826	–	_	_
3-29	827-830	das	_	B
3-30	831-837	letzte	_	I
3-31	838-841	Mal	_	I
3-32	842-846	2017	_	_
3-33	847-848	–	_	_
3-34	848-849	,	_	_
3-35	850-852	um	_	_
3-36	853-864	Missständen	_	B
3-37	864-865	,	_	_
3-38	866-869	was	_	B
3-39	870-878	Arbeits-	_	B
3-40	879-882	und	_	I
3-41	883-900	Sozialbedingungen	_	I
3-42	901-909	betrifft	_	_
3-43	909-910	,	_	_
3-44	911-927	entgegenzuwirken	_	_
3-45	927-928	.	_	_
3-46	929-931	Es	_	B
3-47	932-935	ist	_	_
3-48	936-939	das	_	B
3-49	940-967	Arbeitnehmer-Entsendegesetz	_	I
3-50	968-969	–	_	_
3-51	970-973	mit	_	_
3-52	974-977	der	_	B
3-53	978-1003	Generalunternehmerhaftung	_	I
3-54	1004-1007	für	_	_
3-55	1008-1011	die	_	B
3-56	1012-1022	Einhaltung	_	I
3-57	1023-1026	des	_	B
3-58	1027-1039	Mindestlohns	_	I
3-59	1040-1043	und	_	_
3-60	1044-1047	die	_	B
3-61	1048-1057	Abführung	_	I
3-62	1058-1061	der	_	B
3-63	1062-1089	Sozialversicherungsbeiträge	_	I
3-64	1090-1091	–	_	_
3-65	1092-1095	und	_	_
3-66	1096-1102	vieles	_	B
3-67	1103-1109	andere	_	I
3-68	1110-1120	verschärft	_	_
3-69	1121-1127	worden	_	_
3-70	1127-1128	.	_	_
3-71	1129-1135	Sigmar	_	B
3-72	1136-1143	Gabriel	_	I
3-73	1144-1147	und	_	_
3-74	1148-1154	Andrea	_	B
3-75	1155-1161	Nahles	_	I
3-76	1162-1167	haben	_	_
3-77	1168-1177	vielfache	_	B
3-78	1178-1189	Initiativen	_	I
3-79	1190-1199	gestartet	_	_
3-80	1199-1200	.	_	_
3-81	1201-1204	Wir	_	B
3-82	1205-1210	haben	_	_
3-83	1211-1215	dann	_	_
3-84	1216-1220	aber	_	_
3-85	1221-1226	immer	_	B
3-86	1227-1231	zwei	_	I
3-87	1232-1237	Dinge	_	I
3-88	1238-1244	erlebt	_	_
3-89	1244-1245	:	_	_
3-90	1246-1249	Zum	_	_
3-91	1250-1255	einen	_	B
3-92	1256-1259	gab	_	_
3-93	1260-1262	es	_	_
3-94	1263-1266	mit	_	_
3-95	1267-1273	Teilen	_	B
3-96	1274-1277	der	_	B
3-97	1278-1285	Branche	_	I
3-98	1286-1289	ein	_	B
3-99	1290-1309	Katz-und-Maus-Spiel	_	I
3-100	1310-1311	–	_	_
3-101	1312-1316	wenn	_	_
3-102	1317-1327	Regelungen	_	B
3-103	1328-1337	getroffen	_	_
3-104	1338-1344	wurden	_	_
3-105	1344-1345	,	_	_
3-106	1346-1349	hat	_	_
3-107	1350-1353	man	_	B
3-108	1354-1358	sich	_	B
3-109	1359-1361	an	_	_
3-110	1362-1365	der	_	B
3-111	1366-1371	einen	_	I
3-112	1372-1376	oder	_	I
3-113	1377-1384	anderen	_	I
3-114	1385-1391	Stelle	_	I
3-115	1392-1414	Umgehungsmöglichkeiten	_	B
3-116	1415-1426	organisiert	_	_
3-117	1427-1428	–	_	_
3-118	1428-1429	,	_	_
3-119	1430-1433	und	_	_
3-120	1434-1437	zum	_	_
3-121	1438-1445	anderen	_	B
3-122	1446-1451	haben	_	_
3-123	1452-1455	wir	_	B
3-124	1456-1458	in	_	_
3-125	1459-1476	parlamentarischen	_	B
3-126	1477-1486	Prozessen	_	I
3-127	1487-1492	immer	_	_
3-128	1493-1499	wieder	_	_
3-129	1500-1506	erlebt	_	_
3-130	1507-1508	–	_	_
3-131	1509-1515	lassen	_	_
3-132	1516-1519	Sie	_	B
3-133	1520-1523	uns	_	B
3-134	1524-1532	Klartext	_	B
3-135	1533-1538	reden	_	_
3-136	1539-1540	–	_	_
3-137	1540-1541	,	_	_
3-138	1542-1546	dass	_	_
3-139	1547-1564	Interessengruppen	_	B
3-140	1565-1573	versucht	_	_
3-141	1574-1579	haben	_	_
3-142	1579-1580	,	_	_
3-143	1581-1586	klare	_	B
3-144	1587-1593	Regeln	_	I
3-145	1593-1594	,	_	_
3-146	1595-1600	sagen	_	_
3-147	1601-1604	wir	_	B
3-148	1605-1608	mal	_	_
3-149	1608-1609	,	_	_
3-150	1610-1612	zu	_	_
3-151	1613-1619	soften	_	_
3-152	1619-1620	,	_	_
3-153	1621-1623	zu	_	_
3-154	1624-1634	verwässern	_	_
3-155	1634-1635	.	_	_

#Text=Deshalb müssen wir in dieser Situation ernsthaft über Folgendes reden:
4-1	1654-1661	Deshalb	_	_
4-2	1662-1668	müssen	_	_
4-3	1669-1672	wir	_	B
4-4	1673-1675	in	_	_
4-5	1676-1682	dieser	_	B
4-6	1683-1692	Situation	_	I
4-7	1693-1702	ernsthaft	_	_
4-8	1703-1707	über	_	_
4-9	1708-1717	Folgendes	_	B
4-10	1718-1723	reden	_	_
4-11	1723-1724	:	_	_

#Text=Zum einen dürfen wir als Gesellschaft nicht weiter zugucken, wie Menschen aus Mittel- und Osteuropa in dieser Gesellschaft ausgebeutet werden.
5-1	1726-1729	Zum	_	_
5-2	1730-1735	einen	_	B
5-3	1736-1742	dürfen	_	_
5-4	1743-1746	wir	_	B
5-5	1747-1750	als	_	_
5-6	1751-1763	Gesellschaft	_	B
5-7	1764-1769	nicht	_	_
5-8	1770-1776	weiter	_	_
5-9	1777-1785	zugucken	_	_
5-10	1785-1786	,	_	_
5-11	1787-1790	wie	_	_
5-12	1791-1799	Menschen	_	B
5-13	1800-1803	aus	_	_
5-14	1804-1811	Mittel-	_	B
5-15	1812-1815	und	_	I
5-16	1816-1825	Osteuropa	_	I
5-17	1826-1828	in	_	_
5-18	1829-1835	dieser	_	B
5-19	1836-1848	Gesellschaft	_	I
5-20	1849-1860	ausgebeutet	_	_
5-21	1861-1867	werden	_	_
5-22	1867-1868	.	_	_

#Text=Die Arbeitnehmerinnen und Arbeitnehmer, ob sie sich heute „Beschäftigte“, „Werksvertragler“ oder demnächst „Praktikanten“ nennen, sind arbeitende Menschen, die ein Recht darauf haben, Arbeitsschutz und Gesundheitsschutz zu erfahren, wie alle anderen Menschen in dieser Gesellschaft auch, egal wo sie herkommen. Das ist nicht verhandelbar, und das darf nicht weiter verhandelbar sein.
6-1	1871-1874	Die	_	B
6-2	1875-1892	Arbeitnehmerinnen	_	I
6-3	1893-1896	und	_	_
6-4	1897-1909	Arbeitnehmer	_	B
6-5	1909-1910	,	_	_
6-6	1911-1913	ob	_	_
6-7	1914-1917	sie	_	B
6-8	1918-1922	sich	_	B
6-9	1923-1928	heute	_	_
6-10	1929-1930	„	_	B
6-11	1930-1942	Beschäftigte	_	I
6-12	1942-1943	“	_	_
6-13	1943-1944	,	_	_
6-14	1945-1946	„	_	B
6-15	1946-1961	Werksvertragler	_	I
6-16	1961-1962	“	_	_
6-17	1963-1967	oder	_	_
6-18	1968-1977	demnächst	_	B
6-19	1978-1979	„	_	I
6-20	1979-1991	Praktikanten	_	I
6-21	1991-1992	“	_	_
6-22	1993-1999	nennen	_	_
6-23	1999-2000	,	_	_
6-24	2001-2005	sind	_	_
6-25	2006-2016	arbeitende	_	B
6-26	2017-2025	Menschen	_	I
6-27	2025-2026	,	_	_
6-28	2027-2030	die	_	B
6-29	2031-2034	ein	_	B
6-30	2035-2040	Recht	_	I
6-31	2041-2047	darauf	_	_
6-32	2048-2053	haben	_	_
6-33	2053-2054	,	_	_
6-34	2055-2068	Arbeitsschutz	_	B
6-35	2069-2072	und	_	_
6-36	2073-2090	Gesundheitsschutz	_	B
6-37	2091-2093	zu	_	_
6-38	2094-2102	erfahren	_	_
6-39	2102-2103	,	_	_
6-40	2104-2107	wie	_	_
6-41	2108-2112	alle	_	B
6-42	2113-2120	anderen	_	I
6-43	2121-2129	Menschen	_	I
6-44	2130-2132	in	_	_
6-45	2133-2139	dieser	_	B
6-46	2140-2152	Gesellschaft	_	I
6-47	2153-2157	auch	_	_
6-48	2157-2158	,	_	_
6-49	2159-2163	egal	_	_
6-50	2164-2166	wo	_	_
6-51	2167-2170	sie	_	B
6-52	2171-2180	herkommen	_	_
6-53	2180-2181	.	_	_
6-54	2182-2185	Das	_	B
6-55	2186-2189	ist	_	_
6-56	2190-2195	nicht	_	_
6-57	2196-2208	verhandelbar	_	_
6-58	2208-2209	,	_	_
6-59	2210-2213	und	_	_
6-60	2214-2217	das	_	B
6-61	2218-2222	darf	_	_
6-62	2223-2228	nicht	_	_
6-63	2229-2235	weiter	_	_
6-64	2236-2248	verhandelbar	_	_
6-65	2249-2253	sein	_	_
6-66	2253-2254	.	_	_

#Text=Zum anderen will ich über die gesellschaftliche Dimension reden. Man muss sich die Situation in Coesfeld einmal vergegenwärtigen: Die Menschen, die Betriebe, die Mittelständler in Coesfeld haben sich nach den Beschlüssen der Ministerpräsidenten und den neuen Verordnungen auf Lockerungen des Lockdowns gefreut, um ihr Sozial- und Wirtschaftsleben wieder in Gang zu bringen. Und dann gibt es offensichtlich einige, die sich nicht an Regeln halten und damit einen ganzen Landkreis, die ganze Wirtschaft und die Gesellschaft in Geiselhaft nehmen. – Auch das ist für unsere Gesellschaft nicht akzeptabel, meine Damen und Herren.
7-1	2271-2274	Zum	_	_
7-2	2275-2282	anderen	_	B
7-3	2283-2287	will	_	_
7-4	2288-2291	ich	_	B
7-5	2292-2296	über	_	_
7-6	2297-2300	die	_	B
7-7	2301-2318	gesellschaftliche	_	I
7-8	2319-2328	Dimension	_	I
7-9	2329-2334	reden	_	_
7-10	2334-2335	.	_	_
7-11	2336-2339	Man	_	B
7-12	2340-2344	muss	_	_
7-13	2345-2349	sich	_	B
7-14	2350-2353	die	_	B
7-15	2354-2363	Situation	_	I
7-16	2364-2366	in	_	_
7-17	2367-2375	Coesfeld	_	B
7-18	2376-2382	einmal	_	_
7-19	2383-2399	vergegenwärtigen	_	_
7-20	2399-2400	:	_	_
7-21	2401-2404	Die	_	B
7-22	2405-2413	Menschen	_	I
7-23	2413-2414	,	_	_
7-24	2415-2418	die	_	B
7-25	2419-2427	Betriebe	_	I
7-26	2427-2428	,	_	_
7-27	2429-2432	die	_	B
7-28	2433-2447	Mittelständler	_	_
7-29	2448-2450	in	_	_
7-30	2451-2459	Coesfeld	_	B
7-31	2460-2465	haben	_	_
7-32	2466-2470	sich	_	B
7-33	2471-2475	nach	_	_
7-34	2476-2479	den	_	B
7-35	2480-2491	Beschlüssen	_	I
7-36	2492-2495	der	_	B
7-37	2496-2515	Ministerpräsidenten	_	I
7-38	2516-2519	und	_	_
7-39	2520-2523	den	_	B
7-40	2524-2529	neuen	_	I
7-41	2530-2542	Verordnungen	_	I
7-42	2543-2546	auf	_	_
7-43	2547-2558	Lockerungen	_	B
7-44	2559-2562	des	_	B
7-45	2563-2572	Lockdowns	_	I
7-46	2573-2580	gefreut	_	_
7-47	2580-2581	,	_	_
7-48	2582-2584	um	_	_
7-49	2585-2588	ihr	_	B
7-50	2589-2596	Sozial-	_	I
7-51	2597-2600	und	_	I
7-52	2601-2617	Wirtschaftsleben	_	I
7-53	2618-2624	wieder	_	_
7-54	2625-2627	in	_	_
7-55	2628-2632	Gang	_	B
7-56	2633-2635	zu	_	_
7-57	2636-2643	bringen	_	_
7-58	2643-2644	.	_	_
7-59	2645-2648	Und	_	_
7-60	2649-2653	dann	_	_
7-61	2654-2658	gibt	_	_
7-62	2659-2661	es	_	_
7-63	2662-2676	offensichtlich	_	_
7-64	2677-2683	einige	_	B
7-65	2683-2684	,	_	_
7-66	2685-2688	die	_	B
7-67	2689-2693	sich	_	B
7-68	2694-2699	nicht	_	_
7-69	2700-2702	an	_	_
7-70	2703-2709	Regeln	_	B
7-71	2710-2716	halten	_	_
7-72	2717-2720	und	_	_
7-73	2721-2726	damit	_	_
7-74	2727-2732	einen	_	B
7-75	2733-2739	ganzen	_	I
7-76	2740-2749	Landkreis	_	I
7-77	2749-2750	,	_	_
7-78	2751-2754	die	_	B
7-79	2755-2760	ganze	_	I
7-80	2761-2771	Wirtschaft	_	I
7-81	2772-2775	und	_	_
7-82	2776-2779	die	_	B
7-83	2780-2792	Gesellschaft	_	I
7-84	2793-2795	in	_	_
7-85	2796-2806	Geiselhaft	_	B
7-86	2807-2813	nehmen	_	_
7-87	2813-2814	.	_	_
7-88	2815-2816	–	_	_
7-89	2817-2821	Auch	_	B
7-90	2822-2825	das	_	I
7-91	2826-2829	ist	_	_
7-92	2830-2833	für	_	_
7-93	2834-2840	unsere	_	B
7-94	2841-2853	Gesellschaft	_	I
7-95	2854-2859	nicht	_	_
7-96	2860-2870	akzeptabel	_	_
7-97	2870-2871	,	_	_
7-98	2872-2877	meine	_	B
7-99	2878-2883	Damen	_	I
7-100	2884-2887	und	_	_
7-101	2888-2894	Herren	_	B
7-102	2894-2895	.	_	_

#Text=Nun will ich sagen, dass es anständige Unternehmer in der Fleischwirtschaft gibt. Aber es gibt viel zu viele schwarze Schafe. Deshalb ist die erste Verantwortung, aus der wir als Staat die Unternehmen nicht entlassen dürfen, die unternehmerische Verantwortung für alle Beschäftigten.
8-1	2907-2910	Nun	_	_
8-2	2911-2915	will	_	_
8-3	2916-2919	ich	_	B
8-4	2920-2925	sagen	_	_
8-5	2925-2926	,	_	_
8-6	2927-2931	dass	_	_
8-7	2932-2934	es	_	_
8-8	2935-2945	anständige	_	B
8-9	2946-2957	Unternehmer	_	I
8-10	2958-2960	in	_	_
8-11	2961-2964	der	_	B
8-12	2965-2982	Fleischwirtschaft	_	I
8-13	2983-2987	gibt	_	_
8-14	2987-2988	.	_	_
8-15	2989-2993	Aber	_	_
8-16	2994-2996	es	_	_
8-17	2997-3001	gibt	_	_
8-18	3002-3006	viel	_	B
8-19	3007-3009	zu	_	I
8-20	3010-3015	viele	_	I
8-21	3016-3024	schwarze	_	I
8-22	3025-3031	Schafe	_	I
8-23	3031-3032	.	_	_
8-24	3033-3040	Deshalb	_	_
8-25	3041-3044	ist	_	_
8-26	3045-3048	die	_	B
8-27	3049-3054	erste	_	I
8-28	3055-3068	Verantwortung	_	I
8-29	3068-3069	,	_	_
8-30	3070-3073	aus	_	_
8-31	3074-3077	der	_	B
8-32	3078-3081	wir	_	B
8-33	3082-3085	als	_	_
8-34	3086-3091	Staat	_	B
8-35	3092-3095	die	_	B
8-36	3096-3107	Unternehmen	_	I
8-37	3108-3113	nicht	_	_
8-38	3114-3123	entlassen	_	_
8-39	3124-3130	dürfen	_	_
8-40	3130-3131	,	_	_
8-41	3132-3135	die	_	B
8-42	3136-3152	unternehmerische	_	I
8-43	3153-3166	Verantwortung	_	I
8-44	3167-3170	für	_	_
8-45	3171-3175	alle	_	B
8-46	3176-3189	Beschäftigten	_	I
8-47	3189-3190	.	_	_

#Text=Ich sage an dieser Stelle: Es gibt bestehende Arbeitsschutzregeln. Die sind verbindlich. Die sind einzuhalten. Aber die schärfsten Regeln nützen nichts, wenn ihre Einhaltung nicht kontrolliert wird. Das ist die Erfahrung, die wir machen.
9-1	3197-3200	Ich	_	B
9-2	3201-3205	sage	_	_
9-3	3206-3208	an	_	_
9-4	3209-3215	dieser	_	B
9-5	3216-3222	Stelle	_	I
9-6	3222-3223	:	_	_
9-7	3224-3226	Es	_	_
9-8	3227-3231	gibt	_	_
9-9	3232-3242	bestehende	_	B
9-10	3243-3262	Arbeitsschutzregeln	_	I
9-11	3262-3263	.	_	_
9-12	3264-3267	Die	_	B
9-13	3268-3272	sind	_	_
9-14	3273-3284	verbindlich	_	_
9-15	3284-3285	.	_	_
9-16	3286-3289	Die	_	B
9-17	3290-3294	sind	_	_
9-18	3295-3306	einzuhalten	_	_
9-19	3306-3307	.	_	_
9-20	3308-3312	Aber	_	_
9-21	3313-3316	die	_	B
9-22	3317-3327	schärfsten	_	I
9-23	3328-3334	Regeln	_	I
9-24	3335-3341	nützen	_	_
9-25	3342-3348	nichts	_	B
9-26	3348-3349	,	_	_
9-27	3350-3354	wenn	_	_
9-28	3355-3359	ihre	_	B
9-29	3360-3370	Einhaltung	_	I
9-30	3371-3376	nicht	_	_
9-31	3377-3389	kontrolliert	_	_
9-32	3390-3394	wird	_	_
9-33	3394-3395	.	_	_
9-34	3396-3399	Das	_	B
9-35	3400-3403	ist	_	_
9-36	3404-3407	die	_	B
9-37	3408-3417	Erfahrung	_	I
9-38	3417-3418	,	_	_
9-39	3419-3422	die	_	B
9-40	3423-3426	wir	_	B
9-41	3427-3433	machen	_	_
9-42	3433-3434	.	_	_

#Text=Wir haben auch erlebt, dass die Arbeitsschutzbehörden – seien wir offen und ehrlich, reden wir Klartext – für viele Bundesländer quasi eine Sparkasse waren, genauso wie, leider Gottes, die Gesundheitsämter für die Kommunen, wo auch viel zu sehr gespart wurde. Das heißt, die Kontrolldichte ist in den letzten Jahren runtergefahren worden.
10-1	3443-3446	Wir	_	B
10-2	3447-3452	haben	_	_
10-3	3453-3457	auch	_	_
10-4	3458-3464	erlebt	_	_
10-5	3464-3465	,	_	_
10-6	3466-3470	dass	_	_
10-7	3471-3474	die	_	B
10-8	3475-3496	Arbeitsschutzbehörden	_	I
10-9	3497-3498	–	_	_
10-10	3499-3504	seien	_	_
10-11	3505-3508	wir	_	B
10-12	3509-3514	offen	_	_
10-13	3515-3518	und	_	_
10-14	3519-3526	ehrlich	_	_
10-15	3526-3527	,	_	_
10-16	3528-3533	reden	_	_
10-17	3534-3537	wir	_	B
10-18	3538-3546	Klartext	_	B
10-19	3547-3548	–	_	_
10-20	3549-3552	für	_	_
10-21	3553-3558	viele	_	B
10-22	3559-3571	Bundesländer	_	I
10-23	3572-3577	quasi	_	B
10-24	3578-3582	eine	_	I
10-25	3583-3592	Sparkasse	_	I
10-26	3593-3598	waren	_	_
10-27	3598-3599	,	_	_
10-28	3600-3607	genauso	_	_
10-29	3608-3611	wie	_	_
10-30	3611-3612	,	_	_
10-31	3613-3619	leider	_	B
10-32	3620-3626	Gottes	_	I
10-33	3626-3627	,	_	_
10-34	3628-3631	die	_	B
10-35	3632-3648	Gesundheitsämter	_	I
10-36	3649-3652	für	_	_
10-37	3653-3656	die	_	B
10-38	3657-3665	Kommunen	_	I
10-39	3665-3666	,	_	_
10-40	3667-3669	wo	_	_
10-41	3670-3674	auch	_	_
10-42	3675-3679	viel	_	_
10-43	3680-3682	zu	_	_
10-44	3683-3687	sehr	_	_
10-45	3688-3695	gespart	_	_
10-46	3696-3701	wurde	_	_
10-47	3701-3702	.	_	_
10-48	3703-3706	Das	_	B
10-49	3707-3712	heißt	_	_
10-50	3712-3713	,	_	_
10-51	3714-3717	die	_	B
10-52	3718-3732	Kontrolldichte	_	I
10-53	3733-3736	ist	_	_
10-54	3737-3739	in	_	_
10-55	3740-3743	den	_	B
10-56	3744-3751	letzten	_	I
10-57	3752-3758	Jahren	_	I
10-58	3759-3773	runtergefahren	_	_
10-59	3774-3780	worden	_	_
10-60	3780-3781	.	_	_

#Text=Ich habe bereits im Dezember, vor Corona, mit den Arbeits- und Sozialministern der Länder vereinbart, dass wir bundesweit zu verbindlichen Kontrollquoten im Arbeitsschutz kommen. Das heißt: mehr Personal und schärfere Kontrollen im Arbeitsschutz. Das werden wir gesetzgeberisch umzusetzen haben, meine Damen und Herren.
11-1	3791-3794	Ich	_	B
11-2	3795-3799	habe	_	_
11-3	3800-3807	bereits	_	_
11-4	3808-3810	im	_	_
11-5	3811-3819	Dezember	_	B
11-6	3819-3820	,	_	_
11-7	3821-3824	vor	_	_
11-8	3825-3831	Corona	_	B
11-9	3831-3832	,	_	_
11-10	3833-3836	mit	_	_
11-11	3837-3840	den	_	B
11-12	3841-3849	Arbeits-	_	I
11-13	3850-3853	und	_	I
11-14	3854-3869	Sozialministern	_	I
11-15	3870-3873	der	_	B
11-16	3874-3880	Länder	_	I
11-17	3881-3891	vereinbart	_	_
11-18	3891-3892	,	_	_
11-19	3893-3897	dass	_	_
11-20	3898-3901	wir	_	B
11-21	3902-3912	bundesweit	_	_
11-22	3913-3915	zu	_	_
11-23	3916-3929	verbindlichen	_	B
11-24	3930-3944	Kontrollquoten	_	I
11-25	3945-3947	im	_	_
11-26	3948-3961	Arbeitsschutz	_	B
11-27	3962-3968	kommen	_	_
11-28	3968-3969	.	_	_
11-29	3970-3973	Das	_	B
11-30	3974-3979	heißt	_	_
11-31	3979-3980	:	_	_
11-32	3981-3985	mehr	_	_
11-33	3986-3994	Personal	_	_
11-34	3995-3998	und	_	_
11-35	3999-4008	schärfere	_	B
11-36	4009-4019	Kontrollen	_	I
11-37	4020-4022	im	_	_
11-38	4023-4036	Arbeitsschutz	_	B
11-39	4036-4037	.	_	_
11-40	4038-4041	Das	_	B
11-41	4042-4048	werden	_	_
11-42	4049-4052	wir	_	B
11-43	4053-4068	gesetzgeberisch	_	_
11-44	4069-4079	umzusetzen	_	_
11-45	4080-4085	haben	_	_
11-46	4085-4086	,	_	_
11-47	4087-4092	meine	_	B
11-48	4093-4098	Damen	_	I
11-49	4099-4102	und	_	_
11-50	4103-4109	Herren	_	B
11-51	4109-4110	.	_	_

#Text=Aber wir müssen weitergehen. Darüber werden wir in der Bundesregierung in den nächsten Tagen, bis Montag, zu reden haben. Wir haben vereinbart – die Kanzlerin hat das vorhin in der Fragestunde deutlich gemacht –, dass wir am Montag im sogenannten Coronakabinett tatsächlich zu Maßnahmen kommen werden, die über das Bestehende hinausgehen, untergesetzlich, aber durchaus auch gesetzlich. Herr Kollege Schummer, Sie haben es angesprochen – ich bin da ganz bei Ihnen; Sie sind dazu mit den Ländern im Gespräch, auch mit dem Kollegen Laumann –: Diese Art von Subsubsubunternehmertum ist die Wurzel des Übels, weil Verantwortung abgewälzt wird, weil Arbeitnehmerrechte geschleift werden, weil Löhne gedrückt werden. Das führt dazu, dass wir in vielen Bereichen Probleme haben, beispielsweise wenn es darum geht, Unterkünfte zu kontrollieren. Werksunterkünfte auf dem Werksgelände kann man kontrollieren, auch noch größere andere Unterkünfte, aber wenn irgendwelche, von dubiosen Subsubsubunternehmern angemietete Privatwohnungen und Garagen – das ist übrigens ein profitables Geschäft, das auch mit krimineller Energie betrieben wird – zu kontrollieren sind, dann stößt man an gesetzliche Grenzen.
12-1	4119-4123	Aber	_	_
12-2	4124-4127	wir	_	B
12-3	4128-4134	müssen	_	_
12-4	4135-4146	weitergehen	_	_
12-5	4146-4147	.	_	_
12-6	4148-4155	Darüber	_	_
12-7	4156-4162	werden	_	_
12-8	4163-4166	wir	_	B
12-9	4167-4169	in	_	_
12-10	4170-4173	der	_	B
12-11	4174-4189	Bundesregierung	_	I
12-12	4190-4192	in	_	_
12-13	4193-4196	den	_	B
12-14	4197-4205	nächsten	_	I
12-15	4206-4211	Tagen	_	I
12-16	4211-4212	,	_	_
12-17	4213-4216	bis	_	_
12-18	4217-4223	Montag	_	B
12-19	4223-4224	,	_	_
12-20	4225-4227	zu	_	_
12-21	4228-4233	reden	_	_
12-22	4234-4239	haben	_	_
12-23	4239-4240	.	_	_
12-24	4241-4244	Wir	_	B
12-25	4245-4250	haben	_	_
12-26	4251-4261	vereinbart	_	_
12-27	4262-4263	–	_	_
12-28	4264-4267	die	_	B
12-29	4268-4277	Kanzlerin	_	I
12-30	4278-4281	hat	_	_
12-31	4282-4285	das	_	_
12-32	4286-4292	vorhin	_	_
12-33	4293-4295	in	_	_
12-34	4296-4299	der	_	B
12-35	4300-4311	Fragestunde	_	I
12-36	4312-4320	deutlich	_	_
12-37	4321-4328	gemacht	_	_
12-38	4329-4330	–	_	_
12-39	4330-4331	,	_	_
12-40	4332-4336	dass	_	_
12-41	4337-4340	wir	_	B
12-42	4341-4343	am	_	_
12-43	4344-4350	Montag	_	B
12-44	4351-4353	im	_	_
12-45	4354-4365	sogenannten	_	B
12-46	4366-4380	Coronakabinett	_	I
12-47	4381-4392	tatsächlich	_	_
12-48	4393-4395	zu	_	_
12-49	4396-4405	Maßnahmen	_	B
12-50	4406-4412	kommen	_	_
12-51	4413-4419	werden	_	_
12-52	4419-4420	,	_	_
12-53	4421-4424	die	_	B
12-54	4425-4429	über	_	_
12-55	4430-4433	das	_	B
12-56	4434-4444	Bestehende	_	I
12-57	4445-4456	hinausgehen	_	_
12-58	4456-4457	,	_	_
12-59	4458-4473	untergesetzlich	_	_
12-60	4473-4474	,	_	_
12-61	4475-4479	aber	_	_
12-62	4480-4488	durchaus	_	_
12-63	4489-4493	auch	_	_
12-64	4494-4504	gesetzlich	_	_
12-65	4504-4505	.	_	_
12-66	4506-4510	Herr	_	B
12-67	4511-4518	Kollege	_	I
12-68	4519-4527	Schummer	_	B
12-69	4527-4528	,	_	_
12-70	4529-4532	Sie	_	B
12-71	4533-4538	haben	_	_
12-72	4539-4541	es	_	B
12-73	4542-4554	angesprochen	_	_
12-74	4555-4556	–	_	_
12-75	4557-4560	ich	_	B
12-76	4561-4564	bin	_	_
12-77	4565-4567	da	_	_
12-78	4568-4572	ganz	_	_
12-79	4573-4576	bei	_	_
12-80	4577-4582	Ihnen	_	B
12-81	4582-4583	;	_	_
12-82	4584-4587	Sie	_	B
12-83	4588-4592	sind	_	_
12-84	4593-4597	dazu	_	_
12-85	4598-4601	mit	_	_
12-86	4602-4605	den	_	B
12-87	4606-4613	Ländern	_	I
12-88	4614-4616	im	_	_
12-89	4617-4625	Gespräch	_	B
12-90	4625-4626	,	_	_
12-91	4627-4631	auch	_	_
12-92	4632-4635	mit	_	_
12-93	4636-4639	dem	_	B
12-94	4640-4648	Kollegen	_	I
12-95	4649-4656	Laumann	_	I
12-96	4657-4658	–	_	_
12-97	4658-4659	:	_	_
12-98	4660-4665	Diese	_	B
12-99	4666-4669	Art	_	I
12-100	4670-4673	von	_	_
12-101	4674-4697	Subsubsubunternehmertum	_	B
12-102	4698-4701	ist	_	_
12-103	4702-4705	die	_	B
12-104	4706-4712	Wurzel	_	I
12-105	4713-4716	des	_	B
12-106	4717-4722	Übels	_	I
12-107	4722-4723	,	_	_
12-108	4724-4728	weil	_	_
12-109	4729-4742	Verantwortung	_	B
12-110	4743-4752	abgewälzt	_	_
12-111	4753-4757	wird	_	_
12-112	4757-4758	,	_	_
12-113	4759-4763	weil	_	_
12-114	4764-4782	Arbeitnehmerrechte	_	B
12-115	4783-4793	geschleift	_	_
12-116	4794-4800	werden	_	_
12-117	4800-4801	,	_	_
12-118	4802-4806	weil	_	_
12-119	4807-4812	Löhne	_	B
12-120	4813-4821	gedrückt	_	_
12-121	4822-4828	werden	_	_
12-122	4828-4829	.	_	_
12-123	4830-4833	Das	_	B
12-124	4834-4839	führt	_	_
12-125	4840-4844	dazu	_	_
12-126	4844-4845	,	_	_
12-127	4846-4850	dass	_	_
12-128	4851-4854	wir	_	B
12-129	4855-4857	in	_	_
12-130	4858-4864	vielen	_	B
12-131	4865-4874	Bereichen	_	I
12-132	4875-4883	Probleme	_	B
12-133	4884-4889	haben	_	_
12-134	4889-4890	,	_	_
12-135	4891-4905	beispielsweise	_	_
12-136	4906-4910	wenn	_	_
12-137	4911-4913	es	_	_
12-138	4914-4919	darum	_	_
12-139	4920-4924	geht	_	_
12-140	4924-4925	,	_	_
12-141	4926-4937	Unterkünfte	_	B
12-142	4938-4940	zu	_	_
12-143	4941-4954	kontrollieren	_	_
12-144	4954-4955	.	_	_
12-145	4956-4972	Werksunterkünfte	_	B
12-146	4973-4976	auf	_	_
12-147	4977-4980	dem	_	B
12-148	4981-4993	Werksgelände	_	I
12-149	4994-4998	kann	_	_
12-150	4999-5002	man	_	B
12-151	5003-5016	kontrollieren	_	_
12-152	5016-5017	,	_	_
12-153	5018-5022	auch	_	B
12-154	5023-5027	noch	_	I
12-155	5028-5035	größere	_	I
12-156	5036-5042	andere	_	I
12-157	5043-5054	Unterkünfte	_	I
12-158	5054-5055	,	_	_
12-159	5056-5060	aber	_	_
12-160	5061-5065	wenn	_	_
12-161	5066-5078	irgendwelche	_	B
12-162	5078-5079	,	_	_
12-163	5080-5083	von	_	_
12-164	5084-5092	dubiosen	_	B
12-165	5093-5114	Subsubsubunternehmern	_	I
12-166	5115-5126	angemietete	_	_
12-167	5127-5142	Privatwohnungen	_	_
12-168	5143-5146	und	_	_
12-169	5147-5154	Garagen	_	B
12-170	5155-5156	–	_	B
12-171	5157-5160	das	_	I
12-172	5161-5164	ist	_	_
12-173	5165-5173	übrigens	_	_
12-174	5174-5177	ein	_	B
12-175	5178-5189	profitables	_	I
12-176	5190-5198	Geschäft	_	I
12-177	5198-5199	,	_	_
12-178	5200-5203	das	_	B
12-179	5204-5208	auch	_	_
12-180	5209-5212	mit	_	_
12-181	5213-5224	krimineller	_	B
12-182	5225-5232	Energie	_	I
12-183	5233-5242	betrieben	_	_
12-184	5243-5247	wird	_	_
12-185	5248-5249	–	_	_
12-186	5250-5252	zu	_	_
12-187	5253-5266	kontrollieren	_	_
12-188	5267-5271	sind	_	_
12-189	5271-5272	,	_	_
12-190	5273-5277	dann	_	_
12-191	5278-5283	stößt	_	_
12-192	5284-5287	man	_	B
12-193	5288-5290	an	_	_
12-194	5291-5302	gesetzliche	_	B
12-195	5303-5310	Grenzen	_	I
12-196	5310-5311	.	_	_

#Text=Deshalb sage ich in Frageform: Sollten wir uns nicht überlegen, wie wir mit dieser Art der sogenannten Werksvertragskonstruktion in der fleischverarbeitenden Industrie umgehen, meine Damen und Herren?
13-1	5339-5346	Deshalb	_	_
13-2	5347-5351	sage	_	_
13-3	5352-5355	ich	_	B
13-4	5356-5358	in	_	_
13-5	5359-5368	Frageform	_	B
13-6	5368-5369	:	_	_
13-7	5370-5377	Sollten	_	_
13-8	5378-5381	wir	_	B
13-9	5382-5385	uns	_	B
13-10	5386-5391	nicht	_	_
13-11	5392-5401	überlegen	_	_
13-12	5401-5402	,	_	_
13-13	5403-5406	wie	_	_
13-14	5407-5410	wir	_	B
13-15	5411-5414	mit	_	_
13-16	5415-5421	dieser	_	B
13-17	5422-5425	Art	_	I
13-18	5426-5429	der	_	B
13-19	5430-5441	sogenannten	_	I
13-20	5442-5467	Werksvertragskonstruktion	_	I
13-21	5468-5470	in	_	_
13-22	5471-5474	der	_	B
13-23	5475-5496	fleischverarbeitenden	_	I
13-24	5497-5506	Industrie	_	I
13-25	5507-5514	umgehen	_	_
13-26	5514-5515	,	_	_
13-27	5516-5521	meine	_	B
13-28	5522-5527	Damen	_	I
13-29	5528-5531	und	_	_
13-30	5532-5538	Herren	_	B
13-31	5538-5539	?	_	_

#Text=Ich finde, diese Diskussion müssen wir miteinander führen.
14-1	5544-5547	Ich	_	B
14-2	5548-5553	finde	_	_
14-3	5553-5554	,	_	_
14-4	5555-5560	diese	_	B
14-5	5561-5571	Diskussion	_	I
14-6	5572-5578	müssen	_	_
14-7	5579-5582	wir	_	B
14-8	5583-5594	miteinander	_	_
14-9	5595-5601	führen	_	_
14-10	5601-5602	.	_	_

#Text=Wir werden – sehr sorgfältig – Verantwortung übernehmen. Das betrifft aber alle Ebenen. Das betrifft die unternehmerische Ebene. Wir wollen eine fleischverarbeitende Industrie in Deutschland, in der anständige Hygienebedingungen herrschen. Das ist auch im Interesse des Tierwohls, aber solche Arbeitsbedingungen sind vor allen Dingen im Interesse der Menschen. Wir wollen nicht, dass sie um ihr Leben, um ihre Gesundheit fürchten müssen. Herr Ostendorff, Sie haben aus Upton Sinclairs Buch „Der Dschungel“ zitiert.
15-1	5605-5608	Wir	_	B
15-2	5609-5615	werden	_	_
15-3	5616-5617	–	_	_
15-4	5618-5622	sehr	_	_
15-5	5623-5633	sorgfältig	_	_
15-6	5634-5635	–	_	_
15-7	5636-5649	Verantwortung	_	B
15-8	5650-5660	übernehmen	_	_
15-9	5660-5661	.	_	_
15-10	5662-5665	Das	_	B
15-11	5666-5674	betrifft	_	_
15-12	5675-5679	aber	_	_
15-13	5680-5684	alle	_	B
15-14	5685-5691	Ebenen	_	I
15-15	5691-5692	.	_	_
15-16	5693-5696	Das	_	B
15-17	5697-5705	betrifft	_	_
15-18	5706-5709	die	_	B
15-19	5710-5726	unternehmerische	_	I
15-20	5727-5732	Ebene	_	I
15-21	5732-5733	.	_	_
15-22	5734-5737	Wir	_	B
15-23	5738-5744	wollen	_	_
15-24	5745-5749	eine	_	B
15-25	5750-5770	fleischverarbeitende	_	I
15-26	5771-5780	Industrie	_	I
15-27	5781-5783	in	_	_
15-28	5784-5795	Deutschland	_	B
15-29	5795-5796	,	_	_
15-30	5797-5799	in	_	_
15-31	5800-5803	der	_	B
15-32	5804-5814	anständige	_	B
15-33	5815-5833	Hygienebedingungen	_	I
15-34	5834-5843	herrschen	_	_
15-35	5843-5844	.	_	_
15-36	5845-5848	Das	_	B
15-37	5849-5852	ist	_	_
15-38	5853-5857	auch	_	_
15-39	5858-5860	im	_	_
15-40	5861-5870	Interesse	_	B
15-41	5871-5874	des	_	B
15-42	5875-5884	Tierwohls	_	I
15-43	5884-5885	,	_	_
15-44	5886-5890	aber	_	_
15-45	5891-5897	solche	_	B
15-46	5898-5916	Arbeitsbedingungen	_	I
15-47	5917-5921	sind	_	_
15-48	5922-5925	vor	_	_
15-49	5926-5931	allen	_	B
15-50	5932-5938	Dingen	_	I
15-51	5939-5941	im	_	_
15-52	5942-5951	Interesse	_	B
15-53	5952-5955	der	_	B
15-54	5956-5964	Menschen	_	I
15-55	5964-5965	.	_	_
15-56	5966-5969	Wir	_	B
15-57	5970-5976	wollen	_	_
15-58	5977-5982	nicht	_	_
15-59	5982-5983	,	_	_
15-60	5984-5988	dass	_	_
15-61	5989-5992	sie	_	B
15-62	5993-5995	um	_	_
15-63	5996-5999	ihr	_	B
15-64	6000-6005	Leben	_	I
15-65	6005-6006	,	_	_
15-66	6007-6009	um	_	_
15-67	6010-6014	ihre	_	B
15-68	6015-6025	Gesundheit	_	I
15-69	6026-6034	fürchten	_	_
15-70	6035-6041	müssen	_	_
15-71	6041-6042	.	_	_
15-72	6043-6047	Herr	_	B
15-73	6048-6058	Ostendorff	_	I
15-74	6058-6059	,	_	_
15-75	6060-6063	Sie	_	B
15-76	6064-6069	haben	_	_
15-77	6070-6073	aus	_	_
15-78	6074-6079	Upton	_	B
15-79	6080-6089	Sinclairs	_	B
15-80	6090-6094	Buch	_	_
15-81	6095-6096	„	_	B
15-82	6096-6099	Der	_	I
15-83	6100-6109	Dschungel	_	I
15-84	6109-6110	“	_	_
15-85	6111-6118	zitiert	_	_
15-86	6118-6119	.	_	_

#Text=Auch ich habe das Buch in meiner Jugend gelesen. Dieses Buch hat mich sehr geprägt. Dieser sozialkritische Roman über die fleischverarbeitende Industrie in den USA vor 90, vor 100 Jahren führte zu einer Riesendebatte über diesen Ekel. Er hat übrigens auch politische Konsequenzen im Bereich des Arbeitsschutzes begründet.
16-1	6134-6138	Auch	_	B
16-2	6139-6142	ich	_	I
16-3	6143-6147	habe	_	_
16-4	6148-6151	das	_	B
16-5	6152-6156	Buch	_	I
16-6	6157-6159	in	_	_
16-7	6160-6166	meiner	_	B
16-8	6167-6173	Jugend	_	I
16-9	6174-6181	gelesen	_	_
16-10	6181-6182	.	_	_
16-11	6183-6189	Dieses	_	B
16-12	6190-6194	Buch	_	I
16-13	6195-6198	hat	_	_
16-14	6199-6203	mich	_	B
16-15	6204-6208	sehr	_	_
16-16	6209-6216	geprägt	_	_
16-17	6216-6217	.	_	_
16-18	6218-6224	Dieser	_	B
16-19	6225-6240	sozialkritische	_	I
16-20	6241-6246	Roman	_	I
16-21	6247-6251	über	_	_
16-22	6252-6255	die	_	B
16-23	6256-6276	fleischverarbeitende	_	I
16-24	6277-6286	Industrie	_	I
16-25	6287-6289	in	_	_
16-26	6290-6293	den	_	B
16-27	6294-6297	USA	_	I
16-28	6298-6301	vor	_	_
16-29	6302-6304	90	_	_
16-30	6304-6305	,	_	_
16-31	6306-6309	vor	_	_
16-32	6310-6313	100	_	B
16-33	6314-6320	Jahren	_	I
16-34	6321-6327	führte	_	_
16-35	6328-6330	zu	_	_
16-36	6331-6336	einer	_	B
16-37	6337-6350	Riesendebatte	_	I
16-38	6351-6355	über	_	_
16-39	6356-6362	diesen	_	B
16-40	6363-6367	Ekel	_	I
16-41	6367-6368	.	_	_
16-42	6369-6371	Er	_	B
16-43	6372-6375	hat	_	_
16-44	6376-6384	übrigens	_	_
16-45	6385-6389	auch	_	B
16-46	6390-6400	politische	_	I
16-47	6401-6413	Konsequenzen	_	I
16-48	6414-6416	im	_	_
16-49	6417-6424	Bereich	_	B
16-50	6425-6428	des	_	B
16-51	6429-6444	Arbeitsschutzes	_	I
16-52	6445-6454	begründet	_	_
16-53	6454-6455	.	_	_

#Text=Ich sage: Wir dürfen jetzt nicht bei Empörung stehen bleiben,
17-1	6461-6464	Ich	_	B
17-2	6465-6469	sage	_	_
17-3	6469-6470	:	_	_
17-4	6471-6474	Wir	_	B
17-5	6475-6481	dürfen	_	_
17-6	6482-6487	jetzt	_	_
17-7	6488-6493	nicht	_	_
17-8	6494-6497	bei	_	_
17-9	6498-6506	Empörung	_	B
17-10	6507-6513	stehen	_	_
17-11	6514-6521	bleiben	_	_
17-12	6521-6522	,	_	_

#Text=sondern wir müssen handeln. Das betrifft das unternehmerische Handeln, damit die gesamte Branche nicht in Verruf kommt. Das betrifft das Handeln des Bundes, der den gesetzgeberischen Rahmen nachzuschärfen hat, und zwar dem Grunde nach. Und das betrifft die Verantwortung der Länder, die dafür zu sorgen haben, dass bestehende Regeln von den Arbeitsschutzbehörden effektiv überwacht und kontrolliert werden.
18-1	6525-6532	sondern	_	_
18-2	6533-6536	wir	_	B
18-3	6537-6543	müssen	_	_
18-4	6544-6551	handeln	_	_
18-5	6551-6552	.	_	_
18-6	6553-6556	Das	_	B
18-7	6557-6565	betrifft	_	_
18-8	6566-6569	das	_	B
18-9	6570-6586	unternehmerische	_	I
18-10	6587-6594	Handeln	_	I
18-11	6594-6595	,	_	_
18-12	6596-6601	damit	_	_
18-13	6602-6605	die	_	B
18-14	6606-6613	gesamte	_	I
18-15	6614-6621	Branche	_	I
18-16	6622-6627	nicht	_	_
18-17	6628-6630	in	_	_
18-18	6631-6637	Verruf	_	B
18-19	6638-6643	kommt	_	_
18-20	6643-6644	.	_	_
18-21	6645-6648	Das	_	B
18-22	6649-6657	betrifft	_	_
18-23	6658-6661	das	_	B
18-24	6662-6669	Handeln	_	I
18-25	6670-6673	des	_	B
18-26	6674-6680	Bundes	_	I
18-27	6680-6681	,	_	_
18-28	6682-6685	der	_	B
18-29	6686-6689	den	_	B
18-30	6690-6707	gesetzgeberischen	_	I
18-31	6708-6714	Rahmen	_	I
18-32	6715-6729	nachzuschärfen	_	_
18-33	6730-6733	hat	_	_
18-34	6733-6734	,	_	_
18-35	6735-6738	und	_	_
18-36	6739-6743	zwar	_	B
18-37	6744-6747	dem	_	I
18-38	6748-6754	Grunde	_	I
18-39	6755-6759	nach	_	_
18-40	6759-6760	.	_	_
18-41	6761-6764	Und	_	_
18-42	6765-6768	das	_	B
18-43	6769-6777	betrifft	_	_
18-44	6778-6781	die	_	B
18-45	6782-6795	Verantwortung	_	I
18-46	6796-6799	der	_	B
18-47	6800-6806	Länder	_	I
18-48	6806-6807	,	_	_
18-49	6808-6811	die	_	B
18-50	6812-6817	dafür	_	_
18-51	6818-6820	zu	_	_
18-52	6821-6827	sorgen	_	_
18-53	6828-6833	haben	_	_
18-54	6833-6834	,	_	_
18-55	6835-6839	dass	_	_
18-56	6840-6850	bestehende	_	B
18-57	6851-6857	Regeln	_	I
18-58	6858-6861	von	_	_
18-59	6862-6865	den	_	B
18-60	6866-6887	Arbeitsschutzbehörden	_	I
18-61	6888-6896	effektiv	_	_
18-62	6897-6906	überwacht	_	_
18-63	6907-6910	und	_	_
18-64	6911-6923	kontrolliert	_	_
18-65	6924-6930	werden	_	_
18-66	6930-6931	.	_	_

#Text=Jetzt ist Zeit für Verantwortung auf allen Ebenen. Das, meine Damen und Herren, werden wir miteinander zu besprechen haben.
19-1	6941-6946	Jetzt	_	_
19-2	6947-6950	ist	_	_
19-3	6951-6955	Zeit	_	B
19-4	6956-6959	für	_	_
19-5	6960-6973	Verantwortung	_	B
19-6	6974-6977	auf	_	_
19-7	6978-6983	allen	_	B
19-8	6984-6990	Ebenen	_	I
19-9	6990-6991	.	_	_
19-10	6992-6995	Das	_	B
19-11	6995-6996	,	_	_
19-12	6997-7002	meine	_	B
19-13	7003-7008	Damen	_	I
19-14	7009-7012	und	_	_
19-15	7013-7019	Herren	_	B
19-16	7019-7020	,	_	_
19-17	7021-7027	werden	_	_
19-18	7028-7031	wir	_	B
19-19	7032-7043	miteinander	_	_
19-20	7044-7046	zu	_	_
19-21	7047-7057	besprechen	_	_
19-22	7058-7063	haben	_	_
19-23	7063-7064	.	_	_

#Text=Meine Bitte an dieses Haus, an alle Fraktionen, an fast alle Fraktionen
20-1	7069-7074	Meine	_	B
20-2	7075-7080	Bitte	_	I
20-3	7081-7083	an	_	_
20-4	7084-7090	dieses	_	B
20-5	7091-7095	Haus	_	I
20-6	7095-7096	,	_	_
20-7	7097-7099	an	_	_
20-8	7100-7104	alle	_	B
20-9	7105-7115	Fraktionen	_	I
20-10	7115-7116	,	_	_
20-11	7117-7119	an	_	_
20-12	7120-7124	fast	_	B
20-13	7125-7129	alle	_	I
20-14	7130-7140	Fraktionen	_	I

#Text=lautet, es nicht bei der Empörung in dieser Debatte zu belassen, sich nicht nur gegenseitig zu bezichtigen, sondern gemeinsam Verantwortung zu übernehmen. Ich bitte darum, nicht nur Regeln vorzuschlagen, sondern auch dafür zu sorgen, dass diese Regeln im parlamentarischen Verfahren, wenn wir in die Gesetzgebung gehen, nicht verwässert werden, sondern umgesetzt werden. Und ich bitte darum, dafür zu sorgen, dass in den Arbeitsschutzbehörden der Länder genug Personal vorhanden ist, damit die bestehenden Regeln durchgesetzt werden können.
21-1	7143-7149	lautet	_	_
21-2	7149-7150	,	_	_
21-3	7151-7153	es	_	B
21-4	7154-7159	nicht	_	_
21-5	7160-7163	bei	_	_
21-6	7164-7167	der	_	B
21-7	7168-7176	Empörung	_	I
21-8	7177-7179	in	_	_
21-9	7180-7186	dieser	_	B
21-10	7187-7194	Debatte	_	I
21-11	7195-7197	zu	_	_
21-12	7198-7206	belassen	_	_
21-13	7206-7207	,	_	_
21-14	7208-7212	sich	_	B
21-15	7213-7218	nicht	_	_
21-16	7219-7222	nur	_	_
21-17	7223-7234	gegenseitig	_	_
21-18	7235-7237	zu	_	_
21-19	7238-7249	bezichtigen	_	_
21-20	7249-7250	,	_	_
21-21	7251-7258	sondern	_	_
21-22	7259-7268	gemeinsam	_	_
21-23	7269-7282	Verantwortung	_	B
21-24	7283-7285	zu	_	_
21-25	7286-7296	übernehmen	_	_
21-26	7296-7297	.	_	_
21-27	7298-7301	Ich	_	B
21-28	7302-7307	bitte	_	_
21-29	7308-7313	darum	_	_
21-30	7313-7314	,	_	_
21-31	7315-7320	nicht	_	B
21-32	7321-7324	nur	_	I
21-33	7325-7331	Regeln	_	I
21-34	7332-7345	vorzuschlagen	_	_
21-35	7345-7346	,	_	_
21-36	7347-7354	sondern	_	_
21-37	7355-7359	auch	_	_
21-38	7360-7365	dafür	_	_
21-39	7366-7368	zu	_	_
21-40	7369-7375	sorgen	_	_
21-41	7375-7376	,	_	_
21-42	7377-7381	dass	_	_
21-43	7382-7387	diese	_	B
21-44	7388-7394	Regeln	_	I
21-45	7395-7397	im	_	_
21-46	7398-7415	parlamentarischen	_	B
21-47	7416-7425	Verfahren	_	I
21-48	7425-7426	,	_	_
21-49	7427-7431	wenn	_	_
21-50	7432-7435	wir	_	B
21-51	7436-7438	in	_	_
21-52	7439-7442	die	_	B
21-53	7443-7455	Gesetzgebung	_	I
21-54	7456-7461	gehen	_	_
21-55	7461-7462	,	_	_
21-56	7463-7468	nicht	_	_
21-57	7469-7479	verwässert	_	_
21-58	7480-7486	werden	_	_
21-59	7486-7487	,	_	_
21-60	7488-7495	sondern	_	_
21-61	7496-7505	umgesetzt	_	_
21-62	7506-7512	werden	_	_
21-63	7512-7513	.	_	_
21-64	7514-7517	Und	_	_
21-65	7518-7521	ich	_	B
21-66	7522-7527	bitte	_	_
21-67	7528-7533	darum	_	_
21-68	7533-7534	,	_	_
21-69	7535-7540	dafür	_	_
21-70	7541-7543	zu	_	_
21-71	7544-7550	sorgen	_	_
21-72	7550-7551	,	_	_
21-73	7552-7556	dass	_	_
21-74	7557-7559	in	_	_
21-75	7560-7563	den	_	B
21-76	7564-7585	Arbeitsschutzbehörden	_	I
21-77	7586-7589	der	_	B
21-78	7590-7596	Länder	_	I
21-79	7597-7602	genug	_	B
21-80	7603-7611	Personal	_	I
21-81	7612-7621	vorhanden	_	_
21-82	7622-7625	ist	_	_
21-83	7625-7626	,	_	_
21-84	7627-7632	damit	_	_
21-85	7633-7636	die	_	B
21-86	7637-7648	bestehenden	_	I
21-87	7649-7655	Regeln	_	I
21-88	7656-7668	durchgesetzt	_	_
21-89	7669-7675	werden	_	_
21-90	7676-7682	können	_	_
21-91	7682-7683	.	_	_

#Text=Ich sage es noch einmal: Wir haben viel zu verlieren. Die bulgarische und die rumänische Regierung haben sich an die Bundesrepublik Deutschland gewandt, die EU-Kommission auch. Wir sind ein Land von hoher sozialstaatlicher Qualität. Wir sind ein Land, auf das wir gemeinsam in vielerlei Hinsicht stolz sein können. Aber wir müssen aufhören, das, was in dieser Gesellschaft nicht in Ordnung ist, schönzureden. Ich sage es noch mal an dieser Stelle: Es ist Zeit für Klartext und Verantwortung. Wir müssen und wir werden mit diesen Verhältnissen aufräumen.
22-1	7699-7702	Ich	_	B
22-2	7703-7707	sage	_	_
22-3	7708-7710	es	_	B
22-4	7711-7715	noch	_	_
22-5	7716-7722	einmal	_	_
22-6	7722-7723	:	_	_
22-7	7724-7727	Wir	_	B
22-8	7728-7733	haben	_	_
22-9	7734-7738	viel	_	B
22-10	7739-7741	zu	_	_
22-11	7742-7751	verlieren	_	_
22-12	7751-7752	.	_	_
22-13	7753-7756	Die	_	B
22-14	7757-7768	bulgarische	_	I
22-15	7769-7772	und	_	I
22-16	7773-7776	die	_	I
22-17	7777-7787	rumänische	_	I
22-18	7788-7797	Regierung	_	I
22-19	7798-7803	haben	_	_
22-20	7804-7808	sich	_	B
22-21	7809-7811	an	_	_
22-22	7812-7815	die	_	B
22-23	7816-7830	Bundesrepublik	_	I
22-24	7831-7842	Deutschland	_	I
22-25	7843-7850	gewandt	_	_
22-26	7850-7851	,	_	_
22-27	7852-7855	die	_	B
22-28	7856-7869	EU-Kommission	_	I
22-29	7870-7874	auch	_	_
22-30	7874-7875	.	_	_
22-31	7876-7879	Wir	_	B
22-32	7880-7884	sind	_	_
22-33	7885-7888	ein	_	B
22-34	7889-7893	Land	_	I
22-35	7894-7897	von	_	_
22-36	7898-7903	hoher	_	B
22-37	7904-7921	sozialstaatlicher	_	I
22-38	7922-7930	Qualität	_	I
22-39	7930-7931	.	_	_
22-40	7932-7935	Wir	_	B
22-41	7936-7940	sind	_	_
22-42	7941-7944	ein	_	B
22-43	7945-7949	Land	_	I
22-44	7949-7950	,	_	_
22-45	7951-7954	auf	_	_
22-46	7955-7958	das	_	B
22-47	7959-7962	wir	_	B
22-48	7963-7972	gemeinsam	_	_
22-49	7973-7975	in	_	_
22-50	7976-7985	vielerlei	_	B
22-51	7986-7994	Hinsicht	_	I
22-52	7995-8000	stolz	_	_
22-53	8001-8005	sein	_	_
22-54	8006-8012	können	_	_
22-55	8012-8013	.	_	_
22-56	8014-8018	Aber	_	_
22-57	8019-8022	wir	_	B
22-58	8023-8029	müssen	_	_
22-59	8030-8038	aufhören	_	_
22-60	8038-8039	,	_	_
22-61	8040-8043	das	_	B
22-62	8043-8044	,	_	_
22-63	8045-8048	was	_	B
22-64	8049-8051	in	_	_
22-65	8052-8058	dieser	_	B
22-66	8059-8071	Gesellschaft	_	I
22-67	8072-8077	nicht	_	_
22-68	8078-8080	in	_	_
22-69	8081-8088	Ordnung	_	B
22-70	8089-8092	ist	_	_
22-71	8092-8093	,	_	_
22-72	8094-8106	schönzureden	_	_
22-73	8106-8107	.	_	_
22-74	8108-8111	Ich	_	B
22-75	8112-8116	sage	_	_
22-76	8117-8119	es	_	B
22-77	8120-8124	noch	_	_
22-78	8125-8128	mal	_	_
22-79	8129-8131	an	_	_
22-80	8132-8138	dieser	_	B
22-81	8139-8145	Stelle	_	I
22-82	8145-8146	:	_	_
22-83	8147-8149	Es	_	B
22-84	8150-8153	ist	_	_
22-85	8154-8158	Zeit	_	B
22-86	8159-8162	für	_	_
22-87	8163-8171	Klartext	_	B
22-88	8172-8175	und	_	_
22-89	8176-8189	Verantwortung	_	B
22-90	8189-8190	.	_	_
22-91	8191-8194	Wir	_	B
22-92	8195-8201	müssen	_	_
22-93	8202-8205	und	_	_
22-94	8206-8209	wir	_	B
22-95	8210-8216	werden	_	_
22-96	8217-8220	mit	_	_
22-97	8221-8227	diesen	_	B
22-98	8228-8241	Verhältnissen	_	I
22-99	8242-8251	aufräumen	_	_
22-100	8251-8252	.	_	_

#Text=Ich bitte Sie als Arbeitsminister parteiübergreifend um Unterstützung, weil ich mir lebhaft vorstellen kann, was jetzt passiert. Alle rufen: „Die waren es! Die waren es! Die waren es!“, und alle sagen: Da müssen wir etwas tun. Dann gibt es Vorschläge, und dann kommen die Interessengruppen. – Ich finde, an dieser Stelle geht das Gemeinwohl vor. Das ist unsere Aufgabe, meine Damen und Herren.
23-1	8267-8270	Ich	_	B
23-2	8271-8276	bitte	_	_
23-3	8277-8280	Sie	_	B
23-4	8281-8284	als	_	_
23-5	8285-8300	Arbeitsminister	_	B
23-6	8301-8319	parteiübergreifend	_	_
23-7	8320-8322	um	_	_
23-8	8323-8336	Unterstützung	_	B
23-9	8336-8337	,	_	_
23-10	8338-8342	weil	_	_
23-11	8343-8346	ich	_	B
23-12	8347-8350	mir	_	B
23-13	8351-8358	lebhaft	_	_
23-14	8359-8369	vorstellen	_	_
23-15	8370-8374	kann	_	_
23-16	8374-8375	,	_	_
23-17	8376-8379	was	_	B
23-18	8380-8385	jetzt	_	_
23-19	8386-8394	passiert	_	_
23-20	8394-8395	.	_	_
23-21	8396-8400	Alle	_	B
23-22	8401-8406	rufen	_	_
23-23	8406-8407	:	_	_
23-24	8408-8409	„	_	_
23-25	8409-8412	Die	_	B
23-26	8413-8418	waren	_	_
23-27	8419-8421	es	_	B
23-28	8421-8422	!	_	_
23-29	8423-8426	Die	_	B
23-30	8427-8432	waren	_	_
23-31	8433-8435	es	_	B
23-32	8435-8436	!	_	_
23-33	8437-8440	Die	_	B
23-34	8441-8446	waren	_	_
23-35	8447-8449	es	_	B
23-36	8449-8450	!	_	_
23-37	8450-8451	“	_	_
23-38	8451-8452	,	_	_
23-39	8453-8456	und	_	_
23-40	8457-8461	alle	_	B
23-41	8462-8467	sagen	_	_
23-42	8467-8468	:	_	_
23-43	8469-8471	Da	_	_
23-44	8472-8478	müssen	_	_
23-45	8479-8482	wir	_	B
23-46	8483-8488	etwas	_	B
23-47	8489-8492	tun	_	_
23-48	8492-8493	.	_	_
23-49	8494-8498	Dann	_	_
23-50	8499-8503	gibt	_	_
23-51	8504-8506	es	_	_
23-52	8507-8517	Vorschläge	_	B
23-53	8517-8518	,	_	_
23-54	8519-8522	und	_	_
23-55	8523-8527	dann	_	_
23-56	8528-8534	kommen	_	_
23-57	8535-8538	die	_	B
23-58	8539-8556	Interessengruppen	_	I
23-59	8556-8557	.	_	_
23-60	8558-8559	–	_	_
23-61	8560-8563	Ich	_	B
23-62	8564-8569	finde	_	_
23-63	8569-8570	,	_	_
23-64	8571-8573	an	_	_
23-65	8574-8580	dieser	_	B
23-66	8581-8587	Stelle	_	I
23-67	8588-8592	geht	_	_
23-68	8593-8596	das	_	B
23-69	8597-8607	Gemeinwohl	_	I
23-70	8608-8611	vor	_	_
23-71	8611-8612	.	_	_
23-72	8613-8616	Das	_	B
23-73	8617-8620	ist	_	_
23-74	8621-8627	unsere	_	B
23-75	8628-8635	Aufgabe	_	I
23-76	8635-8636	,	_	_
23-77	8637-8642	meine	_	B
23-78	8643-8648	Damen	_	I
23-79	8649-8652	und	_	_
23-80	8653-8659	Herren	_	B
23-81	8659-8660	.	_	_

#Text=Vielen Dank. – Nächster Redner ist für die Fraktion der FDP der Kollege Carl-Julius Cronenberg.
24-1	8679-8685	Vielen	_	_
24-2	8686-8690	Dank	_	_
24-3	8690-8691	.	_	_
24-4	8692-8693	–	_	_
24-5	8694-8702	Nächster	_	B
24-6	8703-8709	Redner	_	I
24-7	8710-8713	ist	_	_
24-8	8714-8717	für	_	_
24-9	8718-8721	die	_	B
24-10	8722-8730	Fraktion	_	I
24-11	8731-8734	der	_	B
24-12	8735-8738	FDP	_	I
24-13	8739-8742	der	_	B
24-14	8743-8750	Kollege	_	I
24-15	8751-8762	Carl-Julius	_	I
24-16	8763-8773	Cronenberg	_	I
24-17	8773-8774	.	_	_
