#FORMAT=WebAnno TSV 3.2
#T_SP=webanno.custom.Animacy|Animated
#T_SP=webanno.custom.CustomChunk|Chunk


#Text=Sehr geehrte Frau Präsidentin! Liebe Kolleginnen und Kollegen! Besessen von der Bierzeltidee Ihrer Partei, Herr Minister Scheuer, haben Sie der Umsetzung der Pkw-Maut alles untergeordnet, insbesondere die Interessen der Steuerzahlerinnen und Steuerzahler.
1-1	0-4	Sehr	_	B
1-2	5-12	geehrte	_	I
1-3	13-17	Frau	_	I
1-4	18-29	Präsidentin	_	I
1-5	29-30	!	_	_
1-6	31-36	Liebe	_	B
1-7	37-48	Kolleginnen	_	_
1-8	49-52	und	_	_
1-9	53-61	Kollegen	_	B
1-10	61-62	!	_	_
1-11	63-71	Besessen	_	_
1-12	72-75	von	_	_
1-13	76-79	der	_	B
1-14	80-92	Bierzeltidee	_	I
1-15	93-98	Ihrer	_	B
1-16	99-105	Partei	_	I
1-17	105-106	,	_	_
1-18	107-111	Herr	_	B
1-19	112-120	Minister	_	I
1-20	121-128	Scheuer	_	B
1-21	128-129	,	_	_
1-22	130-135	haben	_	_
1-23	136-139	Sie	_	B
1-24	140-143	der	_	B
1-25	144-153	Umsetzung	_	I
1-26	154-157	der	_	B
1-27	158-166	Pkw-Maut	_	I
1-28	167-172	alles	_	B
1-29	173-186	untergeordnet	_	_
1-30	186-187	,	_	_
1-31	188-200	insbesondere	_	B
1-32	201-204	die	_	I
1-33	205-215	Interessen	_	I
1-34	216-219	der	_	B
1-35	220-237	Steuerzahlerinnen	_	I
1-36	238-241	und	_	_
1-37	242-254	Steuerzahler	_	B
1-38	254-255	.	_	_

#Text=Noch vor der Entscheidung des Europäischen Gerichtshofes haben Sie einen milliardenschweren Vertrag am Parlament vorbei unterschrieben. Dieser Vertrag enthält versteckte Kosten in Millionenhöhe für den Bund, verlagert die Risiken einseitig auf den Staat und hätte deshalb nie so unterschrieben werden dürfen.
2-1	262-266	Noch	_	_
2-2	267-270	vor	_	_
2-3	271-274	der	_	B
2-4	275-287	Entscheidung	_	I
2-5	288-291	des	_	B
2-6	292-304	Europäischen	_	I
2-7	305-318	Gerichtshofes	_	I
2-8	319-324	haben	_	_
2-9	325-328	Sie	_	B
2-10	329-334	einen	_	B
2-11	335-353	milliardenschweren	_	I
2-12	354-361	Vertrag	_	I
2-13	362-364	am	_	_
2-14	365-374	Parlament	_	B
2-15	375-381	vorbei	_	_
2-16	382-396	unterschrieben	_	_
2-17	396-397	.	_	_
2-18	398-404	Dieser	_	B
2-19	405-412	Vertrag	_	I
2-20	413-420	enthält	_	_
2-21	421-431	versteckte	_	B
2-22	432-438	Kosten	_	I
2-23	439-441	in	_	_
2-24	442-455	Millionenhöhe	_	B
2-25	456-459	für	_	_
2-26	460-463	den	_	B
2-27	464-468	Bund	_	I
2-28	468-469	,	_	_
2-29	470-479	verlagert	_	_
2-30	480-483	die	_	B
2-31	484-491	Risiken	_	I
2-32	492-501	einseitig	_	_
2-33	502-505	auf	_	_
2-34	506-509	den	_	B
2-35	510-515	Staat	_	I
2-36	516-519	und	_	_
2-37	520-525	hätte	_	_
2-38	526-533	deshalb	_	_
2-39	534-537	nie	_	_
2-40	538-540	so	_	_
2-41	541-555	unterschrieben	_	_
2-42	556-562	werden	_	_
2-43	563-569	dürfen	_	_
2-44	569-570	.	_	_

#Text=Sie sind mit dem Geld der Steuerzahlerinnen und Steuerzahler zocken gegangen und haben dadurch einen Schaden in dreistelliger Millionenhöhe verursacht. Als Parlamentarier und Haushaltsgesetzgeber sehe ich uns im Interesse der Steuerzahlerinnen und Steuerzahler in der Pflicht, diesen Sachverhalt vollständig aufzuklären. Deshalb brauchen wir einen Untersuchungsausschuss.
3-1	574-577	Sie	_	B
3-2	578-582	sind	_	_
3-3	583-586	mit	_	_
3-4	587-590	dem	_	B
3-5	591-595	Geld	_	I
3-6	596-599	der	_	B
3-7	600-617	Steuerzahlerinnen	_	I
3-8	618-621	und	_	_
3-9	622-634	Steuerzahler	_	B
3-10	635-641	zocken	_	_
3-11	642-650	gegangen	_	_
3-12	651-654	und	_	_
3-13	655-660	haben	_	_
3-14	661-668	dadurch	_	_
3-15	669-674	einen	_	B
3-16	675-682	Schaden	_	I
3-17	683-685	in	_	_
3-18	686-699	dreistelliger	_	B
3-19	700-713	Millionenhöhe	_	I
3-20	714-724	verursacht	_	_
3-21	724-725	.	_	_
3-22	726-729	Als	_	_
3-23	730-744	Parlamentarier	_	B
3-24	745-748	und	_	_
3-25	749-769	Haushaltsgesetzgeber	_	B
3-26	770-774	sehe	_	_
3-27	775-778	ich	_	B
3-28	779-782	uns	_	B
3-29	783-785	im	_	_
3-30	786-795	Interesse	_	B
3-31	796-799	der	_	B
3-32	800-817	Steuerzahlerinnen	_	I
3-33	818-821	und	_	_
3-34	822-834	Steuerzahler	_	B
3-35	835-837	in	_	_
3-36	838-841	der	_	B
3-37	842-849	Pflicht	_	I
3-38	849-850	,	_	_
3-39	851-857	diesen	_	B
3-40	858-869	Sachverhalt	_	I
3-41	870-881	vollständig	_	_
3-42	882-893	aufzuklären	_	_
3-43	893-894	.	_	_
3-44	895-902	Deshalb	_	_
3-45	903-911	brauchen	_	_
3-46	912-915	wir	_	B
3-47	916-921	einen	_	B
3-48	922-944	Untersuchungsausschuss	_	I
3-49	944-945	.	_	_

#Text=Herr Minister, Sie haben immer wieder behauptet, Sie seien quasi gezwungen gewesen, das Vergabeverfahren zur Pkw-Maut noch im Jahr 2018 abzuschließen. Tatsächlich hätte das Vergabeverfahren aber bis zur Entscheidung des Europäischen Gerichtshofes verlängert werden können. Ein solches Vorgehen wäre rechtlich möglich gewesen. Das ist das klare Ergebnis eines Gutachtens des Wissenschaftlichen Dienstes.
4-1	950-954	Herr	_	_
4-2	955-963	Minister	_	B
4-3	963-964	,	_	_
4-4	965-968	Sie	_	B
4-5	969-974	haben	_	_
4-6	975-980	immer	_	_
4-7	981-987	wieder	_	_
4-8	988-997	behauptet	_	_
4-9	997-998	,	_	_
4-10	999-1002	Sie	_	B
4-11	1003-1008	seien	_	_
4-12	1009-1014	quasi	_	_
4-13	1015-1024	gezwungen	_	_
4-14	1025-1032	gewesen	_	_
4-15	1032-1033	,	_	_
4-16	1034-1037	das	_	B
4-17	1038-1054	Vergabeverfahren	_	I
4-18	1055-1058	zur	_	_
4-19	1059-1067	Pkw-Maut	_	B
4-20	1068-1072	noch	_	_
4-21	1073-1075	im	_	_
4-22	1076-1080	Jahr	_	B
4-23	1081-1085	2018	_	_
4-24	1086-1099	abzuschließen	_	_
4-25	1099-1100	.	_	_
4-26	1101-1112	Tatsächlich	_	_
4-27	1113-1118	hätte	_	_
4-28	1119-1122	das	_	B
4-29	1123-1139	Vergabeverfahren	_	I
4-30	1140-1144	aber	_	_
4-31	1145-1148	bis	_	_
4-32	1149-1152	zur	_	_
4-33	1153-1165	Entscheidung	_	B
4-34	1166-1169	des	_	B
4-35	1170-1182	Europäischen	_	I
4-36	1183-1196	Gerichtshofes	_	I
4-37	1197-1207	verlängert	_	_
4-38	1208-1214	werden	_	_
4-39	1215-1221	können	_	_
4-40	1221-1222	.	_	_
4-41	1223-1226	Ein	_	B
4-42	1227-1234	solches	_	I
4-43	1235-1243	Vorgehen	_	I
4-44	1244-1248	wäre	_	_
4-45	1249-1258	rechtlich	_	_
4-46	1259-1266	möglich	_	_
4-47	1267-1274	gewesen	_	_
4-48	1274-1275	.	_	_
4-49	1276-1279	Das	_	B
4-50	1280-1283	ist	_	_
4-51	1284-1287	das	_	B
4-52	1288-1293	klare	_	I
4-53	1294-1302	Ergebnis	_	I
4-54	1303-1308	eines	_	B
4-55	1309-1319	Gutachtens	_	I
4-56	1320-1323	des	_	B
4-57	1324-1342	Wissenschaftlichen	_	I
4-58	1343-1351	Dienstes	_	I
4-59	1351-1352	.	_	_

#Text=Ganz im Stil eines Donald Trump stellen Sie sich nun hierhin und sagen, Sie seien Opfer einer bösen Kampagne der Opposition und die Opposition habe zwar immer die Maut, aber nie das Verfahren kritisiert. Das ist glatt gelogen. Ich habe hier ein Stück Papier in der Hand. Das ist das Protokoll des Verkehrsausschusses vom 7. November letzten Jahres. Dort haben wir eine Selbstbefassung beantragt und zum Vergabeverfahren nachgefragt. Die Kolleginnen und Kollegen haben das genauso getan wie wir.
5-1	1360-1364	Ganz	_	_
5-2	1365-1367	im	_	_
5-3	1368-1372	Stil	_	B
5-4	1373-1378	eines	_	B
5-5	1379-1385	Donald	_	I
5-6	1386-1391	Trump	_	I
5-7	1392-1399	stellen	_	_
5-8	1400-1403	Sie	_	B
5-9	1404-1408	sich	_	B
5-10	1409-1412	nun	_	_
5-11	1413-1420	hierhin	_	_
5-12	1421-1424	und	_	_
5-13	1425-1430	sagen	_	_
5-14	1430-1431	,	_	_
5-15	1432-1435	Sie	_	B
5-16	1436-1441	seien	_	_
5-17	1442-1447	Opfer	_	B
5-18	1448-1453	einer	_	B
5-19	1454-1459	bösen	_	I
5-20	1460-1468	Kampagne	_	I
5-21	1469-1472	der	_	B
5-22	1473-1483	Opposition	_	I
5-23	1484-1487	und	_	_
5-24	1488-1491	die	_	B
5-25	1492-1502	Opposition	_	I
5-26	1503-1507	habe	_	_
5-27	1508-1512	zwar	_	_
5-28	1513-1518	immer	_	_
5-29	1519-1522	die	_	B
5-30	1523-1527	Maut	_	I
5-31	1527-1528	,	_	_
5-32	1529-1533	aber	_	_
5-33	1534-1537	nie	_	_
5-34	1538-1541	das	_	B
5-35	1542-1551	Verfahren	_	I
5-36	1552-1562	kritisiert	_	_
5-37	1562-1563	.	_	_
5-38	1564-1567	Das	_	B
5-39	1568-1571	ist	_	_
5-40	1572-1577	glatt	_	_
5-41	1578-1585	gelogen	_	_
5-42	1585-1586	.	_	_
5-43	1587-1590	Ich	_	B
5-44	1591-1595	habe	_	_
5-45	1596-1600	hier	_	_
5-46	1601-1604	ein	_	B
5-47	1605-1610	Stück	_	I
5-48	1611-1617	Papier	_	I
5-49	1618-1620	in	_	_
5-50	1621-1624	der	_	B
5-51	1625-1629	Hand	_	I
5-52	1629-1630	.	_	_
5-53	1631-1634	Das	_	B
5-54	1635-1638	ist	_	_
5-55	1639-1642	das	_	B
5-56	1643-1652	Protokoll	_	I
5-57	1653-1656	des	_	B
5-58	1657-1676	Verkehrsausschusses	_	I
5-59	1677-1680	vom	_	_
5-60	1681-1683	7.	_	B
5-61	1684-1692	November	_	I
5-62	1693-1700	letzten	_	B
5-63	1701-1707	Jahres	_	I
5-64	1707-1708	.	_	_
5-65	1709-1713	Dort	_	_
5-66	1714-1719	haben	_	_
5-67	1720-1723	wir	_	B
5-68	1724-1728	eine	_	B
5-69	1729-1744	Selbstbefassung	_	I
5-70	1745-1754	beantragt	_	_
5-71	1755-1758	und	_	_
5-72	1759-1762	zum	_	_
5-73	1763-1779	Vergabeverfahren	_	B
5-74	1780-1791	nachgefragt	_	_
5-75	1791-1792	.	_	_
5-76	1793-1796	Die	_	B
5-77	1797-1808	Kolleginnen	_	I
5-78	1809-1812	und	_	_
5-79	1813-1821	Kollegen	_	B
5-80	1822-1827	haben	_	_
5-81	1828-1831	das	_	B
5-82	1832-1839	genauso	_	_
5-83	1840-1845	getan	_	_
5-84	1846-1849	wie	_	_
5-85	1850-1853	wir	_	_
5-86	1853-1854	.	_	_

#Text=Ich habe dort gefragt, wie es sein kann, dass das Vergabeverfahren für die Kontrolle der Maut noch vor der Entscheidung des Europäischen Gerichtshofs vertraglich fixiert wurde. Es wurde mir mitgeteilt – der Kollege Ferlemann, der neben Ihnen sitzt, hat es gesagt –, Auswirkungen der Klagen auf das Verfahren sehe die Bundesregierung nicht, da sie davon ausgehen würde, dass die Klagen nicht erfolgreich sein würden. Es ist bekanntlich anders gekommen. Ich sage Ihnen, Herr Minister: Im Untersuchungsausschuss können Sie sich solche Erinnerungslücken nicht leisten; denn da müssen Sie unter Eid aussagen.
6-1	1863-1866	Ich	_	B
6-2	1867-1871	habe	_	_
6-3	1872-1876	dort	_	_
6-4	1877-1884	gefragt	_	_
6-5	1884-1885	,	_	_
6-6	1886-1889	wie	_	_
6-7	1890-1892	es	_	B
6-8	1893-1897	sein	_	_
6-9	1898-1902	kann	_	_
6-10	1902-1903	,	_	_
6-11	1904-1908	dass	_	_
6-12	1909-1912	das	_	B
6-13	1913-1929	Vergabeverfahren	_	I
6-14	1930-1933	für	_	_
6-15	1934-1937	die	_	B
6-16	1938-1947	Kontrolle	_	I
6-17	1948-1951	der	_	B
6-18	1952-1956	Maut	_	I
6-19	1957-1961	noch	_	_
6-20	1962-1965	vor	_	_
6-21	1966-1969	der	_	B
6-22	1970-1982	Entscheidung	_	I
6-23	1983-1986	des	_	B
6-24	1987-1999	Europäischen	_	I
6-25	2000-2012	Gerichtshofs	_	I
6-26	2013-2024	vertraglich	_	_
6-27	2025-2032	fixiert	_	_
6-28	2033-2038	wurde	_	_
6-29	2038-2039	.	_	_
6-30	2040-2042	Es	_	B
6-31	2043-2048	wurde	_	_
6-32	2049-2052	mir	_	B
6-33	2053-2063	mitgeteilt	_	_
6-34	2064-2065	–	_	_
6-35	2066-2069	der	_	B
6-36	2070-2077	Kollege	_	I
6-37	2078-2087	Ferlemann	_	I
6-38	2087-2088	,	_	_
6-39	2089-2092	der	_	B
6-40	2093-2098	neben	_	_
6-41	2099-2104	Ihnen	_	B
6-42	2105-2110	sitzt	_	_
6-43	2110-2111	,	_	_
6-44	2112-2115	hat	_	_
6-45	2116-2118	es	_	_
6-46	2119-2125	gesagt	_	_
6-47	2126-2127	–	_	_
6-48	2127-2128	,	_	_
6-49	2129-2141	Auswirkungen	_	B
6-50	2142-2145	der	_	B
6-51	2146-2152	Klagen	_	I
6-52	2153-2156	auf	_	_
6-53	2157-2160	das	_	B
6-54	2161-2170	Verfahren	_	I
6-55	2171-2175	sehe	_	_
6-56	2176-2179	die	_	B
6-57	2180-2195	Bundesregierung	_	I
6-58	2196-2201	nicht	_	_
6-59	2201-2202	,	_	_
6-60	2203-2205	da	_	_
6-61	2206-2209	sie	_	B
6-62	2210-2215	davon	_	_
6-63	2216-2224	ausgehen	_	_
6-64	2225-2230	würde	_	_
6-65	2230-2231	,	_	_
6-66	2232-2236	dass	_	_
6-67	2237-2240	die	_	B
6-68	2241-2247	Klagen	_	I
6-69	2248-2253	nicht	_	_
6-70	2254-2265	erfolgreich	_	_
6-71	2266-2270	sein	_	_
6-72	2271-2277	würden	_	_
6-73	2277-2278	.	_	_
6-74	2279-2281	Es	_	B
6-75	2282-2285	ist	_	_
6-76	2286-2297	bekanntlich	_	_
6-77	2298-2304	anders	_	_
6-78	2305-2313	gekommen	_	_
6-79	2313-2314	.	_	_
6-80	2315-2318	Ich	_	B
6-81	2319-2323	sage	_	_
6-82	2324-2329	Ihnen	_	B
6-83	2329-2330	,	_	_
6-84	2331-2335	Herr	_	_
6-85	2336-2344	Minister	_	B
6-86	2344-2345	:	_	_
6-87	2346-2348	Im	_	_
6-88	2349-2371	Untersuchungsausschuss	_	B
6-89	2372-2378	können	_	_
6-90	2379-2382	Sie	_	B
6-91	2383-2387	sich	_	B
6-92	2388-2394	solche	_	B
6-93	2395-2412	Erinnerungslücken	_	I
6-94	2413-2418	nicht	_	_
6-95	2419-2426	leisten	_	_
6-96	2426-2427	;	_	_
6-97	2428-2432	denn	_	_
6-98	2433-2435	da	_	_
6-99	2436-2442	müssen	_	_
6-100	2443-2446	Sie	_	B
6-101	2447-2452	unter	_	_
6-102	2453-2456	Eid	_	B
6-103	2457-2465	aussagen	_	_
6-104	2465-2466	.	_	_

#Text=Wir werden im Untersuchungsausschuss das Vergabeverfahren von vorne bis hinten durchleuchten. Mittlerweile kommen unabhängig voneinander drei Rechtsgutachten zu dem Ergebnis, dass die Konditionen des Mautbetreibervertrages klar zum Nachteil des Bundes geschlossen wurden. Im Falle einer Kündigung aus ordnungspolitischen Gründen – dazu zählt die Entscheidung des Europäischen Gerichtshofs – steht den Betreibern der entgangene Gewinn für die gesamte Laufzeit von zwölf Jahren zu.
7-1	2481-2484	Wir	_	B
7-2	2485-2491	werden	_	_
7-3	2492-2494	im	_	_
7-4	2495-2517	Untersuchungsausschuss	_	B
7-5	2518-2521	das	_	B
7-6	2522-2538	Vergabeverfahren	_	I
7-7	2539-2542	von	_	_
7-8	2543-2548	vorne	_	_
7-9	2549-2552	bis	_	_
7-10	2553-2559	hinten	_	_
7-11	2560-2573	durchleuchten	_	_
7-12	2573-2574	.	_	_
7-13	2575-2587	Mittlerweile	_	_
7-14	2588-2594	kommen	_	_
7-15	2595-2605	unabhängig	_	_
7-16	2606-2617	voneinander	_	_
7-17	2618-2622	drei	_	B
7-18	2623-2638	Rechtsgutachten	_	I
7-19	2639-2641	zu	_	_
7-20	2642-2645	dem	_	B
7-21	2646-2654	Ergebnis	_	I
7-22	2654-2655	,	_	_
7-23	2656-2660	dass	_	_
7-24	2661-2664	die	_	B
7-25	2665-2676	Konditionen	_	I
7-26	2677-2680	des	_	B
7-27	2681-2703	Mautbetreibervertrages	_	I
7-28	2704-2708	klar	_	_
7-29	2709-2712	zum	_	_
7-30	2713-2721	Nachteil	_	B
7-31	2722-2725	des	_	B
7-32	2726-2732	Bundes	_	I
7-33	2733-2744	geschlossen	_	_
7-34	2745-2751	wurden	_	_
7-35	2751-2752	.	_	_
7-36	2753-2755	Im	_	_
7-37	2756-2761	Falle	_	B
7-38	2762-2767	einer	_	B
7-39	2768-2777	Kündigung	_	I
7-40	2778-2781	aus	_	_
7-41	2782-2801	ordnungspolitischen	_	B
7-42	2802-2809	Gründen	_	I
7-43	2810-2811	–	_	_
7-44	2812-2816	dazu	_	_
7-45	2817-2822	zählt	_	_
7-46	2823-2826	die	_	B
7-47	2827-2839	Entscheidung	_	I
7-48	2840-2843	des	_	B
7-49	2844-2856	Europäischen	_	I
7-50	2857-2869	Gerichtshofs	_	I
7-51	2870-2871	–	_	_
7-52	2872-2877	steht	_	_
7-53	2878-2881	den	_	B
7-54	2882-2892	Betreibern	_	I
7-55	2893-2896	der	_	B
7-56	2897-2907	entgangene	_	I
7-57	2908-2914	Gewinn	_	I
7-58	2915-2918	für	_	_
7-59	2919-2922	die	_	B
7-60	2923-2930	gesamte	_	I
7-61	2931-2939	Laufzeit	_	I
7-62	2940-2943	von	_	_
7-63	2944-2949	zwölf	_	B
7-64	2950-2956	Jahren	_	I
7-65	2957-2959	zu	_	_
7-66	2959-2960	.	_	_

#Text=Das TV-Magazin „Frontal 21“ hat sich den Businessplan der Betreiberfirma angesehen und mit Experten eine Umsatzrendite von sagenhaften 24 Prozent errechnet. Sechs Monate arbeiten, zwölf Jahre kassieren – es ist wirklich unglaublich, was hier unterschrieben wurde.
8-1	2965-2968	Das	_	B
8-2	2969-2979	TV-Magazin	_	I
8-3	2980-2981	„	_	_
8-4	2981-2988	Frontal	_	_
8-5	2989-2991	21	_	_
8-6	2991-2992	“	_	_
8-7	2993-2996	hat	_	_
8-8	2997-3001	sich	_	B
8-9	3002-3005	den	_	B
8-10	3006-3018	Businessplan	_	I
8-11	3019-3022	der	_	B
8-12	3023-3037	Betreiberfirma	_	I
8-13	3038-3047	angesehen	_	_
8-14	3048-3051	und	_	_
8-15	3052-3055	mit	_	_
8-16	3056-3064	Experten	_	B
8-17	3065-3069	eine	_	B
8-18	3070-3083	Umsatzrendite	_	I
8-19	3084-3087	von	_	_
8-20	3088-3099	sagenhaften	_	B
8-21	3100-3102	24	_	I
8-22	3103-3110	Prozent	_	I
8-23	3111-3120	errechnet	_	_
8-24	3120-3121	.	_	_
8-25	3122-3127	Sechs	_	B
8-26	3128-3134	Monate	_	I
8-27	3135-3143	arbeiten	_	_
8-28	3143-3144	,	_	_
8-29	3145-3150	zwölf	_	B
8-30	3151-3156	Jahre	_	I
8-31	3157-3166	kassieren	_	_
8-32	3167-3168	–	_	_
8-33	3169-3171	es	_	_
8-34	3172-3175	ist	_	_
8-35	3176-3184	wirklich	_	_
8-36	3185-3196	unglaublich	_	_
8-37	3196-3197	,	_	_
8-38	3198-3201	was	_	B
8-39	3202-3206	hier	_	_
8-40	3207-3221	unterschrieben	_	_
8-41	3222-3227	wurde	_	_
8-42	3227-3228	.	_	_

#Text=Die Behauptung, man werde nicht zahlen müssen, weil es weitere Kündigungsgründe gebe, insbesondere Schlechtleistungen der Auftraggeber, ist konstruiert und durch die Aktenlage mittlerweile als unzutreffend entlarvt.
9-1	3235-3238	Die	_	B
9-2	3239-3249	Behauptung	_	I
9-3	3249-3250	,	_	_
9-4	3251-3254	man	_	B
9-5	3255-3260	werde	_	_
9-6	3261-3266	nicht	_	_
9-7	3267-3273	zahlen	_	_
9-8	3274-3280	müssen	_	_
9-9	3280-3281	,	_	_
9-10	3282-3286	weil	_	_
9-11	3287-3289	es	_	_
9-12	3290-3297	weitere	_	B
9-13	3298-3314	Kündigungsgründe	_	I
9-14	3315-3319	gebe	_	_
9-15	3319-3320	,	_	_
9-16	3321-3333	insbesondere	_	B
9-17	3334-3352	Schlechtleistungen	_	I
9-18	3353-3356	der	_	B
9-19	3357-3369	Auftraggeber	_	I
9-20	3369-3370	,	_	_
9-21	3371-3374	ist	_	_
9-22	3375-3386	konstruiert	_	_
9-23	3387-3390	und	_	_
9-24	3391-3396	durch	_	_
9-25	3397-3400	die	_	B
9-26	3401-3410	Aktenlage	_	I
9-27	3411-3423	mittlerweile	_	_
9-28	3424-3427	als	_	_
9-29	3428-3440	unzutreffend	_	_
9-30	3441-3449	entlarvt	_	_
9-31	3449-3450	.	_	_

#Text=Im Oktober 2018 lag ein Angebot des letzten noch verbliebenen Betreibers für den Mautbetrieb in Höhe von 3 Milliarden Euro vor. Im Haushalt standen dafür aber nur 2 Milliarden Euro zur Verfügung. Unterschrieben wurde im Dezember dann ein Vertrag mit einem Volumen von 2 Milliarden Euro . Wir fragen uns: Was ist eigentlich in der Zwischenzeit mit der 1 Milliarde Euro passiert?
10-1	3456-3458	Im	_	_
10-2	3459-3466	Oktober	_	B
10-3	3467-3471	2018	_	_
10-4	3472-3475	lag	_	_
10-5	3476-3479	ein	_	B
10-6	3480-3487	Angebot	_	I
10-7	3488-3491	des	_	B
10-8	3492-3499	letzten	_	I
10-9	3500-3504	noch	_	I
10-10	3505-3517	verbliebenen	_	I
10-11	3518-3528	Betreibers	_	I
10-12	3529-3532	für	_	_
10-13	3533-3536	den	_	B
10-14	3537-3548	Mautbetrieb	_	I
10-15	3549-3551	in	_	_
10-16	3552-3556	Höhe	_	B
10-17	3557-3560	von	_	_
10-18	3561-3562	3	_	B
10-19	3563-3573	Milliarden	_	I
10-20	3574-3578	Euro	_	I
10-21	3579-3582	vor	_	_
10-22	3582-3583	.	_	_
10-23	3584-3586	Im	_	_
10-24	3587-3595	Haushalt	_	B
10-25	3596-3603	standen	_	_
10-26	3604-3609	dafür	_	_
10-27	3610-3614	aber	_	_
10-28	3615-3618	nur	_	B
10-29	3619-3620	2	_	I
10-30	3621-3631	Milliarden	_	I
10-31	3632-3636	Euro	_	I
10-32	3637-3640	zur	_	_
10-33	3641-3650	Verfügung	_	B
10-34	3650-3651	.	_	_
10-35	3652-3666	Unterschrieben	_	_
10-36	3667-3672	wurde	_	_
10-37	3673-3675	im	_	_
10-38	3676-3684	Dezember	_	B
10-39	3685-3689	dann	_	_
10-40	3690-3693	ein	_	B
10-41	3694-3701	Vertrag	_	I
10-42	3702-3705	mit	_	_
10-43	3706-3711	einem	_	B
10-44	3712-3719	Volumen	_	I
10-45	3720-3723	von	_	_
10-46	3724-3725	2	_	B
10-47	3726-3736	Milliarden	_	I
10-48	3737-3741	Euro	_	I
10-49	3742-3743	.	_	_
10-50	3744-3747	Wir	_	B
10-51	3748-3754	fragen	_	_
10-52	3755-3758	uns	_	B
10-53	3758-3759	:	_	_
10-54	3760-3763	Was	_	B
10-55	3764-3767	ist	_	_
10-56	3768-3778	eigentlich	_	_
10-57	3779-3781	in	_	_
10-58	3782-3785	der	_	B
10-59	3786-3798	Zwischenzeit	_	I
10-60	3799-3802	mit	_	_
10-61	3803-3806	der	_	B
10-62	3807-3808	1	_	I
10-63	3809-3818	Milliarde	_	I
10-64	3819-3823	Euro	_	I
10-65	3824-3832	passiert	_	_
10-66	3832-3833	?	_	_

#Text=Andreas Scheuer und sein Staatssekretär Gerhard Schulz, der übrigens später die Seiten gewechselt hat und Geschäftsführer von Toll Collect geworden ist, trafen sich mehrfach mit den künftigen Mautbetreibern Kapsch und Eventim. Mitten in der heißen Phase des Vergabeverfahrens fanden also Spitzengespräche statt, über die es angeblich keine Vermerke und Protokolle gab, die lediglich einem politischen Gedankenaustausch gedient haben sollen. Für wie beschränkt halten Sie uns eigentlich?
11-1	3838-3845	Andreas	_	B
11-2	3846-3853	Scheuer	_	I
11-3	3854-3857	und	_	_
11-4	3858-3862	sein	_	B
11-5	3863-3877	Staatssekretär	_	I
11-6	3878-3885	Gerhard	_	I
11-7	3886-3892	Schulz	_	I
11-8	3892-3893	,	_	_
11-9	3894-3897	der	_	B
11-10	3898-3906	übrigens	_	_
11-11	3907-3913	später	_	_
11-12	3914-3917	die	_	B
11-13	3918-3924	Seiten	_	I
11-14	3925-3935	gewechselt	_	_
11-15	3936-3939	hat	_	_
11-16	3940-3943	und	_	_
11-17	3944-3959	Geschäftsführer	_	B
11-18	3960-3963	von	_	_
11-19	3964-3968	Toll	_	B
11-20	3969-3976	Collect	_	I
11-21	3977-3985	geworden	_	_
11-22	3986-3989	ist	_	_
11-23	3989-3990	,	_	_
11-24	3991-3997	trafen	_	_
11-25	3998-4002	sich	_	B
11-26	4003-4011	mehrfach	_	_
11-27	4012-4015	mit	_	_
11-28	4016-4019	den	_	B
11-29	4020-4029	künftigen	_	I
11-30	4030-4044	Mautbetreibern	_	I
11-31	4045-4051	Kapsch	_	I
11-32	4052-4055	und	_	_
11-33	4056-4063	Eventim	_	B
11-34	4063-4064	.	_	_
11-35	4065-4071	Mitten	_	_
11-36	4072-4074	in	_	_
11-37	4075-4078	der	_	B
11-38	4079-4085	heißen	_	I
11-39	4086-4091	Phase	_	I
11-40	4092-4095	des	_	B
11-41	4096-4113	Vergabeverfahrens	_	I
11-42	4114-4120	fanden	_	_
11-43	4121-4125	also	_	_
11-44	4126-4142	Spitzengespräche	_	B
11-45	4143-4148	statt	_	_
11-46	4148-4149	,	_	_
11-47	4150-4154	über	_	_
11-48	4155-4158	die	_	B
11-49	4159-4161	es	_	_
11-50	4162-4171	angeblich	_	_
11-51	4172-4177	keine	_	B
11-52	4178-4186	Vermerke	_	I
11-53	4187-4190	und	_	_
11-54	4191-4201	Protokolle	_	B
11-55	4202-4205	gab	_	_
11-56	4205-4206	,	_	_
11-57	4207-4210	die	_	B
11-58	4211-4220	lediglich	_	B
11-59	4221-4226	einem	_	I
11-60	4227-4238	politischen	_	I
11-61	4239-4256	Gedankenaustausch	_	I
11-62	4257-4264	gedient	_	_
11-63	4265-4270	haben	_	_
11-64	4271-4277	sollen	_	_
11-65	4277-4278	.	_	_
11-66	4279-4282	Für	_	_
11-67	4283-4286	wie	_	_
11-68	4287-4297	beschränkt	_	_
11-69	4298-4304	halten	_	_
11-70	4305-4308	Sie	_	B
11-71	4309-4312	uns	_	B
11-72	4313-4323	eigentlich	_	_
11-73	4323-4324	?	_	_

#Text=Jeder Baustellenbesuch des Ministers zieht einen Meter Akten nach sich, und hier soll es keine Akten gegeben haben? Das halte ich für einen Witz. Die fehlende Veraktung ist ein klarer Rechtsbruch. Auch das bestätigt ein Gutachten des Wissenschaftlichen Dienstes.
12-1	4332-4337	Jeder	_	B
12-2	4338-4354	Baustellenbesuch	_	I
12-3	4355-4358	des	_	B
12-4	4359-4368	Ministers	_	I
12-5	4369-4374	zieht	_	_
12-6	4375-4380	einen	_	B
12-7	4381-4386	Meter	_	I
12-8	4387-4392	Akten	_	I
12-9	4393-4397	nach	_	_
12-10	4398-4402	sich	_	B
12-11	4402-4403	,	_	_
12-12	4404-4407	und	_	_
12-13	4408-4412	hier	_	_
12-14	4413-4417	soll	_	_
12-15	4418-4420	es	_	_
12-16	4421-4426	keine	_	B
12-17	4427-4432	Akten	_	I
12-18	4433-4440	gegeben	_	_
12-19	4441-4446	haben	_	_
12-20	4446-4447	?	_	_
12-21	4448-4451	Das	_	B
12-22	4452-4457	halte	_	_
12-23	4458-4461	ich	_	B
12-24	4462-4465	für	_	_
12-25	4466-4471	einen	_	B
12-26	4472-4476	Witz	_	I
12-27	4476-4477	.	_	_
12-28	4478-4481	Die	_	B
12-29	4482-4490	fehlende	_	I
12-30	4491-4500	Veraktung	_	I
12-31	4501-4504	ist	_	_
12-32	4505-4508	ein	_	B
12-33	4509-4515	klarer	_	I
12-34	4516-4527	Rechtsbruch	_	I
12-35	4527-4528	.	_	_
12-36	4529-4533	Auch	_	B
12-37	4534-4537	das	_	I
12-38	4538-4547	bestätigt	_	_
12-39	4548-4551	ein	_	B
12-40	4552-4561	Gutachten	_	I
12-41	4562-4565	des	_	B
12-42	4566-4584	Wissenschaftlichen	_	I
12-43	4585-4593	Dienstes	_	I
12-44	4593-4594	.	_	_

#Text=Kollege Kühn, achten Sie bitte auf die Zeit.
13-1	4600-4607	Kollege	_	B
13-2	4608-4612	Kühn	_	I
13-3	4612-4613	,	_	_
13-4	4614-4620	achten	_	_
13-5	4621-4624	Sie	_	B
13-6	4625-4630	bitte	_	_
13-7	4631-4634	auf	_	_
13-8	4635-4638	die	_	B
13-9	4639-4643	Zeit	_	I
13-10	4643-4644	.	_	_

#Text=Ich komme zum Schluss. – Es wäre auch sinnvoll, das zu verakten, nämlich zum Schutz vor Korruption. Sie haben es nicht getan.
14-1	4647-4650	Ich	_	B
14-2	4651-4656	komme	_	_
14-3	4657-4660	zum	_	_
14-4	4661-4668	Schluss	_	B
14-5	4668-4669	.	_	_
14-6	4670-4671	–	_	B
14-7	4672-4674	Es	_	I
14-8	4675-4679	wäre	_	_
14-9	4680-4684	auch	_	_
14-10	4685-4693	sinnvoll	_	_
14-11	4693-4694	,	_	_
14-12	4695-4698	das	_	B
14-13	4699-4701	zu	_	_
14-14	4702-4710	verakten	_	_
14-15	4710-4711	,	_	_
14-16	4712-4719	nämlich	_	_
14-17	4720-4723	zum	_	_
14-18	4724-4730	Schutz	_	B
14-19	4731-4734	vor	_	_
14-20	4735-4745	Korruption	_	B
14-21	4745-4746	.	_	_
14-22	4747-4750	Sie	_	B
14-23	4751-4756	haben	_	_
14-24	4757-4759	es	_	B
14-25	4760-4765	nicht	_	_
14-26	4766-4771	getan	_	_
14-27	4771-4772	.	_	_

#Text=Wir haben viele Fragen, insbesondere zu den Kosten. Das Stammtischprojekt der CSU ist teuer. Schon jetzt betragen die Kosten mehr als 80 Millionen Euro . Hinzu kommen Schadenersatzzahlungen -
15-1	4778-4781	Wir	_	B
15-2	4782-4787	haben	_	_
15-3	4788-4793	viele	_	B
15-4	4794-4800	Fragen	_	I
15-5	4800-4801	,	_	_
15-6	4802-4814	insbesondere	_	_
15-7	4815-4817	zu	_	_
15-8	4818-4821	den	_	B
15-9	4822-4828	Kosten	_	I
15-10	4828-4829	.	_	_
15-11	4830-4833	Das	_	B
15-12	4834-4851	Stammtischprojekt	_	I
15-13	4852-4855	der	_	B
15-14	4856-4859	CSU	_	I
15-15	4860-4863	ist	_	_
15-16	4864-4869	teuer	_	_
15-17	4869-4870	.	_	_
15-18	4871-4876	Schon	_	_
15-19	4877-4882	jetzt	_	_
15-20	4883-4891	betragen	_	_
15-21	4892-4895	die	_	B
15-22	4896-4902	Kosten	_	I
15-23	4903-4907	mehr	_	B
15-24	4908-4911	als	_	I
15-25	4912-4914	80	_	I
15-26	4915-4924	Millionen	_	I
15-27	4925-4929	Euro	_	I
15-28	4930-4931	.	_	_
15-29	4932-4937	Hinzu	_	_
15-30	4938-4944	kommen	_	_
15-31	4945-4967	Schadenersatzzahlungen	_	B
15-32	4968-4969	-	_	_

#Text=Setzen Sie bitte einen Punkt, und die Fragen verlagern wir dann in die Aufklärung.
16-1	4973-4979	Setzen	_	_
16-2	4980-4983	Sie	_	B
16-3	4984-4989	bitte	_	_
16-4	4990-4995	einen	_	B
16-5	4996-5001	Punkt	_	I
16-6	5001-5002	,	_	_
16-7	5003-5006	und	_	_
16-8	5007-5010	die	_	B
16-9	5011-5017	Fragen	_	I
16-10	5018-5027	verlagern	_	_
16-11	5028-5031	wir	_	B
16-12	5032-5036	dann	_	_
16-13	5037-5039	in	_	_
16-14	5040-5043	die	_	B
16-15	5044-5054	Aufklärung	_	I
16-16	5054-5055	.	_	_

#Text=– durch die Abwicklung des Mautverfahrens und des Schiedsverfahrens. Alles wird teuer. Sie tragen die politische Verantwortung für die Kosten. Kommen Sie Ihrer Verantwortung nach und treten Sie zurück.
17-1	5058-5059	–	_	B
17-2	5060-5065	durch	_	I
17-3	5066-5069	die	_	I
17-4	5070-5080	Abwicklung	_	I
17-5	5081-5084	des	_	B
17-6	5085-5099	Mautverfahrens	_	I
17-7	5100-5103	und	_	_
17-8	5104-5107	des	_	B
17-9	5108-5125	Schiedsverfahrens	_	I
17-10	5125-5126	.	_	_
17-11	5127-5132	Alles	_	B
17-12	5133-5137	wird	_	_
17-13	5138-5143	teuer	_	_
17-14	5143-5144	.	_	_
17-15	5145-5148	Sie	_	B
17-16	5149-5155	tragen	_	_
17-17	5156-5159	die	_	B
17-18	5160-5170	politische	_	I
17-19	5171-5184	Verantwortung	_	I
17-20	5185-5188	für	_	_
17-21	5189-5192	die	_	B
17-22	5193-5199	Kosten	_	I
17-23	5199-5200	.	_	_
17-24	5201-5207	Kommen	_	_
17-25	5208-5211	Sie	_	B
17-26	5212-5217	Ihrer	_	B
17-27	5218-5231	Verantwortung	_	I
17-28	5232-5236	nach	_	_
17-29	5237-5240	und	_	_
17-30	5241-5247	treten	_	_
17-31	5248-5251	Sie	_	B
17-32	5252-5258	zurück	_	_
17-33	5258-5259	.	_	_

#Text=Für die CDU/CSU-Fraktion hat nun der Kollege Ulrich Lange das Wort.
18-1	5264-5267	Für	_	_
18-2	5268-5271	die	_	B
18-3	5272-5275	CDU	_	I
18-4	5275-5276	/	_	B
18-5	5276-5288	CSU-Fraktion	_	B
18-6	5289-5292	hat	_	_
18-7	5293-5296	nun	_	_
18-8	5297-5300	der	_	B
18-9	5301-5308	Kollege	_	I
18-10	5309-5315	Ulrich	_	I
18-11	5316-5321	Lange	_	I
18-12	5322-5325	das	_	B
18-13	5326-5330	Wort	_	I
18-14	5330-5331	.	_	_
