#FORMAT=WebAnno TSV 3.2
#T_SP=webanno.custom.Animacy|Animated
#T_SP=webanno.custom.CustomChunk|Chunk


#Text=Herr Präsident! Liebe Kolleginnen und Kollegen! Meine sehr geehrten Damen und Herren! Die Haushalte 2020 und 2021 sind in jeglicher Hinsicht wirklich außergewöhnlich, sowohl was die Dimension als auch was die Struktur anbelangt. Corona hat nicht nur Deutschland, sondern die ganze Welt im Griff. Das gilt nicht nur für Gesundheitsfragen und die vielfältigen gesellschaftspolitischen und gesellschaftlichen Auswirkungen, sondern insbesondere auch – und deshalb debattieren wir heute darüber – für Wirtschaft, Finanzen und Haushalt.
1-1	0-4	Herr	_	B
1-2	5-14	Präsident	_	I
1-3	14-15	!	_	_
1-4	16-21	Liebe	_	B
1-5	22-33	Kolleginnen	_	_
1-6	34-37	und	_	_
1-7	38-46	Kollegen	_	B
1-8	46-47	!	_	_
1-9	48-53	Meine	_	B
1-10	54-58	sehr	_	I
1-11	59-67	geehrten	_	I
1-12	68-73	Damen	_	I
1-13	74-77	und	_	_
1-14	78-84	Herren	_	B
1-15	84-85	!	_	_
1-16	86-89	Die	_	B
1-17	90-99	Haushalte	_	I
1-18	100-104	2020	_	_
1-19	105-108	und	_	_
1-20	109-113	2021	_	_
1-21	114-118	sind	_	_
1-22	119-121	in	_	_
1-23	122-131	jeglicher	_	B
1-24	132-140	Hinsicht	_	I
1-25	141-149	wirklich	_	_
1-26	150-165	außergewöhnlich	_	_
1-27	165-166	,	_	_
1-28	167-173	sowohl	_	B
1-29	174-177	was	_	I
1-30	178-181	die	_	B
1-31	182-191	Dimension	_	I
1-32	192-195	als	_	_
1-33	196-200	auch	_	B
1-34	201-204	was	_	I
1-35	205-208	die	_	B
1-36	209-217	Struktur	_	I
1-37	218-227	anbelangt	_	_
1-38	227-228	.	_	_
1-39	229-235	Corona	_	B
1-40	236-239	hat	_	_
1-41	240-245	nicht	_	B
1-42	246-249	nur	_	I
1-43	250-261	Deutschland	_	I
1-44	261-262	,	_	_
1-45	263-270	sondern	_	_
1-46	271-274	die	_	B
1-47	275-280	ganze	_	I
1-48	281-285	Welt	_	I
1-49	286-288	im	_	_
1-50	289-294	Griff	_	B
1-51	294-295	.	_	_
1-52	296-299	Das	_	B
1-53	300-304	gilt	_	_
1-54	305-310	nicht	_	_
1-55	311-314	nur	_	_
1-56	315-318	für	_	_
1-57	319-336	Gesundheitsfragen	_	B
1-58	337-340	und	_	_
1-59	341-344	die	_	B
1-60	345-357	vielfältigen	_	I
1-61	358-382	gesellschaftspolitischen	_	I
1-62	383-386	und	_	I
1-63	387-405	gesellschaftlichen	_	I
1-64	406-418	Auswirkungen	_	I
1-65	418-419	,	_	_
1-66	420-427	sondern	_	_
1-67	428-440	insbesondere	_	_
1-68	441-445	auch	_	_
1-69	446-447	–	_	_
1-70	448-451	und	_	_
1-71	452-459	deshalb	_	_
1-72	460-471	debattieren	_	_
1-73	472-475	wir	_	B
1-74	476-481	heute	_	_
1-75	482-489	darüber	_	_
1-76	490-491	–	_	_
1-77	492-495	für	_	_
1-78	496-506	Wirtschaft	_	B
1-79	506-507	,	_	_
1-80	508-516	Finanzen	_	B
1-81	517-520	und	_	_
1-82	521-529	Haushalt	_	B
1-83	529-530	.	_	_

#Text=Die Dimension: 1 000 Milliarden Euro in den Jahren 2020 und 2021, mehr als jemals in der Geschichte der Bundesrepublik ausgegeben wurde. Davon basieren 400 Milliarden Euro auf Verschuldung – 400 Milliarden Euro! –, also 40 Prozent. Ich glaube, das macht die Dimension und die Herausforderung deutlich, vor der wir stehen.
2-1	541-544	Die	_	B
2-2	545-554	Dimension	_	I
2-3	554-555	:	_	_
2-4	556-557	1	_	B
2-5	557-558	 	_	I
2-6	558-561	000	_	I
2-7	562-572	Milliarden	_	I
2-8	573-577	Euro	_	I
2-9	578-580	in	_	_
2-10	581-584	den	_	B
2-11	585-591	Jahren	_	I
2-12	592-596	2020	_	_
2-13	597-600	und	_	_
2-14	601-605	2021	_	_
2-15	605-606	,	_	_
2-16	607-611	mehr	_	B
2-17	612-615	als	_	_
2-18	616-622	jemals	_	_
2-19	623-625	in	_	_
2-20	626-629	der	_	B
2-21	630-640	Geschichte	_	I
2-22	641-644	der	_	B
2-23	645-659	Bundesrepublik	_	I
2-24	660-670	ausgegeben	_	_
2-25	671-676	wurde	_	_
2-26	676-677	.	_	_
2-27	678-683	Davon	_	B
2-28	684-692	basieren	_	I
2-29	693-696	400	_	I
2-30	697-707	Milliarden	_	I
2-31	708-712	Euro	_	I
2-32	713-716	auf	_	_
2-33	717-729	Verschuldung	_	B
2-34	730-731	–	_	_
2-35	732-735	400	_	B
2-36	736-746	Milliarden	_	I
2-37	747-751	Euro	_	I
2-38	751-752	!	_	_
2-39	753-754	–	_	_
2-40	754-755	,	_	_
2-41	756-760	also	_	B
2-42	761-763	40	_	I
2-43	764-771	Prozent	_	I
2-44	771-772	.	_	_
2-45	773-776	Ich	_	B
2-46	777-783	glaube	_	_
2-47	783-784	,	_	_
2-48	785-788	das	_	B
2-49	789-794	macht	_	_
2-50	795-798	die	_	B
2-51	799-808	Dimension	_	I
2-52	809-812	und	_	_
2-53	813-816	die	_	B
2-54	817-832	Herausforderung	_	I
2-55	833-841	deutlich	_	_
2-56	841-842	,	_	_
2-57	843-846	vor	_	_
2-58	847-850	der	_	B
2-59	851-854	wir	_	B
2-60	855-861	stehen	_	_
2-61	861-862	.	_	_

#Text=Aus meiner Sicht bedarf es kurz-, mittel- und langfristiger Antworten und Reaktionen. Kurzfristig – darüber wurde und wird auch heute hier heftig debattiert – gibt es die verschiedenen Coronahilfen für Unternehmen. Wenn man der Debatte folgt, dann könnte man den Eindruck haben, als wäre da bisher nichts passiert, als wäre nichts auf die Piste gekommen; das Gegenteil ist der Fall, Peter Altmaier. 71 Milliarden Euro an Coronahilfen sind bis zum 1. Dezember gezahlt worden: Soforthilfen für die Unternehmen im Frühjahr, Mittel aus der Überbrückungshilfe I oder Bürgschaften und Mittel aus dem Wirtschaftsstabilisierungsfonds. Allein über 45 Milliarden Euro sind durch die KfW-Sonderprogramme direkt an Unternehmen geflossen, die durch die Krise unverschuldet in Not geraten sind, und das, obwohl ihr Geschäftsmodell eigentlich erfolgreich war und ist, aber quasi durch Berufsverbote und die Einschränkungen im Gesundheits- und Gesellschaftsbereich schlicht nicht aufrechterhalten werden kann, zum Beispiel im Messebau, bei Schaustellern und vielen anderen.
3-1	874-877	Aus	_	_
3-2	878-884	meiner	_	B
3-3	885-890	Sicht	_	I
3-4	891-897	bedarf	_	_
3-5	898-900	es	_	_
3-6	901-906	kurz-	_	B
3-7	906-907	,	_	I
3-8	908-915	mittel-	_	I
3-9	916-919	und	_	I
3-10	920-933	langfristiger	_	I
3-11	934-943	Antworten	_	I
3-12	944-947	und	_	_
3-13	948-958	Reaktionen	_	_
3-14	958-959	.	_	_
3-15	960-971	Kurzfristig	_	_
3-16	972-973	–	_	_
3-17	974-981	darüber	_	_
3-18	982-987	wurde	_	_
3-19	988-991	und	_	_
3-20	992-996	wird	_	_
3-21	997-1001	auch	_	_
3-22	1002-1007	heute	_	_
3-23	1008-1012	hier	_	_
3-24	1013-1019	heftig	_	_
3-25	1020-1030	debattiert	_	_
3-26	1031-1032	–	_	_
3-27	1033-1037	gibt	_	_
3-28	1038-1040	es	_	_
3-29	1041-1044	die	_	B
3-30	1045-1058	verschiedenen	_	I
3-31	1059-1071	Coronahilfen	_	I
3-32	1072-1075	für	_	_
3-33	1076-1087	Unternehmen	_	B
3-34	1087-1088	.	_	_
3-35	1089-1093	Wenn	_	_
3-36	1094-1097	man	_	B
3-37	1098-1101	der	_	B
3-38	1102-1109	Debatte	_	I
3-39	1110-1115	folgt	_	_
3-40	1115-1116	,	_	_
3-41	1117-1121	dann	_	_
3-42	1122-1128	könnte	_	_
3-43	1129-1132	man	_	B
3-44	1133-1136	den	_	B
3-45	1137-1145	Eindruck	_	I
3-46	1146-1151	haben	_	_
3-47	1151-1152	,	_	_
3-48	1153-1156	als	_	_
3-49	1157-1161	wäre	_	_
3-50	1162-1164	da	_	_
3-51	1165-1171	bisher	_	_
3-52	1172-1178	nichts	_	B
3-53	1179-1187	passiert	_	_
3-54	1187-1188	,	_	_
3-55	1189-1192	als	_	_
3-56	1193-1197	wäre	_	_
3-57	1198-1204	nichts	_	B
3-58	1205-1208	auf	_	_
3-59	1209-1212	die	_	B
3-60	1213-1218	Piste	_	I
3-61	1219-1227	gekommen	_	_
3-62	1227-1228	;	_	_
3-63	1229-1232	das	_	B
3-64	1233-1242	Gegenteil	_	I
3-65	1243-1246	ist	_	_
3-66	1247-1250	der	_	B
3-67	1251-1255	Fall	_	I
3-68	1255-1256	,	_	_
3-69	1257-1262	Peter	_	B
3-70	1263-1271	Altmaier	_	I
3-71	1271-1272	.	_	_
3-72	1273-1275	71	_	B
3-73	1276-1286	Milliarden	_	I
3-74	1287-1291	Euro	_	I
3-75	1292-1294	an	_	_
3-76	1295-1307	Coronahilfen	_	B
3-77	1308-1312	sind	_	_
3-78	1313-1316	bis	_	_
3-79	1317-1320	zum	_	_
3-80	1321-1323	1.	_	B
3-81	1324-1332	Dezember	_	I
3-82	1333-1340	gezahlt	_	_
3-83	1341-1347	worden	_	_
3-84	1347-1348	:	_	_
3-85	1349-1361	Soforthilfen	_	B
3-86	1362-1365	für	_	_
3-87	1366-1369	die	_	B
3-88	1370-1381	Unternehmen	_	I
3-89	1382-1384	im	_	_
3-90	1385-1393	Frühjahr	_	B
3-91	1393-1394	,	_	_
3-92	1395-1401	Mittel	_	B
3-93	1402-1405	aus	_	_
3-94	1406-1409	der	_	B
3-95	1410-1428	Überbrückungshilfe	_	I
3-96	1429-1430	I	_	_
3-97	1431-1435	oder	_	_
3-98	1436-1448	Bürgschaften	_	B
3-99	1449-1452	und	_	_
3-100	1453-1459	Mittel	_	B
3-101	1460-1463	aus	_	_
3-102	1464-1467	dem	_	B
3-103	1468-1499	Wirtschaftsstabilisierungsfonds	_	I
3-104	1499-1500	.	_	_
3-105	1501-1507	Allein	_	B
3-106	1508-1512	über	_	I
3-107	1513-1515	45	_	I
3-108	1516-1526	Milliarden	_	I
3-109	1527-1531	Euro	_	I
3-110	1532-1536	sind	_	_
3-111	1537-1542	durch	_	_
3-112	1543-1546	die	_	B
3-113	1547-1566	KfW-Sonderprogramme	_	I
3-114	1567-1573	direkt	_	_
3-115	1574-1576	an	_	_
3-116	1577-1588	Unternehmen	_	B
3-117	1589-1598	geflossen	_	_
3-118	1598-1599	,	_	_
3-119	1600-1603	die	_	B
3-120	1604-1609	durch	_	_
3-121	1610-1613	die	_	B
3-122	1614-1619	Krise	_	I
3-123	1620-1633	unverschuldet	_	_
3-124	1634-1636	in	_	_
3-125	1637-1640	Not	_	B
3-126	1641-1648	geraten	_	_
3-127	1649-1653	sind	_	_
3-128	1653-1654	,	_	_
3-129	1655-1658	und	_	_
3-130	1659-1662	das	_	B
3-131	1662-1663	,	_	_
3-132	1664-1670	obwohl	_	_
3-133	1671-1674	ihr	_	B
3-134	1675-1690	Geschäftsmodell	_	I
3-135	1691-1701	eigentlich	_	_
3-136	1702-1713	erfolgreich	_	_
3-137	1714-1717	war	_	_
3-138	1718-1721	und	_	_
3-139	1722-1725	ist	_	_
3-140	1725-1726	,	_	_
3-141	1727-1731	aber	_	_
3-142	1732-1737	quasi	_	_
3-143	1738-1743	durch	_	_
3-144	1744-1757	Berufsverbote	_	B
3-145	1758-1761	und	_	_
3-146	1762-1765	die	_	B
3-147	1766-1781	Einschränkungen	_	I
3-148	1782-1784	im	_	_
3-149	1785-1797	Gesundheits-	_	B
3-150	1798-1801	und	_	I
3-151	1802-1822	Gesellschaftsbereich	_	I
3-152	1823-1831	schlicht	_	_
3-153	1832-1837	nicht	_	_
3-154	1838-1854	aufrechterhalten	_	_
3-155	1855-1861	werden	_	_
3-156	1862-1866	kann	_	_
3-157	1866-1867	,	_	_
3-158	1868-1871	zum	_	_
3-159	1872-1880	Beispiel	_	B
3-160	1881-1883	im	_	_
3-161	1884-1892	Messebau	_	B
3-162	1892-1893	,	_	_
3-163	1894-1897	bei	_	_
3-164	1898-1911	Schaustellern	_	B
3-165	1912-1915	und	_	_
3-166	1916-1922	vielen	_	B
3-167	1923-1930	anderen	_	I
3-168	1930-1931	.	_	_

#Text=Wir haben ausdifferenziert und differenzieren weiter aus, um den Unternehmen zu helfen, um ihnen eine Brücke zu bauen, damit sie nach der Pandemie – und wir hoffen in der Tat, Carsten Linnemann, dass es nächstes Jahr durch Impfstoffe, Medikamente und Tests spätestens nach dem ersten Halbjahr besser wird – wieder anknüpfen können und die Brücke die andere Seite erreicht. Dass wir hier richtig liegen, testieren wir uns nicht nur selber, sondern das testiert uns ganz aktuell auch die OECD, die sagt, dass Deutschland mit seinem Instrumentarium, mit seinem Ansatz absolut richtig handelt und im Vergleich zu allen anderen Ländern mit am besten durch die Krise kommt.
4-1	1951-1954	Wir	_	B
4-2	1955-1960	haben	_	_
4-3	1961-1977	ausdifferenziert	_	_
4-4	1978-1981	und	_	_
4-5	1982-1996	differenzieren	_	_
4-6	1997-2003	weiter	_	_
4-7	2004-2007	aus	_	_
4-8	2007-2008	,	_	_
4-9	2009-2011	um	_	_
4-10	2012-2015	den	_	B
4-11	2016-2027	Unternehmen	_	I
4-12	2028-2030	zu	_	_
4-13	2031-2037	helfen	_	_
4-14	2037-2038	,	_	_
4-15	2039-2041	um	_	_
4-16	2042-2047	ihnen	_	B
4-17	2048-2052	eine	_	B
4-18	2053-2059	Brücke	_	I
4-19	2060-2062	zu	_	_
4-20	2063-2068	bauen	_	_
4-21	2068-2069	,	_	_
4-22	2070-2075	damit	_	_
4-23	2076-2079	sie	_	B
4-24	2080-2084	nach	_	_
4-25	2085-2088	der	_	B
4-26	2089-2097	Pandemie	_	I
4-27	2098-2099	–	_	_
4-28	2100-2103	und	_	_
4-29	2104-2107	wir	_	B
4-30	2108-2114	hoffen	_	_
4-31	2115-2117	in	_	_
4-32	2118-2121	der	_	B
4-33	2122-2125	Tat	_	I
4-34	2125-2126	,	_	_
4-35	2127-2134	Carsten	_	B
4-36	2135-2144	Linnemann	_	I
4-37	2144-2145	,	_	_
4-38	2146-2150	dass	_	_
4-39	2151-2153	es	_	B
4-40	2154-2162	nächstes	_	B
4-41	2163-2167	Jahr	_	I
4-42	2168-2173	durch	_	_
4-43	2174-2184	Impfstoffe	_	B
4-44	2184-2185	,	_	_
4-45	2186-2197	Medikamente	_	B
4-46	2198-2201	und	_	_
4-47	2202-2207	Tests	_	B
4-48	2208-2218	spätestens	_	_
4-49	2219-2223	nach	_	_
4-50	2224-2227	dem	_	B
4-51	2228-2234	ersten	_	I
4-52	2235-2243	Halbjahr	_	I
4-53	2244-2250	besser	_	_
4-54	2251-2255	wird	_	_
4-55	2256-2257	–	_	_
4-56	2258-2264	wieder	_	_
4-57	2265-2274	anknüpfen	_	_
4-58	2275-2281	können	_	_
4-59	2282-2285	und	_	_
4-60	2286-2289	die	_	B
4-61	2290-2296	Brücke	_	I
4-62	2297-2300	die	_	B
4-63	2301-2307	andere	_	I
4-64	2308-2313	Seite	_	I
4-65	2314-2322	erreicht	_	_
4-66	2322-2323	.	_	_
4-67	2324-2328	Dass	_	_
4-68	2329-2332	wir	_	B
4-69	2333-2337	hier	_	_
4-70	2338-2345	richtig	_	_
4-71	2346-2352	liegen	_	_
4-72	2352-2353	,	_	_
4-73	2354-2363	testieren	_	_
4-74	2364-2367	wir	_	B
4-75	2368-2371	uns	_	B
4-76	2372-2377	nicht	_	_
4-77	2378-2381	nur	_	_
4-78	2382-2388	selber	_	_
4-79	2388-2389	,	_	_
4-80	2390-2397	sondern	_	_
4-81	2398-2401	das	_	B
4-82	2402-2410	testiert	_	_
4-83	2411-2414	uns	_	B
4-84	2415-2419	ganz	_	_
4-85	2420-2427	aktuell	_	_
4-86	2428-2432	auch	_	B
4-87	2433-2436	die	_	I
4-88	2437-2441	OECD	_	I
4-89	2441-2442	,	_	_
4-90	2443-2446	die	_	B
4-91	2447-2451	sagt	_	_
4-92	2451-2452	,	_	_
4-93	2453-2457	dass	_	_
4-94	2458-2469	Deutschland	_	B
4-95	2470-2473	mit	_	_
4-96	2474-2480	seinem	_	B
4-97	2481-2496	Instrumentarium	_	I
4-98	2496-2497	,	_	_
4-99	2498-2501	mit	_	_
4-100	2502-2508	seinem	_	B
4-101	2509-2515	Ansatz	_	I
4-102	2516-2523	absolut	_	_
4-103	2524-2531	richtig	_	_
4-104	2532-2539	handelt	_	_
4-105	2540-2543	und	_	_
4-106	2544-2546	im	_	_
4-107	2547-2556	Vergleich	_	B
4-108	2557-2559	zu	_	_
4-109	2560-2565	allen	_	B
4-110	2566-2573	anderen	_	I
4-111	2574-2581	Ländern	_	I
4-112	2582-2585	mit	_	_
4-113	2586-2588	am	_	_
4-114	2589-2595	besten	_	_
4-115	2596-2601	durch	_	_
4-116	2602-2605	die	_	B
4-117	2606-2611	Krise	_	I
4-118	2612-2617	kommt	_	_
4-119	2617-2618	.	_	_

#Text=Mittelfristig ist natürlich in der Tat einiges zu tun. Da will ich schon sagen: Das Belastungsmoratorium, auf das sich der Koalitionsausschuss verständigt hat, ist einzuhalten.
5-1	2632-2645	Mittelfristig	_	_
5-2	2646-2649	ist	_	_
5-3	2650-2659	natürlich	_	_
5-4	2660-2662	in	_	_
5-5	2663-2666	der	_	B
5-6	2667-2670	Tat	_	I
5-7	2671-2678	einiges	_	B
5-8	2679-2681	zu	_	_
5-9	2682-2685	tun	_	_
5-10	2685-2686	.	_	_
5-11	2687-2689	Da	_	_
5-12	2690-2694	will	_	_
5-13	2695-2698	ich	_	B
5-14	2699-2704	schon	_	_
5-15	2705-2710	sagen	_	_
5-16	2710-2711	:	_	_
5-17	2712-2715	Das	_	B
5-18	2716-2736	Belastungsmoratorium	_	I
5-19	2736-2737	,	_	_
5-20	2738-2741	auf	_	_
5-21	2742-2745	das	_	B
5-22	2746-2750	sich	_	B
5-23	2751-2754	der	_	B
5-24	2755-2774	Koalitionsausschuss	_	I
5-25	2775-2786	verständigt	_	_
5-26	2787-2790	hat	_	_
5-27	2790-2791	,	_	_
5-28	2792-2795	ist	_	_
5-29	2796-2807	einzuhalten	_	_
5-30	2807-2808	.	_	_

#Text=Ihnen, Frau Hajduk, muss ich widersprechen: Ein Lieferkettengesetz, das wir allein national beschließen, das hilft uns, glaube ich, nicht. Das wäre zu kurz gesprungen.
6-1	2814-2819	Ihnen	_	B
6-2	2819-2820	,	_	_
6-3	2821-2825	Frau	_	B
6-4	2826-2832	Hajduk	_	I
6-5	2832-2833	,	_	_
6-6	2834-2838	muss	_	_
6-7	2839-2842	ich	_	B
6-8	2843-2856	widersprechen	_	_
6-9	2856-2857	:	_	_
6-10	2858-2861	Ein	_	B
6-11	2862-2880	Lieferkettengesetz	_	I
6-12	2880-2881	,	_	_
6-13	2882-2885	das	_	B
6-14	2886-2889	wir	_	B
6-15	2890-2896	allein	_	_
6-16	2897-2905	national	_	_
6-17	2906-2917	beschließen	_	_
6-18	2917-2918	,	_	_
6-19	2919-2922	das	_	B
6-20	2923-2928	hilft	_	_
6-21	2929-2932	uns	_	B
6-22	2932-2933	,	_	_
6-23	2934-2940	glaube	_	_
6-24	2941-2944	ich	_	B
6-25	2944-2945	,	_	_
6-26	2946-2951	nicht	_	_
6-27	2951-2952	.	_	_
6-28	2953-2956	Das	_	B
6-29	2957-2961	wäre	_	_
6-30	2962-2964	zu	_	_
6-31	2965-2969	kurz	_	_
6-32	2970-2980	gesprungen	_	_
6-33	2980-2981	.	_	_

#Text=Natürlich macht es Sinn, sich positiv zu differenzieren. Aber ich möchte darauf verweisen, welche Erfahrungen andere mit einem solchen Vorgehen gemacht haben: Die Amerikaner beispielsweise haben den sogenannten Dodd-Frank Act erlassen, bei dem es unter anderem darum ging, dass Unternehmen die Herkunft der verwendeten Metalle nachweisen sollten, um sicherzustellen, dass sie nicht aus Krisenregionen in Afrika stammen. Davon sind sie relativ schnell wieder abgekommen. Im Übrigen haben auch relativ viele karitative Organisationen vor Ort gesagt, dass das der falsche Ansatz ist. Denn was war die Folge dieses Erlasses? Die amerikanischen Unternehmen haben sich komplett zurückgezogen. Nicht nur die Unternehmen, die, wie Sie sagten, mit Kinderarbeit oder Blutdiamanten zu tun hatten, sondern auch die Unternehmen, die regulär vor Ort agiert und die Arbeitsbedingungen eingehalten haben, haben sich zurückgezogen. Deshalb war der Schaden hinterher viel größer, und die dadurch entstandene Lücke wurde von anderen gefüllt, die nicht immer entsprechend handelten. Insofern: So einfach, wie Sie das darstellen, ist es nicht.
7-1	2991-3000	Natürlich	_	_
7-2	3001-3006	macht	_	_
7-3	3007-3009	es	_	B
7-4	3010-3014	Sinn	_	B
7-5	3014-3015	,	_	_
7-6	3016-3020	sich	_	B
7-7	3021-3028	positiv	_	_
7-8	3029-3031	zu	_	_
7-9	3032-3046	differenzieren	_	_
7-10	3046-3047	.	_	_
7-11	3048-3052	Aber	_	_
7-12	3053-3056	ich	_	B
7-13	3057-3063	möchte	_	_
7-14	3064-3070	darauf	_	_
7-15	3071-3080	verweisen	_	_
7-16	3080-3081	,	_	_
7-17	3082-3088	welche	_	B
7-18	3089-3100	Erfahrungen	_	I
7-19	3101-3107	andere	_	B
7-20	3108-3111	mit	_	_
7-21	3112-3117	einem	_	B
7-22	3118-3125	solchen	_	I
7-23	3126-3134	Vorgehen	_	I
7-24	3135-3142	gemacht	_	_
7-25	3143-3148	haben	_	_
7-26	3148-3149	:	_	_
7-27	3150-3153	Die	_	B
7-28	3154-3164	Amerikaner	_	I
7-29	3165-3179	beispielsweise	_	_
7-30	3180-3185	haben	_	_
7-31	3186-3189	den	_	B
7-32	3190-3201	sogenannten	_	I
7-33	3202-3212	Dodd-Frank	_	I
7-34	3213-3216	Act	_	I
7-35	3217-3225	erlassen	_	_
7-36	3225-3226	,	_	_
7-37	3227-3230	bei	_	_
7-38	3231-3234	dem	_	B
7-39	3235-3237	es	_	_
7-40	3238-3243	unter	_	_
7-41	3244-3251	anderem	_	B
7-42	3252-3257	darum	_	_
7-43	3258-3262	ging	_	_
7-44	3262-3263	,	_	_
7-45	3264-3268	dass	_	_
7-46	3269-3280	Unternehmen	_	B
7-47	3281-3284	die	_	B
7-48	3285-3293	Herkunft	_	I
7-49	3294-3297	der	_	B
7-50	3298-3309	verwendeten	_	I
7-51	3310-3317	Metalle	_	I
7-52	3318-3328	nachweisen	_	_
7-53	3329-3336	sollten	_	_
7-54	3336-3337	,	_	_
7-55	3338-3340	um	_	_
7-56	3341-3356	sicherzustellen	_	_
7-57	3356-3357	,	_	_
7-58	3358-3362	dass	_	_
7-59	3363-3366	sie	_	B
7-60	3367-3372	nicht	_	_
7-61	3373-3376	aus	_	_
7-62	3377-3391	Krisenregionen	_	B
7-63	3392-3394	in	_	_
7-64	3395-3401	Afrika	_	B
7-65	3402-3409	stammen	_	_
7-66	3409-3410	.	_	_
7-67	3411-3416	Davon	_	_
7-68	3417-3421	sind	_	_
7-69	3422-3425	sie	_	B
7-70	3426-3433	relativ	_	_
7-71	3434-3441	schnell	_	_
7-72	3442-3448	wieder	_	_
7-73	3449-3459	abgekommen	_	_
7-74	3459-3460	.	_	_
7-75	3461-3463	Im	_	_
7-76	3464-3471	Übrigen	_	B
7-77	3472-3477	haben	_	_
7-78	3478-3482	auch	_	B
7-79	3483-3490	relativ	_	I
7-80	3491-3496	viele	_	I
7-81	3497-3507	karitative	_	I
7-82	3508-3522	Organisationen	_	I
7-83	3523-3526	vor	_	_
7-84	3527-3530	Ort	_	B
7-85	3531-3537	gesagt	_	_
7-86	3537-3538	,	_	_
7-87	3539-3543	dass	_	_
7-88	3544-3547	das	_	B
7-89	3548-3551	der	_	B
7-90	3552-3559	falsche	_	I
7-91	3560-3566	Ansatz	_	I
7-92	3567-3570	ist	_	_
7-93	3570-3571	.	_	_
7-94	3572-3576	Denn	_	_
7-95	3577-3580	was	_	B
7-96	3581-3584	war	_	_
7-97	3585-3588	die	_	B
7-98	3589-3594	Folge	_	I
7-99	3595-3601	dieses	_	B
7-100	3602-3610	Erlasses	_	I
7-101	3610-3611	?	_	_
7-102	3612-3615	Die	_	B
7-103	3616-3630	amerikanischen	_	I
7-104	3631-3642	Unternehmen	_	I
7-105	3643-3648	haben	_	_
7-106	3649-3653	sich	_	B
7-107	3654-3662	komplett	_	_
7-108	3663-3676	zurückgezogen	_	_
7-109	3676-3677	.	_	_
7-110	3678-3683	Nicht	_	B
7-111	3684-3687	nur	_	I
7-112	3688-3691	die	_	I
7-113	3692-3703	Unternehmen	_	I
7-114	3703-3704	,	_	_
7-115	3705-3708	die	_	B
7-116	3708-3709	,	_	_
7-117	3710-3713	wie	_	_
7-118	3714-3717	Sie	_	B
7-119	3718-3724	sagten	_	_
7-120	3724-3725	,	_	_
7-121	3726-3729	mit	_	_
7-122	3730-3742	Kinderarbeit	_	B
7-123	3743-3747	oder	_	_
7-124	3748-3761	Blutdiamanten	_	B
7-125	3762-3764	zu	_	_
7-126	3765-3768	tun	_	_
7-127	3769-3775	hatten	_	_
7-128	3775-3776	,	_	_
7-129	3777-3784	sondern	_	_
7-130	3785-3789	auch	_	B
7-131	3790-3793	die	_	I
7-132	3794-3805	Unternehmen	_	I
7-133	3805-3806	,	_	_
7-134	3807-3810	die	_	B
7-135	3811-3818	regulär	_	_
7-136	3819-3822	vor	_	_
7-137	3823-3826	Ort	_	B
7-138	3827-3833	agiert	_	_
7-139	3834-3837	und	_	_
7-140	3838-3841	die	_	B
7-141	3842-3860	Arbeitsbedingungen	_	I
7-142	3861-3872	eingehalten	_	_
7-143	3873-3878	haben	_	_
7-144	3878-3879	,	_	_
7-145	3880-3885	haben	_	_
7-146	3886-3890	sich	_	B
7-147	3891-3904	zurückgezogen	_	_
7-148	3904-3905	.	_	_
7-149	3906-3913	Deshalb	_	_
7-150	3914-3917	war	_	_
7-151	3918-3921	der	_	B
7-152	3922-3929	Schaden	_	I
7-153	3930-3939	hinterher	_	_
7-154	3940-3944	viel	_	_
7-155	3945-3951	größer	_	_
7-156	3951-3952	,	_	_
7-157	3953-3956	und	_	_
7-158	3957-3960	die	_	B
7-159	3961-3968	dadurch	_	I
7-160	3969-3980	entstandene	_	I
7-161	3981-3986	Lücke	_	I
7-162	3987-3992	wurde	_	_
7-163	3993-3996	von	_	_
7-164	3997-4004	anderen	_	B
7-165	4005-4012	gefüllt	_	_
7-166	4012-4013	,	_	_
7-167	4014-4017	die	_	B
7-168	4018-4023	nicht	_	_
7-169	4024-4029	immer	_	_
7-170	4030-4042	entsprechend	_	_
7-171	4043-4052	handelten	_	_
7-172	4052-4053	.	_	_
7-173	4054-4062	Insofern	_	_
7-174	4062-4063	:	_	_
7-175	4064-4066	So	_	_
7-176	4067-4074	einfach	_	_
7-177	4074-4075	,	_	_
7-178	4076-4079	wie	_	_
7-179	4080-4083	Sie	_	B
7-180	4084-4087	das	_	B
7-181	4088-4098	darstellen	_	_
7-182	4098-4099	,	_	_
7-183	4100-4103	ist	_	_
7-184	4104-4106	es	_	B
7-185	4107-4112	nicht	_	_
7-186	4112-4113	.	_	_

#Text=Ich glaube, wir brauchen da mindestens europäische Lösungen, und die müssen auch in das internationale System passen.
8-1	4142-4145	Ich	_	B
8-2	4146-4152	glaube	_	_
8-3	4152-4153	,	_	_
8-4	4154-4157	wir	_	B
8-5	4158-4166	brauchen	_	_
8-6	4167-4169	da	_	_
8-7	4170-4180	mindestens	_	B
8-8	4181-4192	europäische	_	I
8-9	4193-4201	Lösungen	_	I
8-10	4201-4202	,	_	_
8-11	4203-4206	und	_	_
8-12	4207-4210	die	_	B
8-13	4211-4217	müssen	_	_
8-14	4218-4222	auch	_	_
8-15	4223-4225	in	_	_
8-16	4226-4229	das	_	B
8-17	4230-4244	internationale	_	I
8-18	4245-4251	System	_	I
8-19	4252-4258	passen	_	_
8-20	4258-4259	.	_	_

#Text=Wir brauchen Entbürokratisierung; das Stichwort „entfesseln“ ist gefallen. Wir haben über 40 Vorschläge gemacht, die wir jetzt mit dem Koalitionspartner diskutieren. Ich hoffe wirklich sehr, dass Olaf Scholz – eben wurde er als „Olaf Altmaier“ angesprochen – und die SPD jetzt endlich in die Puschen kommen.
9-1	4263-4266	Wir	_	B
9-2	4267-4275	brauchen	_	_
9-3	4276-4295	Entbürokratisierung	_	B
9-4	4295-4296	;	_	_
9-5	4297-4300	das	_	B
9-6	4301-4310	Stichwort	_	I
9-7	4311-4312	„	_	_
9-8	4312-4322	entfesseln	_	_
9-9	4322-4323	“	_	_
9-10	4324-4327	ist	_	_
9-11	4328-4336	gefallen	_	_
9-12	4336-4337	.	_	_
9-13	4338-4341	Wir	_	B
9-14	4342-4347	haben	_	_
9-15	4348-4352	über	_	B
9-16	4353-4355	40	_	I
9-17	4356-4366	Vorschläge	_	I
9-18	4367-4374	gemacht	_	_
9-19	4374-4375	,	_	_
9-20	4376-4379	die	_	B
9-21	4380-4383	wir	_	B
9-22	4384-4389	jetzt	_	_
9-23	4390-4393	mit	_	_
9-24	4394-4397	dem	_	B
9-25	4398-4415	Koalitionspartner	_	I
9-26	4416-4427	diskutieren	_	_
9-27	4427-4428	.	_	_
9-28	4429-4432	Ich	_	B
9-29	4433-4438	hoffe	_	_
9-30	4439-4447	wirklich	_	_
9-31	4448-4452	sehr	_	_
9-32	4452-4453	,	_	_
9-33	4454-4458	dass	_	_
9-34	4459-4463	Olaf	_	_
9-35	4464-4470	Scholz	_	_
9-36	4471-4472	–	_	_
9-37	4473-4477	eben	_	_
9-38	4478-4483	wurde	_	_
9-39	4484-4486	er	_	B
9-40	4487-4490	als	_	_
9-41	4491-4492	„	_	B
9-42	4492-4496	Olaf	_	I
9-43	4497-4505	Altmaier	_	I
9-44	4505-4506	“	_	_
9-45	4507-4519	angesprochen	_	_
9-46	4520-4521	–	_	_
9-47	4522-4525	und	_	_
9-48	4526-4529	die	_	B
9-49	4530-4533	SPD	_	I
9-50	4534-4539	jetzt	_	_
9-51	4540-4547	endlich	_	_
9-52	4548-4550	in	_	_
9-53	4551-4554	die	_	B
9-54	4555-4562	Puschen	_	I
9-55	4563-4569	kommen	_	_
9-56	4569-4570	.	_	_

#Text=Wir sind bereit. Die Kommission ist hochrangig besetzt. Es geht um viel: von der Flexibilisierung der Arbeitszeit über Minijobfragen, Digitalisierung gesamter Prozesse sowie Beschleunigung von Planungen, die auch digitalisiert werden müssen, bis hin zu Erleichterungen für junge Unternehmen im Vergabeverfahren. Ich glaube, etwas Neues ausprobieren, jetzt in der Coronakrise, das fördert die Modernisierung.
10-1	4581-4584	Wir	_	B
10-2	4585-4589	sind	_	_
10-3	4590-4596	bereit	_	_
10-4	4596-4597	.	_	_
10-5	4598-4601	Die	_	B
10-6	4602-4612	Kommission	_	I
10-7	4613-4616	ist	_	_
10-8	4617-4627	hochrangig	_	_
10-9	4628-4635	besetzt	_	_
10-10	4635-4636	.	_	_
10-11	4637-4639	Es	_	_
10-12	4640-4644	geht	_	_
10-13	4645-4647	um	_	_
10-14	4648-4652	viel	_	B
10-15	4652-4653	:	_	_
10-16	4654-4657	von	_	_
10-17	4658-4661	der	_	B
10-18	4662-4678	Flexibilisierung	_	I
10-19	4679-4682	der	_	B
10-20	4683-4694	Arbeitszeit	_	I
10-21	4695-4699	über	_	_
10-22	4700-4713	Minijobfragen	_	B
10-23	4713-4714	,	_	_
10-24	4715-4730	Digitalisierung	_	B
10-25	4731-4739	gesamter	_	B
10-26	4740-4748	Prozesse	_	I
10-27	4749-4754	sowie	_	_
10-28	4755-4769	Beschleunigung	_	B
10-29	4770-4773	von	_	_
10-30	4774-4783	Planungen	_	B
10-31	4783-4784	,	_	_
10-32	4785-4788	die	_	B
10-33	4789-4793	auch	_	_
10-34	4794-4807	digitalisiert	_	_
10-35	4808-4814	werden	_	_
10-36	4815-4821	müssen	_	_
10-37	4821-4822	,	_	_
10-38	4823-4826	bis	_	_
10-39	4827-4830	hin	_	_
10-40	4831-4833	zu	_	_
10-41	4834-4849	Erleichterungen	_	B
10-42	4850-4853	für	_	_
10-43	4854-4859	junge	_	B
10-44	4860-4871	Unternehmen	_	I
10-45	4872-4874	im	_	_
10-46	4875-4891	Vergabeverfahren	_	B
10-47	4891-4892	.	_	_
10-48	4893-4896	Ich	_	B
10-49	4897-4903	glaube	_	_
10-50	4903-4904	,	_	_
10-51	4905-4910	etwas	_	B
10-52	4911-4916	Neues	_	I
10-53	4917-4929	ausprobieren	_	_
10-54	4929-4930	,	_	_
10-55	4931-4936	jetzt	_	_
10-56	4937-4939	in	_	_
10-57	4940-4943	der	_	B
10-58	4944-4955	Coronakrise	_	I
10-59	4955-4956	,	_	_
10-60	4957-4960	das	_	B
10-61	4961-4968	fördert	_	_
10-62	4969-4972	die	_	B
10-63	4973-4987	Modernisierung	_	I
10-64	4987-4988	.	_	_

#Text=Wir brauchen aber auch langfristige Lösungen. Ich sage: Mehr Schumpeter wagen! Die kreative Kraft der Zerstörung wirkt auch hier. Wir können nicht nur einfrieren.
11-1	5000-5003	Wir	_	B
11-2	5004-5012	brauchen	_	_
11-3	5013-5017	aber	_	_
11-4	5018-5022	auch	_	_
11-5	5023-5035	langfristige	_	B
11-6	5036-5044	Lösungen	_	I
11-7	5044-5045	.	_	_
11-8	5046-5049	Ich	_	B
11-9	5050-5054	sage	_	_
11-10	5054-5055	:	_	_
11-11	5056-5060	Mehr	_	B
11-12	5061-5071	Schumpeter	_	I
11-13	5072-5077	wagen	_	_
11-14	5077-5078	!	_	_
11-15	5079-5082	Die	_	B
11-16	5083-5091	kreative	_	I
11-17	5092-5097	Kraft	_	I
11-18	5098-5101	der	_	B
11-19	5102-5112	Zerstörung	_	I
11-20	5113-5118	wirkt	_	_
11-21	5119-5123	auch	_	_
11-22	5124-5128	hier	_	_
11-23	5128-5129	.	_	_
11-24	5130-5133	Wir	_	B
11-25	5134-5140	können	_	_
11-26	5141-5146	nicht	_	_
11-27	5147-5150	nur	_	_
11-28	5151-5161	einfrieren	_	_
11-29	5161-5162	.	_	_

#Text=Deshalb brauchen wir die Innovationsförderung; ZIM ist angesprochen worden. Wiederum hat der Deutsche Bundestag hier draufgesattelt, Herr Jurk, um 77 Millionen auf 636 Millionen Euro; das sind sogar mehr als die von Ihnen genannten 620 Millionen Euro.
12-1	5168-5175	Deshalb	_	_
12-2	5176-5184	brauchen	_	_
12-3	5185-5188	wir	_	B
12-4	5189-5192	die	_	B
12-5	5193-5213	Innovationsförderung	_	I
12-6	5213-5214	;	_	_
12-7	5215-5218	ZIM	_	B
12-8	5219-5222	ist	_	_
12-9	5223-5235	angesprochen	_	_
12-10	5236-5242	worden	_	_
12-11	5242-5243	.	_	_
12-12	5244-5252	Wiederum	_	_
12-13	5253-5256	hat	_	_
12-14	5257-5260	der	_	B
12-15	5261-5269	Deutsche	_	I
12-16	5270-5279	Bundestag	_	I
12-17	5280-5284	hier	_	_
12-18	5285-5299	draufgesattelt	_	_
12-19	5299-5300	,	_	_
12-20	5301-5305	Herr	_	B
12-21	5306-5310	Jurk	_	I
12-22	5310-5311	,	_	_
12-23	5312-5314	um	_	_
12-24	5315-5317	77	_	B
12-25	5318-5327	Millionen	_	I
12-26	5328-5331	auf	_	_
12-27	5332-5335	636	_	B
12-28	5336-5345	Millionen	_	I
12-29	5346-5350	Euro	_	I
12-30	5350-5351	;	_	_
12-31	5352-5355	das	_	B
12-32	5356-5360	sind	_	_
12-33	5361-5366	sogar	_	B
12-34	5367-5371	mehr	_	I
12-35	5372-5375	als	_	_
12-36	5376-5379	die	_	B
12-37	5380-5383	von	_	_
12-38	5384-5389	Ihnen	_	B
12-39	5390-5399	genannten	_	_
12-40	5400-5403	620	_	_
12-41	5404-5413	Millionen	_	_
12-42	5414-5418	Euro	_	B
12-43	5418-5419	.	_	_

#Text=Energieforschung und Luftfahrtforschung: Bis Mitte der 20er-Jahre werden wir das erste Wasserstoffflugzeug in die Luft bringen. Da werden wir entsprechende Hilfen bereitstellen.
13-1	5426-5442	Energieforschung	_	B
13-2	5443-5446	und	_	_
13-3	5447-5465	Luftfahrtforschung	_	B
13-4	5465-5466	:	_	_
13-5	5467-5470	Bis	_	_
13-6	5471-5476	Mitte	_	B
13-7	5477-5480	der	_	B
13-8	5481-5491	20er-Jahre	_	I
13-9	5492-5498	werden	_	_
13-10	5499-5502	wir	_	B
13-11	5503-5506	das	_	B
13-12	5507-5512	erste	_	I
13-13	5513-5532	Wasserstoffflugzeug	_	I
13-14	5533-5535	in	_	_
13-15	5536-5539	die	_	B
13-16	5540-5544	Luft	_	I
13-17	5545-5552	bringen	_	_
13-18	5552-5553	.	_	_
13-19	5554-5556	Da	_	_
13-20	5557-5563	werden	_	_
13-21	5564-5567	wir	_	B
13-22	5568-5581	entsprechende	_	B
13-23	5582-5588	Hilfen	_	I
13-24	5589-5602	bereitstellen	_	_
13-25	5602-5603	.	_	_

#Text=Wir brauchen eine Transformation in der Automobilindustrie, aber auch synthetische Kraftstoffe. Wer es mit der Dekarbonisierung ernst meint, der muss jetzt synthetische Kraftstoffe einsetzen, die ja schon im Bestand sind. Ich hoffe, dass unser Koalitionspartner, dass die SPD-Fraktion das Ministerium zur Einhaltung des Koalitionsvertrages auffordert.
14-1	5607-5610	Wir	_	B
14-2	5611-5619	brauchen	_	_
14-3	5620-5624	eine	_	B
14-4	5625-5639	Transformation	_	I
14-5	5640-5642	in	_	_
14-6	5643-5646	der	_	B
14-7	5647-5665	Automobilindustrie	_	I
14-8	5665-5666	,	_	_
14-9	5667-5671	aber	_	_
14-10	5672-5676	auch	_	B
14-11	5677-5689	synthetische	_	I
14-12	5690-5701	Kraftstoffe	_	I
14-13	5701-5702	.	_	_
14-14	5703-5706	Wer	_	B
14-15	5707-5709	es	_	B
14-16	5710-5713	mit	_	_
14-17	5714-5717	der	_	B
14-18	5718-5734	Dekarbonisierung	_	I
14-19	5735-5740	ernst	_	_
14-20	5741-5746	meint	_	_
14-21	5746-5747	,	_	_
14-22	5748-5751	der	_	_
14-23	5752-5756	muss	_	_
14-24	5757-5762	jetzt	_	_
14-25	5763-5775	synthetische	_	B
14-26	5776-5787	Kraftstoffe	_	I
14-27	5788-5797	einsetzen	_	_
14-28	5797-5798	,	_	_
14-29	5799-5802	die	_	B
14-30	5803-5805	ja	_	_
14-31	5806-5811	schon	_	_
14-32	5812-5814	im	_	_
14-33	5815-5822	Bestand	_	B
14-34	5823-5827	sind	_	_
14-35	5827-5828	.	_	_
14-36	5829-5832	Ich	_	B
14-37	5833-5838	hoffe	_	_
14-38	5838-5839	,	_	_
14-39	5840-5844	dass	_	_
14-40	5845-5850	unser	_	_
14-41	5851-5868	Koalitionspartner	_	_
14-42	5868-5869	,	_	_
14-43	5870-5874	dass	_	_
14-44	5875-5878	die	_	B
14-45	5879-5891	SPD-Fraktion	_	I
14-46	5892-5895	das	_	B
14-47	5896-5907	Ministerium	_	I
14-48	5908-5911	zur	_	_
14-49	5912-5922	Einhaltung	_	B
14-50	5923-5926	des	_	B
14-51	5927-5946	Koalitionsvertrages	_	I
14-52	5947-5957	auffordert	_	_
14-53	5957-5958	.	_	_

#Text=Das Thema Wasserstoff ist angesprochen worden. Den Handel hat noch keiner angesprochen; das will ich abschließend tun. Ohne freien Handel wird das alles nichts. Wir sind davon abhängig wie kein anderes Land. Deshalb müssen wir CETA ratifizieren. Wir müssen ein verlässlicher Partner sein. 20 Jahre Zusammenarbeit mit Mercosur dürfen nicht enden. Wir müssen vielmehr mithelfen, dass entsprechende Rahmenbedingungen gesetzt werden;
15-1	5967-5970	Das	_	B
15-2	5971-5976	Thema	_	I
15-3	5977-5988	Wasserstoff	_	I
15-4	5989-5992	ist	_	_
15-5	5993-6005	angesprochen	_	_
15-6	6006-6012	worden	_	_
15-7	6012-6013	.	_	_
15-8	6014-6017	Den	_	B
15-9	6018-6024	Handel	_	I
15-10	6025-6028	hat	_	_
15-11	6029-6033	noch	_	B
15-12	6034-6040	keiner	_	I
15-13	6041-6053	angesprochen	_	_
15-14	6053-6054	;	_	_
15-15	6055-6058	das	_	B
15-16	6059-6063	will	_	_
15-17	6064-6067	ich	_	B
15-18	6068-6080	abschließend	_	_
15-19	6081-6084	tun	_	_
15-20	6084-6085	.	_	_
15-21	6086-6090	Ohne	_	_
15-22	6091-6097	freien	_	B
15-23	6098-6104	Handel	_	I
15-24	6105-6109	wird	_	_
15-25	6110-6113	das	_	B
15-26	6114-6119	alles	_	_
15-27	6120-6126	nichts	_	B
15-28	6126-6127	.	_	_
15-29	6128-6131	Wir	_	B
15-30	6132-6136	sind	_	_
15-31	6137-6142	davon	_	_
15-32	6143-6151	abhängig	_	_
15-33	6152-6155	wie	_	_
15-34	6156-6160	kein	_	_
15-35	6161-6168	anderes	_	_
15-36	6169-6173	Land	_	_
15-37	6173-6174	.	_	_
15-38	6175-6182	Deshalb	_	_
15-39	6183-6189	müssen	_	_
15-40	6190-6193	wir	_	B
15-41	6194-6198	CETA	_	B
15-42	6199-6211	ratifizieren	_	_
15-43	6211-6212	.	_	_
15-44	6213-6216	Wir	_	B
15-45	6217-6223	müssen	_	_
15-46	6224-6227	ein	_	B
15-47	6228-6241	verlässlicher	_	I
15-48	6242-6249	Partner	_	I
15-49	6250-6254	sein	_	_
15-50	6254-6255	.	_	_
15-51	6256-6258	20	_	B
15-52	6259-6264	Jahre	_	I
15-53	6265-6279	Zusammenarbeit	_	I
15-54	6280-6283	mit	_	_
15-55	6284-6292	Mercosur	_	B
15-56	6293-6299	dürfen	_	_
15-57	6300-6305	nicht	_	_
15-58	6306-6311	enden	_	_
15-59	6311-6312	.	_	_
15-60	6313-6316	Wir	_	B
15-61	6317-6323	müssen	_	_
15-62	6324-6332	vielmehr	_	_
15-63	6333-6342	mithelfen	_	_
15-64	6342-6343	,	_	_
15-65	6344-6348	dass	_	_
15-66	6349-6362	entsprechende	_	B
15-67	6363-6380	Rahmenbedingungen	_	I
15-68	6381-6388	gesetzt	_	_
15-69	6389-6395	werden	_	_
15-70	6395-6396	;	_	_

#Text=sonst setzen sie andere Akteure auf der Welt.
16-1	6407-6412	sonst	_	_
16-2	6413-6419	setzen	_	_
16-3	6420-6423	sie	_	B
16-4	6424-6430	andere	_	B
16-5	6431-6438	Akteure	_	I
16-6	6439-6442	auf	_	_
16-7	6443-6446	der	_	B
16-8	6447-6451	Welt	_	I
16-9	6451-6452	.	_	_

#Text=Herr Kollege.
17-1	6454-6458	Herr	_	B
17-2	6459-6466	Kollege	_	I
17-3	6466-6467	.	_	_

#Text=Lassen Sie uns also anpacken, damit wir im nächsten Jahr dort anknüpfen können, wo wir letztes Jahr endeten.
18-1	6469-6475	Lassen	_	_
18-2	6476-6479	Sie	_	B
18-3	6480-6483	uns	_	B
18-4	6484-6488	also	_	_
18-5	6489-6497	anpacken	_	_
18-6	6497-6498	,	_	_
18-7	6499-6504	damit	_	_
18-8	6505-6508	wir	_	B
18-9	6509-6511	im	_	_
18-10	6512-6520	nächsten	_	B
18-11	6521-6525	Jahr	_	I
18-12	6526-6530	dort	_	_
18-13	6531-6540	anknüpfen	_	_
18-14	6541-6547	können	_	_
18-15	6547-6548	,	_	_
18-16	6549-6551	wo	_	_
18-17	6552-6555	wir	_	B
18-18	6556-6563	letztes	_	B
18-19	6564-6568	Jahr	_	I
18-20	6569-6576	endeten	_	_
18-21	6576-6577	.	_	_

#Text=Vielen Dank.
19-1	6581-6587	Vielen	_	_
19-2	6588-6592	Dank	_	_
19-3	6592-6593	.	_	_

#Text=Für die Fraktion der SPD hat das Wort die Kollegin Gabriele Katzmarek.
20-1	6595-6598	Für	_	_
20-2	6599-6602	die	_	B
20-3	6603-6611	Fraktion	_	I
20-4	6612-6615	der	_	B
20-5	6616-6619	SPD	_	I
20-6	6620-6623	hat	_	_
20-7	6624-6627	das	_	B
20-8	6628-6632	Wort	_	I
20-9	6633-6636	die	_	B
20-10	6637-6645	Kollegin	_	I
20-11	6646-6654	Gabriele	_	I
20-12	6655-6664	Katzmarek	_	I
20-13	6664-6665	.	_	_
