#FORMAT=WebAnno TSV 3.2
#T_SP=webanno.custom.Animacy|Animated
#T_SP=webanno.custom.CustomChunk|Chunk


#Text=Sehr geehrter Herr Präsident! Meine Damen und Herren! Ja, viele Innenstädte und Einkaufsstraßen stehen aktuell kurz vorm Herzinfarkt, und wir müssen da jetzt den Defibrillator ansetzen.
1-1	0-4	Sehr	_	B
1-2	5-13	geehrter	_	I
1-3	14-18	Herr	_	I
1-4	19-28	Präsident	_	I
1-5	28-29	!	_	_
1-6	30-35	Meine	_	B
1-7	36-41	Damen	_	I
1-8	42-45	und	_	_
1-9	46-52	Herren	_	B
1-10	52-53	!	_	_
1-11	54-56	Ja	_	_
1-12	56-57	,	_	_
1-13	58-63	viele	_	B
1-14	64-75	Innenstädte	_	I
1-15	76-79	und	_	_
1-16	80-95	Einkaufsstraßen	_	B
1-17	96-102	stehen	_	_
1-18	103-110	aktuell	_	_
1-19	111-115	kurz	_	_
1-20	116-120	vorm	_	_
1-21	121-132	Herzinfarkt	_	B
1-22	132-133	,	_	_
1-23	134-137	und	_	_
1-24	138-141	wir	_	B
1-25	142-148	müssen	_	_
1-26	149-151	da	_	_
1-27	152-157	jetzt	_	_
1-28	158-161	den	_	B
1-29	162-175	Defibrillator	_	I
1-30	176-184	ansetzen	_	_
1-31	184-185	.	_	_

#Text=Mir ist bei der ganzen Diskussion wichtig – das kommt mir bislang doch zu kurz –, dass wir eben nicht nur auf die Eins-a-Lagen in den Großstädten schauen, sondern uns auch um die vielen kleineren Städte und ganz besonders um die Stadtteilzentren und lokalen Einkaufsquartiere kümmern.
2-1	191-194	Mir	_	B
2-2	195-198	ist	_	_
2-3	199-202	bei	_	_
2-4	203-206	der	_	B
2-5	207-213	ganzen	_	I
2-6	214-224	Diskussion	_	I
2-7	225-232	wichtig	_	_
2-8	233-234	–	_	_
2-9	235-238	das	_	B
2-10	239-244	kommt	_	_
2-11	245-248	mir	_	B
2-12	249-256	bislang	_	_
2-13	257-261	doch	_	_
2-14	262-264	zu	_	_
2-15	265-269	kurz	_	_
2-16	270-271	–	_	_
2-17	271-272	,	_	_
2-18	273-277	dass	_	_
2-19	278-281	wir	_	B
2-20	282-286	eben	_	_
2-21	287-292	nicht	_	_
2-22	293-296	nur	_	_
2-23	297-300	auf	_	_
2-24	301-304	die	_	B
2-25	305-317	Eins-a-Lagen	_	I
2-26	318-320	in	_	_
2-27	321-324	den	_	B
2-28	325-336	Großstädten	_	I
2-29	337-344	schauen	_	_
2-30	344-345	,	_	_
2-31	346-353	sondern	_	_
2-32	354-357	uns	_	B
2-33	358-362	auch	_	_
2-34	363-365	um	_	_
2-35	366-369	die	_	B
2-36	370-376	vielen	_	I
2-37	377-386	kleineren	_	I
2-38	387-393	Städte	_	I
2-39	394-397	und	_	_
2-40	398-402	ganz	_	_
2-41	403-412	besonders	_	_
2-42	413-415	um	_	_
2-43	416-419	die	_	B
2-44	420-436	Stadtteilzentren	_	I
2-45	437-440	und	_	_
2-46	441-448	lokalen	_	B
2-47	449-466	Einkaufsquartiere	_	I
2-48	467-474	kümmern	_	_
2-49	474-475	.	_	_

#Text=Denn das sind nicht nur Orte der Nahversorgung; das sind wichtige soziale Treffpunkte, das sind Orte, die ganz entscheidend für die Lebensqualität sind, und das sind eben auch Orte, an denen es noch den inhabergeführten Einzelhandel gibt, den wir uns doch alle so wünschen.
3-1	479-483	Denn	_	_
3-2	484-487	das	_	B
3-3	488-492	sind	_	_
3-4	493-498	nicht	_	B
3-5	499-502	nur	_	I
3-6	503-507	Orte	_	I
3-7	508-511	der	_	B
3-8	512-525	Nahversorgung	_	I
3-9	525-526	;	_	_
3-10	527-530	das	_	B
3-11	531-535	sind	_	_
3-12	536-544	wichtige	_	B
3-13	545-552	soziale	_	I
3-14	553-564	Treffpunkte	_	I
3-15	564-565	,	_	_
3-16	566-569	das	_	B
3-17	570-574	sind	_	_
3-18	575-579	Orte	_	B
3-19	579-580	,	_	_
3-20	581-584	die	_	B
3-21	585-589	ganz	_	_
3-22	590-602	entscheidend	_	_
3-23	603-606	für	_	_
3-24	607-610	die	_	B
3-25	611-625	Lebensqualität	_	I
3-26	626-630	sind	_	_
3-27	630-631	,	_	_
3-28	632-635	und	_	_
3-29	636-639	das	_	B
3-30	640-644	sind	_	_
3-31	645-649	eben	_	_
3-32	650-654	auch	_	B
3-33	655-659	Orte	_	I
3-34	659-660	,	_	_
3-35	661-663	an	_	_
3-36	664-669	denen	_	B
3-37	670-672	es	_	_
3-38	673-677	noch	_	_
3-39	678-681	den	_	B
3-40	682-698	inhabergeführten	_	I
3-41	699-711	Einzelhandel	_	I
3-42	712-716	gibt	_	_
3-43	716-717	,	_	_
3-44	718-721	den	_	B
3-45	722-725	wir	_	B
3-46	726-729	uns	_	B
3-47	730-734	doch	_	_
3-48	735-739	alle	_	B
3-49	740-742	so	_	_
3-50	743-751	wünschen	_	_
3-51	751-752	.	_	_

#Text=Gerade kleine Händlerinnen und Händler sowie Gastronomen in den Quartieren – ich habe ungefähr 20 davon in meinem Wahlkreis im Hamburger Norden – benötigen doch jetzt schnelle Hilfe jenseits von langen Gesetzgebungsprozessen, sie benötigen jetzt Perspektiven. Sie wollen wir als SPD ganz besonders unterstützen.
4-1	760-766	Gerade	_	B
4-2	767-773	kleine	_	I
4-3	774-786	Händlerinnen	_	I
4-4	787-790	und	_	_
4-5	791-798	Händler	_	B
4-6	799-804	sowie	_	_
4-7	805-816	Gastronomen	_	B
4-8	817-819	in	_	_
4-9	820-823	den	_	B
4-10	824-834	Quartieren	_	I
4-11	835-836	–	_	_
4-12	837-840	ich	_	B
4-13	841-845	habe	_	_
4-14	846-854	ungefähr	_	_
4-15	855-857	20	_	_
4-16	858-863	davon	_	_
4-17	864-866	in	_	_
4-18	867-873	meinem	_	B
4-19	874-883	Wahlkreis	_	I
4-20	884-886	im	_	_
4-21	887-896	Hamburger	_	B
4-22	897-903	Norden	_	I
4-23	904-905	–	_	_
4-24	906-915	benötigen	_	_
4-25	916-920	doch	_	_
4-26	921-926	jetzt	_	_
4-27	927-935	schnelle	_	B
4-28	936-941	Hilfe	_	I
4-29	942-950	jenseits	_	_
4-30	951-954	von	_	_
4-31	955-961	langen	_	B
4-32	962-984	Gesetzgebungsprozessen	_	I
4-33	984-985	,	_	_
4-34	986-989	sie	_	B
4-35	990-999	benötigen	_	_
4-36	1000-1005	jetzt	_	_
4-37	1006-1018	Perspektiven	_	B
4-38	1018-1019	.	_	_
4-39	1020-1023	Sie	_	B
4-40	1024-1030	wollen	_	_
4-41	1031-1034	wir	_	B
4-42	1035-1038	als	_	_
4-43	1039-1042	SPD	_	B
4-44	1043-1047	ganz	_	_
4-45	1048-1057	besonders	_	_
4-46	1058-1070	unterstützen	_	_
4-47	1070-1071	.	_	_

#Text=Was braucht also etwa der Kinderspielzeugladen bei mir um die Ecke oder die Buchhandlung oder das Café? Ich möchte als Anregung einige konkrete Maßnahmen zur Stärkung von solchen kleinen Einkaufsquartieren nennen, an denen wir auf Landesebene gerade in Hamburg arbeiten bzw. die wir auch schon umsetzen.
5-1	1075-1078	Was	_	B
5-2	1079-1086	braucht	_	_
5-3	1087-1091	also	_	_
5-4	1092-1096	etwa	_	B
5-5	1097-1100	der	_	I
5-6	1101-1121	Kinderspielzeugladen	_	I
5-7	1122-1125	bei	_	_
5-8	1126-1129	mir	_	B
5-9	1130-1132	um	_	_
5-10	1133-1136	die	_	B
5-11	1137-1141	Ecke	_	I
5-12	1142-1146	oder	_	_
5-13	1147-1150	die	_	B
5-14	1151-1163	Buchhandlung	_	I
5-15	1164-1168	oder	_	_
5-16	1169-1172	das	_	B
5-17	1173-1177	Café	_	I
5-18	1177-1178	?	_	_
5-19	1179-1182	Ich	_	B
5-20	1183-1189	möchte	_	_
5-21	1190-1193	als	_	_
5-22	1194-1202	Anregung	_	B
5-23	1203-1209	einige	_	B
5-24	1210-1218	konkrete	_	I
5-25	1219-1228	Maßnahmen	_	I
5-26	1229-1232	zur	_	_
5-27	1233-1241	Stärkung	_	B
5-28	1242-1245	von	_	_
5-29	1246-1253	solchen	_	B
5-30	1254-1261	kleinen	_	I
5-31	1262-1280	Einkaufsquartieren	_	I
5-32	1281-1287	nennen	_	_
5-33	1287-1288	,	_	_
5-34	1289-1291	an	_	_
5-35	1292-1297	denen	_	B
5-36	1298-1301	wir	_	B
5-37	1302-1305	auf	_	_
5-38	1306-1317	Landesebene	_	B
5-39	1318-1324	gerade	_	_
5-40	1325-1327	in	_	_
5-41	1328-1335	Hamburg	_	B
5-42	1336-1344	arbeiten	_	_
5-43	1345-1349	bzw.	_	_
5-44	1350-1353	die	_	B
5-45	1354-1357	wir	_	B
5-46	1358-1362	auch	_	_
5-47	1363-1368	schon	_	_
5-48	1369-1377	umsetzen	_	_
5-49	1377-1378	.	_	_

#Text=Es wird dort ein Neustartfonds aufgelegt, aus dem die Interessengemeinschaften der Quartiere Gelder für Aktionen, Veranstaltungen oder auch Marketing erhalten. Zur Vermeidung von Geschäftsleerstand wird es städtische Mietzuschüsse bei lokaler, kultureller oder kreativer Zwischennutzung geben, es wird die Nutzung von Außenflächen für Gastro und Verkauf erleichtert, und auch die Gebühren fallen weg. Das ist schon eine große Hilfestellung. Vor Kurzem ist ein Programm „Hamburger Digitalbonus“ gestartet worden, mit dem kleinere Unternehmen beim Ausbau ihrer digitalen Angebote finanziell unterstützt werden; das sind nur einige Beispiele an Maßnahmen. Durch sie wird schnelle Hilfe geleistet und Perspektiven geschaffen. Aber dazu gehört noch mehr – es wurden eben schon ein paar Punkte genannt –: Natürlich brauchen wir auch eine attraktive Platzgestaltung, Barrierefreiheit, gute Erreichbarkeit, vor allem mit ÖPNV, oder auch ein eigenes Quartiersmanagement.
6-1	1382-1384	Es	_	B
6-2	1385-1389	wird	_	_
6-3	1390-1394	dort	_	_
6-4	1395-1398	ein	_	B
6-5	1399-1412	Neustartfonds	_	I
6-6	1413-1422	aufgelegt	_	_
6-7	1422-1423	,	_	_
6-8	1424-1427	aus	_	_
6-9	1428-1431	dem	_	B
6-10	1432-1435	die	_	B
6-11	1436-1460	Interessengemeinschaften	_	I
6-12	1461-1464	der	_	B
6-13	1465-1474	Quartiere	_	I
6-14	1475-1481	Gelder	_	B
6-15	1482-1485	für	_	_
6-16	1486-1494	Aktionen	_	B
6-17	1494-1495	,	_	_
6-18	1496-1511	Veranstaltungen	_	B
6-19	1512-1516	oder	_	_
6-20	1517-1521	auch	_	B
6-21	1522-1531	Marketing	_	I
6-22	1532-1540	erhalten	_	_
6-23	1540-1541	.	_	_
6-24	1542-1545	Zur	_	_
6-25	1546-1556	Vermeidung	_	B
6-26	1557-1560	von	_	_
6-27	1561-1579	Geschäftsleerstand	_	B
6-28	1580-1584	wird	_	_
6-29	1585-1587	es	_	_
6-30	1588-1598	städtische	_	B
6-31	1599-1612	Mietzuschüsse	_	I
6-32	1613-1616	bei	_	_
6-33	1617-1624	lokaler	_	B
6-34	1624-1625	,	_	I
6-35	1626-1637	kultureller	_	I
6-36	1638-1642	oder	_	I
6-37	1643-1652	kreativer	_	I
6-38	1653-1668	Zwischennutzung	_	I
6-39	1669-1674	geben	_	_
6-40	1674-1675	,	_	_
6-41	1676-1678	es	_	_
6-42	1679-1683	wird	_	_
6-43	1684-1687	die	_	B
6-44	1688-1695	Nutzung	_	I
6-45	1696-1699	von	_	_
6-46	1700-1712	Außenflächen	_	B
6-47	1713-1716	für	_	_
6-48	1717-1723	Gastro	_	B
6-49	1724-1727	und	_	_
6-50	1728-1735	Verkauf	_	B
6-51	1736-1747	erleichtert	_	_
6-52	1747-1748	,	_	_
6-53	1749-1752	und	_	_
6-54	1753-1757	auch	_	B
6-55	1758-1761	die	_	I
6-56	1762-1770	Gebühren	_	I
6-57	1771-1777	fallen	_	_
6-58	1778-1781	weg	_	_
6-59	1781-1782	.	_	_
6-60	1783-1786	Das	_	B
6-61	1787-1790	ist	_	_
6-62	1791-1796	schon	_	_
6-63	1797-1801	eine	_	B
6-64	1802-1807	große	_	I
6-65	1808-1821	Hilfestellung	_	I
6-66	1821-1822	.	_	_
6-67	1823-1826	Vor	_	_
6-68	1827-1833	Kurzem	_	_
6-69	1834-1837	ist	_	_
6-70	1838-1841	ein	_	B
6-71	1842-1850	Programm	_	I
6-72	1851-1852	„	_	I
6-73	1852-1861	Hamburger	_	I
6-74	1862-1874	Digitalbonus	_	I
6-75	1874-1875	“	_	_
6-76	1876-1885	gestartet	_	_
6-77	1886-1892	worden	_	_
6-78	1892-1893	,	_	_
6-79	1894-1897	mit	_	_
6-80	1898-1901	dem	_	B
6-81	1902-1910	kleinere	_	B
6-82	1911-1922	Unternehmen	_	I
6-83	1923-1927	beim	_	_
6-84	1928-1934	Ausbau	_	B
6-85	1935-1940	ihrer	_	B
6-86	1941-1950	digitalen	_	I
6-87	1951-1959	Angebote	_	I
6-88	1960-1970	finanziell	_	_
6-89	1971-1982	unterstützt	_	_
6-90	1983-1989	werden	_	_
6-91	1989-1990	;	_	_
6-92	1991-1994	das	_	B
6-93	1995-1999	sind	_	_
6-94	2000-2003	nur	_	B
6-95	2004-2010	einige	_	I
6-96	2011-2020	Beispiele	_	I
6-97	2021-2023	an	_	_
6-98	2024-2033	Maßnahmen	_	B
6-99	2033-2034	.	_	_
6-100	2035-2040	Durch	_	_
6-101	2041-2044	sie	_	B
6-102	2045-2049	wird	_	_
6-103	2050-2058	schnelle	_	B
6-104	2059-2064	Hilfe	_	I
6-105	2065-2074	geleistet	_	_
6-106	2075-2078	und	_	_
6-107	2079-2091	Perspektiven	_	B
6-108	2092-2102	geschaffen	_	_
6-109	2102-2103	.	_	_
6-110	2104-2108	Aber	_	_
6-111	2109-2113	dazu	_	_
6-112	2114-2120	gehört	_	_
6-113	2121-2125	noch	_	_
6-114	2126-2130	mehr	_	_
6-115	2131-2132	–	_	_
6-116	2133-2135	es	_	B
6-117	2136-2142	wurden	_	_
6-118	2143-2147	eben	_	_
6-119	2148-2153	schon	_	_
6-120	2154-2157	ein	_	B
6-121	2158-2162	paar	_	I
6-122	2163-2169	Punkte	_	I
6-123	2170-2177	genannt	_	_
6-124	2178-2179	–	_	_
6-125	2179-2180	:	_	_
6-126	2181-2190	Natürlich	_	_
6-127	2191-2199	brauchen	_	_
6-128	2200-2203	wir	_	B
6-129	2204-2208	auch	_	_
6-130	2209-2213	eine	_	B
6-131	2214-2224	attraktive	_	I
6-132	2225-2240	Platzgestaltung	_	I
6-133	2240-2241	,	_	_
6-134	2242-2258	Barrierefreiheit	_	B
6-135	2258-2259	,	_	_
6-136	2260-2264	gute	_	B
6-137	2265-2279	Erreichbarkeit	_	I
6-138	2279-2280	,	_	_
6-139	2281-2284	vor	_	_
6-140	2285-2290	allem	_	B
6-141	2291-2294	mit	_	_
6-142	2295-2299	ÖPNV	_	B
6-143	2299-2300	,	_	_
6-144	2301-2305	oder	_	_
6-145	2306-2310	auch	_	B
6-146	2311-2314	ein	_	I
6-147	2315-2322	eigenes	_	I
6-148	2323-2342	Quartiersmanagement	_	I
6-149	2342-2343	.	_	_

#Text=Kurzum: Es gibt weiterhin sehr viel zu tun. Wir alle – ich glaube, da sind wir uns einig – wollen lebendige Städte, Marktplätze und Quartiere. Wir wollen, dass sie Treffpunkte bleiben. Deswegen sind alle gemeinsam gefordert, anzupacken und nicht gegeneinander zu arbeiten: Bund, Länder, Kommunen, Immobilienbesitzer, Akteure vor Ort und auch die Zivilgesellschaft. Wir als SPD – das sagte mein Kollege schon – wollen konkrete, schnell umsetzbare Hilfe und Unterstützung im Nachtragshaushalt des Bundestages verankern. Das ist ein ganz wichtiger Punkt für uns.
7-1	2364-2370	Kurzum	_	_
7-2	2370-2371	:	_	_
7-3	2372-2374	Es	_	_
7-4	2375-2379	gibt	_	_
7-5	2380-2389	weiterhin	_	_
7-6	2390-2394	sehr	_	B
7-7	2395-2399	viel	_	I
7-8	2400-2402	zu	_	_
7-9	2403-2406	tun	_	_
7-10	2406-2407	.	_	_
7-11	2408-2411	Wir	_	B
7-12	2412-2416	alle	_	B
7-13	2417-2418	–	_	_
7-14	2419-2422	ich	_	B
7-15	2423-2429	glaube	_	_
7-16	2429-2430	,	_	_
7-17	2431-2433	da	_	_
7-18	2434-2438	sind	_	_
7-19	2439-2442	wir	_	B
7-20	2443-2446	uns	_	B
7-21	2447-2452	einig	_	_
7-22	2453-2454	–	_	_
7-23	2455-2461	wollen	_	_
7-24	2462-2471	lebendige	_	B
7-25	2472-2478	Städte	_	I
7-26	2478-2479	,	_	_
7-27	2480-2491	Marktplätze	_	B
7-28	2492-2495	und	_	_
7-29	2496-2505	Quartiere	_	B
7-30	2505-2506	.	_	_
7-31	2507-2510	Wir	_	B
7-32	2511-2517	wollen	_	_
7-33	2517-2518	,	_	_
7-34	2519-2523	dass	_	_
7-35	2524-2527	sie	_	B
7-36	2528-2539	Treffpunkte	_	B
7-37	2540-2547	bleiben	_	_
7-38	2547-2548	.	_	_
7-39	2549-2557	Deswegen	_	_
7-40	2558-2562	sind	_	_
7-41	2563-2567	alle	_	B
7-42	2568-2577	gemeinsam	_	_
7-43	2578-2587	gefordert	_	_
7-44	2587-2588	,	_	_
7-45	2589-2599	anzupacken	_	_
7-46	2600-2603	und	_	_
7-47	2604-2609	nicht	_	_
7-48	2610-2623	gegeneinander	_	_
7-49	2624-2626	zu	_	_
7-50	2627-2635	arbeiten	_	_
7-51	2635-2636	:	_	_
7-52	2637-2641	Bund	_	B
7-53	2641-2642	,	_	_
7-54	2643-2649	Länder	_	B
7-55	2649-2650	,	_	_
7-56	2651-2659	Kommunen	_	B
7-57	2659-2660	,	_	_
7-58	2661-2679	Immobilienbesitzer	_	B
7-59	2679-2680	,	_	_
7-60	2681-2688	Akteure	_	B
7-61	2689-2692	vor	_	_
7-62	2693-2696	Ort	_	B
7-63	2697-2700	und	_	_
7-64	2701-2705	auch	_	B
7-65	2706-2709	die	_	I
7-66	2710-2727	Zivilgesellschaft	_	I
7-67	2727-2728	.	_	_
7-68	2729-2732	Wir	_	_
7-69	2733-2736	als	_	_
7-70	2737-2740	SPD	_	B
7-71	2741-2742	–	_	_
7-72	2743-2746	das	_	_
7-73	2747-2752	sagte	_	_
7-74	2753-2757	mein	_	B
7-75	2758-2765	Kollege	_	I
7-76	2766-2771	schon	_	_
7-77	2772-2773	–	_	_
7-78	2774-2780	wollen	_	_
7-79	2781-2789	konkrete	_	B
7-80	2789-2790	,	_	I
7-81	2791-2798	schnell	_	I
7-82	2799-2809	umsetzbare	_	I
7-83	2810-2815	Hilfe	_	I
7-84	2816-2819	und	_	_
7-85	2820-2833	Unterstützung	_	B
7-86	2834-2836	im	_	_
7-87	2837-2854	Nachtragshaushalt	_	B
7-88	2855-2858	des	_	B
7-89	2859-2870	Bundestages	_	I
7-90	2871-2880	verankern	_	_
7-91	2880-2881	.	_	_
7-92	2882-2885	Das	_	B
7-93	2886-2889	ist	_	_
7-94	2890-2893	ein	_	B
7-95	2894-2898	ganz	_	I
7-96	2899-2908	wichtiger	_	I
7-97	2909-2914	Punkt	_	I
7-98	2915-2918	für	_	_
7-99	2919-2922	uns	_	B
7-100	2922-2923	.	_	_

#Text=Ein Appell zum Schluss: Die Zukunft unserer Städte wird nicht allein von uns in der Politik, von den Händlern oder von den Immobilienbesitzern entschieden. Sie wird auch ganz klar von den Bürgerinnen und Bürgern entschieden; denn jeder und jede kann mit dem eigenen Einkaufsverhalten dazu beitragen, dass es auch in Zukunft lebendige Quartiere gibt.
8-1	2941-2944	Ein	_	B
8-2	2945-2951	Appell	_	I
8-3	2952-2955	zum	_	_
8-4	2956-2963	Schluss	_	B
8-5	2963-2964	:	_	_
8-6	2965-2968	Die	_	B
8-7	2969-2976	Zukunft	_	I
8-8	2977-2984	unserer	_	B
8-9	2985-2991	Städte	_	I
8-10	2992-2996	wird	_	_
8-11	2997-3002	nicht	_	_
8-12	3003-3009	allein	_	_
8-13	3010-3013	von	_	_
8-14	3014-3017	uns	_	B
8-15	3018-3020	in	_	_
8-16	3021-3024	der	_	B
8-17	3025-3032	Politik	_	I
8-18	3032-3033	,	_	_
8-19	3034-3037	von	_	_
8-20	3038-3041	den	_	B
8-21	3042-3050	Händlern	_	I
8-22	3051-3055	oder	_	_
8-23	3056-3059	von	_	_
8-24	3060-3063	den	_	B
8-25	3064-3083	Immobilienbesitzern	_	I
8-26	3084-3095	entschieden	_	_
8-27	3095-3096	.	_	_
8-28	3097-3100	Sie	_	B
8-29	3101-3105	wird	_	_
8-30	3106-3110	auch	_	_
8-31	3111-3115	ganz	_	_
8-32	3116-3120	klar	_	_
8-33	3121-3124	von	_	_
8-34	3125-3128	den	_	B
8-35	3129-3140	Bürgerinnen	_	I
8-36	3141-3144	und	_	_
8-37	3145-3152	Bürgern	_	B
8-38	3153-3164	entschieden	_	_
8-39	3164-3165	;	_	_
8-40	3166-3170	denn	_	B
8-41	3171-3176	jeder	_	I
8-42	3177-3180	und	_	_
8-43	3181-3185	jede	_	B
8-44	3186-3190	kann	_	_
8-45	3191-3194	mit	_	_
8-46	3195-3198	dem	_	B
8-47	3199-3206	eigenen	_	I
8-48	3207-3224	Einkaufsverhalten	_	I
8-49	3225-3229	dazu	_	_
8-50	3230-3239	beitragen	_	_
8-51	3239-3240	,	_	_
8-52	3241-3245	dass	_	_
8-53	3246-3248	es	_	_
8-54	3249-3253	auch	_	_
8-55	3254-3256	in	_	_
8-56	3257-3264	Zukunft	_	B
8-57	3265-3274	lebendige	_	B
8-58	3275-3284	Quartiere	_	I
8-59	3285-3289	gibt	_	_
8-60	3289-3290	.	_	_

#Text=Frau Kollegin.
9-1	3297-3301	Frau	_	B
9-2	3302-3310	Kollegin	_	I
9-3	3310-3311	.	_	_

#Text=Buy local – das gilt mehr denn je.
10-1	3313-3316	Buy	_	B
10-2	3317-3322	local	_	I
10-3	3323-3324	–	_	I
10-4	3325-3328	das	_	I
10-5	3329-3333	gilt	_	_
10-6	3334-3338	mehr	_	_
10-7	3339-3343	denn	_	_
10-8	3344-3346	je	_	_
10-9	3346-3347	.	_	_

#Text=Vielen Dank.
11-1	3349-3355	Vielen	_	_
11-2	3356-3360	Dank	_	_
11-3	3360-3361	.	_	_

#Text=Vielen Dank, Frau Kollegin Martin. – Als letztem Redner zu diesem Tagesordnungspunkt erteile ich dem Kollegen Eckhard Pols, CDU/CSU-Fraktion, das Wort.
12-1	3363-3369	Vielen	_	_
12-2	3370-3374	Dank	_	_
12-3	3374-3375	,	_	_
12-4	3376-3380	Frau	_	_
12-5	3381-3389	Kollegin	_	B
12-6	3390-3396	Martin	_	I
12-7	3396-3397	.	_	_
12-8	3398-3399	–	_	_
12-9	3400-3403	Als	_	_
12-10	3404-3411	letztem	_	B
12-11	3412-3418	Redner	_	I
12-12	3419-3421	zu	_	_
12-13	3422-3428	diesem	_	B
12-14	3429-3447	Tagesordnungspunkt	_	I
12-15	3448-3455	erteile	_	_
12-16	3456-3459	ich	_	B
12-17	3460-3463	dem	_	B
12-18	3464-3472	Kollegen	_	I
12-19	3473-3480	Eckhard	_	I
12-20	3481-3485	Pols	_	I
12-21	3485-3486	,	_	I
12-22	3487-3490	CDU	_	I
12-23	3490-3491	/	_	I
12-24	3491-3503	CSU-Fraktion	_	B
12-25	3503-3504	,	_	_
12-26	3505-3508	das	_	B
12-27	3509-3513	Wort	_	I
12-28	3513-3514	.	_	_
