#FORMAT=WebAnno TSV 3.2
#T_SP=webanno.custom.Animacy|Animated
#T_SP=webanno.custom.CustomChunk|Chunk


#Text=Sehr geehrte Frau Präsidentin! Liebe Kolleginnen und Kollegen! Meine sehr verehrten Damen und Herren! Ich glaube, ich kann mir heute große Lageanalysen sparen. Sie alle haben die Nachrichten der letzten Tage aus Nordsyrien verfolgt: die Abzugsankündigung der Vereinigten Staaten, der türkische Militäreinsatz und seine humanitären Folgen, die Verständigung zwischen den USA und der Türkei auf eine Waffenruhe, der begonnene Rückzug der kurdischen Kräfte, das Vorrücken der Truppen des Regimes und schließlich vorgestern das Treffen von Präsident Erdogan und Präsident Putin in Sotschi, bei dem die jeweiligen Einflusszonen abgesteckt worden sind. Natürlich können wir nicht zufrieden sein, wenn diese Akteure einseitige Fakten schaffen; natürlich muss die internationale Staatengemeinschaft dazu eine Haltung einnehmen und Antworten liefern.
1-1	0-4	Sehr	_	B
1-2	5-12	geehrte	_	I
1-3	13-17	Frau	_	I
1-4	18-29	Präsidentin	_	I
1-5	29-30	!	_	_
1-6	31-36	Liebe	_	B
1-7	37-48	Kolleginnen	_	_
1-8	49-52	und	_	_
1-9	53-61	Kollegen	_	B
1-10	61-62	!	_	_
1-11	63-68	Meine	_	B
1-12	69-73	sehr	_	I
1-13	74-83	verehrten	_	I
1-14	84-89	Damen	_	I
1-15	90-93	und	_	_
1-16	94-100	Herren	_	B
1-17	100-101	!	_	_
1-18	102-105	Ich	_	B
1-19	106-112	glaube	_	_
1-20	112-113	,	_	_
1-21	114-117	ich	_	B
1-22	118-122	kann	_	_
1-23	123-126	mir	_	B
1-24	127-132	heute	_	_
1-25	133-138	große	_	B
1-26	139-151	Lageanalysen	_	I
1-27	152-158	sparen	_	_
1-28	158-159	.	_	_
1-29	160-163	Sie	_	B
1-30	164-168	alle	_	B
1-31	169-174	haben	_	_
1-32	175-178	die	_	B
1-33	179-190	Nachrichten	_	I
1-34	191-194	der	_	B
1-35	195-202	letzten	_	I
1-36	203-207	Tage	_	I
1-37	208-211	aus	_	_
1-38	212-222	Nordsyrien	_	B
1-39	223-231	verfolgt	_	_
1-40	231-232	:	_	_
1-41	233-236	die	_	B
1-42	237-254	Abzugsankündigung	_	I
1-43	255-258	der	_	B
1-44	259-270	Vereinigten	_	I
1-45	271-278	Staaten	_	I
1-46	278-279	,	_	_
1-47	280-283	der	_	B
1-48	284-293	türkische	_	I
1-49	294-308	Militäreinsatz	_	I
1-50	309-312	und	_	_
1-51	313-318	seine	_	B
1-52	319-330	humanitären	_	I
1-53	331-337	Folgen	_	I
1-54	337-338	,	_	_
1-55	339-342	die	_	B
1-56	343-356	Verständigung	_	I
1-57	357-365	zwischen	_	_
1-58	366-369	den	_	B
1-59	370-373	USA	_	I
1-60	374-377	und	_	_
1-61	378-381	der	_	B
1-62	382-388	Türkei	_	I
1-63	389-392	auf	_	_
1-64	393-397	eine	_	B
1-65	398-408	Waffenruhe	_	I
1-66	408-409	,	_	_
1-67	410-413	der	_	B
1-68	414-423	begonnene	_	I
1-69	424-431	Rückzug	_	I
1-70	432-435	der	_	B
1-71	436-446	kurdischen	_	I
1-72	447-453	Kräfte	_	I
1-73	453-454	,	_	_
1-74	455-458	das	_	B
1-75	459-468	Vorrücken	_	I
1-76	469-472	der	_	B
1-77	473-480	Truppen	_	I
1-78	481-484	des	_	B
1-79	485-492	Regimes	_	I
1-80	493-496	und	_	_
1-81	497-508	schließlich	_	B
1-82	509-519	vorgestern	_	I
1-83	520-523	das	_	I
1-84	524-531	Treffen	_	I
1-85	532-535	von	_	_
1-86	536-545	Präsident	_	B
1-87	546-553	Erdogan	_	I
1-88	554-557	und	_	_
1-89	558-567	Präsident	_	B
1-90	568-573	Putin	_	I
1-91	574-576	in	_	_
1-92	577-584	Sotschi	_	B
1-93	584-585	,	_	_
1-94	586-589	bei	_	_
1-95	590-593	dem	_	B
1-96	594-597	die	_	B
1-97	598-608	jeweiligen	_	I
1-98	609-622	Einflusszonen	_	I
1-99	623-633	abgesteckt	_	_
1-100	634-640	worden	_	_
1-101	641-645	sind	_	_
1-102	645-646	.	_	_
1-103	647-656	Natürlich	_	_
1-104	657-663	können	_	_
1-105	664-667	wir	_	B
1-106	668-673	nicht	_	_
1-107	674-683	zufrieden	_	_
1-108	684-688	sein	_	_
1-109	688-689	,	_	_
1-110	690-694	wenn	_	_
1-111	695-700	diese	_	B
1-112	701-708	Akteure	_	I
1-113	709-719	einseitige	_	B
1-114	720-726	Fakten	_	I
1-115	727-735	schaffen	_	_
1-116	735-736	;	_	_
1-117	737-746	natürlich	_	_
1-118	747-751	muss	_	_
1-119	752-755	die	_	B
1-120	756-770	internationale	_	I
1-121	771-790	Staatengemeinschaft	_	I
1-122	791-795	dazu	_	_
1-123	796-800	eine	_	B
1-124	801-808	Haltung	_	I
1-125	809-818	einnehmen	_	_
1-126	819-822	und	_	_
1-127	823-832	Antworten	_	B
1-128	833-840	liefern	_	_
1-129	840-841	.	_	_

#Text=Bei allen Diskussionen innerhalb der Bundesregierung über die Frage, ob eine Schutzzone eine Antwort sein kann: Entscheidend ist im Ergebnis, worauf wir uns mit unseren internationalen Partnern in dieser Situation verständigen können. Darüber ist geredet worden, und darüber wird jetzt geredet. Davon wird abhängig sein, welche Pläne wir weiterverfolgen und welche nicht.
2-1	857-860	Bei	_	_
2-2	861-866	allen	_	B
2-3	867-879	Diskussionen	_	I
2-4	880-889	innerhalb	_	_
2-5	890-893	der	_	B
2-6	894-909	Bundesregierung	_	I
2-7	910-914	über	_	_
2-8	915-918	die	_	B
2-9	919-924	Frage	_	I
2-10	924-925	,	_	_
2-11	926-928	ob	_	_
2-12	929-933	eine	_	B
2-13	934-944	Schutzzone	_	I
2-14	945-949	eine	_	B
2-15	950-957	Antwort	_	I
2-16	958-962	sein	_	_
2-17	963-967	kann	_	_
2-18	967-968	:	_	_
2-19	969-981	Entscheidend	_	_
2-20	982-985	ist	_	_
2-21	986-988	im	_	_
2-22	989-997	Ergebnis	_	B
2-23	997-998	,	_	_
2-24	999-1005	worauf	_	_
2-25	1006-1009	wir	_	B
2-26	1010-1013	uns	_	B
2-27	1014-1017	mit	_	_
2-28	1018-1025	unseren	_	B
2-29	1026-1041	internationalen	_	I
2-30	1042-1050	Partnern	_	I
2-31	1051-1053	in	_	_
2-32	1054-1060	dieser	_	B
2-33	1061-1070	Situation	_	I
2-34	1071-1083	verständigen	_	_
2-35	1084-1090	können	_	_
2-36	1090-1091	.	_	_
2-37	1092-1099	Darüber	_	_
2-38	1100-1103	ist	_	_
2-39	1104-1111	geredet	_	_
2-40	1112-1118	worden	_	_
2-41	1118-1119	,	_	_
2-42	1120-1123	und	_	_
2-43	1124-1131	darüber	_	_
2-44	1132-1136	wird	_	_
2-45	1137-1142	jetzt	_	_
2-46	1143-1150	geredet	_	_
2-47	1150-1151	.	_	_
2-48	1152-1157	Davon	_	_
2-49	1158-1162	wird	_	_
2-50	1163-1171	abhängig	_	_
2-51	1172-1176	sein	_	_
2-52	1176-1177	,	_	_
2-53	1178-1184	welche	_	B
2-54	1185-1190	Pläne	_	I
2-55	1191-1194	wir	_	_
2-56	1195-1210	weiterverfolgen	_	_
2-57	1211-1214	und	_	_
2-58	1215-1221	welche	_	B
2-59	1222-1227	nicht	_	_
2-60	1227-1228	.	_	_

#Text=Was wir jetzt aber auf jeden Fall unterstützen müssen, meine sehr verehrten Damen und Herren, und zwar noch intensiver, als das bisher schon der Fall gewesen ist, ist der politische Prozess unter der Führung der Vereinten Nationen.
3-1	1237-1240	Was	_	B
3-2	1241-1244	wir	_	B
3-3	1245-1250	jetzt	_	_
3-4	1251-1255	aber	_	_
3-5	1256-1259	auf	_	_
3-6	1260-1265	jeden	_	B
3-7	1266-1270	Fall	_	I
3-8	1271-1283	unterstützen	_	_
3-9	1284-1290	müssen	_	_
3-10	1290-1291	,	_	_
3-11	1292-1297	meine	_	B
3-12	1298-1302	sehr	_	I
3-13	1303-1312	verehrten	_	I
3-14	1313-1318	Damen	_	I
3-15	1319-1322	und	_	_
3-16	1323-1329	Herren	_	B
3-17	1329-1330	,	_	_
3-18	1331-1334	und	_	_
3-19	1335-1339	zwar	_	_
3-20	1340-1344	noch	_	_
3-21	1345-1355	intensiver	_	_
3-22	1355-1356	,	_	_
3-23	1357-1360	als	_	_
3-24	1361-1364	das	_	_
3-25	1365-1371	bisher	_	_
3-26	1372-1377	schon	_	_
3-27	1378-1381	der	_	B
3-28	1382-1386	Fall	_	I
3-29	1387-1394	gewesen	_	_
3-30	1395-1398	ist	_	_
3-31	1398-1399	,	_	_
3-32	1400-1403	ist	_	_
3-33	1404-1407	der	_	B
3-34	1408-1418	politische	_	I
3-35	1419-1426	Prozess	_	I
3-36	1427-1432	unter	_	_
3-37	1433-1436	der	_	B
3-38	1437-1444	Führung	_	I
3-39	1445-1448	der	_	B
3-40	1449-1458	Vereinten	_	I
3-41	1459-1467	Nationen	_	I
3-42	1467-1468	.	_	_

#Text=In der aktuellen Debatte gerät das ein wenig in den Hintergrund. Das ist das, was wir seit Jahren und Monaten zusammen mit unseren internationalen Partnern gemacht haben, etwa indem wir das Büro der syrischen Opposition in Genf mit viel Geld unterstützt haben und damit auch die Verhandlungen, die jetzt geführt werden, erst möglich geworden sind. Wir unterstützen den Sondergesandten der Vereinten Nationen Pedersen politisch, finanziell und logistisch, weil wir davon überzeugt sind, dass seine Vorschläge und sein Weg, den er auch jetzt noch einmal beschrieben hat, der richtige ist. Nur auf diesem Weg ist eine politische Lösung möglich, und nur eine politische Lösung kann dauerhaft Frieden in Syrien schaffen.
4-1	1474-1476	In	_	_
4-2	1477-1480	der	_	B
4-3	1481-1490	aktuellen	_	I
4-4	1491-1498	Debatte	_	I
4-5	1499-1504	gerät	_	_
4-6	1505-1508	das	_	B
4-7	1509-1512	ein	_	B
4-8	1513-1518	wenig	_	I
4-9	1519-1521	in	_	_
4-10	1522-1525	den	_	B
4-11	1526-1537	Hintergrund	_	I
4-12	1537-1538	.	_	_
4-13	1539-1542	Das	_	B
4-14	1543-1546	ist	_	_
4-15	1547-1550	das	_	B
4-16	1550-1551	,	_	_
4-17	1552-1555	was	_	B
4-18	1556-1559	wir	_	B
4-19	1560-1564	seit	_	_
4-20	1565-1571	Jahren	_	B
4-21	1572-1575	und	_	_
4-22	1576-1583	Monaten	_	B
4-23	1584-1592	zusammen	_	_
4-24	1593-1596	mit	_	_
4-25	1597-1604	unseren	_	B
4-26	1605-1620	internationalen	_	I
4-27	1621-1629	Partnern	_	I
4-28	1630-1637	gemacht	_	_
4-29	1638-1643	haben	_	_
4-30	1643-1644	,	_	_
4-31	1645-1649	etwa	_	_
4-32	1650-1655	indem	_	_
4-33	1656-1659	wir	_	B
4-34	1660-1663	das	_	B
4-35	1664-1668	Büro	_	I
4-36	1669-1672	der	_	B
4-37	1673-1682	syrischen	_	I
4-38	1683-1693	Opposition	_	I
4-39	1694-1696	in	_	_
4-40	1697-1701	Genf	_	B
4-41	1702-1705	mit	_	_
4-42	1706-1710	viel	_	B
4-43	1711-1715	Geld	_	I
4-44	1716-1727	unterstützt	_	_
4-45	1728-1733	haben	_	_
4-46	1734-1737	und	_	_
4-47	1738-1743	damit	_	B
4-48	1744-1748	auch	_	I
4-49	1749-1752	die	_	I
4-50	1753-1766	Verhandlungen	_	I
4-51	1766-1767	,	_	_
4-52	1768-1771	die	_	B
4-53	1772-1777	jetzt	_	_
4-54	1778-1785	geführt	_	_
4-55	1786-1792	werden	_	_
4-56	1792-1793	,	_	_
4-57	1794-1798	erst	_	_
4-58	1799-1806	möglich	_	_
4-59	1807-1815	geworden	_	_
4-60	1816-1820	sind	_	_
4-61	1820-1821	.	_	_
4-62	1822-1825	Wir	_	B
4-63	1826-1838	unterstützen	_	_
4-64	1839-1842	den	_	B
4-65	1843-1858	Sondergesandten	_	I
4-66	1859-1862	der	_	B
4-67	1863-1872	Vereinten	_	I
4-68	1873-1881	Nationen	_	I
4-69	1882-1890	Pedersen	_	I
4-70	1891-1900	politisch	_	_
4-71	1900-1901	,	_	_
4-72	1902-1912	finanziell	_	_
4-73	1913-1916	und	_	_
4-74	1917-1927	logistisch	_	_
4-75	1927-1928	,	_	_
4-76	1929-1933	weil	_	_
4-77	1934-1937	wir	_	B
4-78	1938-1943	davon	_	_
4-79	1944-1953	überzeugt	_	_
4-80	1954-1958	sind	_	_
4-81	1958-1959	,	_	_
4-82	1960-1964	dass	_	_
4-83	1965-1970	seine	_	B
4-84	1971-1981	Vorschläge	_	I
4-85	1982-1985	und	_	_
4-86	1986-1990	sein	_	B
4-87	1991-1994	Weg	_	I
4-88	1994-1995	,	_	_
4-89	1996-1999	den	_	B
4-90	2000-2002	er	_	B
4-91	2003-2007	auch	_	_
4-92	2008-2013	jetzt	_	_
4-93	2014-2018	noch	_	_
4-94	2019-2025	einmal	_	_
4-95	2026-2037	beschrieben	_	_
4-96	2038-2041	hat	_	_
4-97	2041-2042	,	_	_
4-98	2043-2046	der	_	B
4-99	2047-2055	richtige	_	_
4-100	2056-2059	ist	_	_
4-101	2059-2060	.	_	_
4-102	2061-2064	Nur	_	_
4-103	2065-2068	auf	_	_
4-104	2069-2075	diesem	_	B
4-105	2076-2079	Weg	_	I
4-106	2080-2083	ist	_	_
4-107	2084-2088	eine	_	B
4-108	2089-2099	politische	_	I
4-109	2100-2106	Lösung	_	I
4-110	2107-2114	möglich	_	_
4-111	2114-2115	,	_	_
4-112	2116-2119	und	_	_
4-113	2120-2123	nur	_	B
4-114	2124-2128	eine	_	I
4-115	2129-2139	politische	_	I
4-116	2140-2146	Lösung	_	I
4-117	2147-2151	kann	_	_
4-118	2152-2161	dauerhaft	_	_
4-119	2162-2169	Frieden	_	B
4-120	2170-2172	in	_	_
4-121	2173-2179	Syrien	_	B
4-122	2180-2188	schaffen	_	_
4-123	2188-2189	.	_	_

#Text=Mit der langersehnten Einigung auf die Einberufung eines Verfassungskomitees, in dem unterschiedliche gesellschaftliche Gruppen aus ganz Syrien vertreten sind, sind wir endlich einen Schritt vorangekommen, der uns die Möglichkeit gibt, diesen politischen Prozess zu eröffnen. Die erste Sitzung dieses Verfassungskomitees soll bereits in wenigen Tagen stattfinden. Wenn das der Fall ist, wenn alle Beteiligten endlich an einem Tisch sitzen, dann ist das nichts anderes als die Eröffnung eines wirklichen politischen Prozesses zur Lösung des Syrien-Konfliktes.
5-1	2204-2207	Mit	_	_
5-2	2208-2211	der	_	B
5-3	2212-2225	langersehnten	_	I
5-4	2226-2234	Einigung	_	I
5-5	2235-2238	auf	_	_
5-6	2239-2242	die	_	B
5-7	2243-2254	Einberufung	_	I
5-8	2255-2260	eines	_	B
5-9	2261-2280	Verfassungskomitees	_	I
5-10	2280-2281	,	_	_
5-11	2282-2284	in	_	_
5-12	2285-2288	dem	_	B
5-13	2289-2305	unterschiedliche	_	B
5-14	2306-2323	gesellschaftliche	_	I
5-15	2324-2331	Gruppen	_	I
5-16	2332-2335	aus	_	_
5-17	2336-2340	ganz	_	B
5-18	2341-2347	Syrien	_	I
5-19	2348-2357	vertreten	_	_
5-20	2358-2362	sind	_	_
5-21	2362-2363	,	_	_
5-22	2364-2368	sind	_	_
5-23	2369-2372	wir	_	B
5-24	2373-2380	endlich	_	_
5-25	2381-2386	einen	_	B
5-26	2387-2394	Schritt	_	I
5-27	2395-2408	vorangekommen	_	_
5-28	2408-2409	,	_	_
5-29	2410-2413	der	_	B
5-30	2414-2417	uns	_	B
5-31	2418-2421	die	_	B
5-32	2422-2433	Möglichkeit	_	I
5-33	2434-2438	gibt	_	_
5-34	2438-2439	,	_	_
5-35	2440-2446	diesen	_	B
5-36	2447-2458	politischen	_	I
5-37	2459-2466	Prozess	_	I
5-38	2467-2469	zu	_	_
5-39	2470-2478	eröffnen	_	_
5-40	2478-2479	.	_	_
5-41	2480-2483	Die	_	B
5-42	2484-2489	erste	_	I
5-43	2490-2497	Sitzung	_	I
5-44	2498-2504	dieses	_	B
5-45	2505-2524	Verfassungskomitees	_	I
5-46	2525-2529	soll	_	_
5-47	2530-2537	bereits	_	_
5-48	2538-2540	in	_	_
5-49	2541-2548	wenigen	_	B
5-50	2549-2554	Tagen	_	I
5-51	2555-2566	stattfinden	_	_
5-52	2566-2567	.	_	_
5-53	2568-2572	Wenn	_	_
5-54	2573-2576	das	_	B
5-55	2577-2580	der	_	B
5-56	2581-2585	Fall	_	I
5-57	2586-2589	ist	_	_
5-58	2589-2590	,	_	_
5-59	2591-2595	wenn	_	_
5-60	2596-2600	alle	_	B
5-61	2601-2612	Beteiligten	_	I
5-62	2613-2620	endlich	_	_
5-63	2621-2623	an	_	_
5-64	2624-2629	einem	_	B
5-65	2630-2635	Tisch	_	I
5-66	2636-2642	sitzen	_	_
5-67	2642-2643	,	_	_
5-68	2644-2648	dann	_	_
5-69	2649-2652	ist	_	_
5-70	2653-2656	das	_	B
5-71	2657-2663	nichts	_	B
5-72	2664-2671	anderes	_	I
5-73	2672-2675	als	_	_
5-74	2676-2679	die	_	_
5-75	2680-2689	Eröffnung	_	_
5-76	2690-2695	eines	_	B
5-77	2696-2706	wirklichen	_	I
5-78	2707-2718	politischen	_	I
5-79	2719-2728	Prozesses	_	I
5-80	2729-2732	zur	_	_
5-81	2733-2739	Lösung	_	B
5-82	2740-2743	des	_	B
5-83	2744-2761	Syrien-Konfliktes	_	I
5-84	2761-2762	.	_	_

#Text=Meine Damen und Herren, ein herber Rückschlag ist allerdings die türkische Militäroperation gewesen, die in den vergangenen Tagen stattgefunden hat. Und auch das sei hier in aller Deutlichkeit gesagt: Ausgelöst wurde sie durch eine Ankündigung der Vereinigten Staaten, ihre Soldaten aus dieser Region zurückzuziehen.
6-1	2772-2777	Meine	_	B
6-2	2778-2783	Damen	_	I
6-3	2784-2787	und	_	_
6-4	2788-2794	Herren	_	B
6-5	2794-2795	,	_	_
6-6	2796-2799	ein	_	B
6-7	2800-2806	herber	_	I
6-8	2807-2817	Rückschlag	_	I
6-9	2818-2821	ist	_	_
6-10	2822-2832	allerdings	_	_
6-11	2833-2836	die	_	B
6-12	2837-2846	türkische	_	I
6-13	2847-2863	Militäroperation	_	I
6-14	2864-2871	gewesen	_	_
6-15	2871-2872	,	_	_
6-16	2873-2876	die	_	B
6-17	2877-2879	in	_	_
6-18	2880-2883	den	_	B
6-19	2884-2895	vergangenen	_	I
6-20	2896-2901	Tagen	_	I
6-21	2902-2915	stattgefunden	_	_
6-22	2916-2919	hat	_	_
6-23	2919-2920	.	_	_
6-24	2921-2924	Und	_	_
6-25	2925-2929	auch	_	B
6-26	2930-2933	das	_	I
6-27	2934-2937	sei	_	_
6-28	2938-2942	hier	_	_
6-29	2943-2945	in	_	_
6-30	2946-2951	aller	_	B
6-31	2952-2964	Deutlichkeit	_	I
6-32	2965-2971	gesagt	_	_
6-33	2971-2972	:	_	_
6-34	2973-2982	Ausgelöst	_	_
6-35	2983-2988	wurde	_	_
6-36	2989-2992	sie	_	B
6-37	2993-2998	durch	_	_
6-38	2999-3003	eine	_	B
6-39	3004-3015	Ankündigung	_	I
6-40	3016-3019	der	_	B
6-41	3020-3031	Vereinigten	_	I
6-42	3032-3039	Staaten	_	I
6-43	3039-3040	,	_	_
6-44	3041-3045	ihre	_	B
6-45	3046-3054	Soldaten	_	I
6-46	3055-3058	aus	_	_
6-47	3059-3065	dieser	_	B
6-48	3066-3072	Region	_	I
6-49	3073-3087	zurückzuziehen	_	_
6-50	3087-3088	.	_	_

#Text=Herr Bundesminister, gestatten Sie eine Frage oder Bemerkung der Abgeordneten Hänsel?
7-1	3095-3099	Herr	_	_
7-2	3100-3114	Bundesminister	_	B
7-3	3114-3115	,	_	_
7-4	3116-3125	gestatten	_	_
7-5	3126-3129	Sie	_	B
7-6	3130-3134	eine	_	B
7-7	3135-3140	Frage	_	I
7-8	3141-3145	oder	_	_
7-9	3146-3155	Bemerkung	_	B
7-10	3156-3159	der	_	B
7-11	3160-3172	Abgeordneten	_	I
7-12	3173-3179	Hänsel	_	I
7-13	3179-3180	?	_	_

#Text=Gerne.
8-1	3183-3188	Gerne	_	_
8-2	3188-3189	.	_	_

#Text=Danke, Herr Außenminister, für die Fragemöglichkeit. – Sie haben ja gerade den Verfassungskonvent erwähnt. Ich glaube, es ist wirklich die wichtigste politische Initiative im Rahmen der Vereinten Nationen. Sie sagten, aus ganz Syrien sind dort Gruppen vertreten. Aber das Problem ist, dass die Kurden und Kurdinnen nicht am Tisch sitzen.
9-1	3191-3196	Danke	_	_
9-2	3196-3197	,	_	_
9-3	3198-3202	Herr	_	B
9-4	3203-3216	Außenminister	_	I
9-5	3216-3217	,	_	_
9-6	3218-3221	für	_	_
9-7	3222-3225	die	_	B
9-8	3226-3242	Fragemöglichkeit	_	I
9-9	3242-3243	.	_	_
9-10	3244-3245	–	_	_
9-11	3246-3249	Sie	_	B
9-12	3250-3255	haben	_	_
9-13	3256-3258	ja	_	_
9-14	3259-3265	gerade	_	_
9-15	3266-3269	den	_	B
9-16	3270-3288	Verfassungskonvent	_	I
9-17	3289-3296	erwähnt	_	_
9-18	3296-3297	.	_	_
9-19	3298-3301	Ich	_	B
9-20	3302-3308	glaube	_	_
9-21	3308-3309	,	_	_
9-22	3310-3312	es	_	B
9-23	3313-3316	ist	_	_
9-24	3317-3325	wirklich	_	_
9-25	3326-3329	die	_	B
9-26	3330-3340	wichtigste	_	I
9-27	3341-3351	politische	_	I
9-28	3352-3362	Initiative	_	I
9-29	3363-3365	im	_	_
9-30	3366-3372	Rahmen	_	B
9-31	3373-3376	der	_	B
9-32	3377-3386	Vereinten	_	I
9-33	3387-3395	Nationen	_	I
9-34	3395-3396	.	_	_
9-35	3397-3400	Sie	_	B
9-36	3401-3407	sagten	_	_
9-37	3407-3408	,	_	_
9-38	3409-3412	aus	_	_
9-39	3413-3417	ganz	_	B
9-40	3418-3424	Syrien	_	I
9-41	3425-3429	sind	_	_
9-42	3430-3434	dort	_	_
9-43	3435-3442	Gruppen	_	B
9-44	3443-3452	vertreten	_	_
9-45	3452-3453	.	_	_
9-46	3454-3458	Aber	_	_
9-47	3459-3462	das	_	B
9-48	3463-3470	Problem	_	I
9-49	3471-3474	ist	_	_
9-50	3474-3475	,	_	_
9-51	3476-3480	dass	_	_
9-52	3481-3484	die	_	B
9-53	3485-3491	Kurden	_	I
9-54	3492-3495	und	_	_
9-55	3496-3505	Kurdinnen	_	B
9-56	3506-3511	nicht	_	_
9-57	3512-3514	am	_	_
9-58	3515-3520	Tisch	_	B
9-59	3521-3527	sitzen	_	_
9-60	3527-3528	.	_	_

#Text=Meine Frage: Was können Sie dagegen tun? Das wäre ja das Wichtigste; denn das sind genau die Regionen, um die es jetzt entscheidend geht. Auch die aufgebaute kurdische Selbstverwaltung muss als ein Modell im Rahmen dieses Verfassungskonvents diskutiert werden. In welcher Weise setzen Sie sich, auch gegen das Veto der Türkei, dafür ein, dass die Kurden und Kurdinnen hier an den Verhandlungstisch kommen?
10-1	3539-3544	Meine	_	B
10-2	3545-3550	Frage	_	I
10-3	3550-3551	:	_	_
10-4	3552-3555	Was	_	B
10-5	3556-3562	können	_	_
10-6	3563-3566	Sie	_	B
10-7	3567-3574	dagegen	_	_
10-8	3575-3578	tun	_	_
10-9	3578-3579	?	_	_
10-10	3580-3583	Das	_	B
10-11	3584-3588	wäre	_	_
10-12	3589-3591	ja	_	_
10-13	3592-3595	das	_	B
10-14	3596-3606	Wichtigste	_	I
10-15	3606-3607	;	_	_
10-16	3608-3612	denn	_	_
10-17	3613-3616	das	_	B
10-18	3617-3621	sind	_	_
10-19	3622-3627	genau	_	_
10-20	3628-3631	die	_	B
10-21	3632-3640	Regionen	_	I
10-22	3640-3641	,	_	_
10-23	3642-3644	um	_	_
10-24	3645-3648	die	_	B
10-25	3649-3651	es	_	_
10-26	3652-3657	jetzt	_	_
10-27	3658-3670	entscheidend	_	_
10-28	3671-3675	geht	_	_
10-29	3675-3676	.	_	_
10-30	3677-3681	Auch	_	B
10-31	3682-3685	die	_	I
10-32	3686-3696	aufgebaute	_	I
10-33	3697-3706	kurdische	_	I
10-34	3707-3723	Selbstverwaltung	_	I
10-35	3724-3728	muss	_	_
10-36	3729-3732	als	_	_
10-37	3733-3736	ein	_	B
10-38	3737-3743	Modell	_	I
10-39	3744-3746	im	_	_
10-40	3747-3753	Rahmen	_	B
10-41	3754-3760	dieses	_	B
10-42	3761-3780	Verfassungskonvents	_	I
10-43	3781-3791	diskutiert	_	_
10-44	3792-3798	werden	_	_
10-45	3798-3799	.	_	_
10-46	3800-3802	In	_	_
10-47	3803-3810	welcher	_	B
10-48	3811-3816	Weise	_	I
10-49	3817-3823	setzen	_	_
10-50	3824-3827	Sie	_	B
10-51	3828-3832	sich	_	B
10-52	3832-3833	,	_	_
10-53	3834-3838	auch	_	_
10-54	3839-3844	gegen	_	_
10-55	3845-3848	das	_	B
10-56	3849-3853	Veto	_	I
10-57	3854-3857	der	_	B
10-58	3858-3864	Türkei	_	I
10-59	3864-3865	,	_	_
10-60	3866-3871	dafür	_	_
10-61	3872-3875	ein	_	_
10-62	3875-3876	,	_	_
10-63	3877-3881	dass	_	_
10-64	3882-3885	die	_	B
10-65	3886-3892	Kurden	_	I
10-66	3893-3896	und	_	_
10-67	3897-3906	Kurdinnen	_	B
10-68	3907-3911	hier	_	_
10-69	3912-3914	an	_	_
10-70	3915-3918	den	_	B
10-71	3919-3936	Verhandlungstisch	_	I
10-72	3937-3943	kommen	_	_
10-73	3943-3944	?	_	_

#Text=Sehr geehrte Frau Abgeordnete, ich setze mich zum Beispiel dadurch dafür ein, dass ich unmittelbar nach der Debatte mit dem Sondergesandten der Vereinten Nationen, Herrn Pedersen, telefoniere, um genau diese Fragen aufzuwerfen: Was haben die Ergebnisse der Verhandlung in Sotschi und auch die Veränderung durch die Militäroffensive der Türkei in Nordostsyrien in dem Zusammenhang bewirkt? Inwiefern kann die Frage von über 160 000 Flüchtlingen im Verfassungskonvent eine Rolle spielen?
11-1	3955-3959	Sehr	_	B
11-2	3960-3967	geehrte	_	I
11-3	3968-3972	Frau	_	I
11-4	3973-3984	Abgeordnete	_	I
11-5	3984-3985	,	_	_
11-6	3986-3989	ich	_	B
11-7	3990-3995	setze	_	_
11-8	3996-4000	mich	_	B
11-9	4001-4004	zum	_	_
11-10	4005-4013	Beispiel	_	B
11-11	4014-4021	dadurch	_	_
11-12	4022-4027	dafür	_	_
11-13	4028-4031	ein	_	_
11-14	4031-4032	,	_	_
11-15	4033-4037	dass	_	_
11-16	4038-4041	ich	_	B
11-17	4042-4053	unmittelbar	_	_
11-18	4054-4058	nach	_	_
11-19	4059-4062	der	_	B
11-20	4063-4070	Debatte	_	I
11-21	4071-4074	mit	_	_
11-22	4075-4078	dem	_	B
11-23	4079-4094	Sondergesandten	_	I
11-24	4095-4098	der	_	B
11-25	4099-4108	Vereinten	_	I
11-26	4109-4117	Nationen	_	I
11-27	4117-4118	,	_	_
11-28	4119-4124	Herrn	_	B
11-29	4125-4133	Pedersen	_	I
11-30	4133-4134	,	_	_
11-31	4135-4146	telefoniere	_	_
11-32	4146-4147	,	_	_
11-33	4148-4150	um	_	_
11-34	4151-4156	genau	_	_
11-35	4157-4162	diese	_	B
11-36	4163-4169	Fragen	_	I
11-37	4170-4181	aufzuwerfen	_	_
11-38	4181-4182	:	_	_
11-39	4183-4186	Was	_	B
11-40	4187-4192	haben	_	_
11-41	4193-4196	die	_	B
11-42	4197-4207	Ergebnisse	_	I
11-43	4208-4211	der	_	B
11-44	4212-4223	Verhandlung	_	I
11-45	4224-4226	in	_	_
11-46	4227-4234	Sotschi	_	B
11-47	4235-4238	und	_	_
11-48	4239-4243	auch	_	B
11-49	4244-4247	die	_	I
11-50	4248-4259	Veränderung	_	I
11-51	4260-4265	durch	_	_
11-52	4266-4269	die	_	B
11-53	4270-4286	Militäroffensive	_	I
11-54	4287-4290	der	_	B
11-55	4291-4297	Türkei	_	I
11-56	4298-4300	in	_	_
11-57	4301-4314	Nordostsyrien	_	B
11-58	4315-4317	in	_	_
11-59	4318-4321	dem	_	B
11-60	4322-4334	Zusammenhang	_	I
11-61	4335-4342	bewirkt	_	_
11-62	4342-4343	?	_	_
11-63	4344-4353	Inwiefern	_	_
11-64	4354-4358	kann	_	_
11-65	4359-4362	die	_	B
11-66	4363-4368	Frage	_	I
11-67	4369-4372	von	_	_
11-68	4373-4377	über	_	B
11-69	4378-4381	160	_	I
11-70	4382-4385	000	_	I
11-71	4386-4398	Flüchtlingen	_	I
11-72	4399-4401	im	_	_
11-73	4402-4420	Verfassungskonvent	_	B
11-74	4421-4425	eine	_	B
11-75	4426-4431	Rolle	_	I
11-76	4432-4439	spielen	_	_
11-77	4439-4440	?	_	_

#Text=Dass es überhaupt diesen Verfassungskonvent gibt und dass es eine Einigung auf eine Liste von Namen gibt, über die mehrere Monate gestritten worden ist, ist dennoch ein Erfolg. Ich würde dafür plädieren, dass die Sitzung, die am 28./29. Oktober stattfinden soll, stattfinden wird, und zwar in der Besetzung, auf die man sich verständigt hat, dass man das Fass nicht noch einmal aufmacht, aber dort die Kurdenfrage mit auf den Tisch legt.
12-1	4449-4453	Dass	_	_
12-2	4454-4456	es	_	_
12-3	4457-4466	überhaupt	_	_
12-4	4467-4473	diesen	_	B
12-5	4474-4492	Verfassungskonvent	_	I
12-6	4493-4497	gibt	_	_
12-7	4498-4501	und	_	_
12-8	4502-4506	dass	_	_
12-9	4507-4509	es	_	_
12-10	4510-4514	eine	_	B
12-11	4515-4523	Einigung	_	I
12-12	4524-4527	auf	_	_
12-13	4528-4532	eine	_	B
12-14	4533-4538	Liste	_	I
12-15	4539-4542	von	_	_
12-16	4543-4548	Namen	_	B
12-17	4549-4553	gibt	_	_
12-18	4553-4554	,	_	_
12-19	4555-4559	über	_	_
12-20	4560-4563	die	_	_
12-21	4564-4571	mehrere	_	B
12-22	4572-4578	Monate	_	I
12-23	4579-4589	gestritten	_	_
12-24	4590-4596	worden	_	_
12-25	4597-4600	ist	_	_
12-26	4600-4601	,	_	_
12-27	4602-4605	ist	_	_
12-28	4606-4613	dennoch	_	_
12-29	4614-4617	ein	_	B
12-30	4618-4624	Erfolg	_	I
12-31	4624-4625	.	_	_
12-32	4626-4629	Ich	_	B
12-33	4630-4635	würde	_	_
12-34	4636-4641	dafür	_	_
12-35	4642-4651	plädieren	_	_
12-36	4651-4652	,	_	_
12-37	4653-4657	dass	_	_
12-38	4658-4661	die	_	B
12-39	4662-4669	Sitzung	_	I
12-40	4669-4670	,	_	_
12-41	4671-4674	die	_	B
12-42	4675-4677	am	_	_
12-43	4678-4685	28./29.	_	B
12-44	4686-4693	Oktober	_	I
12-45	4694-4705	stattfinden	_	_
12-46	4706-4710	soll	_	_
12-47	4710-4711	,	_	_
12-48	4712-4723	stattfinden	_	_
12-49	4724-4728	wird	_	_
12-50	4728-4729	,	_	_
12-51	4730-4733	und	_	_
12-52	4734-4738	zwar	_	_
12-53	4739-4741	in	_	_
12-54	4742-4745	der	_	B
12-55	4746-4755	Besetzung	_	I
12-56	4755-4756	,	_	_
12-57	4757-4760	auf	_	_
12-58	4761-4764	die	_	B
12-59	4765-4768	man	_	B
12-60	4769-4773	sich	_	B
12-61	4774-4785	verständigt	_	_
12-62	4786-4789	hat	_	_
12-63	4789-4790	,	_	_
12-64	4791-4795	dass	_	_
12-65	4796-4799	man	_	B
12-66	4800-4803	das	_	B
12-67	4804-4808	Fass	_	I
12-68	4809-4814	nicht	_	_
12-69	4815-4819	noch	_	_
12-70	4820-4826	einmal	_	_
12-71	4827-4835	aufmacht	_	_
12-72	4835-4836	,	_	_
12-73	4837-4841	aber	_	_
12-74	4842-4846	dort	_	_
12-75	4847-4850	die	_	B
12-76	4851-4862	Kurdenfrage	_	I
12-77	4863-4866	mit	_	_
12-78	4867-4870	auf	_	_
12-79	4871-4874	den	_	B
12-80	4875-4880	Tisch	_	I
12-81	4881-4885	legt	_	_
12-82	4885-4886	.	_	_

#Text=Meine Damen und Herren, gerade in den letzten Tagen ist zusammen mit unseren internationalen Partnern einiges von uns auf den Weg gebracht worden. Wir haben zum Beispiel zusammen mit den europäischen Partnern in den vergangenen Tagen zwei Dringlichkeitssitzungen des Sicherheitsrates einberufen. Und auch heute befasst sich der Sicherheitsrat der Vereinten Nationen auf unsere Initiative hin mit der veränderten Lage in Syrien und vor allen Dingen in Nordostsyrien nach Sotschi.
13-1	4898-4903	Meine	_	B
13-2	4904-4909	Damen	_	I
13-3	4910-4913	und	_	_
13-4	4914-4920	Herren	_	B
13-5	4920-4921	,	_	_
13-6	4922-4928	gerade	_	_
13-7	4929-4931	in	_	_
13-8	4932-4935	den	_	B
13-9	4936-4943	letzten	_	I
13-10	4944-4949	Tagen	_	I
13-11	4950-4953	ist	_	_
13-12	4954-4962	zusammen	_	_
13-13	4963-4966	mit	_	_
13-14	4967-4974	unseren	_	B
13-15	4975-4990	internationalen	_	I
13-16	4991-4999	Partnern	_	I
13-17	5000-5007	einiges	_	B
13-18	5008-5011	von	_	_
13-19	5012-5015	uns	_	B
13-20	5016-5019	auf	_	_
13-21	5020-5023	den	_	B
13-22	5024-5027	Weg	_	I
13-23	5028-5036	gebracht	_	_
13-24	5037-5043	worden	_	_
13-25	5043-5044	.	_	_
13-26	5045-5048	Wir	_	B
13-27	5049-5054	haben	_	_
13-28	5055-5058	zum	_	_
13-29	5059-5067	Beispiel	_	B
13-30	5068-5076	zusammen	_	_
13-31	5077-5080	mit	_	_
13-32	5081-5084	den	_	B
13-33	5085-5097	europäischen	_	I
13-34	5098-5106	Partnern	_	I
13-35	5107-5109	in	_	_
13-36	5110-5113	den	_	B
13-37	5114-5125	vergangenen	_	I
13-38	5126-5131	Tagen	_	I
13-39	5132-5136	zwei	_	B
13-40	5137-5160	Dringlichkeitssitzungen	_	I
13-41	5161-5164	des	_	B
13-42	5165-5181	Sicherheitsrates	_	I
13-43	5182-5192	einberufen	_	_
13-44	5192-5193	.	_	_
13-45	5194-5197	Und	_	_
13-46	5198-5202	auch	_	_
13-47	5203-5208	heute	_	_
13-48	5209-5216	befasst	_	_
13-49	5217-5221	sich	_	B
13-50	5222-5225	der	_	B
13-51	5226-5240	Sicherheitsrat	_	I
13-52	5241-5244	der	_	B
13-53	5245-5254	Vereinten	_	I
13-54	5255-5263	Nationen	_	I
13-55	5264-5267	auf	_	_
13-56	5268-5274	unsere	_	B
13-57	5275-5285	Initiative	_	I
13-58	5286-5289	hin	_	_
13-59	5290-5293	mit	_	_
13-60	5294-5297	der	_	B
13-61	5298-5309	veränderten	_	I
13-62	5310-5314	Lage	_	I
13-63	5315-5317	in	_	_
13-64	5318-5324	Syrien	_	B
13-65	5325-5328	und	_	_
13-66	5329-5332	vor	_	_
13-67	5333-5338	allen	_	B
13-68	5339-5345	Dingen	_	I
13-69	5346-5348	in	_	_
13-70	5349-5362	Nordostsyrien	_	B
13-71	5363-5367	nach	_	_
13-72	5368-5375	Sotschi	_	B
13-73	5375-5376	.	_	_

#Text=Meine Damen und Herren, auch das will ich in aller Deutlichkeit sagen: Das, was der Außenministerrat der Europäischen Union in der vergangenen Woche beschlossen hat, nämlich dass es einen EU-weiten Stopp von Waffenlieferungen an die Türkei gibt, ist eine wichtige und richtige Entscheidung gewesen.
14-1	5381-5386	Meine	_	B
14-2	5387-5392	Damen	_	I
14-3	5393-5396	und	_	_
14-4	5397-5403	Herren	_	B
14-5	5403-5404	,	_	_
14-6	5405-5409	auch	_	B
14-7	5410-5413	das	_	I
14-8	5414-5418	will	_	_
14-9	5419-5422	ich	_	B
14-10	5423-5425	in	_	_
14-11	5426-5431	aller	_	B
14-12	5432-5444	Deutlichkeit	_	I
14-13	5445-5450	sagen	_	_
14-14	5450-5451	:	_	_
14-15	5452-5455	Das	_	B
14-16	5455-5456	,	_	_
14-17	5457-5460	was	_	B
14-18	5461-5464	der	_	B
14-19	5465-5481	Außenministerrat	_	I
14-20	5482-5485	der	_	B
14-21	5486-5498	Europäischen	_	I
14-22	5499-5504	Union	_	I
14-23	5505-5507	in	_	_
14-24	5508-5511	der	_	B
14-25	5512-5523	vergangenen	_	I
14-26	5524-5529	Woche	_	I
14-27	5530-5541	beschlossen	_	_
14-28	5542-5545	hat	_	_
14-29	5545-5546	,	_	_
14-30	5547-5554	nämlich	_	_
14-31	5555-5559	dass	_	_
14-32	5560-5562	es	_	_
14-33	5563-5568	einen	_	B
14-34	5569-5578	EU-weiten	_	I
14-35	5579-5584	Stopp	_	I
14-36	5585-5588	von	_	_
14-37	5589-5606	Waffenlieferungen	_	B
14-38	5607-5609	an	_	_
14-39	5610-5613	die	_	B
14-40	5614-5620	Türkei	_	I
14-41	5621-5625	gibt	_	_
14-42	5625-5626	,	_	_
14-43	5627-5630	ist	_	_
14-44	5631-5635	eine	_	B
14-45	5636-5644	wichtige	_	I
14-46	5645-5648	und	_	I
14-47	5649-5657	richtige	_	I
14-48	5658-5670	Entscheidung	_	I
14-49	5671-5678	gewesen	_	_
14-50	5678-5679	.	_	_

#Text=Es ist jedem unbenommen, darüber zu diskutieren, ob das ausreichend ist oder nicht. Aber ich will Ihnen, auch aus der Kenntnis heraus, dort regelmäßig zu sitzen, einmal sagen: So schnell – und zwar unmittelbar nach der türkischen Offensive in Nordostsyrien – die Europäische Union in einer solchen Frage zu einer geschlossenen Haltung zu bringen, halte ich für einen Erfolg – ob Sie das so sehen oder eben nicht.
15-1	5686-5688	Es	_	B
15-2	5689-5692	ist	_	_
15-3	5693-5698	jedem	_	B
15-4	5699-5709	unbenommen	_	_
15-5	5709-5710	,	_	_
15-6	5711-5718	darüber	_	_
15-7	5719-5721	zu	_	_
15-8	5722-5733	diskutieren	_	_
15-9	5733-5734	,	_	_
15-10	5735-5737	ob	_	_
15-11	5738-5741	das	_	B
15-12	5742-5753	ausreichend	_	_
15-13	5754-5757	ist	_	_
15-14	5758-5762	oder	_	_
15-15	5763-5768	nicht	_	_
15-16	5768-5769	.	_	_
15-17	5770-5774	Aber	_	_
15-18	5775-5778	ich	_	B
15-19	5779-5783	will	_	_
15-20	5784-5789	Ihnen	_	B
15-21	5789-5790	,	_	_
15-22	5791-5795	auch	_	_
15-23	5796-5799	aus	_	_
15-24	5800-5803	der	_	B
15-25	5804-5812	Kenntnis	_	I
15-26	5813-5819	heraus	_	_
15-27	5819-5820	,	_	_
15-28	5821-5825	dort	_	_
15-29	5826-5836	regelmäßig	_	_
15-30	5837-5839	zu	_	_
15-31	5840-5846	sitzen	_	_
15-32	5846-5847	,	_	_
15-33	5848-5854	einmal	_	_
15-34	5855-5860	sagen	_	_
15-35	5860-5861	:	_	_
15-36	5862-5864	So	_	_
15-37	5865-5872	schnell	_	_
15-38	5873-5874	–	_	_
15-39	5875-5878	und	_	_
15-40	5879-5883	zwar	_	_
15-41	5884-5895	unmittelbar	_	_
15-42	5896-5900	nach	_	_
15-43	5901-5904	der	_	B
15-44	5905-5915	türkischen	_	I
15-45	5916-5925	Offensive	_	I
15-46	5926-5928	in	_	_
15-47	5929-5942	Nordostsyrien	_	B
15-48	5943-5944	–	_	_
15-49	5945-5948	die	_	_
15-50	5949-5960	Europäische	_	_
15-51	5961-5966	Union	_	_
15-52	5967-5969	in	_	_
15-53	5970-5975	einer	_	B
15-54	5976-5983	solchen	_	I
15-55	5984-5989	Frage	_	I
15-56	5990-5992	zu	_	_
15-57	5993-5998	einer	_	B
15-58	5999-6012	geschlossenen	_	I
15-59	6013-6020	Haltung	_	I
15-60	6021-6023	zu	_	_
15-61	6024-6031	bringen	_	_
15-62	6031-6032	,	_	_
15-63	6033-6038	halte	_	_
15-64	6039-6042	ich	_	B
15-65	6043-6046	für	_	_
15-66	6047-6052	einen	_	B
15-67	6053-6059	Erfolg	_	I
15-68	6060-6061	–	_	_
15-69	6062-6064	ob	_	_
15-70	6065-6068	Sie	_	B
15-71	6069-6072	das	_	B
15-72	6073-6075	so	_	_
15-73	6076-6081	sehen	_	_
15-74	6082-6086	oder	_	_
15-75	6087-6091	eben	_	_
15-76	6092-6097	nicht	_	_
15-77	6097-6098	.	_	_

#Text=Meine Damen und Herren, der Außenministerrat – das gerät etwas in Vergessenheit – hat sich in dieser Sitzung auch darauf verständigt, weitere Sanktionen in Betracht zu ziehen, wenn es keine dauerhafte Waffenruhe in Nordostsyrien gebe.
16-1	6108-6113	Meine	_	B
16-2	6114-6119	Damen	_	I
16-3	6120-6123	und	_	_
16-4	6124-6130	Herren	_	B
16-5	6130-6131	,	_	_
16-6	6132-6135	der	_	B
16-7	6136-6152	Außenministerrat	_	I
16-8	6153-6154	–	_	B
16-9	6155-6158	das	_	I
16-10	6159-6164	gerät	_	_
16-11	6165-6170	etwas	_	B
16-12	6171-6173	in	_	_
16-13	6174-6187	Vergessenheit	_	B
16-14	6188-6189	–	_	_
16-15	6190-6193	hat	_	_
16-16	6194-6198	sich	_	B
16-17	6199-6201	in	_	_
16-18	6202-6208	dieser	_	B
16-19	6209-6216	Sitzung	_	I
16-20	6217-6221	auch	_	_
16-21	6222-6228	darauf	_	_
16-22	6229-6240	verständigt	_	_
16-23	6240-6241	,	_	_
16-24	6242-6249	weitere	_	B
16-25	6250-6260	Sanktionen	_	I
16-26	6261-6263	in	_	_
16-27	6264-6272	Betracht	_	B
16-28	6273-6275	zu	_	_
16-29	6276-6282	ziehen	_	_
16-30	6282-6283	,	_	_
16-31	6284-6288	wenn	_	_
16-32	6289-6291	es	_	_
16-33	6292-6297	keine	_	B
16-34	6298-6308	dauerhafte	_	I
16-35	6309-6319	Waffenruhe	_	I
16-36	6320-6322	in	_	_
16-37	6323-6336	Nordostsyrien	_	B
16-38	6337-6341	gebe	_	_
16-39	6341-6342	.	_	_

#Text=Um auch das zu sagen: Weil es besser ist, nicht nur über jemanden zu reden, sondern immer besser ist, mit jemandem zu reden, werde ich am Samstag zu Gesprächen nach Ankara reisen und dort unter anderem mit dem türkischen Außenminister über unsere Erwartungen sprechen. Die kann ich hier noch einmal verdeutlichen: Die Waffenruhe muss eingehalten und die Zivilbevölkerung geschützt werden. Beim Umgang mit Flüchtlingen muss die Türkei internationales Recht einhalten. Wir, wie alle anderen Beteiligten, erwarten von der Türkei, dass sie gerade jetzt den politischen Prozess unter der Ägide der Vereinten Nationen unterstützt. Damit würde erst die Voraussetzung dafür geschaffen, dass wir nach Jahren zäher Arbeit endlich bei der Umsetzung der Resolution 2254 der Vereinten Nationen vorankommen – im Übrigen einer Resolution, die ganz maßgeblich von uns mit auf den Weg gebracht worden ist.
17-1	6347-6349	Um	_	_
17-2	6350-6354	auch	_	B
17-3	6355-6358	das	_	I
17-4	6359-6361	zu	_	_
17-5	6362-6367	sagen	_	_
17-6	6367-6368	:	_	_
17-7	6369-6373	Weil	_	_
17-8	6374-6376	es	_	B
17-9	6377-6383	besser	_	_
17-10	6384-6387	ist	_	_
17-11	6387-6388	,	_	_
17-12	6389-6394	nicht	_	_
17-13	6395-6398	nur	_	_
17-14	6399-6403	über	_	_
17-15	6404-6412	jemanden	_	B
17-16	6413-6415	zu	_	_
17-17	6416-6421	reden	_	_
17-18	6421-6422	,	_	_
17-19	6423-6430	sondern	_	_
17-20	6431-6436	immer	_	_
17-21	6437-6443	besser	_	_
17-22	6444-6447	ist	_	_
17-23	6447-6448	,	_	_
17-24	6449-6452	mit	_	_
17-25	6453-6461	jemandem	_	B
17-26	6462-6464	zu	_	_
17-27	6465-6470	reden	_	_
17-28	6470-6471	,	_	_
17-29	6472-6477	werde	_	_
17-30	6478-6481	ich	_	B
17-31	6482-6484	am	_	_
17-32	6485-6492	Samstag	_	B
17-33	6493-6495	zu	_	_
17-34	6496-6506	Gesprächen	_	B
17-35	6507-6511	nach	_	_
17-36	6512-6518	Ankara	_	B
17-37	6519-6525	reisen	_	_
17-38	6526-6529	und	_	_
17-39	6530-6534	dort	_	_
17-40	6535-6540	unter	_	_
17-41	6541-6548	anderem	_	B
17-42	6549-6552	mit	_	_
17-43	6553-6556	dem	_	B
17-44	6557-6567	türkischen	_	I
17-45	6568-6581	Außenminister	_	I
17-46	6582-6586	über	_	_
17-47	6587-6593	unsere	_	B
17-48	6594-6605	Erwartungen	_	I
17-49	6606-6614	sprechen	_	_
17-50	6614-6615	.	_	_
17-51	6616-6619	Die	_	B
17-52	6620-6624	kann	_	_
17-53	6625-6628	ich	_	B
17-54	6629-6633	hier	_	_
17-55	6634-6638	noch	_	_
17-56	6639-6645	einmal	_	_
17-57	6646-6659	verdeutlichen	_	_
17-58	6659-6660	:	_	_
17-59	6661-6664	Die	_	B
17-60	6665-6675	Waffenruhe	_	I
17-61	6676-6680	muss	_	_
17-62	6681-6692	eingehalten	_	_
17-63	6693-6696	und	_	_
17-64	6697-6700	die	_	B
17-65	6701-6717	Zivilbevölkerung	_	I
17-66	6718-6727	geschützt	_	_
17-67	6728-6734	werden	_	_
17-68	6734-6735	.	_	_
17-69	6736-6740	Beim	_	_
17-70	6741-6747	Umgang	_	B
17-71	6748-6751	mit	_	_
17-72	6752-6764	Flüchtlingen	_	B
17-73	6765-6769	muss	_	_
17-74	6770-6773	die	_	B
17-75	6774-6780	Türkei	_	I
17-76	6781-6796	internationales	_	B
17-77	6797-6802	Recht	_	I
17-78	6803-6812	einhalten	_	_
17-79	6812-6813	.	_	_
17-80	6814-6817	Wir	_	B
17-81	6817-6818	,	_	_
17-82	6819-6822	wie	_	B
17-83	6823-6827	alle	_	I
17-84	6828-6835	anderen	_	I
17-85	6836-6847	Beteiligten	_	I
17-86	6847-6848	,	_	_
17-87	6849-6857	erwarten	_	_
17-88	6858-6861	von	_	_
17-89	6862-6865	der	_	B
17-90	6866-6872	Türkei	_	I
17-91	6872-6873	,	_	_
17-92	6874-6878	dass	_	_
17-93	6879-6882	sie	_	B
17-94	6883-6889	gerade	_	_
17-95	6890-6895	jetzt	_	_
17-96	6896-6899	den	_	B
17-97	6900-6911	politischen	_	I
17-98	6912-6919	Prozess	_	I
17-99	6920-6925	unter	_	_
17-100	6926-6929	der	_	B
17-101	6930-6935	Ägide	_	I
17-102	6936-6939	der	_	B
17-103	6940-6949	Vereinten	_	I
17-104	6950-6958	Nationen	_	I
17-105	6959-6970	unterstützt	_	_
17-106	6970-6971	.	_	_
17-107	6972-6977	Damit	_	_
17-108	6978-6983	würde	_	_
17-109	6984-6988	erst	_	_
17-110	6989-6992	die	_	B
17-111	6993-7006	Voraussetzung	_	I
17-112	7007-7012	dafür	_	_
17-113	7013-7023	geschaffen	_	_
17-114	7023-7024	,	_	_
17-115	7025-7029	dass	_	_
17-116	7030-7033	wir	_	B
17-117	7034-7038	nach	_	_
17-118	7039-7045	Jahren	_	B
17-119	7046-7051	zäher	_	B
17-120	7052-7058	Arbeit	_	I
17-121	7059-7066	endlich	_	_
17-122	7067-7070	bei	_	_
17-123	7071-7074	der	_	B
17-124	7075-7084	Umsetzung	_	I
17-125	7085-7088	der	_	B
17-126	7089-7099	Resolution	_	I
17-127	7100-7104	2254	_	_
17-128	7105-7108	der	_	B
17-129	7109-7118	Vereinten	_	I
17-130	7119-7127	Nationen	_	I
17-131	7128-7139	vorankommen	_	_
17-132	7140-7141	–	_	_
17-133	7142-7144	im	_	_
17-134	7145-7152	Übrigen	_	B
17-135	7153-7158	einer	_	B
17-136	7159-7169	Resolution	_	I
17-137	7169-7170	,	_	_
17-138	7171-7174	die	_	B
17-139	7175-7179	ganz	_	_
17-140	7180-7190	maßgeblich	_	_
17-141	7191-7194	von	_	_
17-142	7195-7198	uns	_	B
17-143	7199-7202	mit	_	_
17-144	7203-7206	auf	_	_
17-145	7207-7210	den	_	B
17-146	7211-7214	Weg	_	I
17-147	7215-7223	gebracht	_	_
17-148	7224-7230	worden	_	_
17-149	7231-7234	ist	_	_
17-150	7234-7235	.	_	_

#Text=Der zweite internationale Ansatz, um den es jetzt gehen wird, ist und bleibt die Anti-IS-Koalition. Denn eines hat sich in den vergangenen Tagen im Chaos in Nordostsyrien deutlich gezeigt: Das Terrorregime des IS ist nicht vollständig besiegt, und es nutzt auch jetzt schon jede Uneinigkeit, jedes Machtvakuum sofort zu seinen Gunsten aus. In Syrien sind IS-Anhänger aus Camps und Gefängnissen entkommen. Die irakische Regierung ist mittlerweile in großer Sorge, weil erste IS-Kämpfer bereits in den Irak zurückgekehrt sind. Und in den Onlinenetzwerken feiert der IS schon wieder seine Auferstehung.
18-1	7252-7255	Der	_	B
18-2	7256-7262	zweite	_	I
18-3	7263-7277	internationale	_	I
18-4	7278-7284	Ansatz	_	I
18-5	7284-7285	,	_	_
18-6	7286-7288	um	_	_
18-7	7289-7292	den	_	B
18-8	7293-7295	es	_	_
18-9	7296-7301	jetzt	_	_
18-10	7302-7307	gehen	_	_
18-11	7308-7312	wird	_	_
18-12	7312-7313	,	_	_
18-13	7314-7317	ist	_	_
18-14	7318-7321	und	_	_
18-15	7322-7328	bleibt	_	_
18-16	7329-7332	die	_	B
18-17	7333-7350	Anti-IS-Koalition	_	I
18-18	7350-7351	.	_	_
18-19	7352-7356	Denn	_	_
18-20	7357-7362	eines	_	B
18-21	7363-7366	hat	_	_
18-22	7367-7371	sich	_	B
18-23	7372-7374	in	_	_
18-24	7375-7378	den	_	B
18-25	7379-7390	vergangenen	_	I
18-26	7391-7396	Tagen	_	I
18-27	7397-7399	im	_	_
18-28	7400-7405	Chaos	_	B
18-29	7406-7408	in	_	_
18-30	7409-7422	Nordostsyrien	_	B
18-31	7423-7431	deutlich	_	_
18-32	7432-7439	gezeigt	_	_
18-33	7439-7440	:	_	_
18-34	7441-7444	Das	_	B
18-35	7445-7457	Terrorregime	_	I
18-36	7458-7461	des	_	B
18-37	7462-7464	IS	_	I
18-38	7465-7468	ist	_	_
18-39	7469-7474	nicht	_	_
18-40	7475-7486	vollständig	_	_
18-41	7487-7494	besiegt	_	_
18-42	7494-7495	,	_	_
18-43	7496-7499	und	_	_
18-44	7500-7502	es	_	B
18-45	7503-7508	nutzt	_	_
18-46	7509-7513	auch	_	_
18-47	7514-7519	jetzt	_	_
18-48	7520-7525	schon	_	_
18-49	7526-7530	jede	_	B
18-50	7531-7542	Uneinigkeit	_	I
18-51	7542-7543	,	_	_
18-52	7544-7549	jedes	_	B
18-53	7550-7561	Machtvakuum	_	I
18-54	7562-7568	sofort	_	_
18-55	7569-7571	zu	_	_
18-56	7572-7578	seinen	_	B
18-57	7579-7586	Gunsten	_	I
18-58	7587-7590	aus	_	_
18-59	7590-7591	.	_	_
18-60	7592-7594	In	_	_
18-61	7595-7601	Syrien	_	B
18-62	7602-7606	sind	_	_
18-63	7607-7618	IS-Anhänger	_	B
18-64	7619-7622	aus	_	_
18-65	7623-7628	Camps	_	B
18-66	7629-7632	und	_	_
18-67	7633-7645	Gefängnissen	_	B
18-68	7646-7655	entkommen	_	_
18-69	7655-7656	.	_	_
18-70	7657-7660	Die	_	B
18-71	7661-7670	irakische	_	I
18-72	7671-7680	Regierung	_	I
18-73	7681-7684	ist	_	_
18-74	7685-7697	mittlerweile	_	_
18-75	7698-7700	in	_	_
18-76	7701-7707	großer	_	B
18-77	7708-7713	Sorge	_	I
18-78	7713-7714	,	_	_
18-79	7715-7719	weil	_	_
18-80	7720-7725	erste	_	B
18-81	7726-7736	IS-Kämpfer	_	I
18-82	7737-7744	bereits	_	_
18-83	7745-7747	in	_	_
18-84	7748-7751	den	_	B
18-85	7752-7756	Irak	_	I
18-86	7757-7770	zurückgekehrt	_	_
18-87	7771-7775	sind	_	_
18-88	7775-7776	.	_	_
18-89	7777-7780	Und	_	_
18-90	7781-7783	in	_	_
18-91	7784-7787	den	_	B
18-92	7788-7804	Onlinenetzwerken	_	I
18-93	7805-7811	feiert	_	_
18-94	7812-7815	der	_	B
18-95	7816-7818	IS	_	I
18-96	7819-7824	schon	_	_
18-97	7825-7831	wieder	_	_
18-98	7832-7837	seine	_	B
18-99	7838-7850	Auferstehung	_	I
18-100	7850-7851	.	_	_

#Text=Herr Bundesminister, gestatten Sie eine weitere Frage oder Bemerkung der Kollegin Katja Keul?
19-1	7863-7867	Herr	_	_
19-2	7868-7882	Bundesminister	_	B
19-3	7882-7883	,	_	_
19-4	7884-7893	gestatten	_	_
19-5	7894-7897	Sie	_	B
19-6	7898-7902	eine	_	B
19-7	7903-7910	weitere	_	I
19-8	7911-7916	Frage	_	I
19-9	7917-7921	oder	_	_
19-10	7922-7931	Bemerkung	_	B
19-11	7932-7935	der	_	B
19-12	7936-7944	Kollegin	_	I
19-13	7945-7950	Katja	_	I
19-14	7951-7955	Keul	_	I
19-15	7955-7956	?	_	_

#Text=Natürlich, Frau Keul.
20-1	7959-7968	Natürlich	_	B
20-2	7968-7969	,	_	I
20-3	7970-7974	Frau	_	I
20-4	7975-7979	Keul	_	I
20-5	7979-7980	.	_	_

#Text=Während das Mikrofon anspringt, erkläre ich hier noch mal: Ich lasse auch während der Rede des Bundesministers nicht noch eine weitere Frage zu. Ich lasse Fragen immer dann zu, wenn derjenige oder diejenige nicht schon im Plenum geredet hat oder noch reden wird. Das noch einmal für alle, da es heute wieder einmal Fragen gab, wie die einzelnen Präsidentinnen und Präsidenten das handhaben. Das werden wir alle im Laufe des Tages genau so machen.
21-1	7983-7990	Während	_	_
21-2	7991-7994	das	_	B
21-3	7995-8003	Mikrofon	_	I
21-4	8004-8013	anspringt	_	_
21-5	8013-8014	,	_	_
21-6	8015-8022	erkläre	_	_
21-7	8023-8026	ich	_	B
21-8	8027-8031	hier	_	_
21-9	8032-8036	noch	_	_
21-10	8037-8040	mal	_	_
21-11	8040-8041	:	_	_
21-12	8042-8045	Ich	_	B
21-13	8046-8051	lasse	_	_
21-14	8052-8056	auch	_	_
21-15	8057-8064	während	_	_
21-16	8065-8068	der	_	B
21-17	8069-8073	Rede	_	I
21-18	8074-8077	des	_	B
21-19	8078-8093	Bundesministers	_	I
21-20	8094-8099	nicht	_	_
21-21	8100-8104	noch	_	_
21-22	8105-8109	eine	_	B
21-23	8110-8117	weitere	_	I
21-24	8118-8123	Frage	_	I
21-25	8124-8126	zu	_	_
21-26	8126-8127	.	_	_
21-27	8128-8131	Ich	_	B
21-28	8132-8137	lasse	_	_
21-29	8138-8144	Fragen	_	B
21-30	8145-8150	immer	_	_
21-31	8151-8155	dann	_	_
21-32	8156-8158	zu	_	_
21-33	8158-8159	,	_	_
21-34	8160-8164	wenn	_	_
21-35	8165-8174	derjenige	_	B
21-36	8175-8179	oder	_	_
21-37	8180-8189	diejenige	_	B
21-38	8190-8195	nicht	_	_
21-39	8196-8201	schon	_	_
21-40	8202-8204	im	_	_
21-41	8205-8211	Plenum	_	B
21-42	8212-8219	geredet	_	_
21-43	8220-8223	hat	_	_
21-44	8224-8228	oder	_	_
21-45	8229-8233	noch	_	_
21-46	8234-8239	reden	_	_
21-47	8240-8244	wird	_	_
21-48	8244-8245	.	_	_
21-49	8246-8249	Das	_	B
21-50	8250-8254	noch	_	_
21-51	8255-8261	einmal	_	_
21-52	8262-8265	für	_	_
21-53	8266-8270	alle	_	B
21-54	8270-8271	,	_	_
21-55	8272-8274	da	_	_
21-56	8275-8277	es	_	_
21-57	8278-8283	heute	_	_
21-58	8284-8290	wieder	_	_
21-59	8291-8297	einmal	_	_
21-60	8298-8304	Fragen	_	B
21-61	8305-8308	gab	_	_
21-62	8308-8309	,	_	_
21-63	8310-8313	wie	_	_
21-64	8314-8317	die	_	B
21-65	8318-8327	einzelnen	_	I
21-66	8328-8342	Präsidentinnen	_	I
21-67	8343-8346	und	_	_
21-68	8347-8358	Präsidenten	_	B
21-69	8359-8362	das	_	B
21-70	8363-8372	handhaben	_	_
21-71	8372-8373	.	_	_
21-72	8374-8377	Das	_	B
21-73	8378-8384	werden	_	_
21-74	8385-8388	wir	_	B
21-75	8389-8393	alle	_	B
21-76	8394-8396	im	_	_
21-77	8397-8402	Laufe	_	B
21-78	8403-8406	des	_	B
21-79	8407-8412	Tages	_	I
21-80	8413-8418	genau	_	_
21-81	8419-8421	so	_	_
21-82	8422-8428	machen	_	_
21-83	8428-8429	.	_	_

#Text=Bitte schön, Frau Keul.
22-1	8439-8444	Bitte	_	_
22-2	8445-8450	schön	_	_
22-3	8450-8451	,	_	_
22-4	8452-8456	Frau	_	B
22-5	8457-8461	Keul	_	I
22-6	8461-8462	.	_	_

#Text=Vielen Dank, Herr Minister, sehr freundlich, dass Sie die Zwischenfrage zulassen. – Ich hatte bisher in Ihrer Rede im Zusammenhang mit dem Einmarsch der Türkei das Wort „völkerrechtswidrig“ vermisst. Wir hatten darüber ja schon vor anderthalb Jahren, als die Türkei in Afrin einmarschiert ist, den einen oder anderen Schlagabtausch hier im Plenum. Ich kann mich erinnern, dass Sie damals gesagt haben: Man muss jetzt mal beobachten, wie lange das dauert; vielleicht ist das dann irgendwann völkerrechtswidrig.
23-1	8465-8471	Vielen	_	_
23-2	8472-8476	Dank	_	_
23-3	8476-8477	,	_	_
23-4	8478-8482	Herr	_	B
23-5	8483-8491	Minister	_	I
23-6	8491-8492	,	_	_
23-7	8493-8497	sehr	_	_
23-8	8498-8508	freundlich	_	_
23-9	8508-8509	,	_	_
23-10	8510-8514	dass	_	_
23-11	8515-8518	Sie	_	B
23-12	8519-8522	die	_	B
23-13	8523-8536	Zwischenfrage	_	I
23-14	8537-8545	zulassen	_	_
23-15	8545-8546	.	_	_
23-16	8547-8548	–	_	_
23-17	8549-8552	Ich	_	B
23-18	8553-8558	hatte	_	_
23-19	8559-8565	bisher	_	_
23-20	8566-8568	in	_	_
23-21	8569-8574	Ihrer	_	B
23-22	8575-8579	Rede	_	I
23-23	8580-8582	im	_	_
23-24	8583-8595	Zusammenhang	_	B
23-25	8596-8599	mit	_	_
23-26	8600-8603	dem	_	B
23-27	8604-8613	Einmarsch	_	I
23-28	8614-8617	der	_	B
23-29	8618-8624	Türkei	_	I
23-30	8625-8628	das	_	B
23-31	8629-8633	Wort	_	I
23-32	8634-8635	„	_	_
23-33	8635-8653	völkerrechtswidrig	_	_
23-34	8653-8654	“	_	_
23-35	8655-8663	vermisst	_	_
23-36	8663-8664	.	_	_
23-37	8665-8668	Wir	_	B
23-38	8669-8675	hatten	_	_
23-39	8676-8683	darüber	_	_
23-40	8684-8686	ja	_	_
23-41	8687-8692	schon	_	_
23-42	8693-8696	vor	_	_
23-43	8697-8707	anderthalb	_	B
23-44	8708-8714	Jahren	_	I
23-45	8714-8715	,	_	_
23-46	8716-8719	als	_	_
23-47	8720-8723	die	_	B
23-48	8724-8730	Türkei	_	I
23-49	8731-8733	in	_	_
23-50	8734-8739	Afrin	_	B
23-51	8740-8753	einmarschiert	_	_
23-52	8754-8757	ist	_	_
23-53	8757-8758	,	_	_
23-54	8759-8762	den	_	B
23-55	8763-8768	einen	_	I
23-56	8769-8773	oder	_	I
23-57	8774-8781	anderen	_	I
23-58	8782-8796	Schlagabtausch	_	I
23-59	8797-8801	hier	_	_
23-60	8802-8804	im	_	_
23-61	8805-8811	Plenum	_	B
23-62	8811-8812	.	_	_
23-63	8813-8816	Ich	_	B
23-64	8817-8821	kann	_	_
23-65	8822-8826	mich	_	B
23-66	8827-8835	erinnern	_	_
23-67	8835-8836	,	_	_
23-68	8837-8841	dass	_	_
23-69	8842-8845	Sie	_	B
23-70	8846-8852	damals	_	_
23-71	8853-8859	gesagt	_	_
23-72	8860-8865	haben	_	_
23-73	8865-8866	:	_	_
23-74	8867-8870	Man	_	B
23-75	8871-8875	muss	_	_
23-76	8876-8881	jetzt	_	_
23-77	8882-8885	mal	_	_
23-78	8886-8896	beobachten	_	_
23-79	8896-8897	,	_	_
23-80	8898-8901	wie	_	_
23-81	8902-8907	lange	_	_
23-82	8908-8911	das	_	B
23-83	8912-8918	dauert	_	_
23-84	8918-8919	;	_	_
23-85	8920-8930	vielleicht	_	_
23-86	8931-8934	ist	_	_
23-87	8935-8938	das	_	B
23-88	8939-8943	dann	_	_
23-89	8944-8954	irgendwann	_	_
23-90	8955-8973	völkerrechtswidrig	_	_
23-91	8973-8974	.	_	_

#Text=In Afrin besteht die Situation jetzt schon anderthalb Jahre – sogar länger: eindreiviertel Jahre. Würden Sie jetzt sagen: „Der Einmarsch der Türkei in Nordostsyrien ist völkerrechtswidrig“?
24-1	8990-8992	In	_	_
24-2	8993-8998	Afrin	_	B
24-3	8999-9006	besteht	_	_
24-4	9007-9010	die	_	B
24-5	9011-9020	Situation	_	I
24-6	9021-9026	jetzt	_	_
24-7	9027-9032	schon	_	_
24-8	9033-9043	anderthalb	_	B
24-9	9044-9049	Jahre	_	I
24-10	9050-9051	–	_	_
24-11	9052-9057	sogar	_	_
24-12	9058-9064	länger	_	_
24-13	9064-9065	:	_	_
24-14	9066-9080	eindreiviertel	_	B
24-15	9081-9086	Jahre	_	I
24-16	9086-9087	.	_	_
24-17	9088-9094	Würden	_	_
24-18	9095-9098	Sie	_	B
24-19	9099-9104	jetzt	_	_
24-20	9105-9110	sagen	_	_
24-21	9110-9111	:	_	_
24-22	9112-9113	„	_	_
24-23	9113-9116	Der	_	B
24-24	9117-9126	Einmarsch	_	I
24-25	9127-9130	der	_	B
24-26	9131-9137	Türkei	_	I
24-27	9138-9140	in	_	_
24-28	9141-9154	Nordostsyrien	_	B
24-29	9155-9158	ist	_	_
24-30	9159-9177	völkerrechtswidrig	_	_
24-31	9177-9178	“	_	_
24-32	9178-9179	?	_	_

#Text=Sehr geehrte Frau Keul, das habe ich sogar schon gesagt.
25-1	9186-9190	Sehr	_	B
25-2	9191-9198	geehrte	_	I
25-3	9199-9203	Frau	_	I
25-4	9204-9208	Keul	_	I
25-5	9208-9209	,	_	_
25-6	9210-9213	das	_	B
25-7	9214-9218	habe	_	_
25-8	9219-9222	ich	_	B
25-9	9223-9228	sogar	_	_
25-10	9229-9234	schon	_	_
25-11	9235-9241	gesagt	_	_
25-12	9241-9242	.	_	_

#Text=Wir haben darauf hingewiesen, dass es für die Militäroffensive der Türkei in Nordostsyrien keine völkerrechtliche Legitimation gibt, und daraus die Konsequenz gezogen: Da dieser Einmarsch in Nordostsyrien nicht mit dem Völkerrecht im Einklang steht, ist für uns vollkommen klar, dass die Türkei mit den Truppen, mit denen sie dort eingezogen ist, wieder herausgehen muss.
26-1	9245-9248	Wir	_	B
26-2	9249-9254	haben	_	_
26-3	9255-9261	darauf	_	_
26-4	9262-9273	hingewiesen	_	_
26-5	9273-9274	,	_	_
26-6	9275-9279	dass	_	_
26-7	9280-9282	es	_	_
26-8	9283-9286	für	_	_
26-9	9287-9290	die	_	B
26-10	9291-9307	Militäroffensive	_	I
26-11	9308-9311	der	_	B
26-12	9312-9318	Türkei	_	I
26-13	9319-9321	in	_	_
26-14	9322-9335	Nordostsyrien	_	B
26-15	9336-9341	keine	_	B
26-16	9342-9358	völkerrechtliche	_	I
26-17	9359-9371	Legitimation	_	I
26-18	9372-9376	gibt	_	_
26-19	9376-9377	,	_	_
26-20	9378-9381	und	_	_
26-21	9382-9388	daraus	_	_
26-22	9389-9392	die	_	B
26-23	9393-9403	Konsequenz	_	I
26-24	9404-9411	gezogen	_	_
26-25	9411-9412	:	_	_
26-26	9413-9415	Da	_	_
26-27	9416-9422	dieser	_	B
26-28	9423-9432	Einmarsch	_	I
26-29	9433-9435	in	_	_
26-30	9436-9449	Nordostsyrien	_	B
26-31	9450-9455	nicht	_	_
26-32	9456-9459	mit	_	_
26-33	9460-9463	dem	_	B
26-34	9464-9475	Völkerrecht	_	I
26-35	9476-9478	im	_	_
26-36	9479-9487	Einklang	_	B
26-37	9488-9493	steht	_	_
26-38	9493-9494	,	_	_
26-39	9495-9498	ist	_	_
26-40	9499-9502	für	_	_
26-41	9503-9506	uns	_	B
26-42	9507-9517	vollkommen	_	_
26-43	9518-9522	klar	_	_
26-44	9522-9523	,	_	_
26-45	9524-9528	dass	_	_
26-46	9529-9532	die	_	B
26-47	9533-9539	Türkei	_	I
26-48	9540-9543	mit	_	_
26-49	9544-9547	den	_	B
26-50	9548-9555	Truppen	_	I
26-51	9555-9556	,	_	_
26-52	9557-9560	mit	_	_
26-53	9561-9566	denen	_	B
26-54	9567-9570	sie	_	B
26-55	9571-9575	dort	_	_
26-56	9576-9586	eingezogen	_	_
26-57	9587-9590	ist	_	_
26-58	9590-9591	,	_	_
26-59	9592-9598	wieder	_	_
26-60	9599-9610	herausgehen	_	_
26-61	9611-9615	muss	_	_
26-62	9615-9616	.	_	_

#Text=Meine Damen und Herren, beim Kampf gegen den IS – genau darum geht es bei dem Mandat, das wir heute verlängern – sind drei Dinge entscheidend.
27-1	9625-9630	Meine	_	B
27-2	9631-9636	Damen	_	I
27-3	9637-9640	und	_	_
27-4	9641-9647	Herren	_	B
27-5	9647-9648	,	_	_
27-6	9649-9653	beim	_	_
27-7	9654-9659	Kampf	_	B
27-8	9660-9665	gegen	_	_
27-9	9666-9669	den	_	B
27-10	9670-9672	IS	_	I
27-11	9673-9674	–	_	_
27-12	9675-9680	genau	_	_
27-13	9681-9686	darum	_	_
27-14	9687-9691	geht	_	_
27-15	9692-9694	es	_	_
27-16	9695-9698	bei	_	_
27-17	9699-9702	dem	_	B
27-18	9703-9709	Mandat	_	I
27-19	9709-9710	,	_	_
27-20	9711-9714	das	_	B
27-21	9715-9718	wir	_	B
27-22	9719-9724	heute	_	_
27-23	9725-9735	verlängern	_	_
27-24	9736-9737	–	_	_
27-25	9738-9742	sind	_	_
27-26	9743-9747	drei	_	B
27-27	9748-9753	Dinge	_	I
27-28	9754-9766	entscheidend	_	_
27-29	9766-9767	.	_	_

#Text=Erstens. Ohne ein genaues Bild davon, wo sich der IS am Boden aufhält und wo er wieder erstarkt, werden wir die bisherigen Erfolge im Kampf gegen den IS nicht sichern können. Daher ist es gerade jetzt ganz besonders wichtig, die Luftaufklärung bis Ende März nächsten Jahres weiterzuführen und sie dann in andere Hände zu übergeben.
28-1	9771-9778	Erstens	_	_
28-2	9778-9779	.	_	_
28-3	9780-9784	Ohne	_	_
28-4	9785-9788	ein	_	B
28-5	9789-9796	genaues	_	I
28-6	9797-9801	Bild	_	I
28-7	9802-9807	davon	_	_
28-8	9807-9808	,	_	_
28-9	9809-9811	wo	_	_
28-10	9812-9816	sich	_	B
28-11	9817-9820	der	_	B
28-12	9821-9823	IS	_	I
28-13	9824-9826	am	_	_
28-14	9827-9832	Boden	_	B
28-15	9833-9840	aufhält	_	_
28-16	9841-9844	und	_	_
28-17	9845-9847	wo	_	_
28-18	9848-9850	er	_	B
28-19	9851-9857	wieder	_	_
28-20	9858-9866	erstarkt	_	_
28-21	9866-9867	,	_	_
28-22	9868-9874	werden	_	_
28-23	9875-9878	wir	_	B
28-24	9879-9882	die	_	B
28-25	9883-9893	bisherigen	_	I
28-26	9894-9901	Erfolge	_	I
28-27	9902-9904	im	_	_
28-28	9905-9910	Kampf	_	B
28-29	9911-9916	gegen	_	_
28-30	9917-9920	den	_	B
28-31	9921-9923	IS	_	I
28-32	9924-9929	nicht	_	_
28-33	9930-9937	sichern	_	_
28-34	9938-9944	können	_	_
28-35	9944-9945	.	_	_
28-36	9946-9951	Daher	_	_
28-37	9952-9955	ist	_	_
28-38	9956-9958	es	_	B
28-39	9959-9965	gerade	_	_
28-40	9966-9971	jetzt	_	_
28-41	9972-9976	ganz	_	_
28-42	9977-9986	besonders	_	_
28-43	9987-9994	wichtig	_	_
28-44	9994-9995	,	_	_
28-45	9996-9999	die	_	B
28-46	10000-10014	Luftaufklärung	_	I
28-47	10015-10018	bis	_	_
28-48	10019-10023	Ende	_	B
28-49	10024-10028	März	_	I
28-50	10029-10037	nächsten	_	B
28-51	10038-10044	Jahres	_	I
28-52	10045-10059	weiterzuführen	_	_
28-53	10060-10063	und	_	_
28-54	10064-10067	sie	_	B
28-55	10068-10072	dann	_	_
28-56	10073-10075	in	_	_
28-57	10076-10082	andere	_	B
28-58	10083-10088	Hände	_	I
28-59	10089-10091	zu	_	_
28-60	10092-10101	übergeben	_	_
28-61	10101-10102	.	_	_

#Text=Zweitens. Wir müssen alles dafür tun, dass der IS nicht erneut im Irak Fuß fasst. Das Land hat nach dem Ende der IS-Terrorherrschaft große Fortschritte erzielt; davon kann sich vor Ort jeder überzeugen. Der Irak spielt mittlerweile eine sehr ausgleichende Rolle bei allen Konflikten in der Region. Millionen Flüchtlinge konnten zurückkehren. Das wollen wir auch in anderen Regionen ermöglichen. Unsere zivile Unterstützung im Irak hatte daran einen ganz entscheidenden Anteil. Genauso entscheidend bleibt der Aufbau von Fähigkeiten der irakischen Sicherheitskräfte; dieser Aufbau muss weitergehen.
29-1	10109-10117	Zweitens	_	_
29-2	10117-10118	.	_	_
29-3	10119-10122	Wir	_	B
29-4	10123-10129	müssen	_	_
29-5	10130-10135	alles	_	B
29-6	10136-10141	dafür	_	_
29-7	10142-10145	tun	_	_
29-8	10145-10146	,	_	_
29-9	10147-10151	dass	_	_
29-10	10152-10155	der	_	B
29-11	10156-10158	IS	_	I
29-12	10159-10164	nicht	_	_
29-13	10165-10171	erneut	_	_
29-14	10172-10174	im	_	_
29-15	10175-10179	Irak	_	B
29-16	10180-10183	Fuß	_	B
29-17	10184-10189	fasst	_	_
29-18	10189-10190	.	_	_
29-19	10191-10194	Das	_	B
29-20	10195-10199	Land	_	I
29-21	10200-10203	hat	_	_
29-22	10204-10208	nach	_	_
29-23	10209-10212	dem	_	B
29-24	10213-10217	Ende	_	I
29-25	10218-10221	der	_	B
29-26	10222-10241	IS-Terrorherrschaft	_	I
29-27	10242-10247	große	_	B
29-28	10248-10260	Fortschritte	_	I
29-29	10261-10268	erzielt	_	_
29-30	10268-10269	;	_	_
29-31	10270-10275	davon	_	_
29-32	10276-10280	kann	_	_
29-33	10281-10285	sich	_	B
29-34	10286-10289	vor	_	_
29-35	10290-10293	Ort	_	B
29-36	10294-10299	jeder	_	B
29-37	10300-10310	überzeugen	_	_
29-38	10310-10311	.	_	_
29-39	10312-10315	Der	_	B
29-40	10316-10320	Irak	_	I
29-41	10321-10327	spielt	_	_
29-42	10328-10340	mittlerweile	_	_
29-43	10341-10345	eine	_	B
29-44	10346-10350	sehr	_	I
29-45	10351-10364	ausgleichende	_	I
29-46	10365-10370	Rolle	_	I
29-47	10371-10374	bei	_	_
29-48	10375-10380	allen	_	B
29-49	10381-10391	Konflikten	_	I
29-50	10392-10394	in	_	_
29-51	10395-10398	der	_	B
29-52	10399-10405	Region	_	I
29-53	10405-10406	.	_	_
29-54	10407-10416	Millionen	_	B
29-55	10417-10428	Flüchtlinge	_	I
29-56	10429-10436	konnten	_	_
29-57	10437-10449	zurückkehren	_	_
29-58	10449-10450	.	_	_
29-59	10451-10454	Das	_	B
29-60	10455-10461	wollen	_	_
29-61	10462-10465	wir	_	B
29-62	10466-10470	auch	_	_
29-63	10471-10473	in	_	_
29-64	10474-10481	anderen	_	B
29-65	10482-10490	Regionen	_	I
29-66	10491-10502	ermöglichen	_	_
29-67	10502-10503	.	_	_
29-68	10504-10510	Unsere	_	B
29-69	10511-10517	zivile	_	I
29-70	10518-10531	Unterstützung	_	I
29-71	10532-10534	im	_	_
29-72	10535-10539	Irak	_	B
29-73	10540-10545	hatte	_	_
29-74	10546-10551	daran	_	_
29-75	10552-10557	einen	_	B
29-76	10558-10562	ganz	_	I
29-77	10563-10577	entscheidenden	_	I
29-78	10578-10584	Anteil	_	I
29-79	10584-10585	.	_	_
29-80	10586-10593	Genauso	_	_
29-81	10594-10606	entscheidend	_	_
29-82	10607-10613	bleibt	_	_
29-83	10614-10617	der	_	B
29-84	10618-10624	Aufbau	_	I
29-85	10625-10628	von	_	_
29-86	10629-10640	Fähigkeiten	_	B
29-87	10641-10644	der	_	B
29-88	10645-10655	irakischen	_	I
29-89	10656-10673	Sicherheitskräfte	_	I
29-90	10673-10674	;	_	_
29-91	10675-10681	dieser	_	B
29-92	10682-10688	Aufbau	_	I
29-93	10689-10693	muss	_	_
29-94	10694-10705	weitergehen	_	_
29-95	10705-10706	.	_	_

#Text=Und drittens – auch das muss gesagt werden –: Unser militärischer Beitrag und der Einsatz der Anti-IS-Koalition schaffen oft erst die Grundlage für das zivile Engagement. Humanitäre Hilfe, Stabilisierung, Versöhnung – all das braucht ein Mindestmaß an Sicherheit. Bedauerlicherweise ist die Lage dort so, dass dies militärische Sicherheit sein muss.
30-1	10718-10721	Und	_	_
30-2	10722-10730	drittens	_	_
30-3	10731-10732	–	_	_
30-4	10733-10737	auch	_	B
30-5	10738-10741	das	_	I
30-6	10742-10746	muss	_	_
30-7	10747-10753	gesagt	_	_
30-8	10754-10760	werden	_	_
30-9	10761-10762	–	_	_
30-10	10762-10763	:	_	_
30-11	10764-10769	Unser	_	B
30-12	10770-10783	militärischer	_	I
30-13	10784-10791	Beitrag	_	I
30-14	10792-10795	und	_	_
30-15	10796-10799	der	_	B
30-16	10800-10807	Einsatz	_	I
30-17	10808-10811	der	_	B
30-18	10812-10829	Anti-IS-Koalition	_	I
30-19	10830-10838	schaffen	_	_
30-20	10839-10842	oft	_	_
30-21	10843-10847	erst	_	_
30-22	10848-10851	die	_	B
30-23	10852-10861	Grundlage	_	I
30-24	10862-10865	für	_	_
30-25	10866-10869	das	_	B
30-26	10870-10876	zivile	_	I
30-27	10877-10887	Engagement	_	I
30-28	10887-10888	.	_	_
30-29	10889-10899	Humanitäre	_	B
30-30	10900-10905	Hilfe	_	I
30-31	10905-10906	,	_	_
30-32	10907-10921	Stabilisierung	_	B
30-33	10921-10922	,	_	_
30-34	10923-10933	Versöhnung	_	B
30-35	10934-10935	–	_	B
30-36	10936-10939	all	_	I
30-37	10940-10943	das	_	I
30-38	10944-10951	braucht	_	_
30-39	10952-10955	ein	_	B
30-40	10956-10966	Mindestmaß	_	I
30-41	10967-10969	an	_	_
30-42	10970-10980	Sicherheit	_	B
30-43	10980-10981	.	_	_
30-44	10982-11000	Bedauerlicherweise	_	_
30-45	11001-11004	ist	_	_
30-46	11005-11008	die	_	B
30-47	11009-11013	Lage	_	I
30-48	11014-11018	dort	_	_
30-49	11019-11021	so	_	_
30-50	11021-11022	,	_	_
30-51	11023-11027	dass	_	_
30-52	11028-11032	dies	_	B
30-53	11033-11045	militärische	_	B
30-54	11046-11056	Sicherheit	_	I
30-55	11057-11061	sein	_	_
30-56	11062-11066	muss	_	_
30-57	11066-11067	.	_	_

#Text=Meine sehr verehrten Damen und Herren, liebe Kolleginnen und Kollegen, wir haben in den letzten Tagen über das IKRK, das Welternährungsprogramm und das UNHCR geholfen, die rund 170 000 Vertriebenen in Nordsyrien, so gut es geht, zu versorgen. Sollte die humanitäre Notlage anhalten, dann müssen wir auch bereit sein, weiterhin Unterstützung zu leisten, vielleicht noch mehr, als wir zurzeit zur Verfügung stellen.
31-1	11075-11080	Meine	_	B
31-2	11081-11085	sehr	_	I
31-3	11086-11095	verehrten	_	I
31-4	11096-11101	Damen	_	I
31-5	11102-11105	und	_	_
31-6	11106-11112	Herren	_	B
31-7	11112-11113	,	_	_
31-8	11114-11119	liebe	_	B
31-9	11120-11131	Kolleginnen	_	I
31-10	11132-11135	und	_	_
31-11	11136-11144	Kollegen	_	B
31-12	11144-11145	,	_	_
31-13	11146-11149	wir	_	B
31-14	11150-11155	haben	_	_
31-15	11156-11158	in	_	_
31-16	11159-11162	den	_	B
31-17	11163-11170	letzten	_	I
31-18	11171-11176	Tagen	_	I
31-19	11177-11181	über	_	_
31-20	11182-11185	das	_	B
31-21	11186-11190	IKRK	_	I
31-22	11190-11191	,	_	_
31-23	11192-11195	das	_	B
31-24	11196-11218	Welternährungsprogramm	_	I
31-25	11219-11222	und	_	_
31-26	11223-11226	das	_	B
31-27	11227-11232	UNHCR	_	I
31-28	11233-11241	geholfen	_	_
31-29	11241-11242	,	_	_
31-30	11243-11246	die	_	B
31-31	11247-11251	rund	_	_
31-32	11252-11255	170	_	_
31-33	11256-11259	000	_	_
31-34	11260-11272	Vertriebenen	_	_
31-35	11273-11275	in	_	_
31-36	11276-11286	Nordsyrien	_	B
31-37	11286-11287	,	_	_
31-38	11288-11290	so	_	_
31-39	11291-11294	gut	_	_
31-40	11295-11297	es	_	_
31-41	11298-11302	geht	_	_
31-42	11302-11303	,	_	_
31-43	11304-11306	zu	_	_
31-44	11307-11316	versorgen	_	_
31-45	11316-11317	.	_	_
31-46	11318-11324	Sollte	_	_
31-47	11325-11328	die	_	B
31-48	11329-11339	humanitäre	_	I
31-49	11340-11347	Notlage	_	I
31-50	11348-11356	anhalten	_	_
31-51	11356-11357	,	_	_
31-52	11358-11362	dann	_	_
31-53	11363-11369	müssen	_	_
31-54	11370-11373	wir	_	B
31-55	11374-11378	auch	_	_
31-56	11379-11385	bereit	_	_
31-57	11386-11390	sein	_	_
31-58	11390-11391	,	_	_
31-59	11392-11401	weiterhin	_	_
31-60	11402-11415	Unterstützung	_	B
31-61	11416-11418	zu	_	_
31-62	11419-11426	leisten	_	_
31-63	11426-11427	,	_	_
31-64	11428-11438	vielleicht	_	B
31-65	11439-11443	noch	_	I
31-66	11444-11448	mehr	_	I
31-67	11448-11449	,	_	_
31-68	11450-11453	als	_	_
31-69	11454-11457	wir	_	B
31-70	11458-11465	zurzeit	_	_
31-71	11466-11469	zur	_	_
31-72	11470-11479	Verfügung	_	B
31-73	11480-11487	stellen	_	_
31-74	11487-11488	.	_	_

#Text=Frau Präsidentin, ich komme zum Schluss: Auch für diese Menschen wäre viel erreicht, wenn wir die Gefahr durch den IS ein für alle Mal bannen könnten; denn die Menschen in Syrien und im Irak fürchten kaum etwas so sehr wie eine erneute IS-Terrorherrschaft. Aber auch für unsere Sicherheit in Europa – das gehört ebenfalls in diese Debatte – bleibt der IS eine Bedrohung. Deshalb ist die Verlängerung dieses Mandates in unserem ureigenen Interesse.
32-1	11501-11505	Frau	_	B
32-2	11506-11517	Präsidentin	_	I
32-3	11517-11518	,	_	_
32-4	11519-11522	ich	_	B
32-5	11523-11528	komme	_	_
32-6	11529-11532	zum	_	_
32-7	11533-11540	Schluss	_	B
32-8	11540-11541	:	_	_
32-9	11542-11546	Auch	_	_
32-10	11547-11550	für	_	_
32-11	11551-11556	diese	_	B
32-12	11557-11565	Menschen	_	I
32-13	11566-11570	wäre	_	_
32-14	11571-11575	viel	_	B
32-15	11576-11584	erreicht	_	_
32-16	11584-11585	,	_	_
32-17	11586-11590	wenn	_	_
32-18	11591-11594	wir	_	B
32-19	11595-11598	die	_	B
32-20	11599-11605	Gefahr	_	I
32-21	11606-11611	durch	_	_
32-22	11612-11615	den	_	B
32-23	11616-11618	IS	_	I
32-24	11619-11622	ein	_	_
32-25	11623-11626	für	_	_
32-26	11627-11631	alle	_	B
32-27	11632-11635	Mal	_	I
32-28	11636-11642	bannen	_	_
32-29	11643-11650	könnten	_	_
32-30	11650-11651	;	_	_
32-31	11652-11656	denn	_	_
32-32	11657-11660	die	_	B
32-33	11661-11669	Menschen	_	I
32-34	11670-11672	in	_	_
32-35	11673-11679	Syrien	_	B
32-36	11680-11683	und	_	_
32-37	11684-11686	im	_	_
32-38	11687-11691	Irak	_	B
32-39	11692-11700	fürchten	_	_
32-40	11701-11705	kaum	_	_
32-41	11706-11711	etwas	_	_
32-42	11712-11714	so	_	_
32-43	11715-11719	sehr	_	_
32-44	11720-11723	wie	_	_
32-45	11724-11728	eine	_	_
32-46	11729-11736	erneute	_	_
32-47	11737-11756	IS-Terrorherrschaft	_	_
32-48	11756-11757	.	_	_
32-49	11758-11762	Aber	_	_
32-50	11763-11767	auch	_	_
32-51	11768-11771	für	_	_
32-52	11772-11778	unsere	_	B
32-53	11779-11789	Sicherheit	_	I
32-54	11790-11792	in	_	_
32-55	11793-11799	Europa	_	B
32-56	11800-11801	–	_	B
32-57	11802-11805	das	_	I
32-58	11806-11812	gehört	_	_
32-59	11813-11822	ebenfalls	_	_
32-60	11823-11825	in	_	_
32-61	11826-11831	diese	_	B
32-62	11832-11839	Debatte	_	I
32-63	11840-11841	–	_	_
32-64	11842-11848	bleibt	_	_
32-65	11849-11852	der	_	B
32-66	11853-11855	IS	_	I
32-67	11856-11860	eine	_	B
32-68	11861-11870	Bedrohung	_	I
32-69	11870-11871	.	_	_
32-70	11872-11879	Deshalb	_	_
32-71	11880-11883	ist	_	_
32-72	11884-11887	die	_	B
32-73	11888-11900	Verlängerung	_	I
32-74	11901-11907	dieses	_	B
32-75	11908-11916	Mandates	_	I
32-76	11917-11919	in	_	_
32-77	11920-11927	unserem	_	B
32-78	11928-11937	ureigenen	_	I
32-79	11938-11947	Interesse	_	I
32-80	11947-11948	.	_	_

#Text=Herzlichen Dank.
33-1	11956-11966	Herzlichen	_	B
33-2	11967-11971	Dank	_	I
33-3	11971-11972	.	_	_

#Text=Das Wort hat der Abgeordnete Gerold Otten für die AfD-Fraktion.
34-1	11974-11977	Das	_	B
34-2	11978-11982	Wort	_	I
34-3	11983-11986	hat	_	_
34-4	11987-11990	der	_	B
34-5	11991-12002	Abgeordnete	_	I
34-6	12003-12009	Gerold	_	I
34-7	12010-12015	Otten	_	I
34-8	12016-12019	für	_	_
34-9	12020-12023	die	_	B
34-10	12024-12036	AfD-Fraktion	_	I
34-11	12036-12037	.	_	_
