#FORMAT=WebAnno TSV 3.3
#T_SP=webanno.custom.Animacy|Animated
#T_SP=webanno.custom.CustomChunk|Chunk


#Text=Sehr geehrter Herr Abgeordneter, wenn wir in die Fachlichkeit einsteigen, was ich ja präferiere, dann, so glaube ich, sollte die FDP schon zu dem stehen, was ihre Haltung ist und was ja auch in Ordnung ist. Wir haben unterschiedliche Sichtweisen auf die bestehenden diversen sozialen Sicherungssysteme. Da gibt es verschiedene Positionen. Auch mit den Kollegen von der SPD sind wir ja immer in der Diskussion.
1-1	0-4	Sehr	_	_	
1-2	5-13	geehrter	_	_	
1-3	14-18	Herr	_	_	
1-4	19-31	Abgeordneter	Animated	B	
1-5	31-32	,	_	_	
1-6	33-37	wenn	_	_	
1-7	38-41	wir	Animated	B	
1-8	42-44	in	_	_	
1-9	45-48	die	_	B	
1-10	49-61	Fachlichkeit	_	I	
1-11	62-72	einsteigen	_	_	
1-12	72-73	,	_	_	
1-13	74-77	was	_	B	
1-14	78-81	ich	Animated	B	
1-15	82-84	ja	_	_	
1-16	85-95	präferiere	_	_	
1-17	95-96	,	_	_	
1-18	97-101	dann	_	_	
1-19	101-102	,	_	_	
1-20	103-105	so	_	_	
1-21	106-112	glaube	_	_	
1-22	113-116	ich	Animated	B	
1-23	116-117	,	_	_	
1-24	118-124	sollte	_	_	
1-25	125-128	die	Animated[1]	B	
1-26	129-132	FDP	Animated[1]	I	
1-27	133-138	schon	_	_	
1-28	139-141	zu	_	_	
1-29	142-145	dem	_	B	
1-30	146-152	stehen	_	_	
1-31	152-153	,	_	_	
1-32	154-157	was	_	B	
1-33	158-162	ihre	_	B	
1-34	163-170	Haltung	_	I	
1-35	171-174	ist	_	_	
1-36	175-178	und	_	_	
1-37	179-182	was	_	B	
1-38	183-185	ja	_	_	
1-39	186-190	auch	_	_	
1-40	191-193	in	_	_	
1-41	194-201	Ordnung	_	B	
1-42	202-205	ist	_	_	
1-43	205-206	.	_	_	
1-44	207-210	Wir	Animated	B	
1-45	211-216	haben	_	_	
1-46	217-233	unterschiedliche	_	B	
1-47	234-245	Sichtweisen	_	I	
1-48	246-249	auf	_	_	
1-49	250-253	die	_	B	
1-50	254-265	bestehenden	_	I	
1-51	266-274	diversen	_	I	
1-52	275-283	sozialen	_	I	
1-53	284-301	Sicherungssysteme	_	I	
1-54	301-302	.	_	_	
1-55	303-305	Da	_	_	
1-56	306-310	gibt	_	_	
1-57	311-313	es	_	_	
1-58	314-326	verschiedene	_	B	
1-59	327-337	Positionen	_	I	
1-60	337-338	.	_	_	
1-61	339-343	Auch	_	_	
1-62	344-347	mit	_	_	
1-63	348-351	den	Animated[2]	B	
1-64	352-360	Kollegen	Animated[2]	I	
1-65	361-364	von	_	_	
1-66	365-368	der	Animated[3]	B	
1-67	369-372	SPD	Animated[3]	I	
1-68	373-377	sind	_	_	
1-69	378-381	wir	Animated	B	
1-70	382-384	ja	_	_	
1-71	385-390	immer	_	_	
1-72	391-393	in	_	_	
1-73	394-397	der	_	B	
1-74	398-408	Diskussion	_	I	
1-75	408-409	.	_	_	

#Text=Ich habe ganz klar gesagt: Wir als Bundesregierung, wir als Union haben eine andere Haltung dazu. Deshalb haben wir zum Beispiel 30 Millionen Euro bei der Krankenversicherung noch mal draufgelegt, um letztlich die Prämien nicht steigen zu lassen. Dass die FDP da eine andere Sichtweise hat – sehr geehrter Herr Hocker, ich war im Haushaltsausschuss dabei –, ist ja nicht verwerflich. Aber ich denke, am Ende kann man dazu auch stehen, oder?
2-1	420-423	Ich	Animated	B	
2-2	424-428	habe	_	_	
2-3	429-433	ganz	_	_	
2-4	434-438	klar	_	_	
2-5	439-445	gesagt	_	_	
2-6	445-446	:	_	_	
2-7	447-450	Wir	Animated	B	
2-8	451-454	als	_	_	
2-9	455-470	Bundesregierung	Animated	B	
2-10	470-471	,	_	_	
2-11	472-475	wir	Animated	B	
2-12	476-479	als	_	_	
2-13	480-485	Union	Animated	B	
2-14	486-491	haben	_	_	
2-15	492-496	eine	_	B	
2-16	497-503	andere	_	I	
2-17	504-511	Haltung	_	I	
2-18	512-516	dazu	_	_	
2-19	516-517	.	_	_	
2-20	518-525	Deshalb	_	_	
2-21	526-531	haben	_	_	
2-22	532-535	wir	Animated	B	
2-23	536-539	zum	_	_	
2-24	540-548	Beispiel	_	B	
2-25	549-551	30	_	_	
2-26	552-561	Millionen	_	_	
2-27	562-566	Euro	_	B	
2-28	567-570	bei	_	_	
2-29	571-574	der	_	B	
2-30	575-594	Krankenversicherung	_	I	
2-31	595-599	noch	_	_	
2-32	600-603	mal	_	_	
2-33	604-615	draufgelegt	_	_	
2-34	615-616	,	_	_	
2-35	617-619	um	_	_	
2-36	620-629	letztlich	_	_	
2-37	630-633	die	_	B	
2-38	634-641	Prämien	_	I	
2-39	642-647	nicht	_	_	
2-40	648-655	steigen	_	_	
2-41	656-658	zu	_	_	
2-42	659-665	lassen	_	_	
2-43	665-666	.	_	_	
2-44	667-671	Dass	_	_	
2-45	672-675	die	Animated[4]	B	
2-46	676-679	FDP	Animated[4]	I	
2-47	680-682	da	_	_	
2-48	683-687	eine	_	B	
2-49	688-694	andere	_	I	
2-50	695-705	Sichtweise	_	I	
2-51	706-709	hat	_	_	
2-52	710-711	–	_	_	
2-53	712-716	sehr	Animated[5]	B	
2-54	717-725	geehrter	Animated[5]	I	
2-55	726-730	Herr	Animated[5]	I	
2-56	731-737	Hocker	Animated[5]	I	
2-57	737-738	,	_	_	
2-58	739-742	ich	Animated	B	
2-59	743-746	war	_	_	
2-60	747-749	im	_	_	
2-61	750-768	Haushaltsausschuss	Animated	B	
2-62	769-774	dabei	_	_	
2-63	775-776	–	_	_	
2-64	776-777	,	_	_	
2-65	778-781	ist	_	_	
2-66	782-784	ja	_	_	
2-67	785-790	nicht	_	_	
2-68	791-802	verwerflich	_	_	
2-69	802-803	.	_	_	
2-70	804-808	Aber	_	_	
2-71	809-812	ich	Animated	B	
2-72	813-818	denke	_	_	
2-73	818-819	,	_	_	
2-74	820-822	am	_	_	
2-75	823-827	Ende	_	B	
2-76	828-832	kann	_	_	
2-77	833-836	man	Animated	B	
2-78	837-841	dazu	_	_	
2-79	842-846	auch	_	_	
2-80	847-853	stehen	_	_	
2-81	853-854	,	_	_	
2-82	855-859	oder	_	_	
2-83	859-860	?	_	_	

#Text=Sie haben die Möglichkeit zu einer Nachfrage. – Ich mache noch einmal darauf aufmerksam, dass jetzt nur 30 Sekunden zur Verfügung stehen, sowohl für die Frage als auch für die Antwort.
3-1	872-875	Sie	_	B	
3-2	876-881	haben	_	_	
3-3	882-885	die	_	B	
3-4	886-897	Möglichkeit	_	I	
3-5	898-900	zu	_	_	
3-6	901-906	einer	_	B	
3-7	907-916	Nachfrage	_	I	
3-8	916-917	.	_	_	
3-9	918-919	–	_	_	
3-10	920-923	Ich	Animated	B	
3-11	924-929	mache	_	_	
3-12	930-934	noch	_	_	
3-13	935-941	einmal	_	_	
3-14	942-948	darauf	_	_	
3-15	949-959	aufmerksam	_	_	
3-16	959-960	,	_	_	
3-17	961-965	dass	_	_	
3-18	966-971	jetzt	_	_	
3-19	972-975	nur	_	B	
3-20	976-978	30	_	I	
3-21	979-987	Sekunden	_	I	
3-22	988-991	zur	_	_	
3-23	992-1001	Verfügung	_	B	
3-24	1002-1008	stehen	_	_	
3-25	1008-1009	,	_	_	
3-26	1010-1016	sowohl	_	_	
3-27	1017-1020	für	_	_	
3-28	1021-1024	die	_	B	
3-29	1025-1030	Frage	_	I	
3-30	1031-1034	als	_	_	
3-31	1035-1039	auch	_	_	
3-32	1040-1043	für	_	_	
3-33	1044-1047	die	_	B	
3-34	1048-1055	Antwort	_	I	
3-35	1055-1056	.	_	_	
