#FORMAT=WebAnno TSV 3.3
#T_SP=webanno.custom.Animacy|Animated
#T_SP=webanno.custom.CustomChunk|Chunk


#Text=Herr Präsident! Werte Kolleginnen und Kollegen! Das Post-Cotonou-Folgeabkommen könnte eines der bedeutendsten Abkommen der EU werden. Es soll ja immerhin mit über 100 Ländern abgeschlossen werden. Es handelt sich also tatsächlich um die Champions League der europäischen Außenbeziehungen. Leider zeigt der Mandatsentwurf jedoch, dass die Regierung und die EU auf Kreisklasseniveau spielen wollen.
1-1	0-4	Herr	Animated[1]	B	
1-2	5-14	Präsident	Animated[1]	I	
1-3	14-15	!	_	_	
1-4	16-21	Werte	_	B	
1-5	22-33	Kolleginnen	_	_	
1-6	34-37	und	_	_	
1-7	38-46	Kollegen	Animated	B	
1-8	46-47	!	_	_	
1-9	48-51	Das	_	B	
1-10	52-78	Post-Cotonou-Folgeabkommen	_	I	
1-11	79-85	könnte	_	_	
1-12	86-91	eines	_	B	
1-13	92-95	der	_	B	
1-14	96-109	bedeutendsten	_	I	
1-15	110-118	Abkommen	_	I	
1-16	119-122	der	Animated[2]	B	
1-17	123-125	EU	Animated[2]	I	
1-18	126-132	werden	_	_	
1-19	132-133	.	_	_	
1-20	134-136	Es	_	B	
1-21	137-141	soll	_	_	
1-22	142-144	ja	_	_	
1-23	145-153	immerhin	_	_	
1-24	154-157	mit	_	_	
1-25	158-162	über	Animated[3]	B	
1-26	163-166	100	Animated[3]	I	
1-27	167-174	Ländern	Animated[3]	I	
1-28	175-188	abgeschlossen	_	_	
1-29	189-195	werden	_	_	
1-30	195-196	.	_	_	
1-31	197-199	Es	_	_	
1-32	200-207	handelt	_	_	
1-33	208-212	sich	_	B	
1-34	213-217	also	_	_	
1-35	218-229	tatsächlich	_	_	
1-36	230-232	um	_	_	
1-37	233-236	die	_	_	
1-38	237-246	Champions	_	_	
1-39	247-253	League	_	_	
1-40	254-257	der	_	B	
1-41	258-270	europäischen	_	I	
1-42	271-287	Außenbeziehungen	_	I	
1-43	287-288	.	_	_	
1-44	289-295	Leider	_	_	
1-45	296-301	zeigt	_	_	
1-46	302-305	der	_	B	
1-47	306-320	Mandatsentwurf	_	I	
1-48	321-327	jedoch	_	_	
1-49	327-328	,	_	_	
1-50	329-333	dass	_	_	
1-51	334-337	die	Animated[4]	B	
1-52	338-347	Regierung	Animated[4]	I	
1-53	348-351	und	_	_	
1-54	352-355	die	Animated[5]	B	
1-55	356-358	EU	Animated[5]	I	
1-56	359-362	auf	_	_	
1-57	363-380	Kreisklasseniveau	_	B	
1-58	381-388	spielen	_	_	
1-59	389-395	wollen	_	_	
1-60	395-396	.	_	_	

#Text=Dieser Entwurf schafft es zum Beispiel nicht, die postkoloniale Zweiteilung des jetzigen Cotonou-Abkommens zwischen AKP- und Nicht-AKP-Staaten aufzubrechen. Das ist rückwärtsgewandt und entspricht auch nicht den heutigen Herausforderungen.
2-1	404-410	Dieser	_	B	
2-2	411-418	Entwurf	_	I	
2-3	419-426	schafft	_	_	
2-4	427-429	es	_	B	
2-5	430-433	zum	_	_	
2-6	434-442	Beispiel	_	B	
2-7	443-448	nicht	_	_	
2-8	448-449	,	_	_	
2-9	450-453	die	_	B	
2-10	454-467	postkoloniale	_	I	
2-11	468-479	Zweiteilung	_	I	
2-12	480-483	des	_	B	
2-13	484-492	jetzigen	_	I	
2-14	493-510	Cotonou-Abkommens	_	I	
2-15	511-519	zwischen	_	_	
2-16	520-524	AKP-	Animated[6]	B	
2-17	525-528	und	Animated[6]	I	
2-18	529-546	Nicht-AKP-Staaten	Animated[6]	I	
2-19	547-559	aufzubrechen	_	_	
2-20	559-560	.	_	_	
2-21	561-564	Das	_	B	
2-22	565-568	ist	_	_	
2-23	569-585	rückwärtsgewandt	_	_	
2-24	586-589	und	_	_	
2-25	590-600	entspricht	_	_	
2-26	601-605	auch	_	_	
2-27	606-611	nicht	_	_	
2-28	612-615	den	_	B	
2-29	616-624	heutigen	_	I	
2-30	625-642	Herausforderungen	_	I	
2-31	642-643	.	_	_	

#Text=Es reicht eben nicht aus, wie im aktuellen Entwurf vorgesehen, der AU oder den MENA-Staaten einen Beobachterstatus einzuräumen. Sie müssen von Anfang an am Verhandlungstisch sitzen. Nur so kann man tatsächlich eine Partnerschaft auf Augenhöhe erreichen.
3-1	647-649	Es	_	B	
3-2	650-656	reicht	_	_	
3-3	657-661	eben	_	_	
3-4	662-667	nicht	_	_	
3-5	668-671	aus	_	_	
3-6	671-672	,	_	_	
3-7	673-676	wie	_	_	
3-8	677-679	im	_	_	
3-9	680-689	aktuellen	_	B	
3-10	690-697	Entwurf	_	I	
3-11	698-708	vorgesehen	_	_	
3-12	708-709	,	_	_	
3-13	710-713	der	_	B	
3-14	714-716	AU	_	_	
3-15	717-721	oder	_	_	
3-16	722-725	den	Animated[7]	B	
3-17	726-738	MENA-Staaten	Animated[7]	I	
3-18	739-744	einen	_	B	
3-19	745-761	Beobachterstatus	_	I	
3-20	762-773	einzuräumen	_	_	
3-21	773-774	.	_	_	
3-22	775-778	Sie	_	B	
3-23	779-785	müssen	_	_	
3-24	786-789	von	_	_	
3-25	790-796	Anfang	_	B	
3-26	797-799	an	_	_	
3-27	800-802	am	_	_	
3-28	803-820	Verhandlungstisch	_	B	
3-29	821-827	sitzen	_	_	
3-30	827-828	.	_	_	
3-31	829-832	Nur	_	_	
3-32	833-835	so	_	_	
3-33	836-840	kann	_	_	
3-34	841-844	man	Animated	B	
3-35	845-856	tatsächlich	_	_	
3-36	857-861	eine	_	B	
3-37	862-875	Partnerschaft	_	I	
3-38	876-879	auf	_	_	
3-39	880-889	Augenhöhe	_	B	
3-40	890-899	erreichen	_	_	
3-41	899-900	.	_	_	

#Text=Zum FDP-Antrag. Sie fordern, dass der unsägliche Holzweg, der auf dem Valletta-Gipfel 2015 beschlossen wurde, sogar ausgebaut werden soll. Dabei waren Sie doch einmal eine Menschenrechtspartei. Oder täusche ich mich da?
4-1	906-909	Zum	_	_	
4-2	910-920	FDP-Antrag	_	B	
4-3	920-921	.	_	_	
4-4	922-925	Sie	_	B	
4-5	926-933	fordern	_	_	
4-6	933-934	,	_	_	
4-7	935-939	dass	_	_	
4-8	940-943	der	_	B	
4-9	944-954	unsägliche	_	I	
4-10	955-962	Holzweg	_	I	
4-11	962-963	,	_	_	
4-12	964-967	der	_	B	
4-13	968-971	auf	_	_	
4-14	972-975	dem	_	B	
4-15	976-991	Valletta-Gipfel	_	I	
4-16	992-996	2015	_	_	
4-17	997-1008	beschlossen	_	_	
4-18	1009-1014	wurde	_	_	
4-19	1014-1015	,	_	_	
4-20	1016-1021	sogar	_	_	
4-21	1022-1031	ausgebaut	_	_	
4-22	1032-1038	werden	_	_	
4-23	1039-1043	soll	_	_	
4-24	1043-1044	.	_	_	
4-25	1045-1050	Dabei	_	_	
4-26	1051-1056	waren	_	_	
4-27	1057-1060	Sie	_	B	
4-28	1061-1065	doch	_	_	
4-29	1066-1072	einmal	_	_	
4-30	1073-1077	eine	Animated[8]	B	
4-31	1078-1098	Menschenrechtspartei	Animated[8]	I	
4-32	1098-1099	.	_	_	
4-33	1100-1104	Oder	_	_	
4-34	1105-1112	täusche	_	_	
4-35	1113-1116	ich	Animated	B	
4-36	1117-1121	mich	_	B	
4-37	1122-1124	da	_	_	
4-38	1124-1125	?	_	_	

#Text=Das verträgt sich nicht mit Ihrer „Festung Europa“-Rhetorik, die sich durch den ganzen Antrag zieht. Dabei müsste doch auch Ihnen klar sein: Entwicklungszusammenarbeit darf nicht zur Flüchtlingsabwehr degradiert werden.
5-1	1133-1136	Das	_	B	
5-2	1137-1145	verträgt	_	_	
5-3	1146-1150	sich	_	B	
5-4	1151-1156	nicht	_	_	
5-5	1157-1160	mit	_	_	
5-6	1161-1166	Ihrer	_	B	
5-7	1167-1168	„	_	I	
5-8	1168-1175	Festung	_	I	
5-9	1176-1192	Europa“-Rhetorik	_	I	
5-10	1192-1193	,	_	_	
5-11	1194-1197	die	_	B	
5-12	1198-1202	sich	_	B	
5-13	1203-1208	durch	_	_	
5-14	1209-1212	den	_	B	
5-15	1213-1219	ganzen	_	I	
5-16	1220-1226	Antrag	_	I	
5-17	1227-1232	zieht	_	_	
5-18	1232-1233	.	_	_	
5-19	1234-1239	Dabei	_	_	
5-20	1240-1246	müsste	_	_	
5-21	1247-1251	doch	_	_	
5-22	1252-1256	auch	_	B	
5-23	1257-1262	Ihnen	_	I	
5-24	1263-1267	klar	_	_	
5-25	1268-1272	sein	_	_	
5-26	1272-1273	:	_	_	
5-27	1274-1300	Entwicklungszusammenarbeit	_	B	
5-28	1301-1305	darf	_	_	
5-29	1306-1311	nicht	_	_	
5-30	1312-1315	zur	_	_	
5-31	1316-1333	Flüchtlingsabwehr	_	B	
5-32	1334-1344	degradiert	_	_	
5-33	1345-1351	werden	_	_	
5-34	1351-1352	.	_	_	

#Text=Seit Valletta werden Entwicklungsgelder für fragwürdige Grenzschutzprojekte und Sicherheitskonzepte zweckentfremdet. Entwicklungsgelder werden als Druckmittel eingesetzt. All das halte ich für grundfalsch. Fluchtursachen bekämpfen heißt eben nicht: Flüchtlinge bekämpfen.
6-1	1358-1362	Seit	_	_	
6-2	1363-1371	Valletta	Animated	B	
6-3	1372-1378	werden	_	_	
6-4	1379-1397	Entwicklungsgelder	_	B	
6-5	1398-1401	für	_	_	
6-6	1402-1413	fragwürdige	_	B	
6-7	1414-1433	Grenzschutzprojekte	_	I	
6-8	1434-1437	und	_	_	
6-9	1438-1457	Sicherheitskonzepte	_	B	
6-10	1458-1473	zweckentfremdet	_	_	
6-11	1473-1474	.	_	_	
6-12	1475-1493	Entwicklungsgelder	_	B	
6-13	1494-1500	werden	_	_	
6-14	1501-1504	als	_	_	
6-15	1505-1516	Druckmittel	_	B	
6-16	1517-1527	eingesetzt	_	_	
6-17	1527-1528	.	_	_	
6-18	1529-1532	All	_	B	
6-19	1533-1536	das	_	I	
6-20	1537-1542	halte	_	_	
6-21	1543-1546	ich	Animated	B	
6-22	1547-1550	für	_	_	
6-23	1551-1562	grundfalsch	_	_	
6-24	1562-1563	.	_	_	
6-25	1564-1578	Fluchtursachen	_	B	
6-26	1579-1588	bekämpfen	_	_	
6-27	1589-1594	heißt	_	_	
6-28	1595-1599	eben	_	_	
6-29	1600-1605	nicht	_	_	
6-30	1605-1606	:	_	_	
6-31	1607-1618	Flüchtlinge	Animated	B	
6-32	1619-1628	bekämpfen	_	_	
6-33	1628-1629	.	_	_	

#Text=In Bezug auf die EPAs verschließen Sie, liebe FDP, schlicht die Augen. Sie wollen es einfach nicht wahrhaben, was die Verhandlungen der EPAs angerichtet haben. Wir stehen heute vor einem handelspolitischen Scheiterhaufen. Die EPAs sind inhaltlich gescheitert und haben die Beziehungen zwischen den afrikanischen Staaten und der EU schwer belastet.
7-1	1635-1637	In	_	_	
7-2	1638-1643	Bezug	_	B	
7-3	1644-1647	auf	_	_	
7-4	1648-1651	die	Animated[9]	B	
7-5	1652-1656	EPAs	Animated[9]	I	
7-6	1657-1669	verschließen	_	_	
7-7	1670-1673	Sie	_	B	
7-8	1673-1674	,	_	_	
7-9	1675-1680	liebe	Animated[10]	B	
7-10	1681-1684	FDP	Animated[10]	I	
7-11	1684-1685	,	_	_	
7-12	1686-1694	schlicht	_	_	
7-13	1695-1698	die	_	B	
7-14	1699-1704	Augen	_	I	
7-15	1704-1705	.	_	_	
7-16	1706-1709	Sie	_	B	
7-17	1710-1716	wollen	_	_	
7-18	1717-1719	es	_	B	
7-19	1720-1727	einfach	_	_	
7-20	1728-1733	nicht	_	_	
7-21	1734-1743	wahrhaben	_	_	
7-22	1743-1744	,	_	_	
7-23	1745-1748	was	_	B	
7-24	1749-1752	die	_	B	
7-25	1753-1766	Verhandlungen	_	I	
7-26	1767-1770	der	Animated[11]	B	
7-27	1771-1775	EPAs	Animated[11]	I	
7-28	1776-1787	angerichtet	_	_	
7-29	1788-1793	haben	_	_	
7-30	1793-1794	.	_	_	
7-31	1795-1798	Wir	_	B	
7-32	1799-1805	stehen	_	_	
7-33	1806-1811	heute	_	_	
7-34	1812-1815	vor	_	_	
7-35	1816-1821	einem	_	B	
7-36	1822-1840	handelspolitischen	_	I	
7-37	1841-1855	Scheiterhaufen	_	I	
7-38	1855-1856	.	_	_	
7-39	1857-1860	Die	Animated[12]	B	
7-40	1861-1865	EPAs	Animated[12]	I	
7-41	1866-1870	sind	_	_	
7-42	1871-1881	inhaltlich	_	_	
7-43	1882-1893	gescheitert	_	_	
7-44	1894-1897	und	_	_	
7-45	1898-1903	haben	_	_	
7-46	1904-1907	die	_	B	
7-47	1908-1919	Beziehungen	_	I	
7-48	1920-1928	zwischen	_	_	
7-49	1929-1932	den	Animated[13]	B	
7-50	1933-1946	afrikanischen	Animated[13]	I	
7-51	1947-1954	Staaten	Animated[13]	I	
7-52	1955-1958	und	_	_	
7-53	1959-1962	der	Animated[14]	B	
7-54	1963-1965	EU	Animated[14]	I	
7-55	1966-1972	schwer	_	_	
7-56	1973-1981	belastet	_	_	
7-57	1981-1982	.	_	_	

#Text=Ja, Herr Beek, Sie haben in Ihrer Rede kritisiert, dass der Handel innerhalb der afrikanischen Staaten noch immer so gering ist. Dann überlegen Sie sich einmal, warum sich viele Staaten Afrikas gegen diese EPAs gewendet haben. Sie haben nämlich gesagt, das wird durch die EPAs eher verhindert denn gefördert.
8-1	1990-1992	Ja	_	_	
8-2	1992-1993	,	_	_	
8-3	1994-1998	Herr	Animated[15]	B	
8-4	1999-2003	Beek	Animated[15]	I	
8-5	2003-2004	,	_	_	
8-6	2005-2008	Sie	_	B	
8-7	2009-2014	haben	_	_	
8-8	2015-2017	in	_	_	
8-9	2018-2023	Ihrer	_	B	
8-10	2024-2028	Rede	_	I	
8-11	2029-2039	kritisiert	_	_	
8-12	2039-2040	,	_	_	
8-13	2041-2045	dass	_	_	
8-14	2046-2049	der	_	B	
8-15	2050-2056	Handel	_	I	
8-16	2057-2066	innerhalb	_	_	
8-17	2067-2070	der	Animated[16]	B	
8-18	2071-2084	afrikanischen	Animated[16]	I	
8-19	2085-2092	Staaten	Animated[16]	I	
8-20	2093-2097	noch	_	_	
8-21	2098-2103	immer	_	_	
8-22	2104-2106	so	_	_	
8-23	2107-2113	gering	_	_	
8-24	2114-2117	ist	_	_	
8-25	2117-2118	.	_	_	
8-26	2119-2123	Dann	_	_	
8-27	2124-2133	überlegen	_	_	
8-28	2134-2137	Sie	_	B	
8-29	2138-2142	sich	_	B	
8-30	2143-2149	einmal	_	_	
8-31	2149-2150	,	_	_	
8-32	2151-2156	warum	_	_	
8-33	2157-2161	sich	_	B	
8-34	2162-2167	viele	Animated[17]	B	
8-35	2168-2175	Staaten	Animated[17]	I	
8-36	2176-2183	Afrikas	_	B	
8-37	2184-2189	gegen	_	_	
8-38	2190-2195	diese	Animated[18]	B	
8-39	2196-2200	EPAs	Animated[18]	I	
8-40	2201-2209	gewendet	_	_	
8-41	2210-2215	haben	_	_	
8-42	2215-2216	.	_	_	
8-43	2217-2220	Sie	_	B	
8-44	2221-2226	haben	_	_	
8-45	2227-2234	nämlich	_	_	
8-46	2235-2241	gesagt	_	_	
8-47	2241-2242	,	_	_	
8-48	2243-2246	das	_	B	
8-49	2247-2251	wird	_	_	
8-50	2252-2257	durch	_	_	
8-51	2258-2261	die	Animated[19]	B	
8-52	2262-2266	EPAs	Animated[19]	I	
8-53	2267-2271	eher	_	_	
8-54	2272-2282	verhindert	_	_	
8-55	2283-2287	denn	_	_	
8-56	2288-2297	gefördert	_	_	
8-57	2297-2298	.	_	_	

#Text=Die 13-jährige Verhandlungszeit war durch Arroganz, Drohungen und zum Schluss mit Erpressungen durch die EU-Verhandler gespickt.
9-1	2307-2310	Die	_	B	
9-2	2311-2321	13-jährige	_	I	
9-3	2322-2338	Verhandlungszeit	_	I	
9-4	2339-2342	war	_	_	
9-5	2343-2348	durch	_	_	
9-6	2349-2357	Arroganz	_	B	
9-7	2357-2358	,	_	_	
9-8	2359-2368	Drohungen	_	B	
9-9	2369-2372	und	_	_	
9-10	2373-2376	zum	_	_	
9-11	2377-2384	Schluss	_	B	
9-12	2385-2388	mit	_	_	
9-13	2389-2401	Erpressungen	_	B	
9-14	2402-2407	durch	_	_	
9-15	2408-2411	die	Animated[20]	B	
9-16	2412-2425	EU-Verhandler	Animated[20]	I	
9-17	2426-2434	gespickt	_	_	
9-18	2434-2435	.	_	_	

#Text=Die Bewertungen der EPAs müssen natürlich auch diesen Aspekt berücksichtigen. Wir brauchen endlich einen handelspolitischen Neuanfang. Wir brauchen einen Handel, der nachhaltige Entwicklung ermöglicht und nicht verhindert.
10-1	2438-2441	Die	_	B	
10-2	2442-2453	Bewertungen	_	I	
10-3	2454-2457	der	Animated[21]	B	
10-4	2458-2462	EPAs	Animated[21]	I	
10-5	2463-2469	müssen	_	_	
10-6	2470-2479	natürlich	_	_	
10-7	2480-2484	auch	_	B	
10-8	2485-2491	diesen	_	I	
10-9	2492-2498	Aspekt	_	I	
10-10	2499-2514	berücksichtigen	_	_	
10-11	2514-2515	.	_	_	
10-12	2516-2519	Wir	Animated	B	
10-13	2520-2528	brauchen	_	_	
10-14	2529-2536	endlich	_	_	
10-15	2537-2542	einen	_	B	
10-16	2543-2561	handelspolitischen	_	I	
10-17	2562-2571	Neuanfang	_	I	
10-18	2571-2572	.	_	_	
10-19	2573-2576	Wir	Animated	B	
10-20	2577-2585	brauchen	_	_	
10-21	2586-2591	einen	_	B	
10-22	2592-2598	Handel	_	I	
10-23	2598-2599	,	_	_	
10-24	2600-2603	der	_	B	
10-25	2604-2615	nachhaltige	_	_	
10-26	2616-2627	Entwicklung	_	_	
10-27	2628-2638	ermöglicht	_	_	
10-28	2639-2642	und	_	_	
10-29	2643-2648	nicht	_	_	
10-30	2649-2659	verhindert	_	_	
10-31	2659-2660	.	_	_	

#Text=Hierzu muss die Bundesregierung ihren Beitrag leisten. Statt von einem Marshallplan zu fabulieren, müssten Sie im Rahmen des Cotonou-Folgeabkommens dem Globalen Süden endlich die Möglichkeit geben, sich positiv zu entwickeln.
11-1	2665-2671	Hierzu	_	_	
11-2	2672-2676	muss	_	_	
11-3	2677-2680	die	Animated[22]	B	
11-4	2681-2696	Bundesregierung	Animated[22]	I	
11-5	2697-2702	ihren	_	B	
11-6	2703-2710	Beitrag	_	I	
11-7	2711-2718	leisten	_	_	
11-8	2718-2719	.	_	_	
11-9	2720-2725	Statt	_	_	
11-10	2726-2729	von	_	_	
11-11	2730-2735	einem	_	B	
11-12	2736-2748	Marshallplan	_	I	
11-13	2749-2751	zu	_	_	
11-14	2752-2762	fabulieren	_	_	
11-15	2762-2763	,	_	_	
11-16	2764-2771	müssten	_	_	
11-17	2772-2775	Sie	_	B	
11-18	2776-2778	im	_	_	
11-19	2779-2785	Rahmen	_	B	
11-20	2786-2789	des	_	B	
11-21	2790-2812	Cotonou-Folgeabkommens	_	I	
11-22	2813-2816	dem	_	B	
11-23	2817-2825	Globalen	_	I	
11-24	2826-2831	Süden	_	I	
11-25	2832-2839	endlich	_	_	
11-26	2840-2843	die	_	B	
11-27	2844-2855	Möglichkeit	_	I	
11-28	2856-2861	geben	_	_	
11-29	2861-2862	,	_	_	
11-30	2863-2867	sich	_	B	
11-31	2868-2875	positiv	_	_	
11-32	2876-2878	zu	_	_	
11-33	2879-2889	entwickeln	_	_	
11-34	2889-2890	.	_	_	

#Text=Ja, leider hat auch der Antrag der Linken erhebliche Defizite.
12-1	2895-2897	Ja	_	_	
12-2	2897-2898	,	_	_	
12-3	2899-2905	leider	_	_	
12-4	2906-2909	hat	_	_	
12-5	2910-2914	auch	_	B	
12-6	2915-2918	der	_	I	
12-7	2919-2925	Antrag	_	I	
12-8	2926-2929	der	Animated[23]	B	
12-9	2930-2936	Linken	Animated[23]	I	
12-10	2937-2947	erhebliche	_	B	
12-11	2948-2956	Defizite	_	I	
12-12	2956-2957	.	_	_	

#Text=– Doch. – Wir sind ganz nahe beieinander, wenn es um die Kritik von Handels-, Agrar- oder Finanzpolitik geht. Ich bin auch bei Ihnen, wenn es um gesetzliche und menschenrechtliche Sorgfaltspflichten für Unternehmen oder wenn es um die Finanztransaktionsteuer geht. Ich widerspreche den Linken aber vehement, wenn sie den Industriestaaten die alleinige Schuld an der wirtschaftlichen und sozialen Lage in Afrika geben und dabei vergessen, dass auch die afrikanischen Regierungen ein enormes Maß an Verantwortung tragen müssen.
13-1	2960-2961	–	_	_	
13-2	2962-2966	Doch	_	_	
13-3	2966-2967	.	_	_	
13-4	2968-2969	–	_	_	
13-5	2970-2973	Wir	Animated	B	
13-6	2974-2978	sind	_	_	
13-7	2979-2983	ganz	_	_	
13-8	2984-2988	nahe	_	_	
13-9	2989-3000	beieinander	_	_	
13-10	3000-3001	,	_	_	
13-11	3002-3006	wenn	_	_	
13-12	3007-3009	es	_	_	
13-13	3010-3012	um	_	_	
13-14	3013-3016	die	_	B	
13-15	3017-3023	Kritik	_	I	
13-16	3024-3027	von	_	_	
13-17	3028-3036	Handels-	_	B	
13-18	3036-3037	,	_	I	
13-19	3038-3044	Agrar-	_	I	
13-20	3045-3049	oder	_	I	
13-21	3050-3063	Finanzpolitik	_	I	
13-22	3064-3068	geht	_	_	
13-23	3068-3069	.	_	_	
13-24	3070-3073	Ich	Animated	B	
13-25	3074-3077	bin	_	_	
13-26	3078-3082	auch	_	_	
13-27	3083-3086	bei	_	_	
13-28	3087-3092	Ihnen	_	B	
13-29	3092-3093	,	_	_	
13-30	3094-3098	wenn	_	_	
13-31	3099-3101	es	_	_	
13-32	3102-3104	um	_	_	
13-33	3105-3116	gesetzliche	_	B	
13-34	3117-3120	und	_	I	
13-35	3121-3139	menschenrechtliche	_	I	
13-36	3140-3158	Sorgfaltspflichten	_	I	
13-37	3159-3162	für	_	_	
13-38	3163-3174	Unternehmen	Animated	B	
13-39	3175-3179	oder	_	_	
13-40	3180-3184	wenn	_	_	
13-41	3185-3187	es	_	_	
13-42	3188-3190	um	_	_	
13-43	3191-3194	die	_	B	
13-44	3195-3218	Finanztransaktionsteuer	_	I	
13-45	3219-3223	geht	_	_	
13-46	3223-3224	.	_	_	
13-47	3225-3228	Ich	Animated	B	
13-48	3229-3241	widerspreche	_	_	
13-49	3242-3245	den	Animated[24]	B	
13-50	3246-3252	Linken	Animated[24]	I	
13-51	3253-3257	aber	_	_	
13-52	3258-3266	vehement	_	_	
13-53	3266-3267	,	_	_	
13-54	3268-3272	wenn	_	_	
13-55	3273-3276	sie	_	B	
13-56	3277-3280	den	Animated[25]	B	
13-57	3281-3297	Industriestaaten	Animated[25]	I	
13-58	3298-3301	die	_	B	
13-59	3302-3311	alleinige	_	I	
13-60	3312-3318	Schuld	_	I	
13-61	3319-3321	an	_	_	
13-62	3322-3325	der	_	B	
13-63	3326-3342	wirtschaftlichen	_	I	
13-64	3343-3346	und	_	I	
13-65	3347-3355	sozialen	_	I	
13-66	3356-3360	Lage	_	I	
13-67	3361-3363	in	_	_	
13-68	3364-3370	Afrika	_	B	
13-69	3371-3376	geben	_	_	
13-70	3377-3380	und	_	_	
13-71	3381-3386	dabei	_	_	
13-72	3387-3396	vergessen	_	_	
13-73	3396-3397	,	_	_	
13-74	3398-3402	dass	_	_	
13-75	3403-3407	auch	Animated[26]	B	
13-76	3408-3411	die	Animated[26]	I	
13-77	3412-3425	afrikanischen	Animated[26]	I	
13-78	3426-3437	Regierungen	Animated[26]	I	
13-79	3438-3441	ein	_	B	
13-80	3442-3449	enormes	_	I	
13-81	3450-3453	Maß	_	I	
13-82	3454-3456	an	_	_	
13-83	3457-3470	Verantwortung	_	B	
13-84	3471-3477	tragen	_	_	
13-85	3478-3484	müssen	_	_	
13-86	3484-3485	.	_	_	

#Text=Sie suchen in Ihrem Antrag die Schuld so sehr bei Europa, dass Sie den Afrikanern die Ownership über ihre eigene Politik absprechen. Ich sage Ihnen: Das geht gar nicht.
14-1	3495-3498	Sie	_	B	
14-2	3499-3505	suchen	_	_	
14-3	3506-3508	in	_	_	
14-4	3509-3514	Ihrem	_	B	
14-5	3515-3521	Antrag	_	I	
14-6	3522-3525	die	_	B	
14-7	3526-3532	Schuld	_	I	
14-8	3533-3535	so	_	_	
14-9	3536-3540	sehr	_	_	
14-10	3541-3544	bei	_	_	
14-11	3545-3551	Europa	Animated	B	
14-12	3551-3552	,	_	_	
14-13	3553-3557	dass	_	_	
14-14	3558-3561	Sie	_	B	
14-15	3562-3565	den	Animated[27]	B	
14-16	3566-3576	Afrikanern	Animated[27]	I	
14-17	3577-3580	die	_	B	
14-18	3581-3590	Ownership	_	I	
14-19	3591-3595	über	_	_	
14-20	3596-3600	ihre	_	B	
14-21	3601-3607	eigene	_	I	
14-22	3608-3615	Politik	_	I	
14-23	3616-3626	absprechen	_	_	
14-24	3626-3627	.	_	_	
14-25	3628-3631	Ich	Animated	B	
14-26	3632-3636	sage	_	_	
14-27	3637-3642	Ihnen	_	B	
14-28	3642-3643	:	_	_	
14-29	3644-3647	Das	_	B	
14-30	3648-3652	geht	_	_	
14-31	3653-3656	gar	_	_	
14-32	3657-3662	nicht	_	_	
14-33	3662-3663	.	_	_	

#Text=Wir fordern eine neue faire Partnerschaft mit dem Globalen Süden auf Augenhöhe.
15-1	3668-3671	Wir	Animated	B	
15-2	3672-3679	fordern	_	_	
15-3	3680-3684	eine	_	B	
15-4	3685-3689	neue	_	I	
15-5	3690-3695	faire	_	I	
15-6	3696-3709	Partnerschaft	_	I	
15-7	3710-3713	mit	_	_	
15-8	3714-3717	dem	_	B	
15-9	3718-3726	Globalen	_	I	
15-10	3727-3732	Süden	_	I	
15-11	3733-3736	auf	_	_	
15-12	3737-3746	Augenhöhe	_	B	
15-13	3746-3747	.	_	_	

#Text=Herr Kollege.
16-1	3749-3753	Herr	Animated[28]	B	
16-2	3754-3761	Kollege	Animated[28]	I	
16-3	3761-3762	.	_	_	

#Text=Der Rahmen dafür – ich bin am Ende – ist längst definiert. Es sind nämlich die SDGs, das Pariser Klimaabkommen, die kommende Kleinbauernkonvention, die Menschenrechte.
17-1	3764-3767	Der	_	B	
17-2	3768-3774	Rahmen	_	I	
17-3	3775-3780	dafür	_	_	
17-4	3781-3782	–	_	_	
17-5	3783-3786	ich	Animated	B	
17-6	3787-3790	bin	_	_	
17-7	3791-3793	am	_	_	
17-8	3794-3798	Ende	_	B	
17-9	3799-3800	–	_	_	
17-10	3801-3804	ist	_	_	
17-11	3805-3811	längst	_	_	
17-12	3812-3821	definiert	_	_	
17-13	3821-3822	.	_	_	
17-14	3823-3825	Es	_	_	
17-15	3826-3830	sind	_	_	
17-16	3831-3838	nämlich	_	_	
17-17	3839-3842	die	_	B	
17-18	3843-3847	SDGs	_	I	
17-19	3847-3848	,	_	_	
17-20	3849-3852	das	_	B	
17-21	3853-3860	Pariser	_	I	
17-22	3861-3874	Klimaabkommen	_	I	
17-23	3874-3875	,	_	_	
17-24	3876-3879	die	_	B	
17-25	3880-3888	kommende	_	I	
17-26	3889-3910	Kleinbauernkonvention	_	I	
17-27	3910-3911	,	_	_	
17-28	3912-3915	die	_	B	
17-29	3916-3930	Menschenrechte	_	_	
17-30	3930-3931	.	_	_	

#Text=Vielen Dank.
18-1	3937-3943	Vielen	_	_	
18-2	3944-3948	Dank	_	_	
18-3	3948-3949	.	_	_	

#Text=Herzlichen Dank, Herr Kollege. – Ich finde es immer bemerkenswert, wenn gesagt wird: Ich bin am Ende. – Ich will darauf hinweisen, Kolleginnen und Kollegen: Wenn ich bei jedem Redebeitrag eine Minute dazugeben würde
19-1	3951-3961	Herzlichen	_	B	
19-2	3962-3966	Dank	_	I	
19-3	3966-3967	,	_	_	
19-4	3968-3972	Herr	Animated[29]	B	
19-5	3973-3980	Kollege	Animated[29]	I	
19-6	3980-3981	.	_	_	
19-7	3982-3983	–	_	_	
19-8	3984-3987	Ich	Animated	B	
19-9	3988-3993	finde	_	_	
19-10	3994-3996	es	_	B	
19-11	3997-4002	immer	_	_	
19-12	4003-4016	bemerkenswert	_	_	
19-13	4016-4017	,	_	_	
19-14	4018-4022	wenn	_	_	
19-15	4023-4029	gesagt	_	_	
19-16	4030-4034	wird	_	_	
19-17	4034-4035	:	_	_	
19-18	4036-4039	Ich	Animated	B	
19-19	4040-4043	bin	_	_	
19-20	4044-4046	am	_	_	
19-21	4047-4051	Ende	_	B	
19-22	4051-4052	.	_	_	
19-23	4053-4054	–	_	_	
19-24	4055-4058	Ich	Animated	B	
19-25	4059-4063	will	_	_	
19-26	4064-4070	darauf	_	_	
19-27	4071-4080	hinweisen	_	_	
19-28	4080-4081	,	_	_	
19-29	4082-4093	Kolleginnen	_	_	
19-30	4094-4097	und	_	_	
19-31	4098-4106	Kollegen	Animated	B	
19-32	4106-4107	:	_	_	
19-33	4108-4112	Wenn	_	_	
19-34	4113-4116	ich	Animated	B	
19-35	4117-4120	bei	_	_	
19-36	4121-4126	jedem	_	B	
19-37	4127-4138	Redebeitrag	_	I	
19-38	4139-4143	eine	_	B	
19-39	4144-4150	Minute	_	I	
19-40	4151-4160	dazugeben	_	_	
19-41	4161-4166	würde	_	_	

#Text=– 24 Sekunden, aber darüber will ich mich gar nicht streiten –, dann tagen wir noch um 4 Uhr nachts. Ich werde jetzt – das kündige ich hiermit an – nach meiner ersten Aufforderung noch einen weiteren Satz zulassen und dann das Mikrofon abschalten, weil wir sonst nicht weiterkommen.
20-1	4174-4175	–	_	_	
20-2	4176-4178	24	_	B	
20-3	4179-4187	Sekunden	_	I	
20-4	4187-4188	,	_	_	
20-5	4189-4193	aber	_	_	
20-6	4194-4201	darüber	_	_	
20-7	4202-4206	will	_	_	
20-8	4207-4210	ich	Animated	B	
20-9	4211-4215	mich	_	B	
20-10	4216-4219	gar	_	_	
20-11	4220-4225	nicht	_	_	
20-12	4226-4234	streiten	_	_	
20-13	4235-4236	–	_	_	
20-14	4236-4237	,	_	_	
20-15	4238-4242	dann	_	_	
20-16	4243-4248	tagen	_	_	
20-17	4249-4252	wir	Animated	B	
20-18	4253-4257	noch	_	_	
20-19	4258-4260	um	_	_	
20-20	4261-4262	4	_	B	
20-21	4263-4266	Uhr	_	I	
20-22	4267-4273	nachts	_	_	
20-23	4273-4274	.	_	_	
20-24	4275-4278	Ich	Animated	B	
20-25	4279-4284	werde	_	_	
20-26	4285-4290	jetzt	_	_	
20-27	4291-4292	–	_	_	
20-28	4293-4296	das	_	B	
20-29	4297-4304	kündige	_	_	
20-30	4305-4308	ich	Animated	B	
20-31	4309-4316	hiermit	_	_	
20-32	4317-4319	an	_	_	
20-33	4320-4321	–	_	_	
20-34	4322-4326	nach	_	_	
20-35	4327-4333	meiner	_	B	
20-36	4334-4340	ersten	_	I	
20-37	4341-4353	Aufforderung	_	I	
20-38	4354-4358	noch	_	_	
20-39	4359-4364	einen	_	B	
20-40	4365-4373	weiteren	_	I	
20-41	4374-4378	Satz	_	I	
20-42	4379-4387	zulassen	_	_	
20-43	4388-4391	und	_	_	
20-44	4392-4396	dann	_	_	
20-45	4397-4400	das	_	B	
20-46	4401-4409	Mikrofon	_	I	
20-47	4410-4420	abschalten	_	_	
20-48	4420-4421	,	_	_	
20-49	4422-4426	weil	_	_	
20-50	4427-4430	wir	Animated	B	
20-51	4431-4436	sonst	_	_	
20-52	4437-4442	nicht	_	_	
20-53	4443-4455	weiterkommen	_	_	
20-54	4455-4456	.	_	_	

#Text=Kolleginnen und Kollegen, als Nächstes für die CDU/CSU-Fraktion der Kollege Johannes Selle.
21-1	4462-4473	Kolleginnen	Animated	B	
21-2	4474-4477	und	_	_	
21-3	4478-4486	Kollegen	Animated	B	
21-4	4486-4487	,	_	_	
21-5	4488-4491	als	_	_	
21-6	4492-4500	Nächstes	Animated	B	
21-7	4501-4504	für	_	_	
21-8	4505-4508	die	Animated[30]	B	
21-9	4509-4512	CDU	Animated[30]	I	
21-10	4512-4513	/	_	B	
21-11	4513-4525	CSU-Fraktion	Animated	B	
21-12	4526-4529	der	Animated[31]	B	
21-13	4530-4537	Kollege	Animated[31]	I	
21-14	4538-4546	Johannes	Animated[31]	I	
21-15	4547-4552	Selle	Animated[31]	I	
21-16	4552-4553	.	_	_	
