#FORMAT=WebAnno TSV 3.3
#T_SP=webanno.custom.Animacy|Animated
#T_SP=webanno.custom.CustomChunk|Chunk


#Text=Danke, Herr Präsident. – Frau Ministerin, es kam ja schon zu Sprache: Sie haben sich gegen die Beschränkungen des Pestizideinsatzes in FFH-Gebieten entschieden, anders als es im Aktionsprogramm Insektenschutz vorgesehen war. Stattdessen sollen jetzt auf 90 Prozent der betroffenen Flächen freiwillige Maßnahmen zur Pestizidreduktion zum Einsatz kommen.
1-1	0-5	Danke	_	_	
1-2	5-6	,	_	_	
1-3	7-11	Herr	Animated[1]	B	
1-4	12-21	Präsident	Animated[1]	I	
1-5	21-22	.	_	_	
1-6	23-24	–	_	_	
1-7	25-29	Frau	Animated[2]	B	
1-8	30-40	Ministerin	Animated[2]	I	
1-9	40-41	,	_	_	
1-10	42-44	es	_	_	
1-11	45-48	kam	_	_	
1-12	49-51	ja	_	_	
1-13	52-57	schon	_	_	
1-14	58-60	zu	_	_	
1-15	61-68	Sprache	_	B	
1-16	68-69	:	_	_	
1-17	70-73	Sie	_	B	
1-18	74-79	haben	_	_	
1-19	80-84	sich	_	B	
1-20	85-90	gegen	_	_	
1-21	91-94	die	_	B	
1-22	95-109	Beschränkungen	_	I	
1-23	110-113	des	_	B	
1-24	114-131	Pestizideinsatzes	_	I	
1-25	132-134	in	_	_	
1-26	135-147	FFH-Gebieten	_	B	
1-27	148-159	entschieden	_	_	
1-28	159-160	,	_	_	
1-29	161-167	anders	_	_	
1-30	168-171	als	_	_	
1-31	172-174	es	_	B	
1-32	175-177	im	_	_	
1-33	178-193	Aktionsprogramm	_	B	
1-34	194-208	Insektenschutz	_	I	
1-35	209-219	vorgesehen	_	_	
1-36	220-223	war	_	_	
1-37	223-224	.	_	_	
1-38	225-236	Stattdessen	_	_	
1-39	237-243	sollen	_	_	
1-40	244-249	jetzt	_	_	
1-41	250-253	auf	_	_	
1-42	254-256	90	_	B	
1-43	257-264	Prozent	_	I	
1-44	265-268	der	_	B	
1-45	269-280	betroffenen	_	I	
1-46	281-288	Flächen	_	I	
1-47	289-300	freiwillige	_	B	
1-48	301-310	Maßnahmen	_	I	
1-49	311-314	zur	_	_	
1-50	315-332	Pestizidreduktion	_	B	
1-51	333-336	zum	_	_	
1-52	337-344	Einsatz	_	B	
1-53	345-351	kommen	_	_	
1-54	351-352	.	_	_	

#Text=Die Freiwilligkeit ist eine sehr gute Sache; aber sie muss finanziert sein. Die 140 Millionen Euro in der GAK sind schon angesprochen worden. Frau Klöckner hat vorhin in der Pressekonferenz von weiteren 50 Millionen Euro gesprochen. Jetzt bin ich aus Ihrer Antwort auf die Frage des Kollegen Hocker nicht ganz schlau geworden.
2-1	360-363	Die	_	B	
2-2	364-378	Freiwilligkeit	_	I	
2-3	379-382	ist	_	_	
2-4	383-387	eine	_	B	
2-5	388-392	sehr	_	I	
2-6	393-397	gute	_	I	
2-7	398-403	Sache	_	I	
2-8	403-404	;	_	_	
2-9	405-409	aber	_	_	
2-10	410-413	sie	_	B	
2-11	414-418	muss	_	_	
2-12	419-429	finanziert	_	_	
2-13	430-434	sein	_	_	
2-14	434-435	.	_	_	
2-15	436-439	Die	_	B	
2-16	440-443	140	_	I	
2-17	444-453	Millionen	_	I	
2-18	454-458	Euro	_	I	
2-19	459-461	in	_	_	
2-20	462-465	der	Animated[3]	B	
2-21	466-469	GAK	Animated[3]	I	
2-22	470-474	sind	_	_	
2-23	475-480	schon	_	_	
2-24	481-493	angesprochen	_	_	
2-25	494-500	worden	_	_	
2-26	500-501	.	_	_	
2-27	502-506	Frau	Animated[4]	B	
2-28	507-515	Klöckner	Animated[4]	I	
2-29	516-519	hat	_	_	
2-30	520-526	vorhin	_	_	
2-31	527-529	in	_	_	
2-32	530-533	der	_	B	
2-33	534-549	Pressekonferenz	_	I	
2-34	550-553	von	_	_	
2-35	554-562	weiteren	_	B	
2-36	563-565	50	_	I	
2-37	566-575	Millionen	_	I	
2-38	576-580	Euro	_	I	
2-39	581-591	gesprochen	_	_	
2-40	591-592	.	_	_	
2-41	593-598	Jetzt	_	_	
2-42	599-602	bin	_	_	
2-43	603-606	ich	Animated	B	
2-44	607-610	aus	_	_	
2-45	611-616	Ihrer	_	B	
2-46	617-624	Antwort	_	I	
2-47	625-628	auf	_	_	
2-48	629-632	die	_	B	
2-49	633-638	Frage	_	I	
2-50	639-642	des	Animated[5]	B	
2-51	643-651	Kollegen	Animated[5]	I	
2-52	652-658	Hocker	Animated[5]	I	
2-53	659-664	nicht	_	_	
2-54	665-669	ganz	_	_	
2-55	670-676	schlau	_	_	
2-56	677-685	geworden	_	_	
2-57	685-686	.	_	_	

#Text=Haben Sie diese Millionen schon im Haushalt, oder brauchen Sie noch einen Nachtragshaushalt, oder widmen Sie die jetzt um? Darauf hätte ich jetzt gerne eine ganz konkrete Antwort. Sind da tatsächlich 190 Millionen Euro übrig?
3-1	692-697	Haben	_	_	
3-2	698-701	Sie	_	B	
3-3	702-707	diese	_	B	
3-4	708-717	Millionen	_	I	
3-5	718-723	schon	_	_	
3-6	724-726	im	_	_	
3-7	727-735	Haushalt	_	B	
3-8	735-736	,	_	_	
3-9	737-741	oder	_	_	
3-10	742-750	brauchen	_	_	
3-11	751-754	Sie	_	B	
3-12	755-759	noch	_	_	
3-13	760-765	einen	_	B	
3-14	766-783	Nachtragshaushalt	_	I	
3-15	783-784	,	_	_	
3-16	785-789	oder	_	_	
3-17	790-796	widmen	_	_	
3-18	797-800	Sie	_	B	
3-19	801-804	die	_	_	
3-20	805-810	jetzt	_	_	
3-21	811-813	um	_	_	
3-22	813-814	?	_	_	
3-23	815-821	Darauf	_	_	
3-24	822-827	hätte	_	_	
3-25	828-831	ich	Animated	B	
3-26	832-837	jetzt	_	_	
3-27	838-843	gerne	_	_	
3-28	844-848	eine	_	B	
3-29	849-853	ganz	_	I	
3-30	854-862	konkrete	_	I	
3-31	863-870	Antwort	_	I	
3-32	870-871	.	_	_	
3-33	872-876	Sind	_	_	
3-34	877-879	da	_	_	
3-35	880-891	tatsächlich	_	_	
3-36	892-895	190	_	B	
3-37	896-905	Millionen	_	I	
3-38	906-910	Euro	_	I	
3-39	911-916	übrig	_	_	
3-40	916-917	?	_	_	
