#FORMAT=WebAnno TSV 3.3
#T_SP=webanno.custom.Animacy|Animated
#T_SP=webanno.custom.CustomChunk|Chunk


#Text=Sehr geehrter Herr Präsident! Werte Kolleginnen und Kollegen! Ich möchte mit einem Beispiel aus der realen Welt beginnen. Sie erinnern sich sicherlich alle noch an die Pegida-Galgen, die Angela Merkel und Sigmar Gabriel galten und die man später sogar noch als Miniaturausgabe über das Internet erwerben konnte.
1-1	0-4	Sehr	Animated[1]	B	
1-2	5-13	geehrter	Animated[1]	I	
1-3	14-18	Herr	Animated[1]	I	
1-4	19-28	Präsident	Animated[1]	I	
1-5	28-29	!	_	_	
1-6	30-35	Werte	_	B	
1-7	36-47	Kolleginnen	_	_	
1-8	48-51	und	_	_	
1-9	52-60	Kollegen	Animated	B	
1-10	60-61	!	_	_	
1-11	62-65	Ich	Animated	B	
1-12	66-72	möchte	_	_	
1-13	73-76	mit	_	_	
1-14	77-82	einem	_	B	
1-15	83-91	Beispiel	_	I	
1-16	92-95	aus	_	_	
1-17	96-99	der	_	B	
1-18	100-106	realen	_	I	
1-19	107-111	Welt	_	I	
1-20	112-120	beginnen	_	_	
1-21	120-121	.	_	_	
1-22	122-125	Sie	_	B	
1-23	126-134	erinnern	_	_	
1-24	135-139	sich	_	B	
1-25	140-150	sicherlich	_	_	
1-26	151-155	alle	_	B	
1-27	156-160	noch	_	_	
1-28	161-163	an	_	_	
1-29	164-167	die	_	B	
1-30	168-181	Pegida-Galgen	_	I	
1-31	181-182	,	_	_	
1-32	183-186	die	_	B	
1-33	187-193	Angela	Animated[2]	B	
1-34	194-200	Merkel	Animated[2]	I	
1-35	201-204	und	_	_	
1-36	205-211	Sigmar	Animated[3]	B	
1-37	212-219	Gabriel	Animated[3]	I	
1-38	220-226	galten	_	_	
1-39	227-230	und	_	_	
1-40	231-234	die	_	B	
1-41	235-238	man	Animated	B	
1-42	239-245	später	_	_	
1-43	246-251	sogar	_	_	
1-44	252-256	noch	_	_	
1-45	257-260	als	_	_	
1-46	261-276	Miniaturausgabe	_	B	
1-47	277-281	über	_	_	
1-48	282-285	das	_	B	
1-49	286-294	Internet	_	I	
1-50	295-303	erwerben	_	_	
1-51	304-310	konnte	_	_	
1-52	310-311	.	_	_	

#Text=Cem Özdemir – gerade war er noch da – hat damals gesagt: Der Galgen grenzt an „Aufruf zu Mord“. Und er brachte, glaube ich, damit das Grundgefühl aller Demokraten zum Ausdruck: Das kann doch nicht legal sein, das kann doch nicht in Ordnung sein! – Zwei Staatsanwaltschaften haben den Fall geprüft. Beide Ermittlungsverfahren sind eingestellt worden, weil kein Straftatbestand verwirklicht war. Alle Kritik im öffentlichen Bereich, im politischen Bereich, von Frau Künast bzw. auch von Ministerpräsident Kretschmann hat da nicht gewirkt. Es ist die heute geltende Rechtslage.
2-1	317-320	Cem	Animated[4]	B	
2-2	321-328	Özdemir	Animated[4]	I	
2-3	329-330	–	_	_	
2-4	331-337	gerade	_	_	
2-5	338-341	war	_	_	
2-6	342-344	er	_	B	
2-7	345-349	noch	_	_	
2-8	350-352	da	_	_	
2-9	353-354	–	_	_	
2-10	355-358	hat	_	_	
2-11	359-365	damals	_	_	
2-12	366-372	gesagt	_	_	
2-13	372-373	:	_	_	
2-14	374-377	Der	_	B	
2-15	378-384	Galgen	_	I	
2-16	385-391	grenzt	_	_	
2-17	392-394	an	_	_	
2-18	395-396	„	_	B	
2-19	396-402	Aufruf	_	I	
2-20	403-405	zu	_	_	
2-21	406-410	Mord	_	B	
2-22	410-411	“	_	_	
2-23	411-412	.	_	_	
2-24	413-416	Und	_	_	
2-25	417-419	er	_	B	
2-26	420-427	brachte	_	_	
2-27	427-428	,	_	_	
2-28	429-435	glaube	_	_	
2-29	436-439	ich	Animated	B	
2-30	439-440	,	_	_	
2-31	441-446	damit	_	B	
2-32	447-450	das	_	I	
2-33	451-462	Grundgefühl	_	I	
2-34	463-468	aller	Animated[5]	B	
2-35	469-479	Demokraten	Animated[5]	I	
2-36	480-483	zum	_	_	
2-37	484-492	Ausdruck	_	B	
2-38	492-493	:	_	_	
2-39	494-497	Das	_	B	
2-40	498-502	kann	_	_	
2-41	503-507	doch	_	_	
2-42	508-513	nicht	_	_	
2-43	514-519	legal	_	_	
2-44	520-524	sein	_	_	
2-45	524-525	,	_	_	
2-46	526-529	das	_	B	
2-47	530-534	kann	_	_	
2-48	535-539	doch	_	_	
2-49	540-545	nicht	_	_	
2-50	546-548	in	_	_	
2-51	549-556	Ordnung	_	B	
2-52	557-561	sein	_	_	
2-53	561-562	!	_	_	
2-54	563-564	–	_	_	
2-55	565-569	Zwei	Animated[6]	B	
2-56	570-590	Staatsanwaltschaften	Animated[6]	I	
2-57	591-596	haben	_	_	
2-58	597-600	den	_	B	
2-59	601-605	Fall	_	I	
2-60	606-613	geprüft	_	_	
2-61	613-614	.	_	_	
2-62	615-620	Beide	_	B	
2-63	621-641	Ermittlungsverfahren	_	I	
2-64	642-646	sind	_	_	
2-65	647-658	eingestellt	_	_	
2-66	659-665	worden	_	_	
2-67	665-666	,	_	_	
2-68	667-671	weil	_	_	
2-69	672-676	kein	_	B	
2-70	677-692	Straftatbestand	_	I	
2-71	693-705	verwirklicht	_	_	
2-72	706-709	war	_	_	
2-73	709-710	.	_	_	
2-74	711-715	Alle	_	B	
2-75	716-722	Kritik	_	I	
2-76	723-725	im	_	_	
2-77	726-738	öffentlichen	_	B	
2-78	739-746	Bereich	_	I	
2-79	746-747	,	_	_	
2-80	748-750	im	_	_	
2-81	751-762	politischen	_	B	
2-82	763-770	Bereich	_	I	
2-83	770-771	,	_	_	
2-84	772-775	von	_	_	
2-85	776-780	Frau	Animated[7]	B	
2-86	781-787	Künast	Animated[7]	I	
2-87	788-792	bzw.	_	_	
2-88	793-797	auch	_	_	
2-89	798-801	von	_	_	
2-90	802-819	Ministerpräsident	Animated[8]	B	
2-91	820-831	Kretschmann	Animated[8]	I	
2-92	832-835	hat	_	_	
2-93	836-838	da	_	_	
2-94	839-844	nicht	_	_	
2-95	845-852	gewirkt	_	_	
2-96	852-853	.	_	_	
2-97	854-856	Es	_	B	
2-98	857-860	ist	_	_	
2-99	861-864	die	_	B	
2-100	865-870	heute	_	I	
2-101	871-879	geltende	_	I	
2-102	880-890	Rechtslage	_	I	
2-103	890-891	.	_	_	

#Text=So etwas passiert nicht nur in Versammlungen; im Internet geht es erst richtig ab. Da sollen Menschen, die einem nicht passen oder die scheinbar falsche Meinung haben, verprügelt, aufgeknüpft und an die Wand gestellt werden. Das ist Alltag – und beileibe nicht nur bei Politikern.
3-1	908-910	So	_	B	
3-2	911-916	etwas	_	I	
3-3	917-925	passiert	_	_	
3-4	926-931	nicht	_	_	
3-5	932-935	nur	_	_	
3-6	936-938	in	_	_	
3-7	939-952	Versammlungen	_	B	
3-8	952-953	;	_	_	
3-9	954-956	im	_	_	
3-10	957-965	Internet	_	B	
3-11	966-970	geht	_	_	
3-12	971-973	es	_	_	
3-13	974-978	erst	_	_	
3-14	979-986	richtig	_	_	
3-15	987-989	ab	_	_	
3-16	989-990	.	_	_	
3-17	991-993	Da	_	_	
3-18	994-1000	sollen	_	_	
3-19	1001-1009	Menschen	Animated	B	
3-20	1009-1010	,	_	_	
3-21	1011-1014	die	_	B	
3-22	1015-1020	einem	_	B	
3-23	1021-1026	nicht	_	_	
3-24	1027-1033	passen	_	_	
3-25	1034-1038	oder	_	_	
3-26	1039-1042	die	_	B	
3-27	1043-1052	scheinbar	_	I	
3-28	1053-1060	falsche	_	I	
3-29	1061-1068	Meinung	_	I	
3-30	1069-1074	haben	_	_	
3-31	1074-1075	,	_	_	
3-32	1076-1086	verprügelt	_	_	
3-33	1086-1087	,	_	_	
3-34	1088-1099	aufgeknüpft	_	_	
3-35	1100-1103	und	_	_	
3-36	1104-1106	an	_	_	
3-37	1107-1110	die	_	B	
3-38	1111-1115	Wand	_	I	
3-39	1116-1124	gestellt	_	_	
3-40	1125-1131	werden	_	_	
3-41	1131-1132	.	_	_	
3-42	1133-1136	Das	_	B	
3-43	1137-1140	ist	_	_	
3-44	1141-1147	Alltag	_	B	
3-45	1148-1149	–	_	_	
3-46	1150-1153	und	_	_	
3-47	1154-1162	beileibe	_	B	
3-48	1163-1168	nicht	_	_	
3-49	1169-1172	nur	_	_	
3-50	1173-1176	bei	_	_	
3-51	1177-1187	Politikern	Animated	B	
3-52	1187-1188	.	_	_	

#Text=Ich möchte aus dem Internet ein weiteres Beispiel anführen: Ein Politpost, den man auch erwerben kann, der massenhaft verteilt wird, zeigt ein Foto von Graf Stauffenberg, auf dem es heißt: „Merkel länger an der Macht als Hitler. … Und kein Stauffenberg in Sicht.“ Ich finde es besonders perfide, dies in einen Zusammenhang zu bringen. Ich verstehe das als einen Aufruf zum Mord, finde es strafwürdig und habe es deshalb auch zur Anzeige gebracht.
4-1	1196-1199	Ich	Animated	B	
4-2	1200-1206	möchte	_	_	
4-3	1207-1210	aus	_	_	
4-4	1211-1214	dem	_	B	
4-5	1215-1223	Internet	_	I	
4-6	1224-1227	ein	_	B	
4-7	1228-1236	weiteres	_	I	
4-8	1237-1245	Beispiel	_	I	
4-9	1246-1254	anführen	_	_	
4-10	1254-1255	:	_	_	
4-11	1256-1259	Ein	_	B	
4-12	1260-1269	Politpost	_	I	
4-13	1269-1270	,	_	_	
4-14	1271-1274	den	_	B	
4-15	1275-1278	man	Animated	B	
4-16	1279-1283	auch	_	_	
4-17	1284-1292	erwerben	_	_	
4-18	1293-1297	kann	_	_	
4-19	1297-1298	,	_	_	
4-20	1299-1302	der	_	B	
4-21	1303-1313	massenhaft	_	_	
4-22	1314-1322	verteilt	_	_	
4-23	1323-1327	wird	_	_	
4-24	1327-1328	,	_	_	
4-25	1329-1334	zeigt	_	_	
4-26	1335-1338	ein	_	B	
4-27	1339-1343	Foto	_	I	
4-28	1344-1347	von	_	_	
4-29	1348-1352	Graf	Animated[9]	B	
4-30	1353-1365	Stauffenberg	Animated[9]	I	
4-31	1365-1366	,	_	_	
4-32	1367-1370	auf	_	_	
4-33	1371-1374	dem	_	B	
4-34	1375-1377	es	_	B	
4-35	1378-1383	heißt	_	_	
4-36	1383-1384	:	_	_	
4-37	1385-1386	„	_	_	
4-38	1386-1392	Merkel	_	_	
4-39	1393-1399	länger	_	_	
4-40	1400-1402	an	_	_	
4-41	1403-1406	der	_	B	
4-42	1407-1412	Macht	_	I	
4-43	1413-1416	als	_	_	
4-44	1417-1423	Hitler	Animated	B	
4-45	1423-1424	.	_	_	
4-46	1425-1426	…	_	B	
4-47	1427-1430	Und	_	I	
4-48	1431-1435	kein	_	I	
4-49	1436-1448	Stauffenberg	_	I	
4-50	1449-1451	in	_	_	
4-51	1452-1457	Sicht	_	B	
4-52	1457-1458	.	_	_	
4-53	1458-1459	“	_	_	
4-54	1460-1463	Ich	Animated	B	
4-55	1464-1469	finde	_	_	
4-56	1470-1472	es	_	B	
4-57	1473-1482	besonders	_	_	
4-58	1483-1490	perfide	_	_	
4-59	1490-1491	,	_	_	
4-60	1492-1496	dies	_	B	
4-61	1497-1499	in	_	_	
4-62	1500-1505	einen	_	B	
4-63	1506-1518	Zusammenhang	_	I	
4-64	1519-1521	zu	_	_	
4-65	1522-1529	bringen	_	_	
4-66	1529-1530	.	_	_	
4-67	1531-1534	Ich	Animated	B	
4-68	1535-1543	verstehe	_	_	
4-69	1544-1547	das	_	B	
4-70	1548-1551	als	_	_	
4-71	1552-1557	einen	_	B	
4-72	1558-1564	Aufruf	_	I	
4-73	1565-1568	zum	_	_	
4-74	1569-1573	Mord	_	B	
4-75	1573-1574	,	_	_	
4-76	1575-1580	finde	_	_	
4-77	1581-1583	es	_	_	
4-78	1584-1595	strafwürdig	_	_	
4-79	1596-1599	und	_	_	
4-80	1600-1604	habe	_	_	
4-81	1605-1607	es	_	B	
4-82	1608-1615	deshalb	_	_	
4-83	1616-1620	auch	_	_	
4-84	1621-1624	zur	_	_	
4-85	1625-1632	Anzeige	_	B	
4-86	1633-1641	gebracht	_	_	
4-87	1641-1642	.	_	_	

#Text=Die Staatsanwaltschaft in Heilbronn ebenso wie eine zweite haben auch hier entschieden: kein strafbarer Hintergrund;
5-1	1657-1660	Die	Animated[10]	B	
5-2	1661-1679	Staatsanwaltschaft	Animated[10]	I	
5-3	1680-1682	in	_	_	
5-4	1683-1692	Heilbronn	_	B	
5-5	1693-1699	ebenso	_	_	
5-6	1700-1703	wie	_	_	
5-7	1704-1708	eine	_	_	
5-8	1709-1715	zweite	_	_	
5-9	1716-1721	haben	_	_	
5-10	1722-1726	auch	_	_	
5-11	1727-1731	hier	_	_	
5-12	1732-1743	entschieden	_	_	
5-13	1743-1744	:	_	_	
5-14	1745-1749	kein	_	B	
5-15	1750-1760	strafbarer	_	I	
5-16	1761-1772	Hintergrund	_	I	
5-17	1772-1773	;	_	_	

#Text=weder Volksverhetzung noch eine öffentliche Aufforderung zu Straftaten, für die es eine besonders hohe Strafandrohung gibt.
6-1	1776-1781	weder	_	B	
6-2	1782-1797	Volksverhetzung	_	I	
6-3	1798-1802	noch	_	_	
6-4	1803-1807	eine	_	B	
6-5	1808-1819	öffentliche	_	I	
6-6	1820-1832	Aufforderung	_	I	
6-7	1833-1835	zu	_	_	
6-8	1836-1846	Straftaten	_	B	
6-9	1846-1847	,	_	_	
6-10	1848-1851	für	_	_	
6-11	1852-1855	die	_	B	
6-12	1856-1858	es	_	_	
6-13	1859-1863	eine	_	B	
6-14	1864-1873	besonders	_	I	
6-15	1874-1878	hohe	_	I	
6-16	1879-1893	Strafandrohung	_	I	
6-17	1894-1898	gibt	_	_	
6-18	1898-1899	.	_	_	

#Text=Das heißt aber: Wir haben hier eine Strafbarkeitslücke, Herr Kollege Höferlin.
7-1	1902-1905	Das	_	B	
7-2	1906-1911	heißt	_	_	
7-3	1912-1916	aber	_	_	
7-4	1916-1917	:	_	_	
7-5	1918-1921	Wir	Animated	B	
7-6	1922-1927	haben	_	_	
7-7	1928-1932	hier	_	_	
7-8	1933-1937	eine	_	B	
7-9	1938-1956	Strafbarkeitslücke	_	I	
7-10	1956-1957	,	_	_	
7-11	1958-1962	Herr	Animated[11]	B	
7-12	1963-1970	Kollege	Animated[11]	I	
7-13	1971-1979	Höferlin	Animated[11]	I	
7-14	1979-1980	.	_	_	

#Text=Genau diese Situation machen sich diejenigen zunutze: Sie segeln unter dieser Strafbarkeitsebene und bringen ihren Hass in die Welt, ohne dass sich der Staat hier wehren kann. Und ja: Aus diesem Hass – Sie haben es gesagt –, aus Worten können Taten werden. Wir haben es im Fall von Walter Lübcke bitter erleben müssen; auch da waren die meisten Posts, die meisten Äußerungen in der Hetzkampagne nicht strafbar.
8-1	1984-1989	Genau	_	B	
8-2	1990-1995	diese	_	I	
8-3	1996-2005	Situation	_	I	
8-4	2006-2012	machen	_	_	
8-5	2013-2017	sich	_	B	
8-6	2018-2028	diejenigen	_	B	
8-7	2029-2036	zunutze	_	_	
8-8	2036-2037	:	_	_	
8-9	2038-2041	Sie	_	B	
8-10	2042-2048	segeln	_	_	
8-11	2049-2054	unter	_	_	
8-12	2055-2061	dieser	_	B	
8-13	2062-2080	Strafbarkeitsebene	_	I	
8-14	2081-2084	und	_	_	
8-15	2085-2092	bringen	_	_	
8-16	2093-2098	ihren	_	B	
8-17	2099-2103	Hass	_	I	
8-18	2104-2106	in	_	_	
8-19	2107-2110	die	_	B	
8-20	2111-2115	Welt	_	I	
8-21	2115-2116	,	_	_	
8-22	2117-2121	ohne	_	_	
8-23	2122-2126	dass	_	_	
8-24	2127-2131	sich	_	B	
8-25	2132-2135	der	Animated[12]	B	
8-26	2136-2141	Staat	Animated[12]	I	
8-27	2142-2146	hier	_	_	
8-28	2147-2153	wehren	_	_	
8-29	2154-2158	kann	_	_	
8-30	2158-2159	.	_	_	
8-31	2160-2163	Und	_	_	
8-32	2164-2166	ja	_	_	
8-33	2166-2167	:	_	_	
8-34	2168-2171	Aus	_	_	
8-35	2172-2178	diesem	_	B	
8-36	2179-2183	Hass	_	I	
8-37	2184-2185	–	_	_	
8-38	2186-2189	Sie	_	B	
8-39	2190-2195	haben	_	_	
8-40	2196-2198	es	_	B	
8-41	2199-2205	gesagt	_	_	
8-42	2206-2207	–	_	_	
8-43	2207-2208	,	_	_	
8-44	2209-2212	aus	_	_	
8-45	2213-2219	Worten	_	B	
8-46	2220-2226	können	_	_	
8-47	2227-2232	Taten	_	B	
8-48	2233-2239	werden	_	_	
8-49	2239-2240	.	_	_	
8-50	2241-2244	Wir	Animated	B	
8-51	2245-2250	haben	_	_	
8-52	2251-2253	es	_	B	
8-53	2254-2256	im	_	_	
8-54	2257-2261	Fall	_	B	
8-55	2262-2265	von	_	_	
8-56	2266-2272	Walter	Animated[13]	B	
8-57	2273-2279	Lübcke	Animated[13]	I	
8-58	2280-2286	bitter	_	_	
8-59	2287-2294	erleben	_	_	
8-60	2295-2301	müssen	_	_	
8-61	2301-2302	;	_	_	
8-62	2303-2307	auch	_	_	
8-63	2308-2310	da	_	_	
8-64	2311-2316	waren	_	_	
8-65	2317-2320	die	_	B	
8-66	2321-2328	meisten	_	I	
8-67	2329-2334	Posts	_	I	
8-68	2334-2335	,	_	_	
8-69	2336-2339	die	_	B	
8-70	2340-2347	meisten	_	I	
8-71	2348-2358	Äußerungen	_	I	
8-72	2359-2361	in	_	_	
8-73	2362-2365	der	_	B	
8-74	2366-2378	Hetzkampagne	_	I	
8-75	2379-2384	nicht	_	_	
8-76	2385-2393	strafbar	_	_	
8-77	2393-2394	.	_	_	

#Text=Den Zusammenhang zwischen Hetze im Netz und Straftaten haben wir eigentlich alle erkannt. Ich möchte ein paar Aussagen zitieren. Bundespräsident Steinmeier: „Wo die Sprache verroht, ist die Straftat nicht weit.“. Angela Merkel: „Sprache kann zu Hetze, Hetze zu Taten werden.“. Herr Habeck von den Grünen: „Wir wissen inzwischen, dass aus gewaltbereiter Sprache wirkliche Gewalt wird, … aus dem Appell, zu jagen, wirkliche Jagd auf Menschen.“. Und auch die Kollegin Strack-Zimmermann von der FDP: Wenn das respektvolle, kultivierte Miteinander in der Sprache „nicht mehr juristisch geschützt wird, dann ist es nur eine Frage der Zeit, bis den Worten Gewalt folgt“.
9-1	2404-2407	Den	_	B	
9-2	2408-2420	Zusammenhang	_	I	
9-3	2421-2429	zwischen	_	_	
9-4	2430-2435	Hetze	_	B	
9-5	2436-2438	im	_	_	
9-6	2439-2443	Netz	_	B	
9-7	2444-2447	und	_	_	
9-8	2448-2458	Straftaten	_	B	
9-9	2459-2464	haben	_	_	
9-10	2465-2468	wir	Animated	B	
9-11	2469-2479	eigentlich	_	_	
9-12	2480-2484	alle	_	B	
9-13	2485-2492	erkannt	_	_	
9-14	2492-2493	.	_	_	
9-15	2494-2497	Ich	Animated	B	
9-16	2498-2504	möchte	_	_	
9-17	2505-2508	ein	_	B	
9-18	2509-2513	paar	_	I	
9-19	2514-2522	Aussagen	_	I	
9-20	2523-2531	zitieren	_	_	
9-21	2531-2532	.	_	_	
9-22	2533-2548	Bundespräsident	Animated[14]	B	
9-23	2549-2559	Steinmeier	Animated[14]	I	
9-24	2559-2560	:	_	_	
9-25	2561-2562	„	_	_	
9-26	2562-2564	Wo	_	_	
9-27	2565-2568	die	_	B	
9-28	2569-2576	Sprache	_	I	
9-29	2577-2584	verroht	_	_	
9-30	2584-2585	,	_	_	
9-31	2586-2589	ist	_	_	
9-32	2590-2593	die	_	B	
9-33	2594-2602	Straftat	_	I	
9-34	2603-2608	nicht	_	_	
9-35	2609-2613	weit	_	_	
9-36	2613-2614	.	_	_	
9-37	2614-2615	“	_	_	
9-38	2615-2616	.	_	_	
9-39	2617-2623	Angela	Animated[15]	B	
9-40	2624-2630	Merkel	Animated[15]	I	
9-41	2630-2631	:	_	_	
9-42	2632-2633	„	_	_	
9-43	2633-2640	Sprache	_	B	
9-44	2641-2645	kann	_	_	
9-45	2646-2648	zu	_	_	
9-46	2649-2654	Hetze	_	B	
9-47	2654-2655	,	_	_	
9-48	2656-2661	Hetze	_	B	
9-49	2662-2664	zu	_	_	
9-50	2665-2670	Taten	_	B	
9-51	2671-2677	werden	_	_	
9-52	2677-2678	.	_	_	
9-53	2678-2679	“	_	_	
9-54	2679-2680	.	_	_	
9-55	2681-2685	Herr	Animated[16]	B	
9-56	2686-2692	Habeck	Animated[16]	I	
9-57	2693-2696	von	_	_	
9-58	2697-2700	den	Animated[17]	B	
9-59	2701-2707	Grünen	Animated[17]	I	
9-60	2707-2708	:	_	_	
9-61	2709-2710	„	_	_	
9-62	2710-2713	Wir	Animated	B	
9-63	2714-2720	wissen	_	_	
9-64	2721-2731	inzwischen	_	_	
9-65	2731-2732	,	_	_	
9-66	2733-2737	dass	_	_	
9-67	2738-2741	aus	_	_	
9-68	2742-2756	gewaltbereiter	_	B	
9-69	2757-2764	Sprache	_	I	
9-70	2765-2774	wirkliche	_	B	
9-71	2775-2781	Gewalt	_	I	
9-72	2782-2786	wird	_	_	
9-73	2786-2787	,	_	_	
9-74	2788-2789	…	_	_	
9-75	2790-2793	aus	_	_	
9-76	2794-2797	dem	_	B	
9-77	2798-2804	Appell	_	I	
9-78	2804-2805	,	_	_	
9-79	2806-2808	zu	_	_	
9-80	2809-2814	jagen	_	_	
9-81	2814-2815	,	_	_	
9-82	2816-2825	wirkliche	_	B	
9-83	2826-2830	Jagd	_	I	
9-84	2831-2834	auf	_	_	
9-85	2835-2843	Menschen	Animated	B	
9-86	2843-2844	.	_	_	
9-87	2844-2845	“	_	_	
9-88	2845-2846	.	_	_	
9-89	2847-2850	Und	Animated[18]	B	
9-90	2851-2855	auch	Animated[18]	I	
9-91	2856-2859	die	Animated[18]	I	
9-92	2860-2868	Kollegin	Animated[18]	I	
9-93	2869-2886	Strack-Zimmermann	Animated[18]	I	
9-94	2887-2890	von	_	_	
9-95	2891-2894	der	Animated[19]	B	
9-96	2895-2898	FDP	Animated[19]	I	
9-97	2898-2899	:	_	_	
9-98	2900-2904	Wenn	_	_	
9-99	2905-2908	das	_	B	
9-100	2909-2921	respektvolle	_	I	
9-101	2921-2922	,	_	I	
9-102	2923-2934	kultivierte	_	I	
9-103	2935-2946	Miteinander	_	I	
9-104	2947-2949	in	_	_	
9-105	2950-2953	der	_	B	
9-106	2954-2961	Sprache	_	I	
9-107	2962-2963	„	_	_	
9-108	2963-2968	nicht	_	_	
9-109	2969-2973	mehr	_	_	
9-110	2974-2984	juristisch	_	_	
9-111	2985-2994	geschützt	_	_	
9-112	2995-2999	wird	_	_	
9-113	2999-3000	,	_	_	
9-114	3001-3005	dann	_	_	
9-115	3006-3009	ist	_	_	
9-116	3010-3012	es	_	B	
9-117	3013-3016	nur	_	B	
9-118	3017-3021	eine	_	I	
9-119	3022-3027	Frage	_	I	
9-120	3028-3031	der	_	B	
9-121	3032-3036	Zeit	_	I	
9-122	3036-3037	,	_	_	
9-123	3038-3041	bis	_	_	
9-124	3042-3045	den	_	B	
9-125	3046-3052	Worten	_	I	
9-126	3053-3059	Gewalt	_	B	
9-127	3060-3065	folgt	_	_	
9-128	3065-3066	“	_	_	
9-129	3066-3067	.	_	_	

#Text=Wir haben einen parteiübergreifenden Konsens. Deswegen, glaube ich, ist es an der Zeit, dass wir unseren Worten jetzt endlich Taten folgen lassen. Wir als Gesetzgeber müssen dafür sorgen, dass das, was wir alle für strafwürdig halten, tatsächlich auch strafbar ist.
10-1	3098-3101	Wir	Animated	B	
10-2	3102-3107	haben	_	_	
10-3	3108-3113	einen	_	B	
10-4	3114-3134	parteiübergreifenden	_	I	
10-5	3135-3142	Konsens	_	I	
10-6	3142-3143	.	_	_	
10-7	3144-3152	Deswegen	_	_	
10-8	3152-3153	,	_	_	
10-9	3154-3160	glaube	_	_	
10-10	3161-3164	ich	Animated	B	
10-11	3164-3165	,	_	_	
10-12	3166-3169	ist	_	_	
10-13	3170-3172	es	_	B	
10-14	3173-3175	an	_	_	
10-15	3176-3179	der	_	B	
10-16	3180-3184	Zeit	_	I	
10-17	3184-3185	,	_	_	
10-18	3186-3190	dass	_	_	
10-19	3191-3194	wir	Animated	B	
10-20	3195-3202	unseren	_	B	
10-21	3203-3209	Worten	_	I	
10-22	3210-3215	jetzt	_	_	
10-23	3216-3223	endlich	_	_	
10-24	3224-3229	Taten	_	B	
10-25	3230-3236	folgen	_	_	
10-26	3237-3243	lassen	_	_	
10-27	3243-3244	.	_	_	
10-28	3245-3248	Wir	Animated	B	
10-29	3249-3252	als	_	_	
10-30	3253-3264	Gesetzgeber	Animated	B	
10-31	3265-3271	müssen	_	_	
10-32	3272-3277	dafür	_	_	
10-33	3278-3284	sorgen	_	_	
10-34	3284-3285	,	_	_	
10-35	3286-3290	dass	_	_	
10-36	3291-3294	das	_	B	
10-37	3294-3295	,	_	_	
10-38	3296-3299	was	_	B	
10-39	3300-3303	wir	Animated	B	
10-40	3304-3308	alle	_	B	
10-41	3309-3312	für	_	_	
10-42	3313-3324	strafwürdig	_	B	
10-43	3325-3331	halten	_	_	
10-44	3331-3332	,	_	_	
10-45	3333-3344	tatsächlich	_	_	
10-46	3345-3349	auch	_	_	
10-47	3350-3358	strafbar	_	_	
10-48	3359-3362	ist	_	_	
10-49	3362-3363	.	_	_	

#Text=Deshalb habe ich mit verschiedenen Kollegen meiner Fraktion bereits Mitte Oktober eine Initiative gestartet, um das Befürworten von schweren Straftaten unter Strafe zu stellen. Den Versuch hat es Ende der 80er-Jahre schon einmal gegeben. Anlehnend an die Volksverhetzung wollte man einen § 130b StGB einführen, hat es dann aber wegen damals geringer kriminalpolitischer Bedeutung unterlassen. Damals ging es um Flugblätter, heute geht es um Posts, die durch einen Klick hunderttausendfach die Menschen erreichen.
11-1	3373-3380	Deshalb	_	_	
11-2	3381-3385	habe	_	_	
11-3	3386-3389	ich	Animated	B	
11-4	3390-3393	mit	_	_	
11-5	3394-3407	verschiedenen	Animated[20]	B	
11-6	3408-3416	Kollegen	Animated[20]	I	
11-7	3417-3423	meiner	Animated[21]	B	
11-8	3424-3432	Fraktion	Animated[21]	I	
11-9	3433-3440	bereits	_	B	
11-10	3441-3446	Mitte	_	I	
11-11	3447-3454	Oktober	_	I	
11-12	3455-3459	eine	Animated[22]	B	
11-13	3460-3470	Initiative	Animated[22]	I	
11-14	3471-3480	gestartet	_	_	
11-15	3480-3481	,	_	_	
11-16	3482-3484	um	_	_	
11-17	3485-3488	das	_	B	
11-18	3489-3500	Befürworten	_	I	
11-19	3501-3504	von	_	_	
11-20	3505-3513	schweren	_	B	
11-21	3514-3524	Straftaten	_	I	
11-22	3525-3530	unter	_	_	
11-23	3531-3537	Strafe	_	B	
11-24	3538-3540	zu	_	_	
11-25	3541-3548	stellen	_	_	
11-26	3548-3549	.	_	_	
11-27	3550-3553	Den	_	B	
11-28	3554-3561	Versuch	_	I	
11-29	3562-3565	hat	_	_	
11-30	3566-3568	es	_	B	
11-31	3569-3573	Ende	_	B	
11-32	3574-3577	der	_	B	
11-33	3578-3588	80er-Jahre	_	I	
11-34	3589-3594	schon	_	_	
11-35	3595-3601	einmal	_	_	
11-36	3602-3609	gegeben	_	_	
11-37	3609-3610	.	_	_	
11-38	3611-3620	Anlehnend	_	_	
11-39	3621-3623	an	_	_	
11-40	3624-3627	die	_	B	
11-41	3628-3643	Volksverhetzung	_	I	
11-42	3644-3650	wollte	_	_	
11-43	3651-3654	man	_	B	
11-44	3655-3660	einen	_	B	
11-45	3661-3662	§	_	I	
11-46	3663-3667	130b	_	I	
11-47	3668-3672	StGB	_	I	
11-48	3673-3682	einführen	_	_	
11-49	3682-3683	,	_	_	
11-50	3684-3687	hat	_	_	
11-51	3688-3690	es	_	_	
11-52	3691-3695	dann	_	_	
11-53	3696-3700	aber	_	_	
11-54	3701-3706	wegen	_	_	
11-55	3707-3713	damals	_	_	
11-56	3714-3722	geringer	_	B	
11-57	3723-3742	kriminalpolitischer	_	I	
11-58	3743-3752	Bedeutung	_	I	
11-59	3753-3764	unterlassen	_	_	
11-60	3764-3765	.	_	_	
11-61	3766-3772	Damals	_	_	
11-62	3773-3777	ging	_	_	
11-63	3778-3780	es	_	_	
11-64	3781-3783	um	_	_	
11-65	3784-3795	Flugblätter	_	B	
11-66	3795-3796	,	_	_	
11-67	3797-3802	heute	_	_	
11-68	3803-3807	geht	_	_	
11-69	3808-3810	es	_	_	
11-70	3811-3813	um	_	_	
11-71	3814-3819	Posts	_	B	
11-72	3819-3820	,	_	_	
11-73	3821-3824	die	_	B	
11-74	3825-3830	durch	_	_	
11-75	3831-3836	einen	_	B	
11-76	3837-3842	Klick	_	I	
11-77	3843-3861	hunderttausendfach	_	_	
11-78	3862-3865	die	Animated[23]	B	
11-79	3866-3874	Menschen	Animated[23]	I	
11-80	3875-3884	erreichen	_	_	
11-81	3884-3885	.	_	_	

#Text=Es muss strafbar werden, dass man die Begehung einer Straftat so befürwortet, dass es andere zur Tat verleiten könnte. Genauso wie bei der Volksverhetzung ist das Schutzgut die Wahrung des öffentlichen Friedens. Bei einem Straftatbestand geht es nicht nur darum, möglichst viele Verurteilungen zu erwirken, sondern er wirkt vor allem präventiv. Jeder Hass-Post, der aus diesem Grund gar nicht erst geschrieben wird, ist ein Schritt in die richtige Richtung. Deswegen müssen wir dieses Thema angehen.
12-1	3894-3896	Es	_	B	
12-2	3897-3901	muss	_	_	
12-3	3902-3910	strafbar	_	_	
12-4	3911-3917	werden	_	_	
12-5	3917-3918	,	_	_	
12-6	3919-3923	dass	_	_	
12-7	3924-3927	man	Animated	B	
12-8	3928-3931	die	_	B	
12-9	3932-3940	Begehung	_	I	
12-10	3941-3946	einer	_	B	
12-11	3947-3955	Straftat	_	I	
12-12	3956-3958	so	_	_	
12-13	3959-3970	befürwortet	_	_	
12-14	3970-3971	,	_	_	
12-15	3972-3976	dass	_	_	
12-16	3977-3979	es	_	B	
12-17	3980-3986	andere	_	B	
12-18	3987-3990	zur	_	_	
12-19	3991-3994	Tat	_	B	
12-20	3995-4004	verleiten	_	_	
12-21	4005-4011	könnte	_	_	
12-22	4011-4012	.	_	_	
12-23	4013-4020	Genauso	_	_	
12-24	4021-4024	wie	_	_	
12-25	4025-4028	bei	_	_	
12-26	4029-4032	der	_	B	
12-27	4033-4048	Volksverhetzung	_	I	
12-28	4049-4052	ist	_	_	
12-29	4053-4056	das	_	B	
12-30	4057-4066	Schutzgut	_	I	
12-31	4067-4070	die	_	B	
12-32	4071-4078	Wahrung	_	I	
12-33	4079-4082	des	_	B	
12-34	4083-4095	öffentlichen	_	I	
12-35	4096-4104	Friedens	_	I	
12-36	4104-4105	.	_	_	
12-37	4106-4109	Bei	_	_	
12-38	4110-4115	einem	_	B	
12-39	4116-4131	Straftatbestand	_	I	
12-40	4132-4136	geht	_	_	
12-41	4137-4139	es	_	_	
12-42	4140-4145	nicht	_	_	
12-43	4146-4149	nur	_	_	
12-44	4150-4155	darum	_	_	
12-45	4155-4156	,	_	_	
12-46	4157-4166	möglichst	_	B	
12-47	4167-4172	viele	_	I	
12-48	4173-4187	Verurteilungen	_	I	
12-49	4188-4190	zu	_	_	
12-50	4191-4199	erwirken	_	_	
12-51	4199-4200	,	_	_	
12-52	4201-4208	sondern	_	_	
12-53	4209-4211	er	_	B	
12-54	4212-4217	wirkt	_	_	
12-55	4218-4221	vor	_	_	
12-56	4222-4227	allem	_	B	
12-57	4228-4237	präventiv	_	_	
12-58	4237-4238	.	_	_	
12-59	4239-4244	Jeder	_	B	
12-60	4245-4254	Hass-Post	_	I	
12-61	4254-4255	,	_	_	
12-62	4256-4259	der	_	B	
12-63	4260-4263	aus	_	_	
12-64	4264-4270	diesem	_	B	
12-65	4271-4276	Grund	_	I	
12-66	4277-4280	gar	_	_	
12-67	4281-4286	nicht	_	_	
12-68	4287-4291	erst	_	_	
12-69	4292-4303	geschrieben	_	_	
12-70	4304-4308	wird	_	_	
12-71	4308-4309	,	_	_	
12-72	4310-4313	ist	_	_	
12-73	4314-4317	ein	_	B	
12-74	4318-4325	Schritt	_	I	
12-75	4326-4328	in	_	_	
12-76	4329-4332	die	_	B	
12-77	4333-4341	richtige	_	I	
12-78	4342-4350	Richtung	_	I	
12-79	4350-4351	.	_	_	
12-80	4352-4360	Deswegen	_	_	
12-81	4361-4367	müssen	_	_	
12-82	4368-4371	wir	Animated	B	
12-83	4372-4378	dieses	_	B	
12-84	4379-4384	Thema	_	I	
12-85	4385-4392	angehen	_	_	
12-86	4392-4393	.	_	_	

#Text=Ich würde mich freuen, wenn wir den Konsens, den wir sicherlich haben, gemeinsam umsetzen und diese Strafbarkeitslücke schließen.
13-1	4405-4408	Ich	Animated	B	
13-2	4409-4414	würde	_	_	
13-3	4415-4419	mich	_	B	
13-4	4420-4426	freuen	_	_	
13-5	4426-4427	,	_	_	
13-6	4428-4432	wenn	_	_	
13-7	4433-4436	wir	Animated	B	
13-8	4437-4440	den	_	B	
13-9	4441-4448	Konsens	_	I	
13-10	4448-4449	,	_	_	
13-11	4450-4453	den	_	B	
13-12	4454-4457	wir	Animated	B	
13-13	4458-4468	sicherlich	_	_	
13-14	4469-4474	haben	_	_	
13-15	4474-4475	,	_	_	
13-16	4476-4485	gemeinsam	_	_	
13-17	4486-4494	umsetzen	_	_	
13-18	4495-4498	und	_	_	
13-19	4499-4504	diese	_	B	
13-20	4505-4523	Strafbarkeitslücke	_	I	
13-21	4524-4533	schließen	_	_	
13-22	4533-4534	.	_	_	

#Text=Herzlichen Dank.
14-1	4539-4549	Herzlichen	_	B	
14-2	4550-4554	Dank	_	I	
14-3	4554-4555	.	_	_	

#Text=Vielen Dank. – Nächster Redner ist für die Fraktion der SPD der Kollege Helge Lindh.
15-1	4557-4563	Vielen	_	_	
15-2	4564-4568	Dank	_	_	
15-3	4568-4569	.	_	_	
15-4	4570-4571	–	_	_	
15-5	4572-4580	Nächster	Animated[24]	B	
15-6	4581-4587	Redner	Animated[24]	I	
15-7	4588-4591	ist	_	_	
15-8	4592-4595	für	_	_	
15-9	4596-4599	die	Animated[25]	B	
15-10	4600-4608	Fraktion	Animated[25]	I	
15-11	4609-4612	der	Animated[26]	B	
15-12	4613-4616	SPD	Animated[26]	I	
15-13	4617-4620	der	Animated[27]	B	
15-14	4621-4628	Kollege	Animated[27]	I	
15-15	4629-4634	Helge	Animated[27]	I	
15-16	4635-4640	Lindh	Animated[27]	I	
15-17	4640-4641	.	_	_	
