#FORMAT=WebAnno TSV 3.3
#T_SP=webanno.custom.Animacy|Animated
#T_SP=webanno.custom.CustomChunk|Chunk


#Text=Herr Präsident! Liebe Kolleginnen und Kollegen! Wenn ihr es heute nicht macht, wird es für eure Kinder und Enkelkinder doppelt oder dreifach teuer. Wenn wir heute nicht handeln, dann haben wir Hunger und Dürre. Welchen Preis sind wir bereit für unser Überleben zu zahlen? – Das, was klingt, als habe es Greta Thunberg vielleicht im letzten Jahr oder gerade neulich gesagt, war die deutsche Bundeskanzlerin 1997 als Umweltministerin. Sie hat auch gesagt: Der Kampf gegen den Klimawandel ist eine Frage des Überlebens. – Jetzt, fast 25 Jahre später, müssen wir sagen: Sie hat versagt. Sie hat gewusst, was auf uns zukommt, aber sie hat nicht entsprechend gehandelt.
1-1	0-4	Herr	Animated[1]	B	
1-2	5-14	Präsident	Animated[1]	I	
1-3	14-15	!	_	_	
1-4	16-21	Liebe	_	B	
1-5	22-33	Kolleginnen	_	_	
1-6	34-37	und	_	_	
1-7	38-46	Kollegen	Animated	B	
1-8	46-47	!	_	_	
1-9	48-52	Wenn	_	_	
1-10	53-56	ihr	_	B	
1-11	57-59	es	_	B	
1-12	60-65	heute	_	_	
1-13	66-71	nicht	_	_	
1-14	72-77	macht	_	_	
1-15	77-78	,	_	_	
1-16	79-83	wird	_	_	
1-17	84-86	es	_	_	
1-18	87-90	für	_	_	
1-19	91-95	eure	Animated[2]	B	
1-20	96-102	Kinder	Animated[2]	I	
1-21	103-106	und	_	_	
1-22	107-118	Enkelkinder	Animated	B	
1-23	119-126	doppelt	_	_	
1-24	127-131	oder	_	_	
1-25	132-140	dreifach	_	_	
1-26	141-146	teuer	_	_	
1-27	146-147	.	_	_	
1-28	148-152	Wenn	_	_	
1-29	153-156	wir	Animated	B	
1-30	157-162	heute	_	_	
1-31	163-168	nicht	_	_	
1-32	169-176	handeln	_	_	
1-33	176-177	,	_	_	
1-34	178-182	dann	_	_	
1-35	183-188	haben	_	_	
1-36	189-192	wir	Animated	B	
1-37	193-199	Hunger	_	B	
1-38	200-203	und	_	_	
1-39	204-209	Dürre	_	B	
1-40	209-210	.	_	_	
1-41	211-218	Welchen	_	B	
1-42	219-224	Preis	_	I	
1-43	225-229	sind	_	_	
1-44	230-233	wir	Animated	B	
1-45	234-240	bereit	_	_	
1-46	241-244	für	_	_	
1-47	245-250	unser	_	B	
1-48	251-260	Überleben	_	I	
1-49	261-263	zu	_	_	
1-50	264-270	zahlen	_	_	
1-51	270-271	?	_	_	
1-52	272-273	–	_	_	
1-53	274-277	Das	_	B	
1-54	277-278	,	_	_	
1-55	279-282	was	_	B	
1-56	283-289	klingt	_	_	
1-57	289-290	,	_	_	
1-58	291-294	als	_	_	
1-59	295-299	habe	_	_	
1-60	300-302	es	_	B	
1-61	303-308	Greta	Animated[3]	B	
1-62	309-317	Thunberg	Animated[3]	I	
1-63	318-328	vielleicht	_	_	
1-64	329-331	im	_	_	
1-65	332-339	letzten	_	B	
1-66	340-344	Jahr	_	I	
1-67	345-349	oder	_	_	
1-68	350-356	gerade	_	_	
1-69	357-364	neulich	_	_	
1-70	365-371	gesagt	_	_	
1-71	371-372	,	_	_	
1-72	373-376	war	_	_	
1-73	377-380	die	Animated[4]	B	
1-74	381-389	deutsche	Animated[4]	I	
1-75	390-405	Bundeskanzlerin	Animated[4]	I	
1-76	406-410	1997	_	_	
1-77	411-414	als	_	_	
1-78	415-431	Umweltministerin	Animated	B	
1-79	431-432	.	_	_	
1-80	433-436	Sie	_	B	
1-81	437-440	hat	_	_	
1-82	441-445	auch	_	_	
1-83	446-452	gesagt	_	_	
1-84	452-453	:	_	_	
1-85	454-457	Der	_	B	
1-86	458-463	Kampf	_	I	
1-87	464-469	gegen	_	_	
1-88	470-473	den	_	B	
1-89	474-485	Klimawandel	_	I	
1-90	486-489	ist	_	_	
1-91	490-494	eine	_	B	
1-92	495-500	Frage	_	I	
1-93	501-504	des	_	B	
1-94	505-515	Überlebens	_	I	
1-95	515-516	.	_	_	
1-96	517-518	–	_	_	
1-97	519-524	Jetzt	_	_	
1-98	524-525	,	_	_	
1-99	526-530	fast	_	_	
1-100	531-533	25	_	_	
1-101	534-539	Jahre	_	_	
1-102	540-546	später	_	_	
1-103	546-547	,	_	_	
1-104	548-554	müssen	_	_	
1-105	555-558	wir	Animated	B	
1-106	559-564	sagen	_	_	
1-107	564-565	:	_	_	
1-108	566-569	Sie	_	B	
1-109	570-573	hat	_	_	
1-110	574-581	versagt	_	_	
1-111	581-582	.	_	_	
1-112	583-586	Sie	_	B	
1-113	587-590	hat	_	_	
1-114	591-598	gewusst	_	_	
1-115	598-599	,	_	_	
1-116	600-603	was	_	B	
1-117	604-607	auf	_	_	
1-118	608-611	uns	_	B	
1-119	612-619	zukommt	_	_	
1-120	619-620	,	_	_	
1-121	621-625	aber	_	_	
1-122	626-629	sie	_	B	
1-123	630-633	hat	_	_	
1-124	634-639	nicht	_	_	
1-125	640-652	entsprechend	_	_	
1-126	653-662	gehandelt	_	_	
1-127	662-663	.	_	_	

#Text=Und genau das ist das Problem, mit dem wir gerade konfrontiert sind.
2-1	684-687	Und	_	_	
2-2	688-693	genau	_	B	
2-3	694-697	das	_	I	
2-4	698-701	ist	_	_	
2-5	702-705	das	_	B	
2-6	706-713	Problem	_	I	
2-7	713-714	,	_	_	
2-8	715-718	mit	_	_	
2-9	719-722	dem	_	B	
2-10	723-726	wir	Animated	B	
2-11	727-733	gerade	_	_	
2-12	734-746	konfrontiert	_	_	
2-13	747-751	sind	_	_	
2-14	751-752	.	_	_	

#Text=Ich zeige Ihnen einmal ihr Buch „Der Preis des Überlebens“. Als Wissenschaftlerin hat sie es gewusst; als Umweltministerin, als Politikerin hat sie nicht danach gehandelt, sondern zugelassen, dass beispielsweise die Deutsche Bahn in eine Aktiengesellschaft umgewandelt worden ist. Sie hat zugelassen, dass 6 000 Schienenkilometer abgebaut worden sind, dass ganze ländliche Regionen vom öffentlichen Nahverkehr abgekoppelt worden sind. Sie hat zugelassen, dass das Erneuerbare-Energien-Gesetz immer weiter ausgehöhlt worden ist, dass immer mehr Ausnahmen für große Konzerne beschlossen worden sind und das Ganze dann auf die Verbraucherinnen und Verbraucher abgewälzt worden ist. Wir müssen ganz klar sagen: Eine Politikerin, die derart versagt, gehört abgelöst. Deswegen bin ich froh, dass Bundestagswahlen anstehen und wir die Chance auf einen echten Politikwechsel haben. Dieser echte Politikwechsel wird nur ohne die Union gelingen.
3-1	755-758	Ich	Animated	B	
3-2	759-764	zeige	_	_	
3-3	765-770	Ihnen	_	B	
3-4	771-777	einmal	_	_	
3-5	778-781	ihr	_	B	
3-6	782-786	Buch	_	I	
3-7	787-788	„	_	I	
3-8	788-791	Der	_	I	
3-9	792-797	Preis	_	I	
3-10	798-801	des	_	B	
3-11	802-812	Überlebens	_	I	
3-12	812-813	“	_	_	
3-13	813-814	.	_	_	
3-14	815-818	Als	_	_	
3-15	819-836	Wissenschaftlerin	Animated	B	
3-16	837-840	hat	_	_	
3-17	841-844	sie	_	B	
3-18	845-847	es	_	B	
3-19	848-855	gewusst	_	_	
3-20	855-856	;	_	_	
3-21	857-860	als	_	_	
3-22	861-877	Umweltministerin	Animated	B	
3-23	877-878	,	_	_	
3-24	879-882	als	_	_	
3-25	883-894	Politikerin	Animated	B	
3-26	895-898	hat	_	_	
3-27	899-902	sie	_	B	
3-28	903-908	nicht	_	_	
3-29	909-915	danach	_	_	
3-30	916-925	gehandelt	_	_	
3-31	925-926	,	_	_	
3-32	927-934	sondern	_	_	
3-33	935-945	zugelassen	_	_	
3-34	945-946	,	_	_	
3-35	947-951	dass	_	_	
3-36	952-966	beispielsweise	Animated[5]	B	
3-37	967-970	die	Animated[5]	I	
3-38	971-979	Deutsche	Animated[5]	I	
3-39	980-984	Bahn	Animated[5]	I	
3-40	985-987	in	_	_	
3-41	988-992	eine	Animated[6]	B	
3-42	993-1011	Aktiengesellschaft	Animated[6]	I	
3-43	1012-1023	umgewandelt	_	_	
3-44	1024-1030	worden	_	_	
3-45	1031-1034	ist	_	_	
3-46	1034-1035	.	_	_	
3-47	1036-1039	Sie	_	B	
3-48	1040-1043	hat	_	_	
3-49	1044-1054	zugelassen	_	_	
3-50	1054-1055	,	_	_	
3-51	1056-1060	dass	_	_	
3-52	1061-1062	6	_	B	
3-53	1062-1063	 	_	I	
3-54	1063-1066	000	_	I	
3-55	1067-1084	Schienenkilometer	_	I	
3-56	1085-1093	abgebaut	_	_	
3-57	1094-1100	worden	_	_	
3-58	1101-1105	sind	_	_	
3-59	1105-1106	,	_	_	
3-60	1107-1111	dass	_	_	
3-61	1112-1117	ganze	_	B	
3-62	1118-1127	ländliche	_	I	
3-63	1128-1136	Regionen	_	I	
3-64	1137-1140	vom	_	_	
3-65	1141-1153	öffentlichen	_	B	
3-66	1154-1164	Nahverkehr	_	I	
3-67	1165-1176	abgekoppelt	_	_	
3-68	1177-1183	worden	_	_	
3-69	1184-1188	sind	_	_	
3-70	1188-1189	.	_	_	
3-71	1190-1193	Sie	_	B	
3-72	1194-1197	hat	_	_	
3-73	1198-1208	zugelassen	_	_	
3-74	1208-1209	,	_	_	
3-75	1210-1214	dass	_	_	
3-76	1215-1218	das	_	B	
3-77	1219-1246	Erneuerbare-Energien-Gesetz	_	I	
3-78	1247-1252	immer	_	_	
3-79	1253-1259	weiter	_	_	
3-80	1260-1270	ausgehöhlt	_	_	
3-81	1271-1277	worden	_	_	
3-82	1278-1281	ist	_	_	
3-83	1281-1282	,	_	_	
3-84	1283-1287	dass	_	_	
3-85	1288-1293	immer	_	B	
3-86	1294-1298	mehr	_	I	
3-87	1299-1308	Ausnahmen	_	I	
3-88	1309-1312	für	_	_	
3-89	1313-1318	große	Animated[7]	B	
3-90	1319-1327	Konzerne	Animated[7]	I	
3-91	1328-1339	beschlossen	_	_	
3-92	1340-1346	worden	_	_	
3-93	1347-1351	sind	_	_	
3-94	1352-1355	und	_	_	
3-95	1356-1359	das	_	B	
3-96	1360-1365	Ganze	_	I	
3-97	1366-1370	dann	_	_	
3-98	1371-1374	auf	_	_	
3-99	1375-1378	die	Animated[8]	B	
3-100	1379-1395	Verbraucherinnen	Animated[8]	I	
3-101	1396-1399	und	_	_	
3-102	1400-1411	Verbraucher	Animated	B	
3-103	1412-1421	abgewälzt	_	_	
3-104	1422-1428	worden	_	_	
3-105	1429-1432	ist	_	_	
3-106	1432-1433	.	_	_	
3-107	1434-1437	Wir	Animated	B	
3-108	1438-1444	müssen	_	_	
3-109	1445-1449	ganz	_	_	
3-110	1450-1454	klar	_	_	
3-111	1455-1460	sagen	_	_	
3-112	1460-1461	:	_	_	
3-113	1462-1466	Eine	Animated[9]	B	
3-114	1467-1478	Politikerin	Animated[9]	I	
3-115	1478-1479	,	_	_	
3-116	1480-1483	die	_	B	
3-117	1484-1490	derart	_	_	
3-118	1491-1498	versagt	_	_	
3-119	1498-1499	,	_	_	
3-120	1500-1506	gehört	_	_	
3-121	1507-1515	abgelöst	_	_	
3-122	1515-1516	.	_	_	
3-123	1517-1525	Deswegen	_	_	
3-124	1526-1529	bin	_	_	
3-125	1530-1533	ich	Animated	B	
3-126	1534-1538	froh	_	_	
3-127	1538-1539	,	_	_	
3-128	1540-1544	dass	_	_	
3-129	1545-1561	Bundestagswahlen	_	B	
3-130	1562-1570	anstehen	_	_	
3-131	1571-1574	und	_	_	
3-132	1575-1578	wir	Animated	B	
3-133	1579-1582	die	_	B	
3-134	1583-1589	Chance	_	I	
3-135	1590-1593	auf	_	_	
3-136	1594-1599	einen	_	B	
3-137	1600-1606	echten	_	I	
3-138	1607-1621	Politikwechsel	_	I	
3-139	1622-1627	haben	_	_	
3-140	1627-1628	.	_	_	
3-141	1629-1635	Dieser	_	B	
3-142	1636-1641	echte	_	I	
3-143	1642-1656	Politikwechsel	_	I	
3-144	1657-1661	wird	_	_	
3-145	1662-1665	nur	_	_	
3-146	1666-1670	ohne	_	_	
3-147	1671-1674	die	Animated[10]	B	
3-148	1675-1680	Union	Animated[10]	I	
3-149	1681-1689	gelingen	_	_	
3-150	1689-1690	.	_	_	

#Text=Wir haben über den CO2-Preis gesprochen, auch in den letzten Wochen. Dieser CO2-Preis ist zum einen klimapolitisch unwirksam und zum anderen krass ungerecht. Ich darf das an einem Beispiel sehr deutlich machen: Er ist ungerecht für Einkommensschwache; denn bei diesem CO2-Preis erfolgt die Entlastung über die sogenannte Pendlerpauschale, und die Pendlerpauschale ist anrechenbar bei der Lohnsteuer. Das heißt, diejenigen, die viel haben, bekommen auch viel zurück bei diesem CO2-Preis, und diejenigen, die wenig oder gar nichts haben, die gar keine Steuern zahlen können, werden zusätzlich belastet durch diesen CO2-Preis. Das ist die bahnbrechende Ungerechtigkeit, vor der wir stehen. Deswegen sagen wir: Wir wollen diesen ungerechten CO2-Preis nicht.
4-1	1714-1717	Wir	Animated	B	
4-2	1718-1723	haben	_	_	
4-3	1724-1728	über	_	_	
4-4	1729-1732	den	_	B	
4-5	1733-1742	CO2-Preis	_	I	
4-6	1743-1753	gesprochen	_	_	
4-7	1753-1754	,	_	_	
4-8	1755-1759	auch	_	_	
4-9	1760-1762	in	_	_	
4-10	1763-1766	den	_	B	
4-11	1767-1774	letzten	_	I	
4-12	1775-1781	Wochen	_	I	
4-13	1781-1782	.	_	_	
4-14	1783-1789	Dieser	_	B	
4-15	1790-1799	CO2-Preis	_	I	
4-16	1800-1803	ist	_	_	
4-17	1804-1807	zum	_	_	
4-18	1808-1813	einen	_	_	
4-19	1814-1828	klimapolitisch	_	_	
4-20	1829-1838	unwirksam	_	_	
4-21	1839-1842	und	_	_	
4-22	1843-1846	zum	_	_	
4-23	1847-1854	anderen	_	_	
4-24	1855-1860	krass	_	_	
4-25	1861-1870	ungerecht	_	_	
4-26	1870-1871	.	_	_	
4-27	1872-1875	Ich	Animated	B	
4-28	1876-1880	darf	_	_	
4-29	1881-1884	das	_	B	
4-30	1885-1887	an	_	_	
4-31	1888-1893	einem	_	B	
4-32	1894-1902	Beispiel	_	I	
4-33	1903-1907	sehr	_	_	
4-34	1908-1916	deutlich	_	_	
4-35	1917-1923	machen	_	_	
4-36	1923-1924	:	_	_	
4-37	1925-1927	Er	_	B	
4-38	1928-1931	ist	_	_	
4-39	1932-1941	ungerecht	_	_	
4-40	1942-1945	für	_	_	
4-41	1946-1964	Einkommensschwache	_	B	
4-42	1964-1965	;	_	_	
4-43	1966-1970	denn	_	_	
4-44	1971-1974	bei	_	_	
4-45	1975-1981	diesem	_	B	
4-46	1982-1991	CO2-Preis	_	I	
4-47	1992-1999	erfolgt	_	_	
4-48	2000-2003	die	_	B	
4-49	2004-2014	Entlastung	_	I	
4-50	2015-2019	über	_	_	
4-51	2020-2023	die	_	B	
4-52	2024-2034	sogenannte	_	I	
4-53	2035-2051	Pendlerpauschale	_	I	
4-54	2051-2052	,	_	_	
4-55	2053-2056	und	_	_	
4-56	2057-2060	die	_	B	
4-57	2061-2077	Pendlerpauschale	_	I	
4-58	2078-2081	ist	_	_	
4-59	2082-2093	anrechenbar	_	_	
4-60	2094-2097	bei	_	_	
4-61	2098-2101	der	_	B	
4-62	2102-2112	Lohnsteuer	_	I	
4-63	2112-2113	.	_	_	
4-64	2114-2117	Das	_	B	
4-65	2118-2123	heißt	_	_	
4-66	2123-2124	,	_	_	
4-67	2125-2135	diejenigen	_	B	
4-68	2135-2136	,	_	_	
4-69	2137-2140	die	_	B	
4-70	2141-2145	viel	_	B	
4-71	2146-2151	haben	_	_	
4-72	2151-2152	,	_	_	
4-73	2153-2161	bekommen	_	_	
4-74	2162-2166	auch	_	_	
4-75	2167-2171	viel	_	B	
4-76	2172-2178	zurück	_	_	
4-77	2179-2182	bei	_	_	
4-78	2183-2189	diesem	_	B	
4-79	2190-2199	CO2-Preis	_	I	
4-80	2199-2200	,	_	_	
4-81	2201-2204	und	_	_	
4-82	2205-2215	diejenigen	_	B	
4-83	2215-2216	,	_	_	
4-84	2217-2220	die	_	B	
4-85	2221-2226	wenig	_	B	
4-86	2227-2231	oder	_	_	
4-87	2232-2235	gar	_	B	
4-88	2236-2242	nichts	_	I	
4-89	2243-2248	haben	_	_	
4-90	2248-2249	,	_	_	
4-91	2250-2253	die	_	B	
4-92	2254-2257	gar	_	B	
4-93	2258-2263	keine	_	I	
4-94	2264-2271	Steuern	_	I	
4-95	2272-2278	zahlen	_	_	
4-96	2279-2285	können	_	_	
4-97	2285-2286	,	_	_	
4-98	2287-2293	werden	_	_	
4-99	2294-2304	zusätzlich	_	_	
4-100	2305-2313	belastet	_	_	
4-101	2314-2319	durch	_	_	
4-102	2320-2326	diesen	_	B	
4-103	2327-2336	CO2-Preis	_	I	
4-104	2336-2337	.	_	_	
4-105	2338-2341	Das	_	B	
4-106	2342-2345	ist	_	_	
4-107	2346-2349	die	_	B	
4-108	2350-2363	bahnbrechende	_	I	
4-109	2364-2379	Ungerechtigkeit	_	I	
4-110	2379-2380	,	_	_	
4-111	2381-2384	vor	_	_	
4-112	2385-2388	der	_	B	
4-113	2389-2392	wir	Animated	B	
4-114	2393-2399	stehen	_	_	
4-115	2399-2400	.	_	_	
4-116	2401-2409	Deswegen	_	_	
4-117	2410-2415	sagen	_	_	
4-118	2416-2419	wir	Animated	B	
4-119	2419-2420	:	_	_	
4-120	2421-2424	Wir	Animated	B	
4-121	2425-2431	wollen	_	_	
4-122	2432-2438	diesen	_	B	
4-123	2439-2450	ungerechten	_	I	
4-124	2451-2460	CO2-Preis	_	I	
4-125	2461-2466	nicht	_	_	
4-126	2466-2467	.	_	_	

#Text=Liebe Grüne, auf einen Punkt will ich noch zu sprechen kommen; denn da war leider auch von eurer Seite ein Stück Heuchelei dabei. Hier im Deutschen Bundestag hat Annalena Baerbock Herrn Dobrindt von der CSU das Angebot gemacht, diesen ungerechten CO2-Preis noch zu erhöhen. Da war keine Rede von einem Energiegeld, da war keine Rede von einem sozialen Ausgleich. Ja meint ihr wirklich, ihr könnt gemeinsam mit der CSU eine gerechte Klimapolitik machen?
5-1	2487-2492	Liebe	_	B	
5-2	2493-2498	Grüne	Animated	B	
5-3	2498-2499	,	_	_	
5-4	2500-2503	auf	_	_	
5-5	2504-2509	einen	_	B	
5-6	2510-2515	Punkt	_	I	
5-7	2516-2520	will	_	_	
5-8	2521-2524	ich	Animated	B	
5-9	2525-2529	noch	_	_	
5-10	2530-2532	zu	_	_	
5-11	2533-2541	sprechen	_	_	
5-12	2542-2548	kommen	_	_	
5-13	2548-2549	;	_	_	
5-14	2550-2554	denn	_	_	
5-15	2555-2557	da	_	_	
5-16	2558-2561	war	_	_	
5-17	2562-2568	leider	_	_	
5-18	2569-2573	auch	_	_	
5-19	2574-2577	von	_	_	
5-20	2578-2583	eurer	_	B	
5-21	2584-2589	Seite	_	I	
5-22	2590-2593	ein	_	B	
5-23	2594-2599	Stück	_	I	
5-24	2600-2609	Heuchelei	_	I	
5-25	2610-2615	dabei	_	_	
5-26	2615-2616	.	_	_	
5-27	2617-2621	Hier	_	_	
5-28	2622-2624	im	_	_	
5-29	2625-2634	Deutschen	Animated[11]	B	
5-30	2635-2644	Bundestag	Animated[11]	I	
5-31	2645-2648	hat	_	_	
5-32	2649-2657	Annalena	Animated[12]	B	
5-33	2658-2666	Baerbock	Animated[12]	I	
5-34	2667-2672	Herrn	Animated[13]	B	
5-35	2673-2681	Dobrindt	Animated[13]	I	
5-36	2682-2685	von	_	_	
5-37	2686-2689	der	Animated[14]	B	
5-38	2690-2693	CSU	Animated[14]	I	
5-39	2694-2697	das	_	B	
5-40	2698-2705	Angebot	_	I	
5-41	2706-2713	gemacht	_	_	
5-42	2713-2714	,	_	_	
5-43	2715-2721	diesen	_	B	
5-44	2722-2733	ungerechten	_	I	
5-45	2734-2743	CO2-Preis	_	I	
5-46	2744-2748	noch	_	_	
5-47	2749-2751	zu	_	_	
5-48	2752-2759	erhöhen	_	_	
5-49	2759-2760	.	_	_	
5-50	2761-2763	Da	_	_	
5-51	2764-2767	war	_	_	
5-52	2768-2773	keine	_	B	
5-53	2774-2778	Rede	_	I	
5-54	2779-2782	von	_	_	
5-55	2783-2788	einem	_	B	
5-56	2789-2800	Energiegeld	_	I	
5-57	2800-2801	,	_	_	
5-58	2802-2804	da	_	_	
5-59	2805-2808	war	_	_	
5-60	2809-2814	keine	_	B	
5-61	2815-2819	Rede	_	I	
5-62	2820-2823	von	_	_	
5-63	2824-2829	einem	_	B	
5-64	2830-2838	sozialen	_	I	
5-65	2839-2848	Ausgleich	_	I	
5-66	2848-2849	.	_	_	
5-67	2850-2852	Ja	_	_	
5-68	2853-2858	meint	_	_	
5-69	2859-2862	ihr	_	B	
5-70	2863-2871	wirklich	_	_	
5-71	2871-2872	,	_	_	
5-72	2873-2876	ihr	_	B	
5-73	2877-2882	könnt	_	_	
5-74	2883-2892	gemeinsam	_	_	
5-75	2893-2896	mit	_	_	
5-76	2897-2900	der	Animated[15]	B	
5-77	2901-2904	CSU	Animated[15]	I	
5-78	2905-2909	eine	_	B	
5-79	2910-2918	gerechte	_	I	
5-80	2919-2931	Klimapolitik	_	I	
5-81	2932-2938	machen	_	_	
5-82	2938-2939	?	_	_	

#Text=Eine gerechte Klimapolitik geht doch nur, wenn wir eine Alternative jenseits von der CSU entwickeln.
6-1	2949-2953	Eine	_	B	
6-2	2954-2962	gerechte	_	I	
6-3	2963-2975	Klimapolitik	_	I	
6-4	2976-2980	geht	_	_	
6-5	2981-2985	doch	_	_	
6-6	2986-2989	nur	_	_	
6-7	2989-2990	,	_	_	
6-8	2991-2995	wenn	_	_	
6-9	2996-2999	wir	Animated	B	
6-10	3000-3004	eine	_	B	
6-11	3005-3016	Alternative	_	I	
6-12	3017-3025	jenseits	_	_	
6-13	3026-3029	von	_	_	
6-14	3030-3033	der	Animated[16]	B	
6-15	3034-3037	CSU	Animated[16]	I	
6-16	3038-3048	entwickeln	_	_	
6-17	3048-3049	.	_	_	

#Text=Ihr müsst euch auch entscheiden.
7-1	3052-3055	Ihr	_	B	
7-2	3056-3061	müsst	_	_	
7-3	3062-3066	euch	_	B	
7-4	3067-3071	auch	_	_	
7-5	3072-3083	entscheiden	_	_	
7-6	3083-3084	.	_	_	

#Text=Und dann steht hier Frau Weisgerber und sagt, mehr gerechte Klimapolitik zu machen, wäre doch unrealistisch. Ich darf Ihnen sagen, was unrealistisch ist. Unrealistisch ist, so weiterzumachen wie bisher. Unrealistisch ist, unsere Lebensgrundlagen weiter zu zerstören. Realistisch ist, die Zukunft der Menschheit zu sichern. Realistisch ist, das Pariser Klimaabkommen einzuhalten. Realistisch ist, den Kohleausstieg auf 2030 vorzuziehen und gleichzeitig die Beschäftigten zu schützen, gleichzeitig mit den Gewerkschaften zusammenzuarbeiten. Es geht doch nur sozial gerecht. Es geht doch nur, wenn wir die Bevölkerung mitnehmen.
8-1	3086-3089	Und	_	_	
8-2	3090-3094	dann	_	_	
8-3	3095-3100	steht	_	_	
8-4	3101-3105	hier	_	_	
8-5	3106-3110	Frau	Animated[17]	B	
8-6	3111-3121	Weisgerber	Animated[17]	I	
8-7	3122-3125	und	_	_	
8-8	3126-3130	sagt	_	_	
8-9	3130-3131	,	_	_	
8-10	3132-3136	mehr	_	B	
8-11	3137-3145	gerechte	_	I	
8-12	3146-3158	Klimapolitik	_	I	
8-13	3159-3161	zu	_	_	
8-14	3162-3168	machen	_	_	
8-15	3168-3169	,	_	_	
8-16	3170-3174	wäre	_	_	
8-17	3175-3179	doch	_	_	
8-18	3180-3193	unrealistisch	_	_	
8-19	3193-3194	.	_	_	
8-20	3195-3198	Ich	Animated	B	
8-21	3199-3203	darf	_	_	
8-22	3204-3209	Ihnen	_	B	
8-23	3210-3215	sagen	_	_	
8-24	3215-3216	,	_	_	
8-25	3217-3220	was	_	B	
8-26	3221-3234	unrealistisch	_	_	
8-27	3235-3238	ist	_	_	
8-28	3238-3239	.	_	_	
8-29	3240-3253	Unrealistisch	_	_	
8-30	3254-3257	ist	_	_	
8-31	3257-3258	,	_	_	
8-32	3259-3261	so	_	_	
8-33	3262-3276	weiterzumachen	_	_	
8-34	3277-3280	wie	_	_	
8-35	3281-3287	bisher	_	_	
8-36	3287-3288	.	_	_	
8-37	3289-3302	Unrealistisch	_	_	
8-38	3303-3306	ist	_	_	
8-39	3306-3307	,	_	_	
8-40	3308-3314	unsere	_	B	
8-41	3315-3331	Lebensgrundlagen	_	I	
8-42	3332-3338	weiter	_	_	
8-43	3339-3341	zu	_	_	
8-44	3342-3351	zerstören	_	_	
8-45	3351-3352	.	_	_	
8-46	3353-3364	Realistisch	_	_	
8-47	3365-3368	ist	_	_	
8-48	3368-3369	,	_	_	
8-49	3370-3373	die	_	B	
8-50	3374-3381	Zukunft	_	I	
8-51	3382-3385	der	Animated[18]	B	
8-52	3386-3396	Menschheit	Animated[18]	I	
8-53	3397-3399	zu	_	_	
8-54	3400-3407	sichern	_	_	
8-55	3407-3408	.	_	_	
8-56	3409-3420	Realistisch	_	_	
8-57	3421-3424	ist	_	_	
8-58	3424-3425	,	_	_	
8-59	3426-3429	das	_	B	
8-60	3430-3437	Pariser	_	I	
8-61	3438-3451	Klimaabkommen	_	I	
8-62	3452-3463	einzuhalten	_	_	
8-63	3463-3464	.	_	_	
8-64	3465-3476	Realistisch	_	_	
8-65	3477-3480	ist	_	_	
8-66	3480-3481	,	_	_	
8-67	3482-3485	den	_	B	
8-68	3486-3499	Kohleausstieg	_	I	
8-69	3500-3503	auf	_	_	
8-70	3504-3508	2030	_	_	
8-71	3509-3520	vorzuziehen	_	_	
8-72	3521-3524	und	_	_	
8-73	3525-3537	gleichzeitig	_	_	
8-74	3538-3541	die	Animated[19]	B	
8-75	3542-3555	Beschäftigten	Animated[19]	I	
8-76	3556-3558	zu	_	_	
8-77	3559-3567	schützen	_	_	
8-78	3567-3568	,	_	_	
8-79	3569-3581	gleichzeitig	_	_	
8-80	3582-3585	mit	_	_	
8-81	3586-3589	den	Animated[20]	B	
8-82	3590-3604	Gewerkschaften	Animated[20]	I	
8-83	3605-3623	zusammenzuarbeiten	_	_	
8-84	3623-3624	.	_	_	
8-85	3625-3627	Es	_	_	
8-86	3628-3632	geht	_	_	
8-87	3633-3637	doch	_	_	
8-88	3638-3641	nur	_	_	
8-89	3642-3648	sozial	_	_	
8-90	3649-3656	gerecht	_	_	
8-91	3656-3657	.	_	_	
8-92	3658-3660	Es	_	_	
8-93	3661-3665	geht	_	_	
8-94	3666-3670	doch	_	_	
8-95	3671-3674	nur	_	_	
8-96	3674-3675	,	_	_	
8-97	3676-3680	wenn	_	_	
8-98	3681-3684	wir	_	B	
8-99	3685-3688	die	Animated[21]	B	
8-100	3689-3700	Bevölkerung	Animated[21]	I	
8-101	3701-3710	mitnehmen	_	_	
8-102	3710-3711	.	_	_	

#Text=Es geht doch nur mit einer klaren Klimapolitik, aus der sich niemand herauskaufen kann, die verständlich und für alle in dieser Gesellschaft sozial gerecht ist.
9-1	3731-3733	Es	_	_	
9-2	3734-3738	geht	_	_	
9-3	3739-3743	doch	_	_	
9-4	3744-3747	nur	_	_	
9-5	3748-3751	mit	_	_	
9-6	3752-3757	einer	_	B	
9-7	3758-3764	klaren	_	I	
9-8	3765-3777	Klimapolitik	_	I	
9-9	3777-3778	,	_	_	
9-10	3779-3782	aus	_	_	
9-11	3783-3786	der	_	B	
9-12	3787-3791	sich	_	B	
9-13	3792-3799	niemand	Animated	B	
9-14	3800-3812	herauskaufen	_	_	
9-15	3813-3817	kann	_	_	
9-16	3817-3818	,	_	_	
9-17	3819-3822	die	_	B	
9-18	3823-3835	verständlich	_	_	
9-19	3836-3839	und	_	_	
9-20	3840-3843	für	_	_	
9-21	3844-3848	alle	_	B	
9-22	3849-3851	in	_	_	
9-23	3852-3858	dieser	Animated[22]	B	
9-24	3859-3871	Gesellschaft	Animated[22]	I	
9-25	3872-3878	sozial	_	_	
9-26	3879-3886	gerecht	_	_	
9-27	3887-3890	ist	_	_	
9-28	3890-3891	.	_	_	

#Text=Vielen Dank.
10-1	3895-3901	Vielen	_	_	
10-2	3902-3906	Dank	_	_	
10-3	3906-3907	.	_	_	

#Text=Nächste Rednerin ist die Kollegin Sylvia Kotting-Uhl, Bündnis 90/Die Grünen.
11-1	3909-3916	Nächste	Animated[23]	B	
11-2	3917-3925	Rednerin	Animated[23]	I	
11-3	3926-3929	ist	_	_	
11-4	3930-3933	die	Animated[24]	B	
11-5	3934-3942	Kollegin	Animated[24]	I	
11-6	3943-3949	Sylvia	Animated[24]	I	
11-7	3950-3961	Kotting-Uhl	Animated[24]	I	
11-8	3961-3962	,	_	_	
11-9	3963-3970	Bündnis	_	B	
11-10	3971-3973	90	_	_	
11-11	3973-3974	/	_	_	
11-12	3974-3977	Die	Animated[25]	B	
11-13	3978-3984	Grünen	Animated[25]	I	
11-14	3984-3985	.	_	_	
