#FORMAT=WebAnno TSV 3.3
#T_SP=webanno.custom.Animacy|Animated
#T_SP=webanno.custom.CustomChunk|Chunk


#Text=Sehr geehrter Herr Präsident! Liebe Kolleginnen und Kollegen! Meine Damen und Herren! Wohl keine Debatte über Nachhaltigkeit entwickelt sich, ohne dass das Beispiel des deutschen Forstwirtes von Carlowitz aus dem 18. Jahrhundert genannt wird. Heute umfasst unser Nachhaltigkeitsideal eine optimale Balance aus den drei Dimensionen Ökonomie, Ökologie und Soziales. Doch einzelne Maximalforderungen, meine Damen und Herren, waren gestern. Heute sind vernetzende Gateways gefragt. Unser Anspruch muss sein, Nachhaltigkeit nicht auf ein Politikziel zu beschränken, sondern die Einzelziele miteinander zu verzahnen. Dazu gehört: den Klimaschutz voranbringen, den Umweltschutz ausbauen, die Ressourceneffizienz stärken, soziale Sicherheit gewährleisten, Staatsfinanzen konsolidieren und das Wirtschaftswachstum ankurbeln.
1-1	0-4	Sehr	Animated[1]	B	
1-2	5-13	geehrter	Animated[1]	I	
1-3	14-18	Herr	Animated[1]	I	
1-4	19-28	Präsident	Animated[1]	I	
1-5	28-29	!	_	_	
1-6	30-35	Liebe	_	B	
1-7	36-47	Kolleginnen	_	_	
1-8	48-51	und	_	_	
1-9	52-60	Kollegen	Animated	B	
1-10	60-61	!	_	_	
1-11	62-67	Meine	Animated[2]	B	
1-12	68-73	Damen	Animated[2]	I	
1-13	74-77	und	_	_	
1-14	78-84	Herren	Animated	B	
1-15	84-85	!	_	_	
1-16	86-90	Wohl	_	B	
1-17	91-96	keine	_	I	
1-18	97-104	Debatte	_	I	
1-19	105-109	über	_	_	
1-20	110-124	Nachhaltigkeit	_	B	
1-21	125-135	entwickelt	_	_	
1-22	136-140	sich	_	B	
1-23	140-141	,	_	_	
1-24	142-146	ohne	_	_	
1-25	147-151	dass	_	_	
1-26	152-155	das	_	B	
1-27	156-164	Beispiel	_	I	
1-28	165-168	des	Animated[3]	B	
1-29	169-178	deutschen	Animated[3]	I	
1-30	179-190	Forstwirtes	Animated[3]	I	
1-31	191-194	von	_	_	
1-32	195-204	Carlowitz	Animated	B	
1-33	205-208	aus	_	_	
1-34	209-212	dem	_	B	
1-35	213-216	18.	_	I	
1-36	217-228	Jahrhundert	_	I	
1-37	229-236	genannt	_	_	
1-38	237-241	wird	_	_	
1-39	241-242	.	_	_	
1-40	243-248	Heute	_	_	
1-41	249-256	umfasst	_	_	
1-42	257-262	unser	_	B	
1-43	263-283	Nachhaltigkeitsideal	_	I	
1-44	284-288	eine	_	B	
1-45	289-297	optimale	_	I	
1-46	298-305	Balance	_	I	
1-47	306-309	aus	_	_	
1-48	310-313	den	_	B	
1-49	314-318	drei	_	I	
1-50	319-330	Dimensionen	_	I	
1-51	331-339	Ökonomie	_	I	
1-52	339-340	,	_	_	
1-53	341-349	Ökologie	_	B	
1-54	350-353	und	_	_	
1-55	354-362	Soziales	_	B	
1-56	362-363	.	_	_	
1-57	364-368	Doch	_	_	
1-58	369-377	einzelne	_	B	
1-59	378-396	Maximalforderungen	_	I	
1-60	396-397	,	_	_	
1-61	398-403	meine	Animated[4]	B	
1-62	404-409	Damen	Animated[4]	I	
1-63	410-413	und	_	_	
1-64	414-420	Herren	Animated	B	
1-65	420-421	,	_	_	
1-66	422-427	waren	_	_	
1-67	428-435	gestern	_	_	
1-68	435-436	.	_	_	
1-69	437-442	Heute	_	_	
1-70	443-447	sind	_	_	
1-71	448-459	vernetzende	_	B	
1-72	460-468	Gateways	_	I	
1-73	469-476	gefragt	_	_	
1-74	476-477	.	_	_	
1-75	478-483	Unser	_	B	
1-76	484-492	Anspruch	_	I	
1-77	493-497	muss	_	_	
1-78	498-502	sein	_	_	
1-79	502-503	,	_	_	
1-80	504-518	Nachhaltigkeit	_	B	
1-81	519-524	nicht	_	_	
1-82	525-528	auf	_	_	
1-83	529-532	ein	_	B	
1-84	533-544	Politikziel	_	I	
1-85	545-547	zu	_	_	
1-86	548-559	beschränken	_	_	
1-87	559-560	,	_	_	
1-88	561-568	sondern	_	_	
1-89	569-572	die	_	B	
1-90	573-584	Einzelziele	_	I	
1-91	585-596	miteinander	_	_	
1-92	597-599	zu	_	_	
1-93	600-609	verzahnen	_	_	
1-94	609-610	.	_	_	
1-95	611-615	Dazu	_	_	
1-96	616-622	gehört	_	_	
1-97	622-623	:	_	_	
1-98	624-627	den	_	B	
1-99	628-639	Klimaschutz	_	I	
1-100	640-652	voranbringen	_	_	
1-101	652-653	,	_	_	
1-102	654-657	den	_	B	
1-103	658-670	Umweltschutz	_	I	
1-104	671-679	ausbauen	_	_	
1-105	679-680	,	_	_	
1-106	681-684	die	_	B	
1-107	685-704	Ressourceneffizienz	_	I	
1-108	705-712	stärken	_	_	
1-109	712-713	,	_	_	
1-110	714-721	soziale	_	B	
1-111	722-732	Sicherheit	_	I	
1-112	733-746	gewährleisten	_	_	
1-113	746-747	,	_	_	
1-114	748-762	Staatsfinanzen	_	B	
1-115	763-776	konsolidieren	_	_	
1-116	777-780	und	_	_	
1-117	781-784	das	_	B	
1-118	785-804	Wirtschaftswachstum	_	I	
1-119	805-814	ankurbeln	_	_	
1-120	814-815	.	_	_	

#Text=Aber was wäre wohl Carl von Carlowitz 1713 angesichts der Borkenkäferplage, die im deutschen Wald gerade tobt, eingefallen? Hätte er dann noch zu einem maßvollen Holzeinschlag auch während der Krise geraten? Oder hätte er seine Erkenntnisse aus der Krise in die Entscheidung über die zukünftige Bepflanzung und Bewirtschaftung der Wälder einfließen lassen? Hätte er die soziale Absicherung von Waldarbeitern und Fuhrleuten im Blick gehabt? Wir wissen es nicht.
2-1	836-840	Aber	_	_	
2-2	841-844	was	_	B	
2-3	845-849	wäre	_	_	
2-4	850-854	wohl	_	_	
2-5	855-859	Carl	Animated[5]	B	
2-6	860-863	von	Animated[5]	I	
2-7	864-873	Carlowitz	Animated[5]	I	
2-8	874-878	1713	_	_	
2-9	879-889	angesichts	_	_	
2-10	890-893	der	_	B	
2-11	894-910	Borkenkäferplage	_	I	
2-12	910-911	,	_	_	
2-13	912-915	die	_	B	
2-14	916-918	im	_	_	
2-15	919-928	deutschen	_	B	
2-16	929-933	Wald	_	I	
2-17	934-940	gerade	_	_	
2-18	941-945	tobt	_	_	
2-19	945-946	,	_	_	
2-20	947-958	eingefallen	_	_	
2-21	958-959	?	_	_	
2-22	960-965	Hätte	_	_	
2-23	966-968	er	_	B	
2-24	969-973	dann	_	_	
2-25	974-978	noch	_	_	
2-26	979-981	zu	_	_	
2-27	982-987	einem	_	B	
2-28	988-997	maßvollen	_	I	
2-29	998-1011	Holzeinschlag	_	I	
2-30	1012-1016	auch	_	_	
2-31	1017-1024	während	_	_	
2-32	1025-1028	der	_	B	
2-33	1029-1034	Krise	_	I	
2-34	1035-1042	geraten	_	_	
2-35	1042-1043	?	_	_	
2-36	1044-1048	Oder	_	_	
2-37	1049-1054	hätte	_	_	
2-38	1055-1057	er	_	B	
2-39	1058-1063	seine	_	B	
2-40	1064-1076	Erkenntnisse	_	I	
2-41	1077-1080	aus	_	_	
2-42	1081-1084	der	_	B	
2-43	1085-1090	Krise	_	I	
2-44	1091-1093	in	_	_	
2-45	1094-1097	die	_	B	
2-46	1098-1110	Entscheidung	_	I	
2-47	1111-1115	über	_	_	
2-48	1116-1119	die	_	B	
2-49	1120-1130	zukünftige	_	I	
2-50	1131-1142	Bepflanzung	_	I	
2-51	1143-1146	und	_	_	
2-52	1147-1162	Bewirtschaftung	_	B	
2-53	1163-1166	der	_	B	
2-54	1167-1173	Wälder	_	I	
2-55	1174-1184	einfließen	_	_	
2-56	1185-1191	lassen	_	_	
2-57	1191-1192	?	_	_	
2-58	1193-1198	Hätte	_	_	
2-59	1199-1201	er	_	B	
2-60	1202-1205	die	_	B	
2-61	1206-1213	soziale	_	I	
2-62	1214-1225	Absicherung	_	I	
2-63	1226-1229	von	_	_	
2-64	1230-1243	Waldarbeitern	Animated	B	
2-65	1244-1247	und	_	_	
2-66	1248-1258	Fuhrleuten	Animated	B	
2-67	1259-1261	im	_	_	
2-68	1262-1267	Blick	_	B	
2-69	1268-1274	gehabt	_	_	
2-70	1274-1275	?	_	_	
2-71	1276-1279	Wir	Animated	B	
2-72	1280-1286	wissen	_	_	
2-73	1287-1289	es	_	B	
2-74	1290-1295	nicht	_	_	
2-75	1295-1296	.	_	_	

#Text=Krisen und Missstände erfordern heute zum Teil ein Umdenken, ein Neudenken. Deutschlands Lösung für die Bewältigung der Wirtschaftskrise nach dem Zweiten Weltkrieg war daher die Verknüpfung von Ökonomie und sozialer Marktwirtschaft, heute verkürzend als Wirtschaftswunder dargestellt. Unsere Antwort auf die Klimakrise, unter anderem heute, ist die Energiewende, die in diesem Jahr mit dem Kohleausstiegsgesetz unter Berücksichtigung der sozialen Folgen in den Revieren von wirtschaftlichen Anreizen mit klimaschonenden Technologien begleitet wird und so alle drei Dimensionen der Nachhaltigkeit umfasst.
3-1	1304-1310	Krisen	_	B	
3-2	1311-1314	und	_	_	
3-3	1315-1325	Missstände	_	B	
3-4	1326-1335	erfordern	_	_	
3-5	1336-1341	heute	_	_	
3-6	1342-1345	zum	_	_	
3-7	1346-1350	Teil	_	B	
3-8	1351-1354	ein	_	B	
3-9	1355-1363	Umdenken	_	I	
3-10	1363-1364	,	_	_	
3-11	1365-1368	ein	_	B	
3-12	1369-1378	Neudenken	_	I	
3-13	1378-1379	.	_	_	
3-14	1380-1392	Deutschlands	Animated	B	
3-15	1393-1399	Lösung	_	_	
3-16	1400-1403	für	_	_	
3-17	1404-1407	die	_	B	
3-18	1408-1419	Bewältigung	_	I	
3-19	1420-1423	der	_	B	
3-20	1424-1440	Wirtschaftskrise	_	I	
3-21	1441-1445	nach	_	_	
3-22	1446-1449	dem	_	B	
3-23	1450-1457	Zweiten	_	I	
3-24	1458-1467	Weltkrieg	_	I	
3-25	1468-1471	war	_	_	
3-26	1472-1477	daher	_	_	
3-27	1478-1481	die	_	B	
3-28	1482-1493	Verknüpfung	_	I	
3-29	1494-1497	von	_	_	
3-30	1498-1506	Ökonomie	_	B	
3-31	1507-1510	und	_	_	
3-32	1511-1519	sozialer	_	B	
3-33	1520-1535	Marktwirtschaft	_	I	
3-34	1535-1536	,	_	_	
3-35	1537-1542	heute	_	_	
3-36	1543-1553	verkürzend	_	_	
3-37	1554-1557	als	_	_	
3-38	1558-1575	Wirtschaftswunder	_	B	
3-39	1576-1587	dargestellt	_	_	
3-40	1587-1588	.	_	_	
3-41	1589-1595	Unsere	_	B	
3-42	1596-1603	Antwort	_	I	
3-43	1604-1607	auf	_	_	
3-44	1608-1611	die	_	B	
3-45	1612-1622	Klimakrise	_	I	
3-46	1622-1623	,	_	_	
3-47	1624-1629	unter	_	_	
3-48	1630-1637	anderem	_	B	
3-49	1638-1643	heute	_	_	
3-50	1643-1644	,	_	_	
3-51	1645-1648	ist	_	_	
3-52	1649-1652	die	_	B	
3-53	1653-1665	Energiewende	_	I	
3-54	1665-1666	,	_	_	
3-55	1667-1670	die	_	B	
3-56	1671-1673	in	_	_	
3-57	1674-1680	diesem	_	B	
3-58	1681-1685	Jahr	_	I	
3-59	1686-1689	mit	_	_	
3-60	1690-1693	dem	_	B	
3-61	1694-1714	Kohleausstiegsgesetz	_	I	
3-62	1715-1720	unter	_	_	
3-63	1721-1737	Berücksichtigung	_	B	
3-64	1738-1741	der	_	B	
3-65	1742-1750	sozialen	_	I	
3-66	1751-1757	Folgen	_	I	
3-67	1758-1760	in	_	_	
3-68	1761-1764	den	_	B	
3-69	1765-1773	Revieren	_	I	
3-70	1774-1777	von	_	_	
3-71	1778-1794	wirtschaftlichen	_	B	
3-72	1795-1803	Anreizen	_	I	
3-73	1804-1807	mit	_	_	
3-74	1808-1823	klimaschonenden	_	B	
3-75	1824-1836	Technologien	_	I	
3-76	1837-1846	begleitet	_	_	
3-77	1847-1851	wird	_	_	
3-78	1852-1855	und	_	_	
3-79	1856-1858	so	_	_	
3-80	1859-1863	alle	_	B	
3-81	1864-1868	drei	_	I	
3-82	1869-1880	Dimensionen	_	I	
3-83	1881-1884	der	_	B	
3-84	1885-1899	Nachhaltigkeit	_	I	
3-85	1900-1907	umfasst	_	_	
3-86	1907-1908	.	_	_	

#Text=Die EU hat die soziale Marktwirtschaft in ihrer Verfassung, im Lissaboner Vertrag. Mittlerweile finden sich die Aspekte der Ökologie in vielen Rechtssätzen wieder. Letztendlich ist auch der Green Deal ein neuer Schritt in diese Richtung. Man könnte sagen: Nachhaltigkeit hat sich als Gedanke den Weg aus den deutschen Wäldern nach Brüssel und nach Europa gebahnt.
4-1	1917-1920	Die	Animated[6]	B	
4-2	1921-1923	EU	Animated[6]	I	
4-3	1924-1927	hat	_	_	
4-4	1928-1931	die	_	B	
4-5	1932-1939	soziale	_	I	
4-6	1940-1955	Marktwirtschaft	_	I	
4-7	1956-1958	in	_	_	
4-8	1959-1964	ihrer	_	B	
4-9	1965-1975	Verfassung	_	I	
4-10	1975-1976	,	_	_	
4-11	1977-1979	im	_	_	
4-12	1980-1990	Lissaboner	_	B	
4-13	1991-1998	Vertrag	_	I	
4-14	1998-1999	.	_	_	
4-15	2000-2012	Mittlerweile	_	_	
4-16	2013-2019	finden	_	_	
4-17	2020-2024	sich	_	B	
4-18	2025-2028	die	_	B	
4-19	2029-2036	Aspekte	_	I	
4-20	2037-2040	der	_	B	
4-21	2041-2049	Ökologie	_	I	
4-22	2050-2052	in	_	_	
4-23	2053-2059	vielen	_	B	
4-24	2060-2072	Rechtssätzen	_	I	
4-25	2073-2079	wieder	_	_	
4-26	2079-2080	.	_	_	
4-27	2081-2093	Letztendlich	_	_	
4-28	2094-2097	ist	_	_	
4-29	2098-2102	auch	_	B	
4-30	2103-2106	der	_	I	
4-31	2107-2112	Green	_	I	
4-32	2113-2117	Deal	_	I	
4-33	2118-2121	ein	_	B	
4-34	2122-2127	neuer	_	I	
4-35	2128-2135	Schritt	_	I	
4-36	2136-2138	in	_	_	
4-37	2139-2144	diese	_	B	
4-38	2145-2153	Richtung	_	I	
4-39	2153-2154	.	_	_	
4-40	2155-2158	Man	Animated	B	
4-41	2159-2165	könnte	_	_	
4-42	2166-2171	sagen	_	_	
4-43	2171-2172	:	_	_	
4-44	2173-2187	Nachhaltigkeit	_	B	
4-45	2188-2191	hat	_	_	
4-46	2192-2196	sich	_	B	
4-47	2197-2200	als	_	_	
4-48	2201-2208	Gedanke	_	B	
4-49	2209-2212	den	_	B	
4-50	2213-2216	Weg	_	I	
4-51	2217-2220	aus	_	_	
4-52	2221-2224	den	_	B	
4-53	2225-2234	deutschen	_	I	
4-54	2235-2242	Wäldern	_	I	
4-55	2243-2247	nach	_	_	
4-56	2248-2255	Brüssel	_	B	
4-57	2256-2259	und	_	_	
4-58	2260-2264	nach	_	_	
4-59	2265-2271	Europa	_	B	
4-60	2272-2279	gebahnt	_	_	
4-61	2279-2280	.	_	_	

#Text=Mit Blick auf die globale Entwicklung, meine Damen und Herren, sehen wir zwar einige positive Entwicklungen. Aber wir müssen leider auch feststellen, dass immer noch das schnelle Wachstum dem nachhaltigen Wachstum vorgezogen wird. Nehmen wir nur die USA, die aus dem Pariser Klimaschutzabkommen ausgestiegen sind und massiv die Gasgewinnung durch Fracking fördern.
5-1	2287-2290	Mit	_	_	
5-2	2291-2296	Blick	_	B	
5-3	2297-2300	auf	_	_	
5-4	2301-2304	die	_	B	
5-5	2305-2312	globale	_	I	
5-6	2313-2324	Entwicklung	_	I	
5-7	2324-2325	,	_	_	
5-8	2326-2331	meine	Animated[7]	B	
5-9	2332-2337	Damen	Animated[7]	I	
5-10	2338-2341	und	_	_	
5-11	2342-2348	Herren	Animated	B	
5-12	2348-2349	,	_	_	
5-13	2350-2355	sehen	_	_	
5-14	2356-2359	wir	Animated	B	
5-15	2360-2364	zwar	_	_	
5-16	2365-2371	einige	_	B	
5-17	2372-2380	positive	_	I	
5-18	2381-2394	Entwicklungen	_	I	
5-19	2394-2395	.	_	_	
5-20	2396-2400	Aber	_	_	
5-21	2401-2404	wir	Animated	B	
5-22	2405-2411	müssen	_	_	
5-23	2412-2418	leider	_	_	
5-24	2419-2423	auch	_	_	
5-25	2424-2435	feststellen	_	_	
5-26	2435-2436	,	_	_	
5-27	2437-2441	dass	_	_	
5-28	2442-2447	immer	_	_	
5-29	2448-2452	noch	_	_	
5-30	2453-2456	das	_	B	
5-31	2457-2465	schnelle	_	I	
5-32	2466-2474	Wachstum	_	I	
5-33	2475-2478	dem	_	B	
5-34	2479-2491	nachhaltigen	_	I	
5-35	2492-2500	Wachstum	_	I	
5-36	2501-2511	vorgezogen	_	_	
5-37	2512-2516	wird	_	_	
5-38	2516-2517	.	_	_	
5-39	2518-2524	Nehmen	_	_	
5-40	2525-2528	wir	Animated	B	
5-41	2529-2532	nur	Animated[8]	B	
5-42	2533-2536	die	Animated[8]	I	
5-43	2537-2540	USA	Animated[8]	I	
5-44	2540-2541	,	_	_	
5-45	2542-2545	die	_	B	
5-46	2546-2549	aus	_	_	
5-47	2550-2553	dem	_	B	
5-48	2554-2561	Pariser	_	I	
5-49	2562-2581	Klimaschutzabkommen	_	I	
5-50	2582-2594	ausgestiegen	_	_	
5-51	2595-2599	sind	_	_	
5-52	2600-2603	und	_	_	
5-53	2604-2610	massiv	_	_	
5-54	2611-2614	die	_	B	
5-55	2615-2627	Gasgewinnung	_	I	
5-56	2628-2633	durch	_	_	
5-57	2634-2642	Fracking	_	B	
5-58	2643-2650	fördern	_	_	
5-59	2650-2651	.	_	_	

#Text=In Deutschland könnten wir weiter sein. Im Mai 2013 haben wir hier im Deutschen Bundestag den Bericht unserer Enquete-Kommission „Wachstum, Wohlstand, Lebensqualität“ vorgestellt, damals unter dem Vorsitz der geschätzten Kollegin Daniela Kolbe. Wir haben der Politik eine Empfehlung an die Hand gegeben, mit der sowohl Fort- als auch Rückschritt von Wachstum, Wohlstand und Lebensqualität messbar gemacht werden sollte.
6-1	2659-2661	In	_	_	
6-2	2662-2673	Deutschland	_	B	
6-3	2674-2681	könnten	_	_	
6-4	2682-2685	wir	Animated	B	
6-5	2686-2692	weiter	_	_	
6-6	2693-2697	sein	_	_	
6-7	2697-2698	.	_	_	
6-8	2699-2701	Im	_	_	
6-9	2702-2705	Mai	_	B	
6-10	2706-2710	2013	_	_	
6-11	2711-2716	haben	_	_	
6-12	2717-2720	wir	Animated	B	
6-13	2721-2725	hier	_	_	
6-14	2726-2728	im	_	_	
6-15	2729-2738	Deutschen	Animated[9]	B	
6-16	2739-2748	Bundestag	Animated[9]	I	
6-17	2749-2752	den	_	B	
6-18	2753-2760	Bericht	_	I	
6-19	2761-2768	unserer	Animated[10]	B	
6-20	2769-2787	Enquete-Kommission	Animated[10]	I	
6-21	2788-2789	„	_	I	
6-22	2789-2797	Wachstum	_	I	
6-23	2797-2798	,	_	_	
6-24	2799-2808	Wohlstand	_	B	
6-25	2808-2809	,	_	_	
6-26	2810-2824	Lebensqualität	_	B	
6-27	2824-2825	“	_	_	
6-28	2826-2837	vorgestellt	_	_	
6-29	2837-2838	,	_	_	
6-30	2839-2845	damals	_	_	
6-31	2846-2851	unter	_	_	
6-32	2852-2855	dem	_	B	
6-33	2856-2863	Vorsitz	_	I	
6-34	2864-2867	der	Animated[11]	B	
6-35	2868-2879	geschätzten	Animated[11]	I	
6-36	2880-2888	Kollegin	Animated[11]	I	
6-37	2889-2896	Daniela	Animated[11]	I	
6-38	2897-2902	Kolbe	Animated[11]	I	
6-39	2902-2903	.	_	_	
6-40	2904-2907	Wir	Animated	B	
6-41	2908-2913	haben	_	_	
6-42	2914-2917	der	_	B	
6-43	2918-2925	Politik	_	I	
6-44	2926-2930	eine	_	B	
6-45	2931-2941	Empfehlung	_	I	
6-46	2942-2944	an	_	_	
6-47	2945-2948	die	_	B	
6-48	2949-2953	Hand	_	I	
6-49	2954-2961	gegeben	_	_	
6-50	2961-2962	,	_	_	
6-51	2963-2966	mit	_	_	
6-52	2967-2970	der	_	B	
6-53	2971-2977	sowohl	_	_	
6-54	2978-2983	Fort-	_	_	
6-55	2984-2987	als	_	_	
6-56	2988-2992	auch	_	_	
6-57	2993-3004	Rückschritt	_	_	
6-58	3005-3008	von	_	_	
6-59	3009-3017	Wachstum	_	B	
6-60	3017-3018	,	_	_	
6-61	3019-3028	Wohlstand	_	B	
6-62	3029-3032	und	_	_	
6-63	3033-3047	Lebensqualität	_	B	
6-64	3048-3055	messbar	_	_	
6-65	3056-3063	gemacht	_	_	
6-66	3064-3070	werden	_	_	
6-67	3071-3077	sollte	_	_	
6-68	3077-3078	.	_	_	

#Text=Wir haben die sogenannten W-3-Faktoren entwickelt, quantifizierbare Wohlstandsfaktoren in den Bereichen materieller Wohlstand, Soziales und Teilhabe sowie Ökologie. Sie sollten jedes Jahr berechnet werden, um anzuzeigen, in welchen Bereichen wir für Wohlstand und Qualität mehr tun müssen. Natürlich sind nicht alle diese Empfehlungen der Enquete-Kommission umgesetzt worden. Ich hätte gerne gesehen, dass wir eine Visualisierung dieser Entwicklung an einer prominenten Stelle, Herr Präsident, hier im Hause gehabt hätten.
7-1	3089-3092	Wir	Animated	B	
7-2	3093-3098	haben	_	_	
7-3	3099-3102	die	_	B	
7-4	3103-3114	sogenannten	_	I	
7-5	3115-3127	W-3-Faktoren	_	I	
7-6	3128-3138	entwickelt	_	_	
7-7	3138-3139	,	_	_	
7-8	3140-3156	quantifizierbare	_	B	
7-9	3157-3175	Wohlstandsfaktoren	_	I	
7-10	3176-3178	in	_	_	
7-11	3179-3182	den	_	B	
7-12	3183-3192	Bereichen	_	I	
7-13	3193-3204	materieller	_	B	
7-14	3205-3214	Wohlstand	_	I	
7-15	3214-3215	,	_	_	
7-16	3216-3224	Soziales	_	B	
7-17	3225-3228	und	_	_	
7-18	3229-3237	Teilhabe	_	B	
7-19	3238-3243	sowie	_	_	
7-20	3244-3252	Ökologie	_	B	
7-21	3252-3253	.	_	_	
7-22	3254-3257	Sie	_	B	
7-23	3258-3265	sollten	_	_	
7-24	3266-3271	jedes	_	B	
7-25	3272-3276	Jahr	_	I	
7-26	3277-3286	berechnet	_	_	
7-27	3287-3293	werden	_	_	
7-28	3293-3294	,	_	_	
7-29	3295-3297	um	_	_	
7-30	3298-3308	anzuzeigen	_	_	
7-31	3308-3309	,	_	_	
7-32	3310-3312	in	_	_	
7-33	3313-3320	welchen	_	B	
7-34	3321-3330	Bereichen	_	I	
7-35	3331-3334	wir	Animated	B	
7-36	3335-3338	für	_	_	
7-37	3339-3348	Wohlstand	_	B	
7-38	3349-3352	und	_	_	
7-39	3353-3361	Qualität	_	B	
7-40	3362-3366	mehr	_	_	
7-41	3367-3370	tun	_	_	
7-42	3371-3377	müssen	_	_	
7-43	3377-3378	.	_	_	
7-44	3379-3388	Natürlich	_	_	
7-45	3389-3393	sind	_	_	
7-46	3394-3399	nicht	_	B	
7-47	3400-3404	alle	_	I	
7-48	3405-3410	diese	_	B	
7-49	3411-3423	Empfehlungen	_	I	
7-50	3424-3427	der	Animated[12]	B	
7-51	3428-3446	Enquete-Kommission	Animated[12]	I	
7-52	3447-3456	umgesetzt	_	_	
7-53	3457-3463	worden	_	_	
7-54	3463-3464	.	_	_	
7-55	3465-3468	Ich	Animated	B	
7-56	3469-3474	hätte	_	_	
7-57	3475-3480	gerne	_	_	
7-58	3481-3488	gesehen	_	_	
7-59	3488-3489	,	_	_	
7-60	3490-3494	dass	_	_	
7-61	3495-3498	wir	Animated	B	
7-62	3499-3503	eine	_	B	
7-63	3504-3518	Visualisierung	_	I	
7-64	3519-3525	dieser	_	B	
7-65	3526-3537	Entwicklung	_	I	
7-66	3538-3540	an	_	_	
7-67	3541-3546	einer	_	B	
7-68	3547-3558	prominenten	_	I	
7-69	3559-3565	Stelle	_	I	
7-70	3565-3566	,	_	_	
7-71	3567-3571	Herr	Animated[13]	B	
7-72	3572-3581	Präsident	Animated[13]	I	
7-73	3581-3582	,	_	_	
7-74	3583-3587	hier	_	_	
7-75	3588-3590	im	_	_	
7-76	3591-3596	Hause	Animated	B	
7-77	3597-3603	gehabt	_	_	
7-78	3604-3610	hätten	_	_	
7-79	3610-3611	.	_	_	

#Text=Aber nachhaltiges Wachstum hat inzwischen einen hohen Stellenwert, und dass wir uns so intensiv in dieser Sitzungswoche damit beschäftigen, spricht für sich.
8-1	3623-3627	Aber	_	_	
8-2	3628-3640	nachhaltiges	_	B	
8-3	3641-3649	Wachstum	_	I	
8-4	3650-3653	hat	_	_	
8-5	3654-3664	inzwischen	_	_	
8-6	3665-3670	einen	_	B	
8-7	3671-3676	hohen	_	I	
8-8	3677-3688	Stellenwert	_	I	
8-9	3688-3689	,	_	_	
8-10	3690-3693	und	_	_	
8-11	3694-3698	dass	_	_	
8-12	3699-3702	wir	Animated	B	
8-13	3703-3706	uns	_	B	
8-14	3707-3709	so	_	_	
8-15	3710-3718	intensiv	_	_	
8-16	3719-3721	in	_	_	
8-17	3722-3728	dieser	_	B	
8-18	3729-3742	Sitzungswoche	_	I	
8-19	3743-3748	damit	_	_	
8-20	3749-3761	beschäftigen	_	_	
8-21	3761-3762	,	_	_	
8-22	3763-3770	spricht	_	_	
8-23	3771-3774	für	_	_	
8-24	3775-3779	sich	_	B	
8-25	3779-3780	.	_	_	

#Text=Meine Damen und Herren, nachhaltige Politik ist dabei kein Selbstzweck. Nachhaltige Politik erkennt die Wechselwirkung zwischen Ökonomie, Ökologie und sozialer Absicherung. Sie folgt einer an den Grundsätzen der Sparsamkeit und Effektivität ausgerichteten Haushaltsaufstellung und Haushaltsführung, und, meine Damen und Herren bei der AfD, sie greift gesicherte wissenschaftliche Erkenntnisse auf und stellt sie nicht in Abrede.
9-1	3784-3789	Meine	Animated[14]	B	
9-2	3790-3795	Damen	Animated[14]	I	
9-3	3796-3799	und	_	_	
9-4	3800-3806	Herren	Animated	B	
9-5	3806-3807	,	_	_	
9-6	3808-3819	nachhaltige	_	B	
9-7	3820-3827	Politik	_	I	
9-8	3828-3831	ist	_	_	
9-9	3832-3837	dabei	_	_	
9-10	3838-3842	kein	_	B	
9-11	3843-3854	Selbstzweck	_	I	
9-12	3854-3855	.	_	_	
9-13	3856-3867	Nachhaltige	_	B	
9-14	3868-3875	Politik	_	I	
9-15	3876-3883	erkennt	_	_	
9-16	3884-3887	die	_	B	
9-17	3888-3902	Wechselwirkung	_	I	
9-18	3903-3911	zwischen	_	_	
9-19	3912-3920	Ökonomie	_	B	
9-20	3920-3921	,	_	_	
9-21	3922-3930	Ökologie	_	B	
9-22	3931-3934	und	_	_	
9-23	3935-3943	sozialer	_	B	
9-24	3944-3955	Absicherung	_	I	
9-25	3955-3956	.	_	_	
9-26	3957-3960	Sie	_	B	
9-27	3961-3966	folgt	_	_	
9-28	3967-3972	einer	_	B	
9-29	3973-3975	an	_	_	
9-30	3976-3979	den	_	B	
9-31	3980-3991	Grundsätzen	_	I	
9-32	3992-3995	der	_	B	
9-33	3996-4007	Sparsamkeit	_	I	
9-34	4008-4011	und	_	_	
9-35	4012-4024	Effektivität	_	B	
9-36	4025-4039	ausgerichteten	_	B	
9-37	4040-4060	Haushaltsaufstellung	_	I	
9-38	4061-4064	und	_	_	
9-39	4065-4081	Haushaltsführung	_	B	
9-40	4081-4082	,	_	_	
9-41	4083-4086	und	_	_	
9-42	4086-4087	,	_	_	
9-43	4088-4093	meine	Animated[15]	B	
9-44	4094-4099	Damen	Animated[15]	I	
9-45	4100-4103	und	_	_	
9-46	4104-4110	Herren	Animated	B	
9-47	4111-4114	bei	_	_	
9-48	4115-4118	der	Animated[16]	B	
9-49	4119-4122	AfD	Animated[16]	I	
9-50	4122-4123	,	_	_	
9-51	4124-4127	sie	_	B	
9-52	4128-4134	greift	_	_	
9-53	4135-4145	gesicherte	_	B	
9-54	4146-4163	wissenschaftliche	_	I	
9-55	4164-4176	Erkenntnisse	_	I	
9-56	4177-4180	auf	_	_	
9-57	4181-4184	und	_	_	
9-58	4185-4191	stellt	_	_	
9-59	4192-4195	sie	_	B	
9-60	4196-4201	nicht	_	_	
9-61	4202-4204	in	_	_	
9-62	4205-4211	Abrede	_	B	
9-63	4211-4212	.	_	_	

#Text=Sie fördert Innovation, und sie lässt ein Krisenmanagement zu, ohne Einzelziele zu verabsolutieren.
10-1	4221-4224	Sie	_	B	
10-2	4225-4232	fördert	_	_	
10-3	4233-4243	Innovation	_	B	
10-4	4243-4244	,	_	_	
10-5	4245-4248	und	_	_	
10-6	4249-4252	sie	_	B	
10-7	4253-4258	lässt	_	_	
10-8	4259-4262	ein	_	B	
10-9	4263-4279	Krisenmanagement	_	I	
10-10	4280-4282	zu	_	_	
10-11	4282-4283	,	_	_	
10-12	4284-4288	ohne	_	_	
10-13	4289-4300	Einzelziele	_	B	
10-14	4301-4303	zu	_	_	
10-15	4304-4319	verabsolutieren	_	_	
10-16	4319-4320	.	_	_	

#Text=Lassen Sie mich anhand von drei kurzen Beispielen hinsichtlich dieser Wohlstandsfaktoren der Enquete-Kommission die Wirkungszusammenhänge aufzeigen. Ein Indikator für den materiellen Wohlstand, also die ökonomische Dimension, ist die Staatsverschuldung. Eine übermäßige Verschuldung wirkt sich nicht nur negativ auf die Wirtschaftsentwicklung aus, sondern führt unter Umständen auch zu sozialen Einschnitten. Nachhaltige Haushalte haben wir mit unterschiedlichen Koalitionspartnern in den Jahren 2015 bis 2019 aufgestellt. Meine Damen und Herren, wer sich so verhält, hat genügend Reaktionsmöglichkeiten, um in einer Krise zu reagieren. Das zeichnet deutsche Politik aus.
11-1	4324-4330	Lassen	_	_	
11-2	4331-4334	Sie	_	B	
11-3	4335-4339	mich	_	B	
11-4	4340-4346	anhand	_	_	
11-5	4347-4350	von	_	_	
11-6	4351-4355	drei	_	B	
11-7	4356-4362	kurzen	_	I	
11-8	4363-4373	Beispielen	_	I	
11-9	4374-4386	hinsichtlich	_	_	
11-10	4387-4393	dieser	_	B	
11-11	4394-4412	Wohlstandsfaktoren	_	I	
11-12	4413-4416	der	Animated[17]	B	
11-13	4417-4435	Enquete-Kommission	Animated[17]	I	
11-14	4436-4439	die	_	B	
11-15	4440-4461	Wirkungszusammenhänge	_	I	
11-16	4462-4471	aufzeigen	_	_	
11-17	4471-4472	.	_	_	
11-18	4473-4476	Ein	_	B	
11-19	4477-4486	Indikator	_	I	
11-20	4487-4490	für	_	_	
11-21	4491-4494	den	_	B	
11-22	4495-4506	materiellen	_	I	
11-23	4507-4516	Wohlstand	_	I	
11-24	4516-4517	,	_	_	
11-25	4518-4522	also	_	B	
11-26	4523-4526	die	_	I	
11-27	4527-4538	ökonomische	_	I	
11-28	4539-4548	Dimension	_	I	
11-29	4548-4549	,	_	_	
11-30	4550-4553	ist	_	_	
11-31	4554-4557	die	_	B	
11-32	4558-4576	Staatsverschuldung	_	I	
11-33	4576-4577	.	_	_	
11-34	4578-4582	Eine	_	B	
11-35	4583-4593	übermäßige	_	I	
11-36	4594-4606	Verschuldung	_	I	
11-37	4607-4612	wirkt	_	_	
11-38	4613-4617	sich	_	B	
11-39	4618-4623	nicht	_	_	
11-40	4624-4627	nur	_	_	
11-41	4628-4635	negativ	_	_	
11-42	4636-4639	auf	_	_	
11-43	4640-4643	die	_	B	
11-44	4644-4666	Wirtschaftsentwicklung	_	I	
11-45	4667-4670	aus	_	_	
11-46	4670-4671	,	_	_	
11-47	4672-4679	sondern	_	_	
11-48	4680-4685	führt	_	_	
11-49	4686-4691	unter	_	_	
11-50	4692-4701	Umständen	_	B	
11-51	4702-4706	auch	_	_	
11-52	4707-4709	zu	_	_	
11-53	4710-4718	sozialen	_	B	
11-54	4719-4731	Einschnitten	_	I	
11-55	4731-4732	.	_	_	
11-56	4733-4744	Nachhaltige	Animated[18]	B	
11-57	4745-4754	Haushalte	Animated[18]	I	
11-58	4755-4760	haben	_	_	
11-59	4761-4764	wir	Animated	B	
11-60	4765-4768	mit	_	_	
11-61	4769-4786	unterschiedlichen	Animated[19]	B	
11-62	4787-4805	Koalitionspartnern	Animated[19]	I	
11-63	4806-4808	in	_	_	
11-64	4809-4812	den	_	B	
11-65	4813-4819	Jahren	_	I	
11-66	4820-4824	2015	_	_	
11-67	4825-4828	bis	_	_	
11-68	4829-4833	2019	_	_	
11-69	4834-4845	aufgestellt	_	_	
11-70	4845-4846	.	_	_	
11-71	4847-4852	Meine	Animated[20]	B	
11-72	4853-4858	Damen	Animated[20]	I	
11-73	4859-4862	und	_	_	
11-74	4863-4869	Herren	Animated	B	
11-75	4869-4870	,	_	_	
11-76	4871-4874	wer	_	B	
11-77	4875-4879	sich	_	B	
11-78	4880-4882	so	_	_	
11-79	4883-4890	verhält	_	_	
11-80	4890-4891	,	_	_	
11-81	4892-4895	hat	_	_	
11-82	4896-4904	genügend	_	B	
11-83	4905-4927	Reaktionsmöglichkeiten	_	I	
11-84	4927-4928	,	_	_	
11-85	4929-4931	um	_	_	
11-86	4932-4934	in	_	_	
11-87	4935-4940	einer	_	B	
11-88	4941-4946	Krise	_	I	
11-89	4947-4949	zu	_	_	
11-90	4950-4959	reagieren	_	_	
11-91	4959-4960	.	_	_	
11-92	4961-4964	Das	_	B	
11-93	4965-4973	zeichnet	_	_	
11-94	4974-4982	deutsche	_	B	
11-95	4983-4990	Politik	_	I	
11-96	4991-4994	aus	_	_	
11-97	4994-4995	.	_	_	

#Text=Ein der sozialen Dimension zugeordneter Wohlstandsindikator ist das Bildungsniveau. Eine Studie des Deutschen Instituts für Wirtschaftsforschung in Berlin zeigt, dass die Entwicklung des Bildungsniveaus insbesondere durch die Wahrnehmung beruflicher Weiterbildungsangebote positiv vorangebracht wird. Die Arbeitsproduktivität von Unternehmen erhöht sich laut der DIW-Studie um 1 Prozent. Diese Weiterbildungsintensität ist wichtig. Die Ergebnisse sind signifikant. Und gerade Unternehmen, die sich jetzt mehr der Digitalisierung zuwenden, brauchen diese Umschulungsangebote. Auch das ist nachhaltig.
12-1	5008-5011	Ein	_	_	
12-2	5012-5015	der	_	B	
12-3	5016-5024	sozialen	_	I	
12-4	5025-5034	Dimension	_	I	
12-5	5035-5047	zugeordneter	_	_	
12-6	5048-5067	Wohlstandsindikator	_	_	
12-7	5068-5071	ist	_	_	
12-8	5072-5075	das	_	B	
12-9	5076-5090	Bildungsniveau	_	I	
12-10	5090-5091	.	_	_	
12-11	5092-5096	Eine	_	B	
12-12	5097-5103	Studie	_	I	
12-13	5104-5107	des	Animated[21]	B	
12-14	5108-5117	Deutschen	Animated[21]	I	
12-15	5118-5127	Instituts	Animated[21]	I	
12-16	5128-5131	für	_	_	
12-17	5132-5152	Wirtschaftsforschung	_	B	
12-18	5153-5155	in	_	_	
12-19	5156-5162	Berlin	_	B	
12-20	5163-5168	zeigt	_	_	
12-21	5168-5169	,	_	_	
12-22	5170-5174	dass	_	_	
12-23	5175-5178	die	_	B	
12-24	5179-5190	Entwicklung	_	I	
12-25	5191-5194	des	_	B	
12-26	5195-5210	Bildungsniveaus	_	I	
12-27	5211-5223	insbesondere	_	_	
12-28	5224-5229	durch	_	_	
12-29	5230-5233	die	_	B	
12-30	5234-5245	Wahrnehmung	_	I	
12-31	5246-5257	beruflicher	_	B	
12-32	5258-5280	Weiterbildungsangebote	_	I	
12-33	5281-5288	positiv	_	_	
12-34	5289-5302	vorangebracht	_	_	
12-35	5303-5307	wird	_	_	
12-36	5307-5308	.	_	_	
12-37	5309-5312	Die	_	B	
12-38	5313-5333	Arbeitsproduktivität	_	I	
12-39	5334-5337	von	_	_	
12-40	5338-5349	Unternehmen	Animated	B	
12-41	5350-5356	erhöht	_	_	
12-42	5357-5361	sich	_	B	
12-43	5362-5366	laut	_	_	
12-44	5367-5370	der	_	B	
12-45	5371-5381	DIW-Studie	_	I	
12-46	5382-5384	um	_	_	
12-47	5385-5386	1	_	B	
12-48	5387-5394	Prozent	_	I	
12-49	5394-5395	.	_	_	
12-50	5396-5401	Diese	_	B	
12-51	5402-5426	Weiterbildungsintensität	_	I	
12-52	5427-5430	ist	_	_	
12-53	5431-5438	wichtig	_	_	
12-54	5438-5439	.	_	_	
12-55	5440-5443	Die	_	B	
12-56	5444-5454	Ergebnisse	_	I	
12-57	5455-5459	sind	_	_	
12-58	5460-5471	signifikant	_	_	
12-59	5471-5472	.	_	_	
12-60	5473-5476	Und	_	_	
12-61	5477-5483	gerade	Animated[22]	B	
12-62	5484-5495	Unternehmen	Animated[22]	I	
12-63	5495-5496	,	_	_	
12-64	5497-5500	die	_	B	
12-65	5501-5505	sich	_	B	
12-66	5506-5511	jetzt	_	_	
12-67	5512-5516	mehr	_	_	
12-68	5517-5520	der	_	B	
12-69	5521-5536	Digitalisierung	_	I	
12-70	5537-5545	zuwenden	_	_	
12-71	5545-5546	,	_	_	
12-72	5547-5555	brauchen	_	_	
12-73	5556-5561	diese	_	B	
12-74	5562-5581	Umschulungsangebote	_	I	
12-75	5581-5582	.	_	_	
12-76	5583-5587	Auch	_	B	
12-77	5588-5591	das	_	I	
12-78	5592-5595	ist	_	_	
12-79	5596-5606	nachhaltig	_	_	
12-80	5606-5607	.	_	_	

#Text=Für den Bereich der Ökologie würde ich gerne das aufgreifen, was die Kollegin Marie-Luise Dött, unsere umweltpolitische Sprecherin, gerade zur zirkulären Wirtschaft gesagt hat. Meine Damen und Herren, Kunststoffrezyklate zu produzieren aus Post-Consumer-Abfällen, ist die eine Sache, einen Markt für ihren Einsatz zu haben, ist die andere. Deshalb geht es darum, hier einen Anreiz zu setzen, da bei einem sehr niedrigen Ölpreis Neuware-Polymere viel günstiger für Unternehmer erscheinen als Rezyklate, die durch einen teuren Prozess erst hergestellt werden müssen.
13-1	5618-5621	Für	_	_	
13-2	5622-5625	den	_	B	
13-3	5626-5633	Bereich	_	I	
13-4	5634-5637	der	_	B	
13-5	5638-5646	Ökologie	_	I	
13-6	5647-5652	würde	_	_	
13-7	5653-5656	ich	Animated	B	
13-8	5657-5662	gerne	_	_	
13-9	5663-5666	das	_	B	
13-10	5667-5677	aufgreifen	_	_	
13-11	5677-5678	,	_	_	
13-12	5679-5682	was	_	B	
13-13	5683-5686	die	Animated[23]	B	
13-14	5687-5695	Kollegin	Animated[23]	I	
13-15	5696-5707	Marie-Luise	Animated[23]	I	
13-16	5708-5712	Dött	Animated[23]	I	
13-17	5712-5713	,	_	_	
13-18	5714-5720	unsere	Animated[24]	B	
13-19	5721-5737	umweltpolitische	Animated[24]	I	
13-20	5738-5748	Sprecherin	Animated[24]	I	
13-21	5748-5749	,	_	_	
13-22	5750-5756	gerade	_	_	
13-23	5757-5760	zur	_	_	
13-24	5761-5771	zirkulären	_	B	
13-25	5772-5782	Wirtschaft	_	I	
13-26	5783-5789	gesagt	_	_	
13-27	5790-5793	hat	_	_	
13-28	5793-5794	.	_	_	
13-29	5795-5800	Meine	Animated[25]	B	
13-30	5801-5806	Damen	Animated[25]	I	
13-31	5807-5810	und	_	_	
13-32	5811-5817	Herren	Animated	B	
13-33	5817-5818	,	_	_	
13-34	5819-5838	Kunststoffrezyklate	_	B	
13-35	5839-5841	zu	_	_	
13-36	5842-5853	produzieren	_	_	
13-37	5854-5857	aus	_	_	
13-38	5858-5880	Post-Consumer-Abfällen	_	B	
13-39	5880-5881	,	_	_	
13-40	5882-5885	ist	_	_	
13-41	5886-5889	die	_	B	
13-42	5890-5894	eine	_	I	
13-43	5895-5900	Sache	_	I	
13-44	5900-5901	,	_	_	
13-45	5902-5907	einen	_	B	
13-46	5908-5913	Markt	_	I	
13-47	5914-5917	für	_	_	
13-48	5918-5923	ihren	_	B	
13-49	5924-5931	Einsatz	_	I	
13-50	5932-5934	zu	_	_	
13-51	5935-5940	haben	_	_	
13-52	5940-5941	,	_	_	
13-53	5942-5945	ist	_	_	
13-54	5946-5949	die	_	B	
13-55	5950-5956	andere	_	I	
13-56	5956-5957	.	_	_	
13-57	5958-5965	Deshalb	_	_	
13-58	5966-5970	geht	_	_	
13-59	5971-5973	es	_	_	
13-60	5974-5979	darum	_	_	
13-61	5979-5980	,	_	_	
13-62	5981-5985	hier	_	_	
13-63	5986-5991	einen	_	B	
13-64	5992-5998	Anreiz	_	I	
13-65	5999-6001	zu	_	_	
13-66	6002-6008	setzen	_	_	
13-67	6008-6009	,	_	_	
13-68	6010-6012	da	_	_	
13-69	6013-6016	bei	_	_	
13-70	6017-6022	einem	_	B	
13-71	6023-6027	sehr	_	I	
13-72	6028-6037	niedrigen	_	I	
13-73	6038-6045	Ölpreis	_	I	
13-74	6046-6062	Neuware-Polymere	_	I	
13-75	6063-6067	viel	_	_	
13-76	6068-6077	günstiger	_	_	
13-77	6078-6081	für	_	_	
13-78	6082-6093	Unternehmer	Animated	B	
13-79	6094-6104	erscheinen	_	_	
13-80	6105-6108	als	_	_	
13-81	6109-6118	Rezyklate	_	B	
13-82	6118-6119	,	_	_	
13-83	6120-6123	die	_	B	
13-84	6124-6129	durch	_	_	
13-85	6130-6135	einen	_	B	
13-86	6136-6142	teuren	_	I	
13-87	6143-6150	Prozess	_	I	
13-88	6151-6155	erst	_	_	
13-89	6156-6167	hergestellt	_	_	
13-90	6168-6174	werden	_	_	
13-91	6175-6181	müssen	_	_	
13-92	6181-6182	.	_	_	

#Text=All diese Dinge, diese Beispiele sind wichtig. Es gilt, dafür einen vernünftigen Ordnungsrahmen zu schaffen, der auch im digitalen Zeitalter Wettbewerb zulässt. Wir müssen Selbstverpflichtungen nicht nur der Industrie, sondern auch der Gesellschaft weiter fordern. Anreize für ressourcensparendes Wirtschaften sind zu setzen. Auch eine regelmäßige Bestandsaufnahme hinsichtlich unserer Ziele gehört mit dazu. Das alles geschieht in einem Rahmen, in dem das Digitale, in dem der Wettbewerb von einer Vermachtung der Märkte durch große Digitalkonzerne vorangetrieben wird. Meine Damen und Herren, das ist eine Herausforderung.
14-1	6196-6199	All	_	B	
14-2	6200-6205	diese	_	I	
14-3	6206-6211	Dinge	_	I	
14-4	6211-6212	,	_	_	
14-5	6213-6218	diese	_	B	
14-6	6219-6228	Beispiele	_	I	
14-7	6229-6233	sind	_	_	
14-8	6234-6241	wichtig	_	_	
14-9	6241-6242	.	_	_	
14-10	6243-6245	Es	_	_	
14-11	6246-6250	gilt	_	_	
14-12	6250-6251	,	_	_	
14-13	6252-6257	dafür	_	_	
14-14	6258-6263	einen	_	B	
14-15	6264-6276	vernünftigen	_	I	
14-16	6277-6291	Ordnungsrahmen	_	I	
14-17	6292-6294	zu	_	_	
14-18	6295-6303	schaffen	_	_	
14-19	6303-6304	,	_	_	
14-20	6305-6308	der	_	B	
14-21	6309-6313	auch	_	_	
14-22	6314-6316	im	_	_	
14-23	6317-6326	digitalen	_	B	
14-24	6327-6336	Zeitalter	_	I	
14-25	6337-6347	Wettbewerb	_	B	
14-26	6348-6355	zulässt	_	_	
14-27	6355-6356	.	_	_	
14-28	6357-6360	Wir	Animated	B	
14-29	6361-6367	müssen	_	_	
14-30	6368-6389	Selbstverpflichtungen	_	B	
14-31	6390-6395	nicht	_	B	
14-32	6396-6399	nur	_	I	
14-33	6400-6403	der	_	I	
14-34	6404-6413	Industrie	_	I	
14-35	6413-6414	,	_	_	
14-36	6415-6422	sondern	_	_	
14-37	6423-6427	auch	Animated[26]	B	
14-38	6428-6431	der	Animated[26]	I	
14-39	6432-6444	Gesellschaft	Animated[26]	I	
14-40	6445-6451	weiter	_	_	
14-41	6452-6459	fordern	_	_	
14-42	6459-6460	.	_	_	
14-43	6461-6468	Anreize	_	B	
14-44	6469-6472	für	_	_	
14-45	6473-6492	ressourcensparendes	_	B	
14-46	6493-6505	Wirtschaften	_	I	
14-47	6506-6510	sind	_	_	
14-48	6511-6513	zu	_	_	
14-49	6514-6520	setzen	_	_	
14-50	6520-6521	.	_	_	
14-51	6522-6526	Auch	_	B	
14-52	6527-6531	eine	_	I	
14-53	6532-6543	regelmäßige	_	I	
14-54	6544-6560	Bestandsaufnahme	_	I	
14-55	6561-6573	hinsichtlich	_	_	
14-56	6574-6581	unserer	_	B	
14-57	6582-6587	Ziele	_	I	
14-58	6588-6594	gehört	_	_	
14-59	6595-6598	mit	_	_	
14-60	6599-6603	dazu	_	_	
14-61	6603-6604	.	_	_	
14-62	6605-6608	Das	_	B	
14-63	6609-6614	alles	_	I	
14-64	6615-6624	geschieht	_	_	
14-65	6625-6627	in	_	_	
14-66	6628-6633	einem	_	B	
14-67	6634-6640	Rahmen	_	I	
14-68	6640-6641	,	_	_	
14-69	6642-6644	in	_	_	
14-70	6645-6648	dem	_	B	
14-71	6649-6652	das	_	_	
14-72	6653-6661	Digitale	_	_	
14-73	6661-6662	,	_	_	
14-74	6663-6665	in	_	_	
14-75	6666-6669	dem	_	B	
14-76	6670-6673	der	_	B	
14-77	6674-6684	Wettbewerb	_	I	
14-78	6685-6688	von	_	_	
14-79	6689-6694	einer	_	B	
14-80	6695-6706	Vermachtung	_	I	
14-81	6707-6710	der	_	B	
14-82	6711-6717	Märkte	_	I	
14-83	6718-6723	durch	_	_	
14-84	6724-6729	große	Animated[27]	B	
14-85	6730-6745	Digitalkonzerne	Animated[27]	I	
14-86	6746-6760	vorangetrieben	_	_	
14-87	6761-6765	wird	_	_	
14-88	6765-6766	.	_	_	
14-89	6767-6772	Meine	_	_	
14-90	6773-6778	Damen	_	_	
14-91	6779-6782	und	_	_	
14-92	6783-6789	Herren	Animated	B	
14-93	6789-6790	,	_	_	
14-94	6791-6794	das	_	_	
14-95	6795-6798	ist	_	_	
14-96	6799-6803	eine	_	B	
14-97	6804-6819	Herausforderung	_	I	
14-98	6819-6820	.	_	_	

#Text=Ludwig Erhard hätte uns in dieser Situation zum Maßhalten aufgerufen: Man solle nur so viel verteilen, wie man nach Maßgabe der Produktion herzugeben imstande ist. Ökonomie, Ökologie und soziale Absicherung, das ist der Fahrplan, den die Union dafür hat.
15-1	6835-6841	Ludwig	Animated[28]	B	
15-2	6842-6848	Erhard	Animated[28]	I	
15-3	6849-6854	hätte	_	_	
15-4	6855-6858	uns	_	B	
15-5	6859-6861	in	_	_	
15-6	6862-6868	dieser	_	B	
15-7	6869-6878	Situation	_	I	
15-8	6879-6882	zum	_	_	
15-9	6883-6892	Maßhalten	_	B	
15-10	6893-6903	aufgerufen	_	_	
15-11	6903-6904	:	_	_	
15-12	6905-6908	Man	Animated	B	
15-13	6909-6914	solle	_	_	
15-14	6915-6918	nur	_	_	
15-15	6919-6921	so	_	B	
15-16	6922-6926	viel	_	I	
15-17	6927-6936	verteilen	_	_	
15-18	6936-6937	,	_	_	
15-19	6938-6941	wie	_	_	
15-20	6942-6945	man	Animated	B	
15-21	6946-6950	nach	_	_	
15-22	6951-6958	Maßgabe	_	B	
15-23	6959-6962	der	_	B	
15-24	6963-6973	Produktion	_	I	
15-25	6974-6984	herzugeben	_	_	
15-26	6985-6993	imstande	_	_	
15-27	6994-6997	ist	_	_	
15-28	6997-6998	.	_	_	
15-29	6999-7007	Ökonomie	_	B	
15-30	7007-7008	,	_	_	
15-31	7009-7017	Ökologie	_	B	
15-32	7018-7021	und	_	_	
15-33	7022-7029	soziale	_	B	
15-34	7030-7041	Absicherung	_	I	
15-35	7041-7042	,	_	B	
15-36	7043-7046	das	_	I	
15-37	7047-7050	ist	_	_	
15-38	7051-7054	der	_	B	
15-39	7055-7063	Fahrplan	_	I	
15-40	7063-7064	,	_	_	
15-41	7065-7068	den	_	B	
15-42	7069-7072	die	Animated[29]	B	
15-43	7073-7078	Union	Animated[29]	I	
15-44	7079-7084	dafür	_	_	
15-45	7085-7088	hat	_	_	
15-46	7088-7089	.	_	_	

#Text=Herzlichen Dank.
16-1	7097-7107	Herzlichen	_	B	
16-2	7108-7112	Dank	_	I	
16-3	7112-7113	.	_	_	

#Text=Steffen Kotré, AfD, ist der nächste Redner.
17-1	7115-7122	Steffen	Animated[30]	B	
17-2	7123-7128	Kotré	Animated[30]	I	
17-3	7128-7129	,	_	_	
17-4	7130-7133	AfD	Animated	B	
17-5	7133-7134	,	_	_	
17-6	7135-7138	ist	_	_	
17-7	7139-7142	der	Animated[31]	B	
17-8	7143-7150	nächste	Animated[31]	I	
17-9	7151-7157	Redner	Animated[31]	I	
17-10	7157-7158	.	_	_	
